variety_id,variety_slug,category,companion_name,relationship,reason
1,cherokee-purple,tomato,Basil,beneficial,"Repels aphids and whiteflies, may improve tomato flavor"
1,cherokee-purple,tomato,Marigold,beneficial,Deters nematodes and repels hornworms and other tomato pests
1,cherokee-purple,tomato,Carrots,beneficial,"Help break up soil for tomato roots, don't compete for nutrients"
1,cherokee-purple,tomato,Parsley,beneficial,Attracts beneficial insects like hoverflies that prey on tomato pests
1,cherokee-purple,tomato,Chives,beneficial,Repels aphids and may help prevent fungal diseases
1,cherokee-purple,tomato,Nasturtiums,beneficial,"Act as trap crop for aphids and cucumber beetles, repel whiteflies"
1,cherokee-purple,tomato,Oregano,beneficial,Repels many insects and may enhance tomato growth and flavor
1,cherokee-purple,tomato,Lettuce,beneficial,"Provides living mulch, doesn't compete heavily for nutrients"
1,cherokee-purple,tomato,Black Walnut,harmful,Produces juglone which is toxic to tomatoes and causes wilting
1,cherokee-purple,tomato,Fennel,harmful,Inhibits growth of tomatoes through allelopathic compounds
1,cherokee-purple,tomato,Brassicas,harmful,Compete for similar nutrients and may stunt tomato growth
1,cherokee-purple,tomato,Corn,harmful,"Both attract corn earworm/tomato fruitworm, increasing pest pressure"
2,better-boy,tomato,Basil,beneficial,"Repels aphids and whiteflies, may improve flavor"
2,better-boy,tomato,Marigold,beneficial,Deters nematodes and whiteflies with natural compounds
2,better-boy,tomato,Parsley,beneficial,Attracts beneficial insects like hoverflies and parasitic wasps
2,better-boy,tomato,Carrots,beneficial,Loosens soil for tomato roots and doesn't compete for nutrients
2,better-boy,tomato,Nasturtium,beneficial,Acts as trap crop for aphids and cucumber beetles
2,better-boy,tomato,Chives,beneficial,Repels aphids and may improve tomato growth and flavor
2,better-boy,tomato,Lettuce,beneficial,Provides ground cover and benefits from tomato's partial shade
2,better-boy,tomato,Borage,beneficial,Attracts pollinators and may repel tomato hornworms
2,better-boy,tomato,Black Walnut,harmful,Produces juglone which is toxic to tomatoes and causes wilting
2,better-boy,tomato,Brassicas,harmful,Compete for nutrients and may stunt tomato growth
2,better-boy,tomato,Fennel,harmful,Inhibits growth of tomatoes through allelopathic compounds
3,san-marzano,tomato,Basil,beneficial,"Repels aphids and whiteflies, may improve tomato flavor"
3,san-marzano,tomato,Marigold,beneficial,Deters nematodes and repels tomato hornworms
3,san-marzano,tomato,Carrots,beneficial,Loosens soil for tomato roots and doesn't compete for nutrients
3,san-marzano,tomato,Parsley,beneficial,Attracts beneficial insects that prey on tomato pests
3,san-marzano,tomato,Chives,beneficial,Repels aphids and may improve tomato growth
3,san-marzano,tomato,Nasturtium,beneficial,Acts as trap crop for aphids and repels cucumber beetles
3,san-marzano,tomato,Oregano,beneficial,Repels pests and may enhance tomato flavor
3,san-marzano,tomato,Borage,beneficial,Deters tomato hornworms and attracts pollinators
3,san-marzano,tomato,Black Walnut,harmful,Releases juglone which causes tomato wilt and stunted growth
3,san-marzano,tomato,Fennel,harmful,Inhibits tomato growth through allelopathic compounds
3,san-marzano,tomato,Brassicas,harmful,Compete for nutrients and may stunt tomato growth
4,celebrity,tomato,Basil,beneficial,"Repels aphids and whiteflies, may improve flavor"
4,celebrity,tomato,Marigold,beneficial,Deters nematodes and many pest insects with natural compounds
4,celebrity,tomato,Carrots,beneficial,Helps loosen soil around tomato roots and doesn't compete for nutrients
4,celebrity,tomato,Parsley,beneficial,Attracts beneficial insects like hoverflies that prey on tomato pests
4,celebrity,tomato,Nasturtium,beneficial,Acts as trap crop for aphids and cucumber beetles
4,celebrity,tomato,Chives,beneficial,Repels aphids and may help prevent fungal diseases
4,celebrity,tomato,Lettuce,beneficial,Benefits from tomato shade and doesn't compete for deep nutrients
4,celebrity,tomato,Borage,beneficial,"Attracts pollinators and beneficial insects, may repel hornworms"
4,celebrity,tomato,Black Walnut,harmful,Produces juglone which is toxic to tomatoes and causes wilting
4,celebrity,tomato,Fennel,harmful,Inhibits growth of most garden plants through allelopathy
4,celebrity,tomato,Brassicas,harmful,Compete for similar nutrients and may stunt tomato growth
4,celebrity,tomato,Corn,harmful,"Both attract corn earworms and hornworms, creating pest concentration"
5,brandywine,tomato,Basil,beneficial,"Repels aphids and whiteflies, may improve flavor"
5,brandywine,tomato,Marigold,beneficial,Deters nematodes and aphids with natural compounds
5,brandywine,tomato,Oregano,beneficial,Repels spider mites and provides ground cover
5,brandywine,tomato,Parsley,beneficial,Attracts beneficial insects like hoverflies and parasitic wasps
5,brandywine,tomato,Carrots,beneficial,Help break up soil and don't compete for nutrients
5,brandywine,tomato,Chives,beneficial,Repel aphids and may reduce fungal diseases
5,brandywine,tomato,Nasturtium,beneficial,Acts as trap crop for aphids and cucumber beetles
5,brandywine,tomato,Lettuce,beneficial,Provides living mulch and utilizes different soil levels
5,brandywine,tomato,Black Walnut,harmful,Produces juglone toxin that causes tomato wilt and stunted growth
5,brandywine,tomato,Fennel,harmful,Inhibits growth through allelopathic compounds
5,brandywine,tomato,Brassicas,harmful,Compete for nutrients and may stunt tomato growth
5,brandywine,tomato,Corn,harmful,Both attract corn earworm and compete for similar nutrients
8,roma,tomato,Basil,beneficial,"Repels aphids and whiteflies, may improve flavor and growth"
8,roma,tomato,Marigold,beneficial,"Deters nematodes, aphids, and whiteflies with natural compounds"
8,roma,tomato,Carrots,beneficial,"Helps break up soil for tomato roots, doesn't compete for nutrients"
8,roma,tomato,Parsley,beneficial,Attracts beneficial insects like hoverflies that prey on tomato pests
8,roma,tomato,Chives,beneficial,Repels aphids and may improve tomato flavor and growth
8,roma,tomato,Nasturtiums,beneficial,"Acts as trap crop for aphids and cucumber beetles, repels whiteflies"
8,roma,tomato,Borage,beneficial,"Deters hornworms and attracts pollinators, may improve tomato flavor"
8,roma,tomato,Garlic,beneficial,Natural fungicide properties help prevent blight and repel various pests
8,roma,tomato,Black Walnut,harmful,Releases juglone toxin that causes tomato wilt and stunted growth
8,roma,tomato,Fennel,harmful,Inhibits growth of tomatoes through allelopathic compounds
8,roma,tomato,Brassicas,harmful,Compete heavily for nutrients and may stunt tomato growth
8,roma,tomato,Corn,harmful,"Both attract corn earworm/tomato fruitworm, creating pest problems"
9,cherry-belle,tomato,Basil,beneficial,"Repels aphids and whiteflies, may improve tomato flavor"
9,cherry-belle,tomato,Marigold,beneficial,Deters nematodes and aphids with natural compounds
9,cherry-belle,tomato,Carrots,beneficial,Loosens soil for tomato roots and doesn't compete for nutrients
9,cherry-belle,tomato,Parsley,beneficial,Attracts beneficial insects like hoverflies and parasitic wasps
9,cherry-belle,tomato,Chives,beneficial,Repels aphids and may improve tomato growth and flavor
9,cherry-belle,tomato,Nasturtium,beneficial,Acts as trap crop for aphids and cucumber beetles
9,cherry-belle,tomato,Lettuce,beneficial,Provides ground cover and doesn't compete for space or nutrients
9,cherry-belle,tomato,Oregano,beneficial,Repels various pests and may enhance tomato flavor
9,cherry-belle,tomato,Black Walnut,harmful,Produces juglone toxin that causes tomato wilt and stunted growth
9,cherry-belle,tomato,Fennel,harmful,Inhibits tomato growth through allelopathic compounds
9,cherry-belle,tomato,Corn,harmful,Both attract corn earworm and compete for similar nutrients
9,cherry-belle,tomato,Brassicas,harmful,May stunt tomato growth and compete for soil nutrients
11,early-girl,tomato,Basil,beneficial,"Repels aphids and whiteflies, may improve tomato flavor"
11,early-girl,tomato,Marigold,beneficial,Deters nematodes and aphids with natural compounds
11,early-girl,tomato,Carrots,beneficial,"Loosens soil for tomato roots, doesn't compete for space"
11,early-girl,tomato,Parsley,beneficial,Attracts beneficial insects like hoverflies and parasitic wasps
11,early-girl,tomato,Chives,beneficial,Repels aphids and may reduce fungal diseases
11,early-girl,tomato,Nasturtium,beneficial,Acts as trap crop for aphids and cucumber beetles
11,early-girl,tomato,Borage,beneficial,Repels tomato hornworms and attracts pollinators
11,early-girl,tomato,Lettuce,beneficial,"Benefits from tomato shade, efficient use of garden space"
11,early-girl,tomato,Black Walnut,harmful,Produces juglone toxin that causes tomato wilt and stunting
11,early-girl,tomato,Fennel,harmful,Inhibits growth through allelopathic compounds
11,early-girl,tomato,Brassicas,harmful,Compete for nutrients and may stunt tomato growth
11,early-girl,tomato,Corn,harmful,Both attract corn earworms and tomato hornworms
12,big-beef,tomato,Basil,beneficial,"Repels aphids and whiteflies, may improve flavor"
12,big-beef,tomato,Marigolds,beneficial,Repel nematodes and other harmful insects
12,big-beef,tomato,Carrots,beneficial,Help break up soil and don't compete for nutrients
12,big-beef,tomato,Parsley,beneficial,Attracts beneficial insects like hoverflies and parasitic wasps
12,big-beef,tomato,Nasturtiums,beneficial,Act as trap crop for aphids and cucumber beetles
12,big-beef,tomato,Chives,beneficial,Repel aphids and may reduce fungal diseases
12,big-beef,tomato,Borage,beneficial,Repels tomato hornworm and may improve tomato growth
12,big-beef,tomato,Lettuce,beneficial,Benefits from tomato shade and doesn't compete for nutrients
12,big-beef,tomato,Black Walnut,harmful,Produces juglone which is toxic to tomatoes
12,big-beef,tomato,Fennel,harmful,Inhibits growth of most garden plants through allelopathy
12,big-beef,tomato,Brassicas,harmful,Compete for nutrients and may stunt tomato growth
12,big-beef,tomato,Corn,harmful,Both attract corn earworm and compete for similar nutrients
15,green-zebra,tomato,Basil,beneficial,"Repels aphids and whiteflies, may improve flavor"
15,green-zebra,tomato,Marigolds,beneficial,Deter nematodes and whiteflies with natural compounds
15,green-zebra,tomato,Carrots,beneficial,"Help break up soil for tomato roots, don't compete for nutrients"
15,green-zebra,tomato,Parsley,beneficial,Attracts beneficial insects like hoverflies that eat aphids
15,green-zebra,tomato,Chives,beneficial,Repel aphids and may improve tomato growth and flavor
15,green-zebra,tomato,Nasturtiums,beneficial,Act as trap crop for aphids and cucumber beetles
15,green-zebra,tomato,Oregano,beneficial,Repels pests and may enhance tomato flavor through companion effect
15,green-zebra,tomato,Lettuce,beneficial,Benefits from tomato shade and doesn't compete for deep nutrients
15,green-zebra,tomato,Black Walnut,harmful,Releases juglone toxin that causes tomato wilt and stunted growth
15,green-zebra,tomato,Fennel,harmful,Inhibits growth of most garden plants through allelopathy
15,green-zebra,tomato,Corn,harmful,"Both attract corn earworm, creating concentrated pest problems"
15,green-zebra,tomato,Brassicas,harmful,Compete for similar nutrients and may stunt tomato growth
16,beefsteak,tomato,Basil,beneficial,"Repels aphids and whiteflies, may improve tomato flavor"
16,beefsteak,tomato,Marigold,beneficial,Deters nematodes and repels hornworms and other pests
16,beefsteak,tomato,Carrots,beneficial,Loosens soil around tomato roots and doesn't compete for space
16,beefsteak,tomato,Parsley,beneficial,Attracts beneficial insects and acts as living mulch
16,beefsteak,tomato,Peppers,beneficial,Similar growing requirements and compatible root systems
16,beefsteak,tomato,Oregano,beneficial,Repels aphids and spider mites while attracting pollinators
16,beefsteak,tomato,Chives,beneficial,Repels aphids and may help prevent fungal diseases
16,beefsteak,tomato,Nasturtium,beneficial,Acts as trap crop for aphids and cucumber beetles
16,beefsteak,tomato,Black Walnut,harmful,Produces juglone toxin that causes tomato wilt and death
16,beefsteak,tomato,Fennel,harmful,Inhibits tomato growth through allelopathic compounds
16,beefsteak,tomato,Corn,harmful,Both attract corn earworms and compete for similar nutrients
16,beefsteak,tomato,Brassicas,harmful,Heavy nitrogen feeders that compete with tomatoes for nutrients
17,mortgage-lifter,tomato,Basil,beneficial,"Repels aphids, whiteflies, and hornworms while potentially improving tomato flavor"
17,mortgage-lifter,tomato,Marigolds,beneficial,"Repel nematodes, aphids, and whiteflies with their natural compounds"
17,mortgage-lifter,tomato,Carrots,beneficial,Help break up soil for better root growth and don't compete for nutrients
17,mortgage-lifter,tomato,Parsley,beneficial,Attracts beneficial insects like hoverflies and parasitic wasps
17,mortgage-lifter,tomato,Chives,beneficial,Repel aphids and may help prevent fungal diseases
17,mortgage-lifter,tomato,Nasturtiums,beneficial,Act as trap crop for aphids and cucumber beetles while repelling whiteflies
17,mortgage-lifter,tomato,Oregano,beneficial,Repels many pests and attracts beneficial pollinators
17,mortgage-lifter,tomato,Borage,beneficial,Attracts pollinators and beneficial insects while potentially improving tomato growth
17,mortgage-lifter,tomato,Black Walnut Trees,harmful,Release juglone toxin that causes tomato wilt and stunted growth
17,mortgage-lifter,tomato,Fennel,harmful,Inhibits growth of tomatoes through allelopathic compounds
17,mortgage-lifter,tomato,Brassicas (Cabbage family),harmful,Compete heavily for nutrients and may stunt tomato growth
18,stupice,tomato,Basil,beneficial,"Repels aphids, whiteflies, and hornworms while potentially improving tomato flavor"
18,stupice,tomato,Marigold,beneficial,"Deters nematodes, aphids, and whiteflies with natural compounds"
18,stupice,tomato,Carrots,beneficial,Helps break up soil for tomato roots and doesn't compete for nutrients
18,stupice,tomato,Parsley,beneficial,Attracts beneficial insects like hoverflies that prey on tomato pests
18,stupice,tomato,Chives,beneficial,Repels aphids and may help prevent fungal diseases
18,stupice,tomato,Nasturtium,beneficial,Acts as trap crop for aphids and cucumber beetles while repelling whiteflies
18,stupice,tomato,Lettuce,beneficial,Provides ground cover and efficient use of space without competing for resources
18,stupice,tomato,Borage,beneficial,"Repels hornworms and attracts pollinators, may improve tomato growth"
18,stupice,tomato,Black Walnut Trees,harmful,Produces juglone which is toxic to tomatoes and causes wilting
18,stupice,tomato,Fennel,harmful,Inhibits growth of most garden plants including tomatoes through allelopathy
18,stupice,tomato,Brassicas,harmful,Competes heavily for nutrients and may stunt tomato growth
18,stupice,tomato,Corn,harmful,"Both attract corn earworm/tomato fruitworm, increasing pest pressure"
19,black-krim,tomato,Basil,beneficial,"Repels aphids and whiteflies, may improve tomato flavor"
19,black-krim,tomato,Marigold,beneficial,Deters nematodes and aphids with natural compounds
19,black-krim,tomato,Oregano,beneficial,Repels spider mites and provides ground cover
19,black-krim,tomato,Parsley,beneficial,Attracts beneficial insects like hoverflies and parasitic wasps
19,black-krim,tomato,Carrots,beneficial,Help break up soil and don't compete for nutrients
19,black-krim,tomato,Nasturtium,beneficial,Acts as trap crop for aphids and cucumber beetles
19,black-krim,tomato,Chives,beneficial,Repels aphids and may improve disease resistance
19,black-krim,tomato,Lettuce,beneficial,Provides living mulch and utilizes different soil layers
19,black-krim,tomato,Black Walnut,harmful,Releases juglone toxin that causes tomato wilt and stunting
19,black-krim,tomato,Fennel,harmful,Inhibits growth through allelopathic compounds
19,black-krim,tomato,Brassicas,harmful,Compete for similar nutrients and may stunt tomato growth
19,black-krim,tomato,Corn,harmful,Both attract corn earworm which also damages tomatoes
20,yellow-pear,tomato,Basil,beneficial,"Repels aphids and whiteflies, may improve tomato flavor"
20,yellow-pear,tomato,Marigold,beneficial,Deters nematodes and aphids with natural compounds
20,yellow-pear,tomato,Nasturtium,beneficial,Acts as trap crop for aphids and cucumber beetles
20,yellow-pear,tomato,Parsley,beneficial,Attracts beneficial insects like hoverflies and parasitic wasps
20,yellow-pear,tomato,Carrots,beneficial,Loosens soil around tomato roots and doesn't compete for nutrients
20,yellow-pear,tomato,Chives,beneficial,Repels aphids and may reduce fungal diseases
20,yellow-pear,tomato,Borage,beneficial,Attracts pollinators and may deter tomato hornworms
20,yellow-pear,tomato,Lettuce,beneficial,Benefits from tomato shade and efficient use of garden space
20,yellow-pear,tomato,Black Walnut,harmful,Produces juglone which is toxic to tomatoes and causes wilting
20,yellow-pear,tomato,Brassicas,harmful,Compete heavily for nutrients and may stunt tomato growth
20,yellow-pear,tomato,Fennel,harmful,Inhibits growth of tomatoes through allelopathic compounds
21,rutgers,tomato,Basil,beneficial,"Repels aphids and whiteflies, may improve flavor"
21,rutgers,tomato,Marigold,beneficial,Deters nematodes and aphids with natural compounds
21,rutgers,tomato,Carrots,beneficial,"Loosens soil for tomato roots, doesn't compete for space"
21,rutgers,tomato,Parsley,beneficial,Attracts beneficial insects like hoverflies that eat aphids
21,rutgers,tomato,Chives,beneficial,Repels aphids and may improve tomato flavor
21,rutgers,tomato,Nasturtiums,beneficial,Acts as trap crop for aphids and cucumber beetles
21,rutgers,tomato,Oregano,beneficial,Repels pests and may enhance tomato growth
21,rutgers,tomato,Borage,beneficial,Attracts pollinators and may repel hornworms
21,rutgers,tomato,Black Walnut,harmful,Produces juglone toxin that causes tomato wilt and death
21,rutgers,tomato,Fennel,harmful,Inhibits growth of most garden plants through allelopathy
21,rutgers,tomato,Brassicas,harmful,"Heavy feeders that compete for nutrients, may stunt tomato growth"
21,rutgers,tomato,Corn,harmful,"Both attract corn earworm, creating concentrated pest problems"
22,patio-princess,tomato,Basil,beneficial,"Repels aphids and whiteflies, may improve tomato flavor"
22,patio-princess,tomato,Marigold,beneficial,"Deters nematodes, whiteflies, and other tomato pests"
22,patio-princess,tomato,Parsley,beneficial,Attracts beneficial insects and doesn't compete for nutrients
22,patio-princess,tomato,Carrots,beneficial,Loosens soil for tomato roots and doesn't compete for space
22,patio-princess,tomato,Chives,beneficial,Repels aphids and may improve tomato growth and flavor
22,patio-princess,tomato,Nasturtiums,beneficial,Acts as trap crop for aphids and cucumber beetles
22,patio-princess,tomato,Lettuce,beneficial,Provides ground cover and utilizes space efficiently in containers
22,patio-princess,tomato,Oregano,beneficial,Repels various insects and may enhance tomato flavor
22,patio-princess,tomato,Black Walnut,harmful,Releases juglone toxin that stunts tomato growth and causes wilting
22,patio-princess,tomato,Fennel,harmful,Inhibits growth of most garden plants through allelopathy
22,patio-princess,tomato,Brassicas,harmful,Compete for nutrients and may stunt tomato growth when planted nearby
23,amish-paste,tomato,Basil,beneficial,"Repels aphids and whiteflies, may improve tomato flavor"
23,amish-paste,tomato,Nasturtium,beneficial,Acts as trap crop for aphids and cucumber beetles
23,amish-paste,tomato,Parsley,beneficial,Attracts beneficial insects like hoverflies and parasitic wasps
23,amish-paste,tomato,Carrots,beneficial,Helps break up soil without competing for nutrients
23,amish-paste,tomato,Oregano,beneficial,Repels aphids and provides ground cover to retain moisture
23,amish-paste,tomato,Borage,beneficial,Attracts pollinators and may repel tomato hornworms
23,amish-paste,tomato,Black Walnut,harmful,Produces juglone toxin that causes tomato wilt and stunted growth
23,amish-paste,tomato,Fennel,harmful,Inhibits growth of most garden plants through allelopathy
23,amish-paste,tomato,Brassicas,harmful,Compete for similar nutrients and may stunt tomato growth
23,amish-paste,tomato,Corn,harmful,"Both attract corn earworm/tomato fruitworm, increasing pest pressure"
23,amish-paste,tomato,Marigold,beneficial,Deters nematodes and whiteflies with natural compounds
23,amish-paste,tomato,Chives,beneficial,Repels aphids and may improve tomato growth and flavor
24,mountain-fresh-plus,tomato,Basil,beneficial,"Repels aphids, whiteflies, and hornworms while potentially improving tomato flavor"
24,mountain-fresh-plus,tomato,Marigolds,beneficial,"Deters nematodes, aphids, and whiteflies with natural compounds"
24,mountain-fresh-plus,tomato,Carrots,beneficial,Helps aerate soil around tomato roots and doesn't compete for nutrients
24,mountain-fresh-plus,tomato,Parsley,beneficial,Attracts beneficial insects like hoverflies that control aphids
24,mountain-fresh-plus,tomato,Nasturtiums,beneficial,"Acts as trap crop for aphids and cucumber beetles, repels whiteflies"
24,mountain-fresh-plus,tomato,Chives,beneficial,Repels aphids and may help prevent fungal diseases
24,mountain-fresh-plus,tomato,Oregano,beneficial,Provides ground cover and repels various pests including spider mites
24,mountain-fresh-plus,tomato,Borage,beneficial,"Attracts pollinators and beneficial insects, may improve tomato growth"
24,mountain-fresh-plus,tomato,Black Walnut,harmful,Releases juglone toxin that causes wilting and stunted growth in tomatoes
24,mountain-fresh-plus,tomato,Fennel,harmful,Inhibits tomato growth through allelopathic compounds
24,mountain-fresh-plus,tomato,Brassicas,harmful,Cabbage family plants can stunt tomato growth and attract different pests
24,mountain-fresh-plus,tomato,Corn,harmful,"Both attract corn earworm/tomato fruitworm, increasing pest pressure"
25,surefire-red,tomato,Basil,beneficial,"Repels aphids and whiteflies, may improve flavor"
25,surefire-red,tomato,Marigold,beneficial,Deters nematodes and aphids with natural compounds
25,surefire-red,tomato,Parsley,beneficial,Attracts beneficial insects like hoverflies and parasitic wasps
25,surefire-red,tomato,Chives,beneficial,Repels aphids and may improve tomato flavor
25,surefire-red,tomato,Nasturtium,beneficial,Acts as trap crop for aphids and cucumber beetles
25,surefire-red,tomato,Carrots,beneficial,Help break up soil around tomato roots and don't compete for nutrients
25,surefire-red,tomato,Borage,beneficial,Repels tomato hornworms and attracts pollinators
25,surefire-red,tomato,Oregano,beneficial,Repels various pests and may enhance tomato growth
25,surefire-red,tomato,Black Walnut,harmful,Produces juglone toxin that causes wilting and stunted growth
25,surefire-red,tomato,Fennel,harmful,Inhibits growth of most garden plants through allelopathy
25,surefire-red,tomato,Corn,harmful,Both attract corn earworm which also damages tomatoes
25,surefire-red,tomato,Brassicas,harmful,Stunts tomato growth and competes for similar nutrients
26,bell-pepper-california-wonder,pepper,Basil,beneficial,"Repels aphids, spider mites, and thrips while potentially improving pepper flavor"
26,bell-pepper-california-wonder,pepper,Tomatoes,beneficial,Share similar growing conditions and can help confuse pests through companion diversity
26,bell-pepper-california-wonder,pepper,Marigolds,beneficial,"Repel nematodes, aphids, and whiteflies with their strong scent"
26,bell-pepper-california-wonder,pepper,Oregano,beneficial,Deters cucumber beetles and aphids while attracting beneficial insects
26,bell-pepper-california-wonder,pepper,Carrots,beneficial,Help break up soil around pepper roots and don't compete for nutrients
26,bell-pepper-california-wonder,pepper,Onions,beneficial,"Repel aphids, thrips, and other pests with their sulfur compounds"
26,bell-pepper-california-wonder,pepper,Nasturtiums,beneficial,"Act as trap crops for aphids and cucumber beetles, drawing them away from peppers"
26,bell-pepper-california-wonder,pepper,Parsley,beneficial,Attracts beneficial insects like hoverflies and parasitic wasps that control pepper pests
26,bell-pepper-california-wonder,pepper,Black Walnut Trees,harmful,Produce juglone toxin that inhibits pepper growth and can cause wilting
26,bell-pepper-california-wonder,pepper,Fennel,harmful,Releases allelopathic compounds that stunt growth of peppers and most vegetables
26,bell-pepper-california-wonder,pepper,Brassicas,harmful,Compete heavily for nutrients and can inhibit pepper growth through root competition
29,banana-pepper-sweet-banana,pepper,Basil,beneficial,"Repels aphids, spider mites, and thrips while potentially improving pepper flavor"
29,banana-pepper-sweet-banana,pepper,Tomatoes,beneficial,"Similar growing requirements and can share space efficiently, mutual pest deterrence"
29,banana-pepper-sweet-banana,pepper,Marigolds,beneficial,"Repel nematodes, aphids, and whiteflies with their strong scent"
29,banana-pepper-sweet-banana,pepper,Oregano,beneficial,Deters pests like aphids and spider mites while attracting beneficial insects
29,banana-pepper-sweet-banana,pepper,Carrots,beneficial,Help break up soil for pepper roots and don't compete for nutrients
29,banana-pepper-sweet-banana,pepper,Onions,beneficial,"Repel aphids, thrips, and other pests that commonly attack peppers"
29,banana-pepper-sweet-banana,pepper,Parsley,beneficial,Attracts beneficial insects like hoverflies and parasitic wasps that control pepper pests
29,banana-pepper-sweet-banana,pepper,Nasturtiums,beneficial,"Act as trap crops for aphids and cucumber beetles, protecting peppers"
29,banana-pepper-sweet-banana,pepper,Black Walnut,harmful,Produces juglone toxin that inhibits pepper growth and can cause wilting
29,banana-pepper-sweet-banana,pepper,Fennel,harmful,Allelopathic properties inhibit growth of peppers and most other garden plants
29,banana-pepper-sweet-banana,pepper,Brassicas,harmful,Heavy nitrogen feeders that compete with peppers and may stunt their growth
33,sweet-pepper-cubanelle,pepper,Nasturtiums,beneficial,Act as trap crop for aphids and cucumber beetles while repelling whiteflies
33,sweet-pepper-cubanelle,pepper,Fennel,harmful,Releases allelopathic compounds that inhibit pepper growth and development
33,sweet-pepper-cubanelle,pepper,Basil,beneficial,"Repels aphids, spider mites, and thrips while potentially improving pepper flavor"
33,sweet-pepper-cubanelle,pepper,Tomatoes,beneficial,Share similar growing conditions and can help shade pepper roots from intense sun
33,sweet-pepper-cubanelle,pepper,Marigolds,beneficial,"Repel nematodes, aphids, and whiteflies while attracting beneficial insects"
33,sweet-pepper-cubanelle,pepper,Oregano,beneficial,Deters pests like aphids and spider mites with strong aromatic compounds
33,sweet-pepper-cubanelle,pepper,Carrots,beneficial,Help break up soil for pepper roots and don't compete for nutrients
33,sweet-pepper-cubanelle,pepper,Onions,beneficial,"Repel aphids, cutworms, and other pests that commonly attack peppers"
33,sweet-pepper-cubanelle,pepper,Parsley,beneficial,Attracts beneficial insects like parasitic wasps that control pepper pests
33,sweet-pepper-cubanelle,pepper,Black Walnut,harmful,Produces juglone toxin that severely stunts or kills pepper plants
33,sweet-pepper-cubanelle,pepper,Brassicas,harmful,Compete heavily for nutrients and may stunt pepper growth through root competition
38,sweet-pepper-california-wonder,pepper,Basil,beneficial,"Repels aphids, spider mites, and thrips while potentially improving pepper flavor"
38,sweet-pepper-california-wonder,pepper,Tomatoes,beneficial,"Similar growing requirements and can share space efficiently, both benefit from same soil conditions"
38,sweet-pepper-california-wonder,pepper,Oregano,beneficial,Repels aphids and provides ground cover to retain soil moisture
38,sweet-pepper-california-wonder,pepper,Parsley,beneficial,Attracts beneficial insects like hoverflies that prey on pepper pests
38,sweet-pepper-california-wonder,pepper,Carrots,beneficial,Helps break up soil for pepper roots and doesn't compete for nutrients
38,sweet-pepper-california-wonder,pepper,Onions,beneficial,"Repels aphids, thrips, and other soft-bodied insects that damage peppers"
38,sweet-pepper-california-wonder,pepper,Marigolds,beneficial,"Deters nematodes, aphids, and whiteflies with their strong scent"
38,sweet-pepper-california-wonder,pepper,Nasturtiums,beneficial,"Acts as trap crop for aphids and cucumber beetles, drawing them away from peppers"
38,sweet-pepper-california-wonder,pepper,Black Walnut Trees,harmful,Releases juglone toxin that stunts pepper growth and can kill plants
38,sweet-pepper-california-wonder,pepper,Fennel,harmful,Produces allelopathic compounds that inhibit pepper growth and development
38,sweet-pepper-california-wonder,pepper,Brassicas,harmful,Compete heavily for nutrients and can stunt pepper growth due to different soil pH preferences
38,sweet-pepper-california-wonder,pepper,Apricot Trees,harmful,Can harbor verticillium wilt which easily spreads to peppers
42,sweet-italian-pepper-marconi-rosso,pepper,Basil,beneficial,"Repels aphids, spider mites, and thrips while potentially improving pepper flavor"
42,sweet-italian-pepper-marconi-rosso,pepper,Tomatoes,beneficial,Share similar growing requirements and can help shade pepper roots from intense heat
42,sweet-italian-pepper-marconi-rosso,pepper,Marigolds,beneficial,"Repel nematodes, aphids, and whiteflies with their strong scent"
42,sweet-italian-pepper-marconi-rosso,pepper,Oregano,beneficial,Deters pests like cucumber beetles and provides ground cover to retain soil moisture
42,sweet-italian-pepper-marconi-rosso,pepper,Carrots,beneficial,Help break up compacted soil with their taproots and don't compete for nutrients
42,sweet-italian-pepper-marconi-rosso,pepper,Onions,beneficial,"Repel aphids, spider mites, and other pests with sulfur compounds"
42,sweet-italian-pepper-marconi-rosso,pepper,Parsley,beneficial,Attracts beneficial insects like hoverflies and parasitic wasps that control pepper pests
42,sweet-italian-pepper-marconi-rosso,pepper,Nasturtiums,beneficial,Act as trap crops for aphids and cucumber beetles while attracting beneficial predators
42,sweet-italian-pepper-marconi-rosso,pepper,Black Walnut,harmful,"Produces juglone, a chemical toxic to peppers and other nightshade family plants"
42,sweet-italian-pepper-marconi-rosso,pepper,Fennel,harmful,Releases allelopathic compounds that inhibit growth of peppers and most vegetables
42,sweet-italian-pepper-marconi-rosso,pepper,Brassicas,harmful,Compete heavily for nutrients and may stunt pepper growth due to different soil pH preferences
45,purple-beauty-bell-pepper,pepper,Basil,beneficial,"Repels aphids, thrips, and hornworms while potentially improving pepper flavor"
45,purple-beauty-bell-pepper,pepper,Marigold,beneficial,"Deters nematodes, aphids, and whiteflies with strong scent compounds"
45,purple-beauty-bell-pepper,pepper,Tomato,beneficial,Similar growing requirements and can share support structures
45,purple-beauty-bell-pepper,pepper,Oregano,beneficial,Repels aphids and spider mites while attracting beneficial insects
45,purple-beauty-bell-pepper,pepper,Parsley,beneficial,Attracts beneficial predatory insects like hoverflies and parasitic wasps
45,purple-beauty-bell-pepper,pepper,Carrots,beneficial,Different root depths prevent competition and carrots help break up soil
45,purple-beauty-bell-pepper,pepper,Chives,beneficial,Repels aphids and may help deter cutworms with sulfur compounds
45,purple-beauty-bell-pepper,pepper,Nasturtium,beneficial,Acts as trap crop for aphids and cucumber beetles
45,purple-beauty-bell-pepper,pepper,Fennel,harmful,Releases allelopathic compounds that inhibit pepper growth and development
45,purple-beauty-bell-pepper,pepper,Black Walnut,harmful,Produces juglone toxin that causes wilting and stunted growth in peppers
45,purple-beauty-bell-pepper,pepper,Brassicas,harmful,Compete for similar nutrients and may stunt pepper growth through root competition
86,cherokee-trail-of-tears,bean,Corn,beneficial,Provides natural trellis structure for climbing beans in Three Sisters method
86,cherokee-trail-of-tears,bean,Squash,beneficial,Ground cover that retains moisture and suppresses weeds in Three Sisters planting
86,cherokee-trail-of-tears,bean,Marigold,beneficial,Repels Mexican bean beetles and other harmful insects
86,cherokee-trail-of-tears,bean,Nasturtium,beneficial,"Trap crop for aphids and cucumber beetles, deters bean beetles"
86,cherokee-trail-of-tears,bean,Radish,beneficial,Loosens soil for bean roots and deters cucumber beetles
86,cherokee-trail-of-tears,bean,Carrots,beneficial,Different root depths prevent competition and carrots help loosen soil
86,cherokee-trail-of-tears,bean,Cucumber,beneficial,"Benefits from nitrogen fixed by beans, compatible growth habits"
86,cherokee-trail-of-tears,bean,Summer Savory,beneficial,Repels bean beetles and may improve bean flavor and growth
86,cherokee-trail-of-tears,bean,Onion,harmful,Inhibits bean growth and nitrogen fixation through root secretions
86,cherokee-trail-of-tears,bean,Garlic,harmful,Stunts bean growth and interferes with beneficial soil bacteria
86,cherokee-trail-of-tears,bean,Fennel,harmful,Allelopathic compounds inhibit bean germination and growth
87,blue-lake-bush-274,bean,Marigold,beneficial,Repels Mexican bean beetles and aphids while attracting beneficial insects
87,blue-lake-bush-274,bean,Nasturtium,beneficial,"Acts as trap crop for aphids and cucumber beetles, deters bean beetles"
87,blue-lake-bush-274,bean,Summer Savory,beneficial,"Repels bean beetles and aphids, may improve bean flavor and growth"
87,blue-lake-bush-274,bean,Catnip,beneficial,Strong deterrent against Mexican bean beetles and aphids
87,blue-lake-bush-274,bean,Carrots,beneficial,"Beans fix nitrogen for carrots, carrots help loosen soil for bean roots"
87,blue-lake-bush-274,bean,Corn,beneficial,"Provides natural support structure, beans fix nitrogen for corn"
87,blue-lake-bush-274,bean,Radishes,beneficial,"Quick-growing companion that doesn't compete, helps break up soil"
87,blue-lake-bush-274,bean,Rosemary,beneficial,"Repels bean beetles and carrot flies, attracts beneficial pollinators"
87,blue-lake-bush-274,bean,Onions,harmful,May inhibit bean growth through root secretions and competition
87,blue-lake-bush-274,bean,Fennel,harmful,Allelopathic compounds inhibit growth of beans and most garden plants
87,blue-lake-bush-274,bean,Garlic,harmful,Can stunt bean growth through allelopathic effects and nutrient competition
88,kentucky-wonder-pole,bean,Corn,beneficial,"Provides natural support structure for beans to climb, classic Three Sisters companion"
88,kentucky-wonder-pole,bean,Squash,beneficial,"Large leaves provide ground cover and moisture retention, completes Three Sisters planting"
88,kentucky-wonder-pole,bean,Marigolds,beneficial,"Repel bean beetles, nematodes, and other harmful insects"
88,kentucky-wonder-pole,bean,Nasturtiums,beneficial,"Act as trap crop for aphids and cucumber beetles, repel squash bugs"
88,kentucky-wonder-pole,bean,Carrots,beneficial,"Benefit from nitrogen fixed by beans, don't compete for space"
88,kentucky-wonder-pole,bean,Radishes,beneficial,"Break up soil for bean roots, mature quickly before beans need full space"
88,kentucky-wonder-pole,bean,Summer Savory,beneficial,"Repels bean beetles and aphids, may improve bean flavor"
88,kentucky-wonder-pole,bean,Lettuce,beneficial,"Grows well in partial shade of bean plants, benefits from nitrogen fixation"
88,kentucky-wonder-pole,bean,Onions,harmful,Can inhibit bean growth and nitrogen fixation by beneficial bacteria
88,kentucky-wonder-pole,bean,Garlic,harmful,Allelopathic compounds can stunt bean growth and reduce yields
88,kentucky-wonder-pole,bean,Sunflowers,harmful,"Compete for nutrients and space, can shade beans excessively"
89,provider-bush,bean,Marigold,beneficial,"Repels Mexican bean beetles, aphids, and other harmful insects"
89,provider-bush,bean,Nasturtium,beneficial,"Acts as trap crop for aphids and cucumber beetles, deters squash bugs"
89,provider-bush,bean,Carrots,beneficial,"Helps loosen soil for bean roots, beans provide nitrogen for carrot growth"
89,provider-bush,bean,Corn,beneficial,"Provides natural support structure for climbing varieties, classical Three Sisters companion"
89,provider-bush,bean,Summer Squash,beneficial,"Large leaves provide ground cover and moisture retention, completes Three Sisters planting"
89,provider-bush,bean,Cucumber,beneficial,"Benefits from nitrogen fixed by beans, similar water and soil requirements"
89,provider-bush,bean,Radishes,beneficial,"Quick harvest breaks up soil, doesn't compete for nutrients, repels cucumber beetles"
89,provider-bush,bean,Rosemary,beneficial,Repels Mexican bean beetles and carrot flies
89,provider-bush,bean,Onions,harmful,Can inhibit bean growth and nitrogen fixation capabilities
89,provider-bush,bean,Garlic,harmful,Stunts bean growth and interferes with beneficial root bacteria
89,provider-bush,bean,Sunflowers,harmful,Allelopathic compounds inhibit bean germination and growth
90,dragon-tongue,bean,Marigold,beneficial,"Repels bean beetles, aphids, and nematodes while attracting beneficial insects"
90,dragon-tongue,bean,Basil,beneficial,"Repels aphids, thrips, and spider mites that commonly attack beans"
90,dragon-tongue,bean,Corn,beneficial,Provides natural support structure for climbing beans and benefits from nitrogen fixation
90,dragon-tongue,bean,Summer Squash,beneficial,"Large leaves provide ground cover, retaining moisture and suppressing weeds"
90,dragon-tongue,bean,Nasturtium,beneficial,Acts as trap crop for aphids and cucumber beetles while attracting predatory insects
90,dragon-tongue,bean,Rosemary,beneficial,"Repels bean beetles, carrot flies, and other harmful insects with strong aromatic oils"
90,dragon-tongue,bean,Radish,beneficial,Breaks up compacted soil and deters bean root fly larvae
90,dragon-tongue,bean,Catnip,beneficial,"Repels aphids, ants, and flea beetles that damage bean plants"
90,dragon-tongue,bean,Onion,harmful,Inhibits bean growth and nitrogen fixation through root secretions
90,dragon-tongue,bean,Garlic,harmful,Stunts bean development and interferes with beneficial rhizobia bacteria
90,dragon-tongue,bean,Fennel,harmful,Releases allelopathic compounds that inhibit bean germination and growth
91,scarlet-runner-bean,bean,Corn,beneficial,Provides natural support structure for climbing beans while beans fix nitrogen for corn
91,scarlet-runner-bean,bean,Squash,beneficial,"Part of Three Sisters planting, large leaves shade soil and suppress weeds"
91,scarlet-runner-bean,bean,Marigolds,beneficial,Repel Mexican bean beetles and other harmful insects
91,scarlet-runner-bean,bean,Nasturtiums,beneficial,"Act as trap crop for aphids and cucumber beetles, keep pests away from beans"
91,scarlet-runner-bean,bean,Carrots,beneficial,"Beans improve soil nitrogen while carrots break up soil, benefiting bean root development"
91,scarlet-runner-bean,bean,Radishes,beneficial,Help break up compacted soil and may deter bean root fly
91,scarlet-runner-bean,bean,Lettuce,beneficial,"Benefits from nitrogen fixed by beans, provides living mulch"
91,scarlet-runner-bean,bean,Summer Savory,beneficial,Repels bean beetles and may improve bean flavor and growth
91,scarlet-runner-bean,bean,Onions,harmful,Can inhibit bean growth and nitrogen fixation through root compounds
91,scarlet-runner-bean,bean,Sunflowers,harmful,Allelopathic compounds can stunt bean growth and compete for nutrients
91,scarlet-runner-bean,bean,Fennel,harmful,Produces allelopathic compounds that inhibit growth of beans and most garden plants
92,romano-italian-bush-bean,bean,Marigold,beneficial,"Repels bean beetles, aphids, and nematodes while attracting beneficial insects"
92,romano-italian-bush-bean,bean,Basil,beneficial,"Repels aphids, spider mites, and thrips while potentially improving bean flavor"
92,romano-italian-bush-bean,bean,Carrots,beneficial,Different root depths prevent competition and carrots help loosen soil for bean roots
92,romano-italian-bush-bean,bean,Lettuce,beneficial,"Provides living mulch, conserves soil moisture, and utilizes different soil nutrients"
92,romano-italian-bush-bean,bean,Radishes,beneficial,Quick-growing ground cover that deters cucumber beetles and improves soil structure
92,romano-italian-bush-bean,bean,Summer Savory,beneficial,Repels bean beetles and aphids while potentially enhancing bean growth and flavor
92,romano-italian-bush-bean,bean,Nasturtiums,beneficial,Acts as trap crop for aphids and cucumber beetles while attracting beneficial predatory insects
92,romano-italian-bush-bean,bean,Corn,beneficial,Provides natural support structure for climbing varieties and different nutrient requirements
92,romano-italian-bush-bean,bean,Onions,harmful,Inhibits bean growth through allelopathic compounds and competes for similar soil nutrients
92,romano-italian-bush-bean,bean,Garlic,harmful,Stunts bean growth through natural growth inhibitors released by roots
92,romano-italian-bush-bean,bean,Fennel,harmful,Produces allelopathic chemicals that inhibit germination and growth of beans
93,fortex-pole-bean,bean,Corn,beneficial,Provides natural trellis support while beans fix nitrogen in soil for corn
93,fortex-pole-bean,bean,Summer Squash,beneficial,"Large leaves provide ground cover and moisture retention, completes the Three Sisters planting"
93,fortex-pole-bean,bean,Carrots,beneficial,"Beans fix nitrogen that carrots need, while carrots don't compete for same soil space"
93,fortex-pole-bean,bean,Radishes,beneficial,Help break up soil for bean root development and mature quickly before beans need full space
93,fortex-pole-bean,bean,Marigolds,beneficial,Repel Mexican bean beetles and other harmful insects that attack beans
93,fortex-pole-bean,bean,Nasturtiums,beneficial,"Act as trap crop for aphids and cucumber beetles, protecting beans from pest damage"
93,fortex-pole-bean,bean,Catnip,beneficial,Deters flea beetles and other pests that commonly damage bean plants
93,fortex-pole-bean,bean,Rosemary,beneficial,Repels bean beetles and carrot flies while attracting beneficial pollinators
93,fortex-pole-bean,bean,Onions,harmful,Can stunt bean growth and reduce yields through allelopathic compounds
93,fortex-pole-bean,bean,Garlic,harmful,Inhibits bean growth and nitrogen fixation through root secretions
93,fortex-pole-bean,bean,Sunflowers,harmful,"Compete heavily for nutrients and can shade beans, reducing photosynthesis and pod production"
94,henderson-bush-lima,bean,Marigold,beneficial,Repels Mexican bean beetles and aphids while attracting beneficial insects
94,henderson-bush-lima,bean,Basil,beneficial,"Repels aphids, spider mites, and thrips that commonly attack lima beans"
94,henderson-bush-lima,bean,Summer Savory,beneficial,Deters Mexican bean beetles and may improve bean flavor and growth
94,henderson-bush-lima,bean,Corn,beneficial,Provides natural support structure and benefits from nitrogen fixation by beans
94,henderson-bush-lima,bean,Carrots,beneficial,Helps break up soil for bean roots and doesn't compete for nutrients
94,henderson-bush-lima,bean,Radishes,beneficial,Breaks up compacted soil and deters cucumber beetles that may affect beans
94,henderson-bush-lima,bean,Nasturtium,beneficial,Acts as trap crop for aphids and cucumber beetles while attracting predatory insects
94,henderson-bush-lima,bean,Rosemary,beneficial,Repels Mexican bean beetles and other bean pests with strong aromatic oils
94,henderson-bush-lima,bean,Onions,harmful,May inhibit bean growth and nitrogen fixation through allelopathic compounds
94,henderson-bush-lima,bean,Sunflowers,harmful,"Competes heavily for nutrients and water, may shade out bush lima beans"
94,henderson-bush-lima,bean,Fennel,harmful,Produces allelopathic chemicals that inhibit growth of legumes including lima beans
95,cherokee-purple-pod-bean,bean,Corn,beneficial,Provides natural trellis for climbing beans while beans fix nitrogen for corn
95,cherokee-purple-pod-bean,bean,Squash,beneficial,"Completes the Three Sisters planting, ground cover reduces weeds and retains moisture"
95,cherokee-purple-pod-bean,bean,Carrots,beneficial,Beans loosen soil for carrot growth while carrots don't compete for nutrients
95,cherokee-purple-pod-bean,bean,Radishes,beneficial,Break up soil for bean roots and mature quickly before beans need full space
95,cherokee-purple-pod-bean,bean,Marigolds,beneficial,Repel Mexican bean beetles and other harmful insects
95,cherokee-purple-pod-bean,bean,Nasturtiums,beneficial,Act as trap crop for aphids and cucumber beetles
95,cherokee-purple-pod-bean,bean,Catnip,beneficial,Deters flea beetles and ants that can damage bean plants
95,cherokee-purple-pod-bean,bean,Summer Savory,beneficial,Repels bean beetles and may improve bean flavor when grown nearby
95,cherokee-purple-pod-bean,bean,Onions,harmful,Inhibit bean growth and nitrogen fixation through root secretions
95,cherokee-purple-pod-bean,bean,Garlic,harmful,Stunts bean growth and interferes with beneficial soil bacteria
95,cherokee-purple-pod-bean,bean,Sunflowers,harmful,Allelopathic compounds inhibit bean germination and growth
96,contender-bush-bean,bean,Marigold,beneficial,"Repels bean beetles, aphids, and nematodes while attracting beneficial insects"
96,contender-bush-bean,bean,Carrots,beneficial,"Improve soil structure and don't compete for nutrients, beans provide nitrogen for carrots"
96,contender-bush-bean,bean,Corn,beneficial,Provides natural support structure and benefits from nitrogen fixed by bean roots
96,contender-bush-bean,bean,Summer Squash,beneficial,"Large leaves provide ground cover and moisture retention, part of Three Sisters planting"
96,contender-bush-bean,bean,Cucumber,beneficial,"Benefits from nitrogen provided by beans, similar water requirements"
96,contender-bush-bean,bean,Radishes,beneficial,Quick-growing crop that breaks up soil and deters bean beetles
96,contender-bush-bean,bean,Nasturtiums,beneficial,"Acts as trap crop for aphids and cucumber beetles, attracts beneficial predatory insects"
96,contender-bush-bean,bean,Rosemary,beneficial,Repels bean beetles and carrot flies with strong aromatic oils
96,contender-bush-bean,bean,Onions,harmful,Inhibits bean growth and nitrogen fixation through allelopathic compounds
96,contender-bush-bean,bean,Garlic,harmful,Stunts bean growth and interferes with beneficial root bacteria
96,contender-bush-bean,bean,Sunflowers,harmful,Allelopathic effects inhibit bean germination and growth
96,contender-bush-bean,bean,Fennel,harmful,Produces allelopathic compounds that inhibit growth of beans and most vegetables
97,purple-top-turnip-bean,bean,Marigold,beneficial,"Repels bean beetles, aphids, and nematodes while attracting beneficial insects"
97,purple-top-turnip-bean,bean,Carrots,beneficial,Help loosen soil for bean roots and don't compete for nutrients
97,purple-top-turnip-bean,bean,Corn,beneficial,Provides natural support structure for climbing beans and benefits from nitrogen fixation
97,purple-top-turnip-bean,bean,Squash,beneficial,"Ground cover reduces weeds and retains soil moisture, part of Three Sisters companion planting"
97,purple-top-turnip-bean,bean,Nasturtium,beneficial,Acts as trap crop for aphids and cucumber beetles while repelling bean beetles
97,purple-top-turnip-bean,bean,Radishes,beneficial,Break up compacted soil and mature quickly without competing for space
97,purple-top-turnip-bean,bean,Lettuce,beneficial,Benefits from bean nitrogen fixation and provides ground cover to retain moisture
97,purple-top-turnip-bean,bean,Summer Savory,beneficial,Repels bean beetles and may improve bean flavor and growth
97,purple-top-turnip-bean,bean,Onions,harmful,Can inhibit bean growth and nitrogen fixation through root secretions
97,purple-top-turnip-bean,bean,Garlic,harmful,Releases compounds that can stunt bean growth and interfere with beneficial bacteria
97,purple-top-turnip-bean,bean,Fennel,harmful,Produces allelopathic compounds that inhibit growth of beans and most garden plants
97,purple-top-turnip-bean,bean,Sunflowers,harmful,"Compete heavily for nutrients and water, and may release growth-inhibiting chemicals"
98,jade-bush-bean,bean,Marigold,beneficial,Repels Mexican bean beetles and other harmful insects
98,jade-bush-bean,bean,Nasturtium,beneficial,Acts as trap crop for aphids and cucumber beetles
98,jade-bush-bean,bean,Corn,beneficial,Provides natural support structure for climbing beans
98,jade-bush-bean,bean,Summer Squash,beneficial,Large leaves provide ground cover and retain soil moisture
98,jade-bush-bean,bean,Carrot,beneficial,Helps loosen soil and beans fix nitrogen for carrot growth
98,jade-bush-bean,bean,Cucumber,beneficial,Compatible growth habits and beans repel cucumber beetles
98,jade-bush-bean,bean,Catnip,beneficial,Deters flea beetles and ants that can damage bean plants
98,jade-bush-bean,bean,Rosemary,beneficial,Repels Mexican bean beetles and other bean pests
98,jade-bush-bean,bean,Onion,harmful,Can inhibit bean growth and nitrogen fixation
98,jade-bush-bean,bean,Garlic,harmful,May stunt bean growth and interfere with beneficial soil bacteria
98,jade-bush-bean,bean,Sunflower,harmful,Allelopathic compounds can inhibit bean germination and growth
99,rattlesnake-pole-bean,bean,Corn,beneficial,"Provides natural pole support for climbing beans, classic Three Sisters companion"
99,rattlesnake-pole-bean,bean,Squash,beneficial,"Large leaves suppress weeds and retain soil moisture, completes Three Sisters trio"
99,rattlesnake-pole-bean,bean,Marigold,beneficial,Repels Mexican bean beetles and other harmful insects
99,rattlesnake-pole-bean,bean,Nasturtium,beneficial,Acts as trap crop for aphids and cucumber beetles
99,rattlesnake-pole-bean,bean,Carrots,beneficial,"Beans fix nitrogen that carrots utilize, carrots don't compete for space"
99,rattlesnake-pole-bean,bean,Lettuce,beneficial,"Benefits from bean's nitrogen fixation and shade, efficient space usage"
99,rattlesnake-pole-bean,bean,Radishes,beneficial,"Quick growing, loosens soil for bean roots, harvested before beans mature"
99,rattlesnake-pole-bean,bean,Basil,beneficial,"Repels aphids and bean beetles, may enhance bean flavor"
99,rattlesnake-pole-bean,bean,Onions,harmful,May inhibit bean growth and nitrogen fixation through root compounds
99,rattlesnake-pole-bean,bean,Garlic,harmful,Can stunt bean growth and interfere with beneficial soil bacteria
99,rattlesnake-pole-bean,bean,Fennel,harmful,Allelopathic compounds inhibit bean germination and growth
100,maxibel-haricot-vert,bean,Marigold,beneficial,"Repels bean beetles, aphids, and nematodes while attracting beneficial insects"
100,maxibel-haricot-vert,bean,Nasturtium,beneficial,"Acts as trap crop for aphids and cucumber beetles, repels bean beetles"
100,maxibel-haricot-vert,bean,Carrots,beneficial,"Beans fix nitrogen that carrots use, carrots don't compete for space"
100,maxibel-haricot-vert,bean,Corn,beneficial,"Provides natural trellis support, beans fix nitrogen for corn's benefit"
100,maxibel-haricot-vert,bean,Radishes,beneficial,"Loosen soil for bean roots, mature quickly before beans need full space"
100,maxibel-haricot-vert,bean,Summer Squash,beneficial,"Large leaves provide ground cover and moisture retention, classic three sisters companion"
100,maxibel-haricot-vert,bean,Rosemary,beneficial,Repels bean beetles and Mexican bean beetles with strong aromatic oils
100,maxibel-haricot-vert,bean,Lettuce,beneficial,"Benefits from bean's nitrogen fixation, provides living mulch"
100,maxibel-haricot-vert,bean,Onions,harmful,Can inhibit bean growth and nitrogen fixation through allelopathic compounds
100,maxibel-haricot-vert,bean,Garlic,harmful,May stunt bean growth and interfere with beneficial rhizobia bacteria
100,maxibel-haricot-vert,bean,Sunflowers,harmful,"Compete heavily for nutrients and water, can shade out beans"
101,bush-blue-lake-274,bean,Marigold,beneficial,"Repels bean beetles, aphids, and nematodes while attracting beneficial insects"
101,bush-blue-lake-274,bean,Basil,beneficial,"Repels aphids, spider mites, and thrips that commonly attack beans"
101,bush-blue-lake-274,bean,Corn,beneficial,Provides natural support structure for beans while beans fix nitrogen for corn
101,bush-blue-lake-274,bean,Summer Squash,beneficial,"Large leaves provide ground cover, retain moisture, and suppress weeds around bean plants"
101,bush-blue-lake-274,bean,Carrots,beneficial,Deep taproot breaks up soil for bean roots and doesn't compete for nutrients
101,bush-blue-lake-274,bean,Nasturtium,beneficial,"Acts as trap crop for aphids and cucumber beetles, protecting beans"
101,bush-blue-lake-274,bean,Radish,beneficial,Quick-growing companion that loosens soil and is harvested before beans need space
101,bush-blue-lake-274,bean,Catnip,beneficial,Repels flea beetles and ants that can damage bean plants
101,bush-blue-lake-274,bean,Onions,harmful,Stunts bean growth and reduces yield through root secretions
101,bush-blue-lake-274,bean,Garlic,harmful,Inhibits bean growth and nitrogen fixation through allelopathic compounds
101,bush-blue-lake-274,bean,Sunflower,harmful,"Competes heavily for nutrients and water, may release growth-inhibiting chemicals"
102,tendergreen-bush-bean,bean,Marigold,beneficial,"Repels Mexican bean beetles and aphids, reduces nematode populations"
102,tendergreen-bush-bean,bean,Nasturtium,beneficial,"Acts as trap crop for aphids and cucumber beetles, repels bean beetles"
102,tendergreen-bush-bean,bean,Carrots,beneficial,"Root vegetables don't compete for nutrients, carrots help loosen soil"
102,tendergreen-bush-bean,bean,Radishes,beneficial,Quick-growing crop that breaks up soil and deters bean beetles
102,tendergreen-bush-bean,bean,Corn,beneficial,"Provides natural support structure for climbing varieties, beans fix nitrogen for corn"
102,tendergreen-bush-bean,bean,Catnip,beneficial,"Strong scent repels aphids, flea beetles, and squash bugs"
102,tendergreen-bush-bean,bean,Summer Savory,beneficial,"Repels bean beetles and aphids, may improve bean flavor when planted nearby"
102,tendergreen-bush-bean,bean,Cucumber,beneficial,"Compatible growing requirements, beans provide nitrogen that cucumbers need"
102,tendergreen-bush-bean,bean,Onions,harmful,Inhibits bean growth and nitrogen fixation through root compounds
102,tendergreen-bush-bean,bean,Garlic,harmful,Stunts bean growth and interferes with beneficial rhizobia bacteria
102,tendergreen-bush-bean,bean,Fennel,harmful,Produces allelopathic compounds that inhibit bean germination and growth
102,tendergreen-bush-bean,bean,Sunflowers,harmful,"Allelopathic effects suppress bean growth, competes heavily for nutrients"
103,royal-burgundy-bush-bean,bean,Marigold,beneficial,"Repels Mexican bean beetles and aphids, reduces nematode populations"
103,royal-burgundy-bush-bean,bean,Nasturtium,beneficial,"Acts as trap crop for aphids and cucumber beetles, deters bean beetles"
103,royal-burgundy-bush-bean,bean,Carrot,beneficial,"Loosens soil for bean roots, beans provide nitrogen that carrots utilize"
103,royal-burgundy-bush-bean,bean,Corn,beneficial,"Provides natural support structure, beans fix nitrogen for corn's benefit"
103,royal-burgundy-bush-bean,bean,Summer Squash,beneficial,"Large leaves provide ground cover and moisture retention, part of Three Sisters planting"
103,royal-burgundy-bush-bean,bean,Cucumber,beneficial,"Compatible growth habits and similar water needs, beans provide nitrogen"
103,royal-burgundy-bush-bean,bean,Lettuce,beneficial,"Grows well in partial shade of bean plants, efficient use of garden space"
103,royal-burgundy-bush-bean,bean,Radish,beneficial,"Quick harvest before beans mature, helps break up soil for bean roots"
103,royal-burgundy-bush-bean,bean,Onion,harmful,Inhibits bean growth and nitrogen fixation through root compounds
103,royal-burgundy-bush-bean,bean,Garlic,harmful,Stunts bean growth and interferes with beneficial rhizobia bacteria
103,royal-burgundy-bush-bean,bean,Fennel,harmful,Inhibits growth of most garden plants including beans through allelopathic compounds
104,haricot-vert-cornelia,bean,Marigold,beneficial,"Repels bean beetles, aphids, and nematodes while attracting beneficial insects"
104,haricot-vert-cornelia,bean,Nasturtium,beneficial,"Acts as trap crop for aphids and cucumber beetles, deters bean beetles"
104,haricot-vert-cornelia,bean,Carrots,beneficial,"Loosens soil for bean roots, doesn't compete for nutrients, beans provide nitrogen"
104,haricot-vert-cornelia,bean,Radishes,beneficial,"Breaks up soil, repels bean beetles, quick harvest before beans need space"
104,haricot-vert-cornelia,bean,Summer Savory,beneficial,"Improves bean flavor, repels bean beetles and aphids"
104,haricot-vert-cornelia,bean,Corn,beneficial,"Provides natural trellis support, beans fix nitrogen for corn"
104,haricot-vert-cornelia,bean,Lettuce,beneficial,"Shallow roots don't compete, beans provide shade and nitrogen"
104,haricot-vert-cornelia,bean,Rosemary,beneficial,"Repels bean beetles, carrot flies, and cabbage moths"
104,haricot-vert-cornelia,bean,Onions,harmful,Inhibits bean growth and nitrogen fixation through root secretions
104,haricot-vert-cornelia,bean,Sunflowers,harmful,Allelopathic compounds inhibit bean germination and growth
104,haricot-vert-cornelia,bean,Fennel,harmful,Inhibits growth of most garden plants including beans through allelopathy
105,burpee-s-stringless-green-pod,bean,Marigold,beneficial,Repels Mexican bean beetles and aphids while attracting beneficial insects
105,burpee-s-stringless-green-pod,bean,Nasturtium,beneficial,"Acts as trap crop for aphids and cucumber beetles, deters bean beetles"
105,burpee-s-stringless-green-pod,bean,Carrot,beneficial,Loosens soil for bean roots and doesn't compete for nutrients
105,burpee-s-stringless-green-pod,bean,Cucumber,beneficial,"Beans fix nitrogen that cucumbers can utilize, compatible root systems"
105,burpee-s-stringless-green-pod,bean,Corn,beneficial,"Provides natural trellis support, beans fix nitrogen for corn"
105,burpee-s-stringless-green-pod,bean,Summer Squash,beneficial,Large leaves provide ground shade and moisture retention for bean roots
105,burpee-s-stringless-green-pod,bean,Rosemary,beneficial,Repels Mexican bean beetles and carrot rust flies
105,burpee-s-stringless-green-pod,bean,Lettuce,beneficial,"Benefits from nitrogen fixed by beans, harvested before beans need full space"
105,burpee-s-stringless-green-pod,bean,Onion,harmful,Can inhibit bean growth and nitrogen fixation through root compounds
105,burpee-s-stringless-green-pod,bean,Fennel,harmful,Produces allelopathic compounds that stunt bean growth and development
105,burpee-s-stringless-green-pod,bean,Sunflower,harmful,"Competes heavily for nutrients and water, may release growth-inhibiting chemicals"
111,black-beauty-zucchini,squash,Nasturtiums,beneficial,"Repels squash bugs, cucumber beetles, and aphids while attracting beneficial predatory insects"
111,black-beauty-zucchini,squash,Marigolds,beneficial,"Deters squash bugs, aphids, and nematodes with their strong scent and root compounds"
111,black-beauty-zucchini,squash,Radishes,beneficial,"Repels squash vine borers and cucumber beetles, harvest before zucchini spreads"
111,black-beauty-zucchini,squash,Beans,beneficial,"Fix nitrogen in soil for heavy-feeding zucchini, can climb zucchini's sturdy stems"
111,black-beauty-zucchini,squash,Corn,beneficial,"Provides vertical structure and partial shade, part of traditional Three Sisters planting"
111,black-beauty-zucchini,squash,Catnip,beneficial,"Strongly repels squash bugs, cucumber beetles, and aphids"
111,black-beauty-zucchini,squash,Dill,beneficial,Attracts beneficial insects like parasitic wasps that control squash pests
111,black-beauty-zucchini,squash,Lettuce,beneficial,"Benefits from zucchini's shade, efficient use of garden space as ground cover"
111,black-beauty-zucchini,squash,Potatoes,harmful,"Both are heavy feeders competing for nutrients, potatoes may stunt squash growth"
111,black-beauty-zucchini,squash,Pumpkins,harmful,"Cross-pollination can affect fruit quality, compete for space and nutrients"
111,black-beauty-zucchini,squash,Aromatic herbs (strong),harmful,"Sage, rosemary, and other strong herbs may inhibit zucchini growth and development"
118,cocozelle-italian-heirloom-zucchini,squash,Nasturtiums,beneficial,"Acts as trap crop for squash bugs and cucumber beetles, repels aphids"
118,cocozelle-italian-heirloom-zucchini,squash,Marigolds,beneficial,"Deters squash bugs, cucumber beetles, and nematodes with strong scent"
118,cocozelle-italian-heirloom-zucchini,squash,Radishes,beneficial,"Repels squash vine borers and cucumber beetles, harvested before squash spreads"
118,cocozelle-italian-heirloom-zucchini,squash,Beans,beneficial,Fix nitrogen in soil to benefit heavy-feeding squash plants
118,cocozelle-italian-heirloom-zucchini,squash,Corn,beneficial,"Provides vertical structure and shade, part of traditional Three Sisters planting"
118,cocozelle-italian-heirloom-zucchini,squash,Catnip,beneficial,Strong natural repellent against squash bugs and cucumber beetles
118,cocozelle-italian-heirloom-zucchini,squash,Dill,beneficial,Attracts beneficial insects that prey on squash pests like aphids
118,cocozelle-italian-heirloom-zucchini,squash,Borage,beneficial,"Attracts pollinators essential for squash fruit production, may improve growth"
118,cocozelle-italian-heirloom-zucchini,squash,Black Walnut,harmful,Produces juglone toxin that inhibits growth and can kill squash plants
118,cocozelle-italian-heirloom-zucchini,squash,Potatoes,harmful,"Compete for similar nutrients and space, both are heavy feeders"
118,cocozelle-italian-heirloom-zucchini,squash,Fennel,harmful,Inhibits growth of squash through allelopathic compounds
123,yellow-straightneck-zucchini,squash,Nasturtiums,beneficial,"Acts as trap crop for squash bugs and cucumber beetles, repels aphids"
123,yellow-straightneck-zucchini,squash,Marigolds,beneficial,"Deters squash bugs, cucumber beetles, and nematodes with natural compounds"
123,yellow-straightneck-zucchini,squash,Radishes,beneficial,"Repels squash vine borers and cucumber beetles, planted early as companion"
123,yellow-straightneck-zucchini,squash,Beans,beneficial,Fix nitrogen in soil to benefit heavy-feeding squash plants
123,yellow-straightneck-zucchini,squash,Corn,beneficial,"Provides natural trellis and shade, part of Three Sisters planting method"
123,yellow-straightneck-zucchini,squash,Catnip,beneficial,"Strongly repels squash bugs, cucumber beetles, and flea beetles"
123,yellow-straightneck-zucchini,squash,Oregano,beneficial,Repels cucumber beetles and provides general pest deterrent properties
123,yellow-straightneck-zucchini,squash,Dill,beneficial,Attracts beneficial insects like parasitic wasps that control squash pests
123,yellow-straightneck-zucchini,squash,Potatoes,harmful,"Compete for space and nutrients, both are heavy feeders requiring similar soil resources"
123,yellow-straightneck-zucchini,squash,Melons,harmful,"Attract same pests like cucumber beetles and squash bugs, increasing pest pressure"
123,yellow-straightneck-zucchini,squash,Pumpkins,harmful,"Cross-pollination risk and competition for space, nutrients, and water"
127,chantenay-red-core-carrot,root-vegetable,Chives,beneficial,Repels carrot flies and aphids while improving carrot flavor
127,chantenay-red-core-carrot,root-vegetable,Leeks,beneficial,Repels carrot flies and root maggots through strong scent compounds
127,chantenay-red-core-carrot,root-vegetable,Rosemary,beneficial,"Deters carrot flies, cabbage moths, and other pests with aromatic oils"
127,chantenay-red-core-carrot,root-vegetable,Sage,beneficial,Repels carrot flies and root flies while attracting beneficial insects
127,chantenay-red-core-carrot,root-vegetable,Lettuce,beneficial,"Shallow roots don't compete, provides ground cover to retain soil moisture"
127,chantenay-red-core-carrot,root-vegetable,Radishes,beneficial,Breaks up compacted soil for carrot root development and deters flea beetles
127,chantenay-red-core-carrot,root-vegetable,Marigolds,beneficial,Repels nematodes and carrot flies through root secretions and scent
127,chantenay-red-core-carrot,root-vegetable,Tomatoes,beneficial,Provides partial shade and may improve carrot flavor when planted nearby
127,chantenay-red-core-carrot,root-vegetable,Dill,harmful,Attracts carrot flies when mature and can cross-pollinate with carrots
127,chantenay-red-core-carrot,root-vegetable,Parsnips,harmful,Competes for same nutrients and attracts similar pests like carrot weevils
127,chantenay-red-core-carrot,root-vegetable,Coriander,harmful,Can attract carrot flies and may inhibit carrot seed germination
131,scarlet-nantes-carrot,root-vegetable,Chives,beneficial,Repels carrot flies and aphids with strong sulfur compounds
131,scarlet-nantes-carrot,root-vegetable,Leeks,beneficial,Deters carrot rust flies while carrots repel leek moths
131,scarlet-nantes-carrot,root-vegetable,Rosemary,beneficial,Strong aromatic oils mask carrot scent from carrot flies
131,scarlet-nantes-carrot,root-vegetable,Sage,beneficial,Repels carrot flies and other root pests with pungent oils
131,scarlet-nantes-carrot,root-vegetable,Lettuce,beneficial,"Shallow roots don't compete, provides living mulch between carrot rows"
131,scarlet-nantes-carrot,root-vegetable,Tomatoes,beneficial,Solanine in tomato roots may deter some soil pests affecting carrots
131,scarlet-nantes-carrot,root-vegetable,Radishes,beneficial,Break up soil for carrot growth and mature quickly before carrots need space
131,scarlet-nantes-carrot,root-vegetable,Marigolds,beneficial,Root secretions suppress nematodes that damage carrot roots
131,scarlet-nantes-carrot,root-vegetable,Dill,harmful,Mature dill plants can stunt carrot growth and reduce yields
131,scarlet-nantes-carrot,root-vegetable,Parsnips,harmful,Attract same pests like carrot flies and compete for similar soil nutrients
131,scarlet-nantes-carrot,root-vegetable,Fennel,harmful,Releases allelopathic compounds that inhibit carrot germination and growth
136,paris-market-carrot,root-vegetable,Chives,beneficial,Repels carrot flies and aphids while improving soil health
136,paris-market-carrot,root-vegetable,Rosemary,beneficial,Strong scent deters carrot flies and other root pests
136,paris-market-carrot,root-vegetable,Leeks,beneficial,Repels carrot flies through scent masking and attracts beneficial insects
136,paris-market-carrot,root-vegetable,Lettuce,beneficial,"Shallow roots don't compete, provides ground cover to retain moisture"
136,paris-market-carrot,root-vegetable,Tomatoes,beneficial,Help break up soil for carrot root development and provide pest confusion
136,paris-market-carrot,root-vegetable,Marigolds,beneficial,Root secretions repel nematodes and other soil-dwelling pests
136,paris-market-carrot,root-vegetable,Radishes,beneficial,Break up compacted soil ahead of carrots and can be harvested early
136,paris-market-carrot,root-vegetable,Sage,beneficial,Aromatic oils deter carrot flies and other flying pests
136,paris-market-carrot,root-vegetable,Dill,harmful,Can stunt carrot growth when planted too close and may cross-pollinate
136,paris-market-carrot,root-vegetable,Parsnips,harmful,"Compete for same soil nutrients and space, attract similar pests"
136,paris-market-carrot,root-vegetable,Fennel,harmful,Inhibits growth of most garden plants through allelopathic compounds
139,nelson-carrot,root-vegetable,Chives,beneficial,Repels carrot rust flies and aphids with their strong onion scent
139,nelson-carrot,root-vegetable,Leeks,beneficial,Mask carrot scent from carrot rust flies and improve soil structure
139,nelson-carrot,root-vegetable,Rosemary,beneficial,Strong aromatic oils repel carrot flies and other harmful insects
139,nelson-carrot,root-vegetable,Sage,beneficial,Deters carrot rust flies and cabbage moths with its intense fragrance
139,nelson-carrot,root-vegetable,Lettuce,beneficial,"Shallow roots don't compete, provides ground cover and efficient space use"
139,nelson-carrot,root-vegetable,Radishes,beneficial,Break up compacted soil for carrot root development and mature quickly
139,nelson-carrot,root-vegetable,Tomatoes,beneficial,Root vegetables and nightshades complement each other's growth patterns
139,nelson-carrot,root-vegetable,Marigolds,beneficial,Release compounds that repel nematodes and other soil-dwelling pests
139,nelson-carrot,root-vegetable,Dill,harmful,Can stunt carrot growth and attract carrot rust flies when flowering
139,nelson-carrot,root-vegetable,Parsnips,harmful,"Same family susceptible to identical pests and diseases, creating concentrated problems"
139,nelson-carrot,root-vegetable,Coriander,harmful,May inhibit carrot germination and early growth through allelopathic effects
141,danvers-half-long-carrot,root-vegetable,Chives,beneficial,Repels carrot rust flies and aphids with their strong sulfur compounds
141,danvers-half-long-carrot,root-vegetable,Leeks,beneficial,Natural pest deterrent that confuses carrot fly with contrasting scent
141,danvers-half-long-carrot,root-vegetable,Rosemary,beneficial,Strong aromatic oils repel carrot flies and other root-damaging insects
141,danvers-half-long-carrot,root-vegetable,Sage,beneficial,Deters carrot rust flies and cabbage moths while attracting beneficial insects
141,danvers-half-long-carrot,root-vegetable,Lettuce,beneficial,"Shallow roots don't compete, provides living mulch and efficient space usage"
141,danvers-half-long-carrot,root-vegetable,Radishes,beneficial,Break up soil for carrot growth and mature quickly without long-term competition
141,danvers-half-long-carrot,root-vegetable,Marigolds,beneficial,Root secretions reduce nematode populations and repel various garden pests
141,danvers-half-long-carrot,root-vegetable,Tomatoes,beneficial,Improve carrot flavor and growth while carrots help break up soil for tomato roots
141,danvers-half-long-carrot,root-vegetable,Dill,harmful,Attracts carrot rust flies when flowering and can stunt carrot growth
141,danvers-half-long-carrot,root-vegetable,Parsnips,harmful,"Competes for same nutrients and attracts same pests, increasing disease pressure"
141,danvers-half-long-carrot,root-vegetable,Coriander,harmful,Can inhibit carrot germination and early growth through allelopathic effects
143,bolero-carrot,root-vegetable,Chives,beneficial,Repels carrot fly and aphids with strong sulfur compounds
143,bolero-carrot,root-vegetable,Leeks,beneficial,Deters carrot fly and other root pests through aromatic compounds
143,bolero-carrot,root-vegetable,Rosemary,beneficial,"Strong scent masks carrot aroma from carrot fly, repels various pests"
143,bolero-carrot,root-vegetable,Sage,beneficial,Repels carrot fly and cabbage moths with aromatic oils
143,bolero-carrot,root-vegetable,Lettuce,beneficial,"Shallow roots don't compete, provides ground cover and weed suppression"
143,bolero-carrot,root-vegetable,Tomatoes,beneficial,"Different root depths minimize competition, tomatoes may deter carrot fly"
143,bolero-carrot,root-vegetable,Radishes,beneficial,"Break up soil for carrot growth, mature quickly before carrots need space"
143,bolero-carrot,root-vegetable,Marigolds,beneficial,Root secretions reduce nematode populations harmful to carrots
143,bolero-carrot,root-vegetable,Dill,harmful,Can stunt carrot growth and reduce yields when planted too close
143,bolero-carrot,root-vegetable,Parsnips,harmful,"Compete for same soil nutrients and space, attract similar pests"
143,bolero-carrot,root-vegetable,Fennel,harmful,Releases allelopathic compounds that inhibit carrot germination and growth
149,golden-acre-cabbage,brassica,Dill,beneficial,Attracts beneficial insects like parasitic wasps that control cabbage worms
149,golden-acre-cabbage,brassica,Onions,beneficial,"Repels cabbage moths, aphids, and other brassica pests with strong sulfur compounds"
149,golden-acre-cabbage,brassica,Marigolds,beneficial,"Deters cabbage worms, aphids, and nematodes while attracting beneficial predatory insects"
149,golden-acre-cabbage,brassica,Nasturtiums,beneficial,"Acts as trap crop for aphids and flea beetles, drawing pests away from cabbage"
149,golden-acre-cabbage,brassica,Celery,beneficial,Repels cabbage white butterflies and improves growth through complementary root systems
149,golden-acre-cabbage,brassica,Thyme,beneficial,Deters cabbage worms and flea beetles while attracting beneficial pollinators
149,golden-acre-cabbage,brassica,Spinach,beneficial,Provides living mulch and utilizes different soil nutrients without competing
149,golden-acre-cabbage,brassica,Garlic,beneficial,Natural fungicide properties help prevent clubroot and black rot diseases
149,golden-acre-cabbage,brassica,Tomatoes,harmful,Compete for similar nutrients and may stunt cabbage growth through root competition
149,golden-acre-cabbage,brassica,Strawberries,harmful,Cabbage can inhibit strawberry growth and both attract similar soil-borne diseases
149,golden-acre-cabbage,brassica,Pole Beans,harmful,Tall growth creates excessive shade and competes for nitrogen that cabbage needs
149,golden-acre-cabbage,brassica,Rue,harmful,Allelopathic compounds inhibit brassica growth and development
153,early-jersey-wakefield-cabbage,brassica,Dill,beneficial,Attracts beneficial wasps that prey on cabbage worms and aphids
153,early-jersey-wakefield-cabbage,brassica,Onions,beneficial,"Strong scent deters cabbage moths, aphids, and other brassica pests"
153,early-jersey-wakefield-cabbage,brassica,Marigolds,beneficial,Repel nematodes and various flying insects that attack cabbage
153,early-jersey-wakefield-cabbage,brassica,Nasturtiums,beneficial,"Act as trap crop for aphids and flea beetles, drawing pests away from cabbage"
153,early-jersey-wakefield-cabbage,brassica,Celery,beneficial,Repels cabbage white butterflies and improves soil moisture retention
153,early-jersey-wakefield-cabbage,brassica,Lettuce,beneficial,"Provides ground cover, conserves soil moisture, and doesn't compete for nutrients"
153,early-jersey-wakefield-cabbage,brassica,Spinach,beneficial,Compatible root systems and harvested before cabbage needs full space
153,early-jersey-wakefield-cabbage,brassica,Thyme,beneficial,Deters cabbage worms and flea beetles with strong aromatic oils
153,early-jersey-wakefield-cabbage,brassica,Tomatoes,harmful,Compete for similar nutrients and may stunt cabbage growth
153,early-jersey-wakefield-cabbage,brassica,Strawberries,harmful,"Both are heavy feeders that compete for nutrients, reducing yields"
153,early-jersey-wakefield-cabbage,brassica,Pole Beans,harmful,Can shade cabbage and their nitrogen fixation may cause excessive leaf growth over head formation
154,ruby-perfection-cabbage,brassica,Dill,beneficial,Attracts beneficial wasps that parasitize cabbage worms and aphids
154,ruby-perfection-cabbage,brassica,Onions,beneficial,"Repel cabbage maggots, aphids, and flea beetles with their sulfur compounds"
154,ruby-perfection-cabbage,brassica,Marigolds,beneficial,Deter cabbage worms and other pests while attracting beneficial predatory insects
154,ruby-perfection-cabbage,brassica,Nasturtiums,beneficial,"Act as trap crop for aphids and flea beetles, drawing them away from cabbage"
154,ruby-perfection-cabbage,brassica,Celery,beneficial,Repels cabbage worms and white cabbage butterfly through natural compounds
154,ruby-perfection-cabbage,brassica,Carrots,beneficial,"Help break up soil and don't compete for nutrients, good space utilization"
154,ruby-perfection-cabbage,brassica,Lettuce,beneficial,Provides ground cover to retain moisture and suppress weeds around cabbage
154,ruby-perfection-cabbage,brassica,Thyme,beneficial,Repels cabbage worms and flea beetles with aromatic compounds
154,ruby-perfection-cabbage,brassica,Tomatoes,harmful,Compete for similar nutrients and may stunt cabbage growth through root competition
154,ruby-perfection-cabbage,brassica,Strawberries,harmful,"Both are heavy feeders that compete for nutrients, particularly nitrogen"
154,ruby-perfection-cabbage,brassica,Pole Beans,harmful,"Can shade cabbage and compete for nutrients, reducing head formation"
187,music-hardneck-garlic,allium,Tomatoes,beneficial,"Garlic repels aphids, spider mites, and other pests that commonly attack tomatoes"
187,music-hardneck-garlic,allium,Cabbage,beneficial,"Garlic deters cabbage worms, cabbage loopers, and aphids that damage brassicas"
187,music-hardneck-garlic,allium,Carrots,beneficial,Garlic repels carrot rust flies while carrots help loosen soil for garlic bulb development
187,music-hardneck-garlic,allium,Lettuce,beneficial,Garlic's sulfur compounds deter slugs and aphids that commonly attack leafy greens
187,music-hardneck-garlic,allium,Roses,beneficial,"Garlic repels aphids, Japanese beetles, and may reduce fungal diseases like black spot"
187,music-hardneck-garlic,allium,Spinach,beneficial,Garlic protects against aphids and leaf miners while both have similar water requirements
187,music-hardneck-garlic,allium,Peppers,beneficial,"Garlic deters aphids, spider mites, and various insects that attack pepper plants"
187,music-hardneck-garlic,allium,Strawberries,beneficial,"Garlic repels slugs, aphids, and spider mites that damage strawberry plants"
187,music-hardneck-garlic,allium,Beans,harmful,Garlic's allelopathic compounds can inhibit nitrogen fixation and stunt bean growth
187,music-hardneck-garlic,allium,Peas,harmful,Garlic interferes with the symbiotic relationship between peas and nitrogen-fixing bacteria
187,music-hardneck-garlic,allium,Asparagus,harmful,Garlic's strong allelopathic properties can inhibit asparagus spear development and root growth
193,georgia-fire-garlic,allium,Tomatoes,beneficial,"Garlic repels aphids, spider mites, and hornworms that commonly attack tomatoes"
193,georgia-fire-garlic,allium,Cabbage,beneficial,"Garlic deters cabbage worms, aphids, and flea beetles while improving cabbage flavor"
193,georgia-fire-garlic,allium,Carrots,beneficial,"Garlic repels carrot flies and root maggots, while carrots help break up soil for garlic bulbs"
193,georgia-fire-garlic,allium,Lettuce,beneficial,Garlic protects lettuce from aphids and slugs without competing for nutrients
193,georgia-fire-garlic,allium,Roses,beneficial,"Garlic reduces aphids, black spot, and Japanese beetles on roses"
193,georgia-fire-garlic,allium,Peppers,beneficial,Garlic repels aphids and spider mites while potentially enhancing pepper flavor
193,georgia-fire-garlic,allium,Spinach,beneficial,Garlic protects spinach from leaf miners and aphids with minimal root competition
193,georgia-fire-garlic,allium,Strawberries,beneficial,"Garlic deters slugs, aphids, and spider mites that damage strawberry plants"
193,georgia-fire-garlic,allium,Beans,harmful,Garlic inhibits nitrogen fixation by beneficial bacteria in bean root nodules
193,georgia-fire-garlic,allium,Peas,harmful,Garlic stunts pea growth and interferes with their nitrogen-fixing capabilities
193,georgia-fire-garlic,allium,Asparagus,harmful,Garlic can stunt asparagus growth and reduce spear production through allelopathic effects
199,siberian-garlic,allium,Cabbage,beneficial,"Garlic deters cabbage worms, aphids, and flea beetles that commonly attack brassicas"
199,siberian-garlic,allium,Carrots,beneficial,Garlic repels carrot flies while carrots help break up soil for garlic bulb development
199,siberian-garlic,allium,Lettuce,beneficial,Garlic provides natural pest protection while lettuce acts as living mulch without competing for nutrients
199,siberian-garlic,allium,Peppers,beneficial,Garlic repels aphids and spider mites while potentially enhancing pepper flavor and growth
199,siberian-garlic,allium,Roses,beneficial,"Garlic deters aphids, Japanese beetles, and may help prevent black spot and other fungal diseases"
199,siberian-garlic,allium,Spinach,beneficial,Garlic protects against leaf miners and aphids while spinach provides ground cover
199,siberian-garlic,allium,Strawberries,beneficial,"Garlic repels slugs, aphids, and nematodes that commonly damage strawberry plants"
199,siberian-garlic,allium,Beans,harmful,Garlic can inhibit nitrogen fixation by bean root nodules and stunt overall growth
199,siberian-garlic,allium,Peas,harmful,Allelopathic compounds in garlic can reduce pea germination and growth rates
199,siberian-garlic,allium,Asparagus,harmful,Garlic can inhibit asparagus spear development and reduce overall yield
199,siberian-garlic,allium,Tomatoes,beneficial,"Garlic repels aphids, spider mites, and other tomato pests while improving flavor"
203,german-extra-hardy-garlic,allium,Tomatoes,beneficial,"Garlic repels aphids, spider mites, and hornworms that commonly attack tomatoes"
203,german-extra-hardy-garlic,allium,Cabbage,beneficial,"Garlic deters cabbage worms, aphids, and other brassica pests"
203,german-extra-hardy-garlic,allium,Carrots,beneficial,Garlic repels carrot flies while carrots help break up soil around garlic bulbs
203,german-extra-hardy-garlic,allium,Lettuce,beneficial,Garlic protects lettuce from aphids and slugs without competing for nutrients
203,german-extra-hardy-garlic,allium,Roses,beneficial,"Garlic repels aphids, Japanese beetles, and may reduce black spot disease"
203,german-extra-hardy-garlic,allium,Peppers,beneficial,"Garlic deters aphids, spider mites, and other soft-bodied insects that damage peppers"
203,german-extra-hardy-garlic,allium,Spinach,beneficial,Garlic provides pest protection while spinach's shallow roots don't compete with garlic bulbs
203,german-extra-hardy-garlic,allium,Strawberries,beneficial,"Garlic repels slugs, aphids, and spider mites that commonly damage strawberry plants"
203,german-extra-hardy-garlic,allium,Beans,harmful,Garlic can inhibit bean growth and nitrogen fixation by rhizobia bacteria
203,german-extra-hardy-garlic,allium,Peas,harmful,Alliums can stunt pea growth and interfere with their nitrogen-fixing capabilities
203,german-extra-hardy-garlic,allium,Asparagus,harmful,Garlic can inhibit asparagus growth and may reduce spear production
286,black-beauty,eggplant,Basil,beneficial,"Repels aphids, spider mites, and hornworms while potentially improving eggplant flavor"
286,black-beauty,eggplant,Tomatoes,beneficial,Share similar growing conditions and can confuse pests that target nightshades
286,black-beauty,eggplant,Peppers,beneficial,Compatible nightshade family members with similar soil and water requirements
286,black-beauty,eggplant,Marigolds,beneficial,"Repel nematodes, aphids, and flea beetles that commonly attack eggplants"
286,black-beauty,eggplant,Nasturtiums,beneficial,"Act as trap crops for aphids and flea beetles, drawing pests away from eggplants"
286,black-beauty,eggplant,Oregano,beneficial,Repels aphids and provides ground cover to retain soil moisture
286,black-beauty,eggplant,Hot Peppers,beneficial,Deter larger pests like rabbits and deer from eating eggplant leaves
286,black-beauty,eggplant,Catnip,beneficial,"Repels flea beetles, ants, and aphids that damage eggplant foliage"
286,black-beauty,eggplant,Fennel,harmful,Produces allelopathic compounds that inhibit eggplant growth and development
286,black-beauty,eggplant,Black Walnut,harmful,Releases juglone toxin that causes wilting and stunted growth in eggplants
286,black-beauty,eggplant,Pole Beans,harmful,"Can climb and shade eggplants, reducing their heat and sunlight requirements"
306,cherry-roma,tomato,Basil,beneficial,"Repels aphids, whiteflies, and hornworms while potentially improving tomato flavor"
306,cherry-roma,tomato,Marigolds,beneficial,"Deters nematodes, aphids, and whiteflies with natural compounds"
306,cherry-roma,tomato,Carrots,beneficial,Helps break up soil for tomato roots and doesn't compete for nutrients
306,cherry-roma,tomato,Parsley,beneficial,Attracts beneficial insects like hoverflies and parasitic wasps
306,cherry-roma,tomato,Chives,beneficial,Repels aphids and may help prevent fungal diseases
306,cherry-roma,tomato,Nasturtiums,beneficial,Acts as trap crop for aphids and cucumber beetles
306,cherry-roma,tomato,Oregano,beneficial,Repels various pests and attracts beneficial pollinators
306,cherry-roma,tomato,Lettuce,beneficial,Provides ground cover and utilizes different soil nutrients
306,cherry-roma,tomato,Black Walnut,harmful,Produces juglone toxin that causes wilting and stunted growth
306,cherry-roma,tomato,Fennel,harmful,Inhibits growth through allelopathic compounds and attracts harmful insects
306,cherry-roma,tomato,Brassicas,harmful,Competes for similar nutrients and may stunt tomato growth
306,cherry-roma,tomato,Corn,harmful,"Both attract corn earworm/tomato fruitworm, increasing pest pressure"
307,jet-star,tomato,Basil,beneficial,"Repels aphids and whiteflies, may improve tomato flavor and growth"
307,jet-star,tomato,Marigolds,beneficial,Deter nematodes and aphids while attracting beneficial insects
307,jet-star,tomato,Carrots,beneficial,"Help aerate soil and don't compete for nutrients, mature at different times"
307,jet-star,tomato,Parsley,beneficial,Attracts beneficial insects like hoverflies that prey on tomato pests
307,jet-star,tomato,Chives,beneficial,Repel aphids and may help prevent fungal diseases
307,jet-star,tomato,Nasturtiums,beneficial,"Act as trap crops for aphids and whiteflies, keeping them away from tomatoes"
307,jet-star,tomato,Lettuce,beneficial,"Provides ground cover and shade for roots, harvested before tomatoes need full space"
307,jet-star,tomato,Oregano,beneficial,Repels many insects and may improve tomato flavor when planted nearby
307,jet-star,tomato,Fennel,harmful,Releases allelopathic compounds that inhibit tomato growth and development
307,jet-star,tomato,Black Walnut,harmful,Produces juglone toxin that causes wilting and death in tomato plants
307,jet-star,tomato,Brassicas,harmful,Compete heavily for nutrients and may stunt tomato growth when planted too close
308,chocolate-stripes,tomato,Basil,beneficial,"Repels aphids and whiteflies, may improve tomato flavor and growth"
308,chocolate-stripes,tomato,Marigolds,beneficial,Deter nematodes and aphids while attracting beneficial insects
308,chocolate-stripes,tomato,Carrots,beneficial,Help break up soil for tomato roots and don't compete for nutrients
308,chocolate-stripes,tomato,Parsley,beneficial,Attracts beneficial insects and may improve tomato flavor
308,chocolate-stripes,tomato,Chives,beneficial,Repel aphids and may help prevent fungal diseases
308,chocolate-stripes,tomato,Nasturtiums,beneficial,Act as trap crop for aphids and cucumber beetles
308,chocolate-stripes,tomato,Oregano,beneficial,Repels insects and may enhance tomato growth and flavor
308,chocolate-stripes,tomato,Lettuce,beneficial,Benefits from tomato shade and doesn't compete for deep nutrients
308,chocolate-stripes,tomato,Black Walnut,harmful,Produces juglone which is toxic to tomatoes and causes wilt
308,chocolate-stripes,tomato,Brassicas,harmful,Compete for similar nutrients and may stunt tomato growth
308,chocolate-stripes,tomato,Fennel,harmful,Inhibits growth of tomatoes through allelopathic compounds
308,chocolate-stripes,tomato,Corn,harmful,Both attract corn earworms and compete for similar nutrients
309,sun-gold,tomato,Basil,beneficial,"Repels aphids, whiteflies, and tomato hornworms while potentially improving tomato flavor"
309,sun-gold,tomato,Marigold,beneficial,"Deters nematodes, aphids, and whiteflies with natural pest-repelling compounds"
309,sun-gold,tomato,Parsley,beneficial,Attracts beneficial insects like hoverflies and parasitic wasps that control tomato pests
309,sun-gold,tomato,Carrots,beneficial,Loosens soil around tomato roots and doesn't compete for nutrients due to different root depths
309,sun-gold,tomato,Nasturtium,beneficial,Acts as trap crop for aphids and cucumber beetles while repelling whiteflies
309,sun-gold,tomato,Chives,beneficial,Repels aphids and may help prevent fungal diseases with natural sulfur compounds
309,sun-gold,tomato,Borage,beneficial,Attracts pollinators and beneficial predators while potentially improving tomato growth and flavor
309,sun-gold,tomato,Oregano,beneficial,Repels various pests and provides ground cover that helps retain soil moisture
309,sun-gold,tomato,Black Walnut,harmful,Releases juglone toxin that causes wilting and stunted growth in tomatoes
309,sun-gold,tomato,Fennel,harmful,Produces allelopathic compounds that inhibit tomato growth and development
309,sun-gold,tomato,Brassicas,harmful,Compete for similar nutrients and may stunt tomato growth when planted too close
310,iron-lady,tomato,Basil,beneficial,"Repels aphids, whiteflies, and hornworms while potentially improving tomato flavor"
310,iron-lady,tomato,Marigolds,beneficial,"Deters nematodes, aphids, and whiteflies with their strong scent"
310,iron-lady,tomato,Carrots,beneficial,Helps break up soil for tomato roots and doesn't compete for nutrients
310,iron-lady,tomato,Parsley,beneficial,Attracts beneficial insects like hoverflies that control aphids
310,iron-lady,tomato,Chives,beneficial,Repels aphids and may help prevent fungal diseases
310,iron-lady,tomato,Nasturtiums,beneficial,Acts as trap crop for aphids and cucumber beetles
310,iron-lady,tomato,Oregano,beneficial,Repels many pests and may enhance tomato growth
310,iron-lady,tomato,Lettuce,beneficial,"Provides ground cover and shade, helping retain soil moisture"
310,iron-lady,tomato,Black Walnut,harmful,Releases juglone toxin that causes tomato wilt and stunted growth
310,iron-lady,tomato,Fennel,harmful,Inhibits growth of most garden plants through allelopathy
310,iron-lady,tomato,Brassicas,harmful,Compete for nutrients and may stunt tomato growth
310,iron-lady,tomato,Corn,harmful,"Both attract corn earworm/tomato fruitworm, increasing pest pressure"
311,ace-55,tomato,Basil,beneficial,"Repels aphids, whiteflies, and hornworms while potentially improving tomato flavor"
311,ace-55,tomato,Marigolds,beneficial,"Deters nematodes, aphids, and whiteflies with strong scent compounds"
311,ace-55,tomato,Carrots,beneficial,Loosens soil for tomato roots and doesn't compete for space or nutrients
311,ace-55,tomato,Parsley,beneficial,Attracts beneficial insects like hoverflies that prey on tomato pests
311,ace-55,tomato,Chives,beneficial,Repels aphids and may help prevent fungal diseases with natural sulfur compounds
311,ace-55,tomato,Nasturtiums,beneficial,"Acts as trap crop for aphids, cucumber beetles, and squash bugs"
311,ace-55,tomato,Lettuce,beneficial,"Provides living mulch, conserves soil moisture, and utilizes different root zones"
311,ace-55,tomato,Oregano,beneficial,"Repels spider mites, aphids, and provides ground cover to retain moisture"
311,ace-55,tomato,Black Walnut,harmful,Produces juglone toxin that causes wilting and stunted growth in tomatoes
311,ace-55,tomato,Fennel,harmful,Releases allelopathic compounds that inhibit tomato growth and development
311,ace-55,tomato,Brassicas,harmful,Compete for similar nutrients and may stunt tomato growth when planted too close
311,ace-55,tomato,Corn,harmful,"Both attract corn earworms and hornworms, creating concentrated pest problems"
312,juliet,tomato,Basil,beneficial,"Repels aphids, whiteflies, and hornworms while potentially improving tomato flavor"
312,juliet,tomato,Marigold,beneficial,"Deters nematodes, aphids, and whiteflies with natural compounds"
312,juliet,tomato,Carrots,beneficial,Loosens soil for tomato roots and doesn't compete for nutrients
312,juliet,tomato,Parsley,beneficial,Attracts beneficial insects like hoverflies that prey on tomato pests
312,juliet,tomato,Chives,beneficial,Repels aphids and may help prevent fungal diseases
312,juliet,tomato,Nasturtium,beneficial,"Acts as trap crop for aphids, whiteflies, and cucumber beetles"
312,juliet,tomato,Oregano,beneficial,Repels many insects and may improve tomato growth and flavor
312,juliet,tomato,Borage,beneficial,Deters hornworms and attracts pollinators and beneficial predatory insects
312,juliet,tomato,Black Walnut,harmful,Produces juglone toxin that causes tomato wilt and stunted growth
312,juliet,tomato,Fennel,harmful,Inhibits growth through allelopathic chemicals and attracts harmful insects
312,juliet,tomato,Brassicas,harmful,Compete for similar nutrients and may stunt tomato growth
312,juliet,tomato,Corn,harmful,"Both attract corn earworm/tomato fruitworm, increasing pest pressure"
313,paul-robeson,tomato,Basil,beneficial,"Repels aphids, whiteflies, and hornworms while potentially improving tomato flavor"
313,paul-robeson,tomato,Marigold,beneficial,"Deters nematodes, aphids, and whiteflies with natural compounds"
313,paul-robeson,tomato,Carrots,beneficial,Loosens soil for tomato roots and doesn't compete for nutrients
313,paul-robeson,tomato,Parsley,beneficial,Attracts beneficial insects like hoverflies that prey on tomato pests
313,paul-robeson,tomato,Chives,beneficial,Repels aphids and may help prevent fungal diseases
313,paul-robeson,tomato,Nasturtium,beneficial,"Acts as trap crop for aphids and cucumber beetles, repels whiteflies"
313,paul-robeson,tomato,Oregano,beneficial,Repels many insects and may provide some disease resistance benefits
313,paul-robeson,tomato,Lettuce,beneficial,Benefits from tomato shade and doesn't compete for deep nutrients
313,paul-robeson,tomato,Black Walnut,harmful,Produces juglone toxin that causes tomato wilt and stunted growth
313,paul-robeson,tomato,Fennel,harmful,Inhibits tomato growth through allelopathic compounds
313,paul-robeson,tomato,Brassicas,harmful,Compete heavily for nutrients and may stunt tomato growth
313,paul-robeson,tomato,Corn,harmful,Both attract corn earworms and compete for similar nutrients
314,patio,tomato,Basil,beneficial,"Repels aphids and whiteflies, may improve tomato flavor"
314,patio,tomato,Marigold,beneficial,Deters nematodes and repels tomato hornworms
314,patio,tomato,Parsley,beneficial,Attracts beneficial insects that prey on tomato pests
314,patio,tomato,Carrots,beneficial,Helps break up soil and doesn't compete for nutrients
314,patio,tomato,Chives,beneficial,Repels aphids and may improve tomato growth
314,patio,tomato,Nasturtiums,beneficial,Acts as trap crop for aphids and cucumber beetles
314,patio,tomato,Lettuce,beneficial,Provides living mulch and efficient use of container space
314,patio,tomato,Oregano,beneficial,Repels various pests and attracts beneficial pollinators
314,patio,tomato,Black Walnut,harmful,Produces juglone which is toxic to tomatoes
314,patio,tomato,Fennel,harmful,Inhibits growth of most garden plants through allelopathy
314,patio,tomato,Brassicas,harmful,Can stunt tomato growth and attract pests that also harm tomatoes
314,patio,tomato,Corn,harmful,Both attract tomato hornworms and compete for similar nutrients
315,matt-s-wild-cherry,tomato,Basil,beneficial,"Repels aphids and whiteflies, may improve flavor"
315,matt-s-wild-cherry,tomato,Marigold,beneficial,Deters nematodes and whiteflies with natural compounds
315,matt-s-wild-cherry,tomato,Nasturtium,beneficial,Acts as trap crop for aphids and cucumber beetles
315,matt-s-wild-cherry,tomato,Parsley,beneficial,Attracts beneficial insects like hoverflies and parasitic wasps
315,matt-s-wild-cherry,tomato,Carrots,beneficial,"Helps break up soil for tomato roots, doesn't compete for space"
315,matt-s-wild-cherry,tomato,Chives,beneficial,Repels aphids and may improve tomato growth and flavor
315,matt-s-wild-cherry,tomato,Borage,beneficial,"Attracts pollinators and beneficial insects, may deter hornworms"
315,matt-s-wild-cherry,tomato,Lettuce,beneficial,"Grows well in tomato shade, doesn't compete for nutrients"
315,matt-s-wild-cherry,tomato,Black Walnut,harmful,Produces juglone toxin that causes tomato wilt and stunted growth
315,matt-s-wild-cherry,tomato,Fennel,harmful,Inhibits growth of most garden plants through allelopathy
315,matt-s-wild-cherry,tomato,Brassicas,harmful,Compete for similar nutrients and may stunt tomato growth
316,determinate-cherry,tomato,Basil,beneficial,"Repels aphids, whiteflies, and hornworms while potentially improving tomato flavor"
316,determinate-cherry,tomato,Marigold,beneficial,"Deters nematodes, aphids, and whiteflies with natural compounds"
316,determinate-cherry,tomato,Parsley,beneficial,Attracts beneficial insects like hoverflies and parasitic wasps
316,determinate-cherry,tomato,Carrots,beneficial,Helps break up soil and doesn't compete for nutrients or space
316,determinate-cherry,tomato,Chives,beneficial,Repels aphids and may help prevent fungal diseases
316,determinate-cherry,tomato,Nasturtium,beneficial,Acts as trap crop for aphids and cucumber beetles
316,determinate-cherry,tomato,Oregano,beneficial,Repels various pests and attracts beneficial pollinators
316,determinate-cherry,tomato,Lettuce,beneficial,Provides living mulch and utilizes space efficiently without competition
316,determinate-cherry,tomato,Black Walnut,harmful,Releases juglone which is toxic to tomatoes and causes wilting
316,determinate-cherry,tomato,Fennel,harmful,Inhibits growth through allelopathy and attracts harmful insects
316,determinate-cherry,tomato,Brassicas,harmful,Compete for similar nutrients and may stunt tomato growth
317,heirloom-beefsteak-mix,tomato,Basil,beneficial,"Repels aphids and whiteflies, may improve tomato flavor"
317,heirloom-beefsteak-mix,tomato,Marigolds,beneficial,"Repel nematodes, aphids, and other harmful insects"
317,heirloom-beefsteak-mix,tomato,Carrots,beneficial,"Help break up soil for tomato roots, don't compete for nutrients"
317,heirloom-beefsteak-mix,tomato,Parsley,beneficial,Attracts beneficial insects and doesn't compete for space
317,heirloom-beefsteak-mix,tomato,Chives,beneficial,Repel aphids and may improve tomato growth and flavor
317,heirloom-beefsteak-mix,tomato,Nasturtiums,beneficial,Act as trap crop for aphids and cucumber beetles
317,heirloom-beefsteak-mix,tomato,Lettuce,beneficial,Provides ground cover and can be harvested before tomatoes need full space
317,heirloom-beefsteak-mix,tomato,Oregano,beneficial,Repels pests and may enhance tomato flavor
317,heirloom-beefsteak-mix,tomato,Black Walnut,harmful,Releases juglone which is toxic to tomatoes and causes wilting
317,heirloom-beefsteak-mix,tomato,Fennel,harmful,Inhibits growth of tomatoes through allelopathic compounds
317,heirloom-beefsteak-mix,tomato,Brassicas,harmful,Compete for nutrients and may stunt tomato growth
317,heirloom-beefsteak-mix,tomato,Corn,harmful,"Both are heavy feeders competing for nutrients, corn attracts tomato fruitworm"
318,container-choice-red,tomato,Basil,beneficial,"Repels aphids and whiteflies, may improve tomato flavor and growth"
318,container-choice-red,tomato,Marigolds,beneficial,"Repel nematodes, aphids, and whiteflies while attracting beneficial insects"
318,container-choice-red,tomato,Parsley,beneficial,Attracts beneficial insects and helps repel tomato hornworms
318,container-choice-red,tomato,Chives,beneficial,Repel aphids and may improve tomato flavor and growth
318,container-choice-red,tomato,Nasturtiums,beneficial,"Act as trap crop for aphids and cucumber beetles, repel whiteflies"
318,container-choice-red,tomato,Oregano,beneficial,Repels aphids and provides ground cover to retain soil moisture
318,container-choice-red,tomato,Carrots,beneficial,Help break up soil and don't compete for nutrients with tomatoes
318,container-choice-red,tomato,Lettuce,beneficial,Grows in tomato shade and helps maximize container space efficiently
318,container-choice-red,tomato,Black Walnut,harmful,Releases juglone toxin that causes tomato wilt and stunted growth
318,container-choice-red,tomato,Fennel,harmful,Inhibits tomato growth through allelopathic compounds
318,container-choice-red,tomato,Brassicas,harmful,Compete heavily for nutrients and may stunt tomato growth in containers
319,indigo-rose,tomato,Basil,beneficial,"Repels aphids, whiteflies, and hornworms while potentially improving tomato flavor"
319,indigo-rose,tomato,Marigold,beneficial,"Deters nematodes, aphids, and whiteflies with natural pest-repelling compounds"
319,indigo-rose,tomato,Carrots,beneficial,Help break up soil for tomato roots and don't compete for nutrients
319,indigo-rose,tomato,Parsley,beneficial,Attracts beneficial insects like hoverflies and parasitic wasps that control pests
319,indigo-rose,tomato,Lettuce,beneficial,"Provides living mulch, conserves soil moisture, and utilizes different root zones"
319,indigo-rose,tomato,Nasturtiums,beneficial,Acts as trap crop for aphids and cucumber beetles while repelling whiteflies
319,indigo-rose,tomato,Chives,beneficial,Repels aphids and may help prevent fungal diseases with sulfur compounds
319,indigo-rose,tomato,Peppers,beneficial,Share similar growing requirements and don't compete significantly for resources
319,indigo-rose,tomato,Black Walnut,harmful,Produces juglone toxin that causes tomato wilt and stunted growth
319,indigo-rose,tomato,Fennel,harmful,Releases allelopathic compounds that inhibit tomato growth and development
319,indigo-rose,tomato,Corn,harmful,Both attract corn earworm/tomato hornworm and compete for similar nutrients
319,indigo-rose,tomato,Brassicas,harmful,Heavy nitrogen feeders that compete with tomatoes and may stunt growth
320,phoenix,tomato,Basil,beneficial,"Repels aphids, whiteflies, and hornworms while potentially improving tomato flavor"
320,phoenix,tomato,Marigold,beneficial,"Deters nematodes, aphids, and whiteflies with natural compounds"
320,phoenix,tomato,Carrots,beneficial,Helps break up soil for tomato roots and doesn't compete for space
320,phoenix,tomato,Parsley,beneficial,Attracts beneficial insects like hoverflies that prey on tomato pests
320,phoenix,tomato,Chives,beneficial,Repels aphids and may help prevent fungal diseases
320,phoenix,tomato,Nasturtium,beneficial,"Acts as trap crop for aphids and cucumber beetles, draws pests away"
320,phoenix,tomato,Lettuce,beneficial,Provides living mulch and maximizes garden space without root competition
320,phoenix,tomato,Oregano,beneficial,Repels many insects and may enhance tomato growth and flavor
320,phoenix,tomato,Black Walnut,harmful,Releases juglone toxin that causes wilting and death in tomatoes
320,phoenix,tomato,Fennel,harmful,Inhibits growth through allelopathic compounds that stunt tomato development
320,phoenix,tomato,Brassicas,harmful,Compete for similar nutrients and may stunt tomato growth when planted nearby
321,grape-tomato,tomato,Basil,beneficial,"Repels aphids, whiteflies, and hornworms while potentially improving tomato flavor"
321,grape-tomato,tomato,Marigold,beneficial,"Deters nematodes, aphids, and whiteflies with natural pest-repelling compounds"
321,grape-tomato,tomato,Carrots,beneficial,Help break up soil for tomato roots and don't compete for nutrients
321,grape-tomato,tomato,Parsley,beneficial,Attracts beneficial insects like parasitic wasps that control tomato pests
321,grape-tomato,tomato,Chives,beneficial,Repel aphids and may improve tomato flavor and growth
321,grape-tomato,tomato,Nasturtiums,beneficial,"Act as trap crops for aphids and cucumber beetles, protecting tomatoes"
321,grape-tomato,tomato,Lettuce,beneficial,Grows well in tomato shade and helps retain soil moisture
321,grape-tomato,tomato,Oregano,beneficial,Repels many garden pests and may enhance tomato flavor
321,grape-tomato,tomato,Black Walnut,harmful,Produces juglone toxin that causes tomato wilt and stunted growth
321,grape-tomato,tomato,Fennel,harmful,Inhibits tomato growth through allelopathic compounds
321,grape-tomato,tomato,Brassicas,harmful,Compete for nutrients and may stunt tomato growth when planted too close
321,grape-tomato,tomato,Corn,harmful,"Both attract corn earworm/tomato fruitworm, increasing pest pressure"
322,german-johnson,tomato,Basil,beneficial,"Repels aphids, whiteflies, and hornworms while potentially improving tomato flavor"
322,german-johnson,tomato,Marigolds,beneficial,"Deters nematodes, aphids, and whiteflies with natural compounds"
322,german-johnson,tomato,Carrots,beneficial,Loosens soil for tomato roots and doesn't compete for nutrients
322,german-johnson,tomato,Parsley,beneficial,Attracts beneficial insects like parasitic wasps that control tomato pests
322,german-johnson,tomato,Chives,beneficial,Repels aphids and may help prevent fungal diseases
322,german-johnson,tomato,Nasturtiums,beneficial,Acts as trap crop for aphids and cucumber beetles
322,german-johnson,tomato,Lettuce,beneficial,Provides ground cover and utilizes space efficiently without competing
322,german-johnson,tomato,Borage,beneficial,Attracts pollinators and beneficial insects while deterring hornworms
322,german-johnson,tomato,Black Walnut Trees,harmful,Produces juglone toxin that causes tomato wilt and stunted growth
322,german-johnson,tomato,Fennel,harmful,Inhibits tomato growth through allelopathic compounds
322,german-johnson,tomato,Brassicas,harmful,Competes heavily for nutrients and may stunt tomato growth
322,german-johnson,tomato,Corn,harmful,"Both attract corn earworm/tomato fruitworm, increasing pest pressure"
323,determinate-roma,tomato,Basil,beneficial,"Repels aphids, whiteflies, and hornworms while potentially improving tomato flavor"
323,determinate-roma,tomato,Marigold,beneficial,"Deters nematodes, aphids, and whiteflies with natural compounds"
323,determinate-roma,tomato,Parsley,beneficial,Attracts beneficial insects like hoverflies and parasitic wasps
323,determinate-roma,tomato,Carrots,beneficial,Loosens soil for tomato roots and doesn't compete for nutrients
323,determinate-roma,tomato,Nasturtium,beneficial,Acts as trap crop for aphids and cucumber beetles
323,determinate-roma,tomato,Oregano,beneficial,Repels pests and may enhance tomato flavor through aromatic compounds
323,determinate-roma,tomato,Peppers,beneficial,Similar growing requirements and may deter some common pests
323,determinate-roma,tomato,Lettuce,beneficial,Utilizes space efficiently as ground cover and matures before tomatoes peak
323,determinate-roma,tomato,Black Walnut,harmful,Produces juglone toxin that causes wilting and stunted growth in tomatoes
323,determinate-roma,tomato,Fennel,harmful,Inhibits tomato growth through allelopathic compounds
323,determinate-roma,tomato,Brassicas,harmful,Compete for nutrients and may stunt tomato growth when planted nearby
323,determinate-roma,tomato,Corn,harmful,Both attract similar pests like corn earworm and compete for nitrogen
324,taxi,tomato,Basil,beneficial,"Repels aphids, whiteflies, and hornworms while potentially improving tomato flavor"
324,taxi,tomato,Marigold,beneficial,"Deters nematodes, aphids, and whiteflies with natural pest-repelling compounds"
324,taxi,tomato,Carrots,beneficial,Loosens soil for tomato roots and doesn't compete for nutrients
324,taxi,tomato,Parsley,beneficial,Attracts beneficial insects like hoverflies that prey on tomato pests
324,taxi,tomato,Chives,beneficial,Repels aphids and may improve tomato growth and flavor
324,taxi,tomato,Nasturtium,beneficial,"Acts as trap crop for aphids and cucumber beetles, protecting tomatoes"
324,taxi,tomato,Peppers,beneficial,Similar growing requirements and can share space efficiently
324,taxi,tomato,Borage,beneficial,Deters hornworms and attracts pollinators and beneficial predatory insects
324,taxi,tomato,Black Walnut,harmful,Produces juglone toxin that causes tomato wilt and stunted growth
324,taxi,tomato,Fennel,harmful,Inhibits tomato growth through allelopathic compounds
324,taxi,tomato,Brassicas (Cabbage family),harmful,Compete for nutrients and may stunt tomato growth
324,taxi,tomato,Corn,harmful,Both attract similar pests like hornworms and compete for nutrients
326,heirloom-black-cherry,tomato,Basil,beneficial,"Repels aphids, whiteflies, and hornworms while potentially enhancing tomato flavor"
326,heirloom-black-cherry,tomato,Marigolds,beneficial,"Deters nematodes, aphids, and whiteflies with natural compounds"
326,heirloom-black-cherry,tomato,Carrots,beneficial,Helps break up soil for tomato roots and doesn't compete for nutrients
326,heirloom-black-cherry,tomato,Parsley,beneficial,Attracts beneficial insects like parasitic wasps that control tomato pests
326,heirloom-black-cherry,tomato,Chives,beneficial,Repels aphids and may help prevent fungal diseases
326,heirloom-black-cherry,tomato,Nasturtiums,beneficial,"Acts as trap crop for aphids and cucumber beetles, draws pests away from tomatoes"
326,heirloom-black-cherry,tomato,Lettuce,beneficial,"Provides living mulch, conserves soil moisture, and can be harvested before tomatoes need full space"
326,heirloom-black-cherry,tomato,Peppers,beneficial,Share similar growing requirements and don't compete significantly for resources
326,heirloom-black-cherry,tomato,Black Walnut,harmful,Produces juglone toxin that causes tomato wilt and stunted growth
326,heirloom-black-cherry,tomato,Fennel,harmful,Releases allelopathic compounds that inhibit tomato growth and development
326,heirloom-black-cherry,tomato,Brassicas,harmful,Can stunt tomato growth and attract pests that also affect tomatoes
326,heirloom-black-cherry,tomato,Corn,harmful,"Both are heavy feeders that compete for nutrients, and corn can harbor tomato fruitworm"
327,campari,tomato,Basil,beneficial,"Repels aphids and whiteflies, may improve flavor"
327,campari,tomato,Marigold,beneficial,Deters nematodes and whiteflies with natural compounds
327,campari,tomato,Parsley,beneficial,Attracts beneficial insects like hoverflies that prey on tomato pests
327,campari,tomato,Carrots,beneficial,"Helps break up soil for tomato roots, doesn't compete for nutrients"
327,campari,tomato,Chives,beneficial,Repels aphids and may help prevent early blight disease
327,campari,tomato,Nasturtium,beneficial,Acts as trap crop for aphids and cucumber beetles
327,campari,tomato,Oregano,beneficial,Repels various insects and may enhance tomato flavor
327,campari,tomato,Lettuce,beneficial,Provides ground cover and doesn't compete with tomato root system
327,campari,tomato,Black Walnut,harmful,Releases juglone toxin that causes tomato wilt and stunted growth
327,campari,tomato,Fennel,harmful,Inhibits growth of most garden plants through allelopathy
327,campari,tomato,Brassicas,harmful,Compete for similar nutrients and may stunt tomato growth
327,campari,tomato,Corn,harmful,Both attract similar pests like corn earworm and compete for nutrients
328,german-pink,tomato,Basil,beneficial,"Repels aphids and whiteflies, may improve flavor"
328,german-pink,tomato,Marigolds,beneficial,Deters nematodes and aphids with natural compounds
328,german-pink,tomato,Carrots,beneficial,Helps break up soil for better tomato root development
328,german-pink,tomato,Parsley,beneficial,Attracts beneficial insects like hoverflies and parasitic wasps
328,german-pink,tomato,Nasturtiums,beneficial,Acts as trap crop for aphids and cucumber beetles
328,german-pink,tomato,Chives,beneficial,Repels aphids and may help prevent fungal diseases
328,german-pink,tomato,Lettuce,beneficial,Provides ground cover and utilizes space efficiently
328,german-pink,tomato,Oregano,beneficial,Repels pests and may enhance tomato flavor
328,german-pink,tomato,Black Walnut,harmful,Produces juglone which is toxic to tomatoes and causes wilt
328,german-pink,tomato,Fennel,harmful,Inhibits growth of most garden plants through allelopathy
328,german-pink,tomato,Brassicas,harmful,Compete for nutrients and may stunt tomato growth
328,german-pink,tomato,Corn,harmful,"Both are heavy feeders competing for nutrients, shared pest issues"
329,arkansas-traveler,tomato,Basil,beneficial,"Repels aphids and whiteflies, may improve tomato flavor and growth"
329,arkansas-traveler,tomato,Marigolds,beneficial,"Repel nematodes, aphids, and whiteflies while attracting beneficial insects"
329,arkansas-traveler,tomato,Carrots,beneficial,Help break up soil for tomato roots and don't compete for nutrients
329,arkansas-traveler,tomato,Parsley,beneficial,Attracts beneficial insects like hoverflies that prey on tomato pests
329,arkansas-traveler,tomato,Chives,beneficial,Repel aphids and may improve tomato flavor and disease resistance
329,arkansas-traveler,tomato,Lettuce,beneficial,"Provides living mulch, conserves soil moisture, and utilizes different root zones"
329,arkansas-traveler,tomato,Nasturtiums,beneficial,Act as trap crop for aphids and cucumber beetles while repelling whiteflies
329,arkansas-traveler,tomato,Borage,beneficial,"Attracts pollinators and beneficial insects, may improve tomato flavor"
329,arkansas-traveler,tomato,Black Walnut Trees,harmful,Release juglone toxin that causes tomato wilt and stunted growth
329,arkansas-traveler,tomato,Fennel,harmful,Inhibits growth of tomatoes through allelopathic compounds
329,arkansas-traveler,tomato,Brassicas,harmful,Compete for similar nutrients and may stunt tomato growth when planted nearby
329,arkansas-traveler,tomato,Corn,harmful,Both attract corn earworms and compete for similar nutrients and space
330,pineapple,tomato,Basil,beneficial,"Repels aphids, whiteflies, and hornworms while potentially improving tomato flavor"
330,pineapple,tomato,Marigolds,beneficial,"Repel nematodes, whiteflies, and other harmful insects"
330,pineapple,tomato,Carrots,beneficial,Help break up soil and don't compete for nutrients
330,pineapple,tomato,Parsley,beneficial,Attracts beneficial insects like hoverflies and parasitic wasps
330,pineapple,tomato,Chives,beneficial,Repel aphids and may improve tomato growth and flavor
330,pineapple,tomato,Nasturtiums,beneficial,Act as trap crop for aphids and cucumber beetles
330,pineapple,tomato,Lettuce,beneficial,Provides ground cover and utilizes space efficiently without competing
330,pineapple,tomato,Peppers,beneficial,Share similar growing requirements and pest management needs
330,pineapple,tomato,Black Walnut,harmful,Produces juglone toxin that causes tomato wilt and stunted growth
330,pineapple,tomato,Fennel,harmful,Inhibits growth through allelopathic compounds
330,pineapple,tomato,Brassicas,harmful,Compete for nutrients and may stunt tomato growth
330,pineapple,tomato,Corn,harmful,"Both attract corn earworm/tomato hornworm, increasing pest pressure"
331,roma-vf,tomato,Basil,beneficial,"Repels aphids, whiteflies, and hornworms while potentially improving tomato flavor"
331,roma-vf,tomato,Marigolds,beneficial,"Repel nematodes, aphids, and whiteflies with their strong scent"
331,roma-vf,tomato,Carrots,beneficial,Help aerate soil around tomato roots and don't compete for nutrients
331,roma-vf,tomato,Parsley,beneficial,Attracts beneficial insects like parasitic wasps that control tomato pests
331,roma-vf,tomato,Chives,beneficial,Repel aphids and may help prevent fungal diseases
331,roma-vf,tomato,Nasturtiums,beneficial,"Act as trap crops for aphids and cucumber beetles, protecting tomatoes"
331,roma-vf,tomato,Peppers,beneficial,Share similar growing requirements and don't compete heavily for resources
331,roma-vf,tomato,Borage,beneficial,Attracts pollinators and beneficial insects while reportedly improving tomato growth
331,roma-vf,tomato,Black Walnut Trees,harmful,Produce juglone toxin that causes tomato wilt and stunted growth
331,roma-vf,tomato,Fennel,harmful,Inhibits growth of tomatoes through allelopathic compounds
331,roma-vf,tomato,Brassicas,harmful,Heavy feeders that compete for nutrients and may stunt tomato growth
331,roma-vf,tomato,Corn,harmful,"Both attract corn earworm/tomato fruitworm, increasing pest pressure"
332,chocolate-cherry,tomato,Basil,beneficial,"Repels aphids and whiteflies, may improve tomato flavor"
332,chocolate-cherry,tomato,Marigold,beneficial,Deters nematodes and whiteflies with natural compounds
332,chocolate-cherry,tomato,Carrots,beneficial,Aerates soil and doesn't compete for nutrients
332,chocolate-cherry,tomato,Parsley,beneficial,Attracts beneficial insects like hoverflies and parasitic wasps
332,chocolate-cherry,tomato,Chives,beneficial,Repels aphids and may help prevent fungal diseases
332,chocolate-cherry,tomato,Nasturtium,beneficial,Acts as trap crop for aphids and cucumber beetles
332,chocolate-cherry,tomato,Lettuce,beneficial,Provides ground cover and utilizes different soil layers
332,chocolate-cherry,tomato,Oregano,beneficial,Repels pests and attracts beneficial pollinators
332,chocolate-cherry,tomato,Black Walnut,harmful,Releases juglone toxin that causes tomato wilt and stunted growth
332,chocolate-cherry,tomato,Fennel,harmful,Inhibits growth through allelopathic compounds
332,chocolate-cherry,tomato,Corn,harmful,Both attract tomato hornworms and corn earworms
333,black-beauty,tomato,Basil,beneficial,"Repels aphids, whiteflies, and hornworms while potentially improving tomato flavor"
333,black-beauty,tomato,Marigolds,beneficial,"Repel nematodes, aphids, and whiteflies with their strong scent"
333,black-beauty,tomato,Carrots,beneficial,Help break up soil for tomato roots and don't compete for nutrients
333,black-beauty,tomato,Parsley,beneficial,Attracts beneficial insects like hoverflies that prey on tomato pests
333,black-beauty,tomato,Chives,beneficial,Repel aphids and may help prevent fungal diseases
333,black-beauty,tomato,Nasturtiums,beneficial,Act as trap crops for aphids and cucumber beetles while repelling whiteflies
333,black-beauty,tomato,Oregano,beneficial,Repels many insect pests and may enhance tomato growth
333,black-beauty,tomato,Lettuce,beneficial,Provides ground cover to retain moisture and doesn't compete heavily for nutrients
333,black-beauty,tomato,Black Walnut,harmful,Produces juglone which is toxic to tomatoes and causes wilting
333,black-beauty,tomato,Fennel,harmful,Inhibits growth of tomatoes through allelopathic compounds
333,black-beauty,tomato,Brassicas,harmful,Compete for similar nutrients and may stunt tomato growth
333,black-beauty,tomato,Corn,harmful,"Both attract corn earworms and tomato hornworms, increasing pest pressure"
334,red-robin,tomato,Basil,beneficial,"Repels aphids, whiteflies, and hornworms while improving tomato flavor"
334,red-robin,tomato,Marigolds,beneficial,"Deter nematodes, aphids, and whiteflies with natural compounds"
334,red-robin,tomato,Nasturtiums,beneficial,Act as trap crops for aphids and cucumber beetles
334,red-robin,tomato,Carrots,beneficial,Loosen soil around tomato roots and don't compete for nutrients
334,red-robin,tomato,Parsley,beneficial,Attracts beneficial insects like hoverflies and parasitic wasps
334,red-robin,tomato,Chives,beneficial,Repel aphids and may improve tomato growth and flavor
334,red-robin,tomato,Borage,beneficial,Deters hornworms and attracts pollinators and beneficial insects
334,red-robin,tomato,Lettuce,beneficial,Provides living mulch and utilizes space efficiently without competition
334,red-robin,tomato,Black Walnut,harmful,Releases juglone toxin that causes wilting and stunted growth in tomatoes
334,red-robin,tomato,Fennel,harmful,Inhibits tomato growth through allelopathic chemical compounds
334,red-robin,tomato,Brassicas,harmful,Compete for nutrients and may stunt tomato growth when planted nearby
335,striped-german,tomato,Basil,beneficial,"Repels aphids and whiteflies, may improve tomato flavor"
335,striped-german,tomato,Marigold,beneficial,Deters nematodes and aphids with natural compounds
335,striped-german,tomato,Carrots,beneficial,"Helps break up soil for tomato roots, doesn't compete for nutrients"
335,striped-german,tomato,Parsley,beneficial,Attracts beneficial insects like hoverflies that prey on tomato pests
335,striped-german,tomato,Chives,beneficial,Repels aphids and may help prevent fungal diseases
335,striped-german,tomato,Nasturtiums,beneficial,Acts as trap crop for aphids and cucumber beetles
335,striped-german,tomato,Peppers,beneficial,Similar growing requirements and may help confuse pest insects
335,striped-german,tomato,Oregano,beneficial,Repels various insects and provides ground cover to retain soil moisture
335,striped-german,tomato,Black Walnut,harmful,Releases juglone toxin that causes tomato wilt and stunted growth
335,striped-german,tomato,Fennel,harmful,Inhibits growth through allelopathic compounds that stunt tomato development
335,striped-german,tomato,Brassicas,harmful,Compete heavily for nutrients and may stunt tomato growth
335,striped-german,tomato,Corn,harmful,"Both attract corn earworm, increasing pest pressure on tomatoes"
336,sweet-pepper-king-arthur,pepper,Basil,beneficial,"Repels aphids, spider mites, and thrips while potentially improving pepper flavor"
336,sweet-pepper-king-arthur,pepper,Tomatoes,beneficial,"Share similar growing conditions and pest management, can be grown together efficiently"
336,sweet-pepper-king-arthur,pepper,Marigolds,beneficial,"Repel nematodes, aphids, and whiteflies while attracting beneficial insects"
336,sweet-pepper-king-arthur,pepper,Oregano,beneficial,Deters pests like aphids and spider mites with its strong aromatic oils
336,sweet-pepper-king-arthur,pepper,Carrots,beneficial,Help break up soil for pepper roots and don't compete for the same nutrients
336,sweet-pepper-king-arthur,pepper,Onions,beneficial,"Repel aphids, thrips, and other soft-bodied insects that damage peppers"
336,sweet-pepper-king-arthur,pepper,Parsley,beneficial,Attracts beneficial insects like hoverflies and parasitic wasps that control pepper pests
336,sweet-pepper-king-arthur,pepper,Nasturtiums,beneficial,Act as trap crop for aphids and cucumber beetles while repelling squash bugs
336,sweet-pepper-king-arthur,pepper,Fennel,harmful,Releases allelopathic compounds that inhibit growth of peppers and most vegetables
336,sweet-pepper-king-arthur,pepper,Black Walnut,harmful,Produces juglone toxin that causes wilting and stunted growth in peppers
336,sweet-pepper-king-arthur,pepper,Brassicas,harmful,Compete heavily for nutrients and may stunt pepper growth through root competition
336,sweet-pepper-king-arthur,pepper,Apricot Trees,harmful,Can harbor verticillium wilt which easily spreads to peppers and causes plant death
338,sweet-pepper-jimmy-nardello-s,pepper,Basil,beneficial,"Repels aphids, spider mites, and thrips while potentially improving pepper flavor"
338,sweet-pepper-jimmy-nardello-s,pepper,Tomatoes,beneficial,Share similar growing conditions and can be trellised together efficiently
338,sweet-pepper-jimmy-nardello-s,pepper,Oregano,beneficial,Deters pests like aphids and provides ground cover to retain soil moisture
338,sweet-pepper-jimmy-nardello-s,pepper,Marigolds,beneficial,"Repel nematodes, aphids, and whiteflies with their strong scent"
338,sweet-pepper-jimmy-nardello-s,pepper,Onions,beneficial,"Deter aphids, thrips, and other soft-bodied insects that attack peppers"
338,sweet-pepper-jimmy-nardello-s,pepper,Carrots,beneficial,Improve soil structure and don't compete for nutrients or space
338,sweet-pepper-jimmy-nardello-s,pepper,Parsley,beneficial,Attracts beneficial insects like hoverflies and parasitic wasps
338,sweet-pepper-jimmy-nardello-s,pepper,Nasturtiums,beneficial,Act as trap crops for aphids and cucumber beetles
338,sweet-pepper-jimmy-nardello-s,pepper,Black Walnut Trees,harmful,Release juglone toxin that stunts pepper growth and can kill plants
338,sweet-pepper-jimmy-nardello-s,pepper,Fennel,harmful,Inhibits growth through allelopathic compounds and attracts harmful insects
338,sweet-pepper-jimmy-nardello-s,pepper,Brassicas,harmful,Compete heavily for nutrients and may stunt pepper development
338,sweet-pepper-jimmy-nardello-s,pepper,Apricot Trees,harmful,Can harbor verticillium wilt which spreads to peppers through soil
341,bell-pepper-red-beauty,pepper,Basil,beneficial,"Repels aphids, spider mites, and thrips while potentially improving pepper flavor"
341,bell-pepper-red-beauty,pepper,Tomatoes,beneficial,"Similar growing requirements and can share space efficiently, both benefit from same care"
341,bell-pepper-red-beauty,pepper,Marigolds,beneficial,"Repel nematodes, aphids, and whiteflies while attracting beneficial insects"
341,bell-pepper-red-beauty,pepper,Oregano,beneficial,Repels aphids and provides ground cover while attracting beneficial pollinators
341,bell-pepper-red-beauty,pepper,Parsley,beneficial,Attracts beneficial insects like hoverflies and parasitic wasps that control pepper pests
341,bell-pepper-red-beauty,pepper,Carrots,beneficial,Loose soil from carrot growth improves drainage around pepper roots
341,bell-pepper-red-beauty,pepper,Nasturtiums,beneficial,"Act as trap crop for aphids, cucumber beetles, and squash bugs"
341,bell-pepper-red-beauty,pepper,Chives,beneficial,Repel aphids and may improve pepper growth and flavor
341,bell-pepper-red-beauty,pepper,Black Walnut,harmful,Produces juglone toxin that causes wilting and stunted growth in peppers
341,bell-pepper-red-beauty,pepper,Fennel,harmful,Allelopathic properties inhibit growth of peppers and most garden vegetables
341,bell-pepper-red-beauty,pepper,Kohlrabi,harmful,Competes heavily for nutrients and may stunt pepper plant development
345,sweet-pepper-gypsy,pepper,Basil,beneficial,"Repels aphids, spider mites, and thrips while potentially improving pepper flavor"
345,sweet-pepper-gypsy,pepper,Marigold,beneficial,"Deters nematodes, aphids, and whiteflies with natural compounds"
345,sweet-pepper-gypsy,pepper,Tomato,beneficial,Similar growing requirements and can share space efficiently
345,sweet-pepper-gypsy,pepper,Oregano,beneficial,Repels cucumber beetles and provides ground cover to retain soil moisture
345,sweet-pepper-gypsy,pepper,Parsley,beneficial,Attracts beneficial insects like hoverflies that prey on pepper pests
345,sweet-pepper-gypsy,pepper,Carrots,beneficial,Grow well in pepper shade and help break up soil without competing for nutrients
345,sweet-pepper-gypsy,pepper,Nasturtium,beneficial,"Acts as trap crop for aphids and cucumber beetles, drawing them away from peppers"
345,sweet-pepper-gypsy,pepper,Chives,beneficial,Repels aphids and may help improve pepper growth and flavor
345,sweet-pepper-gypsy,pepper,Black Walnut,harmful,Produces juglone toxin that stunts growth and can kill pepper plants
345,sweet-pepper-gypsy,pepper,Fennel,harmful,Releases allelopathic compounds that inhibit pepper growth and development
345,sweet-pepper-gypsy,pepper,Brassicas,harmful,Compete heavily for nutrients and may stunt pepper growth due to different soil pH preferences
346,sweet-pepper-carmen,pepper,Basil,beneficial,"Repels aphids, spider mites, and thrips while potentially improving pepper flavor"
346,sweet-pepper-carmen,pepper,Marigolds,beneficial,"Repel nematodes, aphids, and whiteflies with their strong scent"
346,sweet-pepper-carmen,pepper,Tomatoes,beneficial,Share similar growing conditions and pest management strategies
346,sweet-pepper-carmen,pepper,Oregano,beneficial,Attracts beneficial insects and repels cucumber beetles and aphids
346,sweet-pepper-carmen,pepper,Carrots,beneficial,Help break up soil and don't compete for space or nutrients
346,sweet-pepper-carmen,pepper,Onions,beneficial,"Repel aphids, spider mites, and other pests with sulfur compounds"
346,sweet-pepper-carmen,pepper,Parsley,beneficial,Attracts beneficial insects like hoverflies and parasitic wasps
346,sweet-pepper-carmen,pepper,Nasturtiums,beneficial,Act as trap crops for aphids and cucumber beetles
346,sweet-pepper-carmen,pepper,Fennel,harmful,Produces allelopathic compounds that inhibit pepper growth and development
346,sweet-pepper-carmen,pepper,Brassicas,harmful,Compete for nutrients and may stunt pepper growth through root competition
346,sweet-pepper-carmen,pepper,Black Walnut,harmful,Produces juglone toxin that is highly toxic to peppers and causes wilting
349,bell-pepper-purple-top,pepper,Basil,beneficial,"Repels aphids, spider mites, and thrips while potentially improving pepper flavor"
349,bell-pepper-purple-top,pepper,Tomatoes,beneficial,"Similar growing requirements and can share space efficiently, both benefit from same soil conditions"
349,bell-pepper-purple-top,pepper,Marigolds,beneficial,"Repel nematodes, aphids, and whiteflies while attracting beneficial insects"
349,bell-pepper-purple-top,pepper,Oregano,beneficial,"Repels pests like aphids and spider mites, and provides ground cover to retain moisture"
349,bell-pepper-purple-top,pepper,Carrots,beneficial,Help break up soil for pepper roots and don't compete for nutrients
349,bell-pepper-purple-top,pepper,Onions,beneficial,"Repel aphids, spider mites, and other pests through their sulfur compounds"
349,bell-pepper-purple-top,pepper,Nasturtiums,beneficial,"Act as trap crops for aphids and cucumber beetles, protecting peppers"
349,bell-pepper-purple-top,pepper,Lettuce,beneficial,"Provides living mulch, conserves soil moisture, and harvested before peppers need full space"
349,bell-pepper-purple-top,pepper,Black Walnut Trees,harmful,Release juglone toxin that stunts pepper growth and can cause wilting
349,bell-pepper-purple-top,pepper,Fennel,harmful,Produces allelopathic compounds that inhibit pepper growth and development
349,bell-pepper-purple-top,pepper,Brassicas,harmful,Compete for similar nutrients and may stunt pepper growth through root competition
350,aji-dulce-venezuelan-sweet,pepper,Basil,beneficial,"Repels aphids, spider mites, and thrips while potentially enhancing pepper flavor"
350,aji-dulce-venezuelan-sweet,pepper,Marigold,beneficial,"Deters nematodes, aphids, and whiteflies with natural compounds"
350,aji-dulce-venezuelan-sweet,pepper,Tomato,beneficial,Similar growing requirements and can share support structures
350,aji-dulce-venezuelan-sweet,pepper,Oregano,beneficial,Repels cucumber beetles and provides ground cover to retain soil moisture
350,aji-dulce-venezuelan-sweet,pepper,Parsley,beneficial,Attracts beneficial insects like hoverflies and parasitic wasps
350,aji-dulce-venezuelan-sweet,pepper,Carrots,beneficial,Different root depths prevent competition and carrots help break up soil
350,aji-dulce-venezuelan-sweet,pepper,Nasturtium,beneficial,Acts as trap crop for aphids and cucumber beetles
350,aji-dulce-venezuelan-sweet,pepper,Chives,beneficial,Repels aphids and may help prevent fungal diseases
350,aji-dulce-venezuelan-sweet,pepper,Black Walnut,harmful,Produces juglone which is toxic to peppers and causes stunted growth
350,aji-dulce-venezuelan-sweet,pepper,Fennel,harmful,Allelopathic properties inhibit growth of most garden plants including peppers
350,aji-dulce-venezuelan-sweet,pepper,Brassicas,harmful,Compete for similar nutrients and may stunt pepper growth through root competition
352,bell-pepper-gourmet-gold,pepper,Basil,beneficial,"Repels aphids, spider mites, and thrips while potentially improving pepper flavor"
352,bell-pepper-gourmet-gold,pepper,Tomatoes,beneficial,Share similar growing conditions and can help deter hornworms from each other
352,bell-pepper-gourmet-gold,pepper,Marigolds,beneficial,"Repel nematodes, aphids, and whiteflies with their strong scent"
352,bell-pepper-gourmet-gold,pepper,Oregano,beneficial,Deters aphids and spider mites while attracting beneficial insects
352,bell-pepper-gourmet-gold,pepper,Carrots,beneficial,Help break up soil around pepper roots and don't compete for nutrients
352,bell-pepper-gourmet-gold,pepper,Onions,beneficial,"Repel aphids, thrips, and other pests with sulfur compounds"
352,bell-pepper-gourmet-gold,pepper,Parsley,beneficial,Attracts beneficial insects like hoverflies and parasitic wasps
352,bell-pepper-gourmet-gold,pepper,Lettuce,beneficial,Provides ground cover and living mulch while utilizing different soil layers
352,bell-pepper-gourmet-gold,pepper,Black Walnut Trees,harmful,Produce juglone toxin that causes wilting and stunted growth in peppers
352,bell-pepper-gourmet-gold,pepper,Fennel,harmful,Releases allelopathic compounds that inhibit pepper growth and development
352,bell-pepper-gourmet-gold,pepper,Brassicas,harmful,Compete heavily for nutrients and may stunt pepper growth through root competition
356,bell-pepper-big-bertha,pepper,Basil,beneficial,"Repels aphids, spider mites, and thrips while potentially improving pepper flavor"
356,bell-pepper-big-bertha,pepper,Tomatoes,beneficial,Share similar growing conditions and can help deter pests when planted together
356,bell-pepper-big-bertha,pepper,Oregano,beneficial,Repels aphids and provides ground cover to retain soil moisture
356,bell-pepper-big-bertha,pepper,Marigolds,beneficial,"Deter nematodes, aphids, and whiteflies with their strong scent"
356,bell-pepper-big-bertha,pepper,Carrots,beneficial,Help break up soil and don't compete for nutrients or space
356,bell-pepper-big-bertha,pepper,Onions,beneficial,"Repel aphids, spider mites, and other pests that attack peppers"
356,bell-pepper-big-bertha,pepper,Parsley,beneficial,Attracts beneficial insects like hoverflies that prey on pepper pests
356,bell-pepper-big-bertha,pepper,Nasturtiums,beneficial,Act as trap crop for aphids and cucumber beetles
356,bell-pepper-big-bertha,pepper,Fennel,harmful,Releases allelopathic compounds that inhibit pepper growth and development
356,bell-pepper-big-bertha,pepper,Brassicas,harmful,Compete heavily for nutrients and can stunt pepper growth
356,bell-pepper-big-bertha,pepper,Black Walnut,harmful,Produces juglone toxin that is harmful to peppers and most nightshades
358,sweet-pepper-mini-bell-mix,pepper,Basil,beneficial,"Repels aphids, spider mites, and thrips while potentially improving pepper flavor"
358,sweet-pepper-mini-bell-mix,pepper,Tomatoes,beneficial,"Similar growing requirements and can share space efficiently, both benefit from same soil conditions"
358,sweet-pepper-mini-bell-mix,pepper,Marigolds,beneficial,"Repel nematodes, aphids, and whiteflies while attracting beneficial insects"
358,sweet-pepper-mini-bell-mix,pepper,Oregano,beneficial,Deters pests like aphids and spider mites with its strong aromatic oils
358,sweet-pepper-mini-bell-mix,pepper,Carrots,beneficial,Help break up soil for pepper roots and don't compete for the same nutrients
358,sweet-pepper-mini-bell-mix,pepper,Onions,beneficial,"Repel aphids, thrips, and other pests that commonly attack peppers"
358,sweet-pepper-mini-bell-mix,pepper,Parsley,beneficial,Attracts beneficial insects like hoverflies and predatory wasps that control pepper pests
358,sweet-pepper-mini-bell-mix,pepper,Lettuce,beneficial,Provides living mulch and ground cover while peppers provide afternoon shade
358,sweet-pepper-mini-bell-mix,pepper,Fennel,harmful,Produces allelopathic compounds that inhibit pepper growth and development
358,sweet-pepper-mini-bell-mix,pepper,Brassicas,harmful,Compete heavily for nutrients and may stunt pepper growth through root competition
358,sweet-pepper-mini-bell-mix,pepper,Black Walnut,harmful,Produces juglone toxin that causes wilting and death in pepper plants
376,heirloom-marriage-cherokee-green,tomato,Basil,beneficial,"Repels aphids, whiteflies, and hornworms while potentially improving tomato flavor"
376,heirloom-marriage-cherokee-green,tomato,Marigolds,beneficial,"Deters nematodes, aphids, and whiteflies with natural compounds"
376,heirloom-marriage-cherokee-green,tomato,Carrots,beneficial,Loosens soil for tomato roots and doesn't compete for nutrients
376,heirloom-marriage-cherokee-green,tomato,Parsley,beneficial,Attracts beneficial insects like hoverflies that prey on tomato pests
376,heirloom-marriage-cherokee-green,tomato,Chives,beneficial,Repels aphids and may help prevent fungal diseases
376,heirloom-marriage-cherokee-green,tomato,Nasturtiums,beneficial,"Acts as trap crop for aphids and cucumber beetles, deters whiteflies"
376,heirloom-marriage-cherokee-green,tomato,Borage,beneficial,Repels hornworms and attracts pollinators and beneficial predatory insects
376,heirloom-marriage-cherokee-green,tomato,Lettuce,beneficial,Provides ground cover and utilizes space efficiently without root competition
376,heirloom-marriage-cherokee-green,tomato,Black Walnut,harmful,Produces juglone toxin that causes tomato wilt and stunted growth
376,heirloom-marriage-cherokee-green,tomato,Fennel,harmful,Inhibits tomato growth through allelopathic compounds
376,heirloom-marriage-cherokee-green,tomato,Brassicas,harmful,Competes for similar nutrients and may stunt tomato growth when planted nearby
377,super-sweet-100,tomato,Basil,beneficial,"Repels aphids, whiteflies, and hornworms while potentially improving tomato flavor"
377,super-sweet-100,tomato,Marigold,beneficial,"Deters nematodes, aphids, and whiteflies with natural compounds"
377,super-sweet-100,tomato,Carrots,beneficial,Helps break up soil for tomato roots and doesn't compete for nutrients
377,super-sweet-100,tomato,Parsley,beneficial,Attracts beneficial insects like hoverflies that prey on tomato pests
377,super-sweet-100,tomato,Chives,beneficial,Repels aphids and may help prevent fungal diseases
377,super-sweet-100,tomato,Nasturtium,beneficial,"Acts as trap crop for aphids and cucumber beetles, draws pests away"
377,super-sweet-100,tomato,Oregano,beneficial,Repels various insects and may enhance tomato growth through root interactions
377,super-sweet-100,tomato,Lettuce,beneficial,Provides ground cover and utilizes space efficiently without nutrient competition
377,super-sweet-100,tomato,Black Walnut,harmful,Releases juglone toxin that causes tomato wilt and stunted growth
377,super-sweet-100,tomato,Fennel,harmful,Inhibits tomato growth through allelopathic compounds and attracts harmful insects
377,super-sweet-100,tomato,Brassicas,harmful,Compete for similar nutrients and may stunt tomato growth when planted nearby
378,mortgage-lifter-pink,tomato,Basil,beneficial,"Repels aphids and whiteflies, may improve flavor"
378,mortgage-lifter-pink,tomato,Marigolds,beneficial,"Repel nematodes and other soil pests, reduce aphid populations"
378,mortgage-lifter-pink,tomato,Carrots,beneficial,Improve soil structure and don't compete for nutrients at same depth
378,mortgage-lifter-pink,tomato,Parsley,beneficial,Attracts beneficial insects like hoverflies and parasitic wasps
378,mortgage-lifter-pink,tomato,Peppers,beneficial,Similar growing requirements and may help confuse pest insects
378,mortgage-lifter-pink,tomato,Oregano,beneficial,Repels aphids and provides ground cover to retain soil moisture
378,mortgage-lifter-pink,tomato,Nasturtiums,beneficial,Act as trap crops for aphids and cucumber beetles
378,mortgage-lifter-pink,tomato,Chives,beneficial,Repel aphids and may help prevent fungal diseases
378,mortgage-lifter-pink,tomato,Black Walnut Trees,harmful,Release juglone toxin that causes tomato wilt and stunted growth
378,mortgage-lifter-pink,tomato,Brassicas,harmful,Compete for nutrients and may stunt tomato growth
378,mortgage-lifter-pink,tomato,Fennel,harmful,Inhibits growth through allelopathic compounds
378,mortgage-lifter-pink,tomato,Corn,harmful,Both attract corn earworms and compete for similar nutrients
379,mountain-pride,tomato,Basil,beneficial,"Repels aphids and whiteflies, may improve tomato flavor"
379,mountain-pride,tomato,Marigolds,beneficial,Deters nematodes and aphids with natural compounds
379,mountain-pride,tomato,Carrots,beneficial,"Breaks up soil for tomato roots, doesn't compete for nutrients"
379,mountain-pride,tomato,Parsley,beneficial,Attracts beneficial insects like hoverflies and parasitic wasps
379,mountain-pride,tomato,Nasturtiums,beneficial,Acts as trap crop for aphids and cucumber beetles
379,mountain-pride,tomato,Chives,beneficial,Repels aphids and may improve tomato growth and flavor
379,mountain-pride,tomato,Borage,beneficial,"Attracts pollinators and beneficial insects, may deter hornworms"
379,mountain-pride,tomato,Lettuce,beneficial,"Provides ground cover and shade, maximizes space usage"
379,mountain-pride,tomato,Black Walnut,harmful,Produces juglone toxin that causes tomato wilt and stunting
379,mountain-pride,tomato,Fennel,harmful,Inhibits tomato growth through allelopathic compounds
379,mountain-pride,tomato,Brassicas,harmful,Compete for nutrients and may stunt tomato growth
379,mountain-pride,tomato,Corn,harmful,"Both attract corn earworm/tomato fruitworm, increasing pest pressure"
380,black-cherry,tomato,Basil,beneficial,"Repels aphids and whiteflies, may improve tomato flavor"
380,black-cherry,tomato,Marigolds,beneficial,"Repel nematodes and other soil pests, attract beneficial insects"
380,black-cherry,tomato,Carrots,beneficial,"Loosen soil for tomato roots, don't compete for nutrients"
380,black-cherry,tomato,Parsley,beneficial,Attracts beneficial insects and may improve tomato growth
380,black-cherry,tomato,Chives,beneficial,Repel aphids and may improve tomato flavor and growth
380,black-cherry,tomato,Nasturtiums,beneficial,Act as trap crop for aphids and cucumber beetles
380,black-cherry,tomato,Lettuce,beneficial,Provides ground cover and doesn't compete with tomato roots
380,black-cherry,tomato,Borage,beneficial,Repels tomato hornworms and may improve tomato flavor
380,black-cherry,tomato,Black Walnut,harmful,Produces juglone which is toxic to tomatoes and causes wilting
380,black-cherry,tomato,Fennel,harmful,Inhibits growth of tomatoes through allelopathic compounds
380,black-cherry,tomato,Brassicas,harmful,Compete for nutrients and may stunt tomato growth
380,black-cherry,tomato,Corn,harmful,Both attract corn earworms and compete for nutrients
382,sweet-100,tomato,Basil,beneficial,"Repels aphids and whiteflies, may improve flavor"
382,sweet-100,tomato,Marigold,beneficial,Deters nematodes and aphids with natural compounds
382,sweet-100,tomato,Nasturtium,beneficial,Acts as trap crop for aphids and cucumber beetles
382,sweet-100,tomato,Parsley,beneficial,Attracts beneficial insects like hoverflies and parasitic wasps
382,sweet-100,tomato,Carrots,beneficial,Help break up soil and don't compete for nutrients
382,sweet-100,tomato,Borage,beneficial,Repels hornworms and may improve tomato growth
382,sweet-100,tomato,Chives,beneficial,Repel aphids and may deter some fungal diseases
382,sweet-100,tomato,Peppers,beneficial,Similar growing requirements and compatible root systems
382,sweet-100,tomato,Black Walnut,harmful,Produces juglone toxin that causes tomato wilt
382,sweet-100,tomato,Fennel,harmful,Inhibits growth of most garden plants through allelopathy
382,sweet-100,tomato,Brassicas,harmful,Compete for nutrients and may stunt tomato growth
382,sweet-100,tomato,Corn,harmful,Both attract corn earworm which also damages tomatoes
383,hillbilly,tomato,Basil,beneficial,"Repels aphids and whiteflies, may improve tomato flavor"
383,hillbilly,tomato,Marigolds,beneficial,Repel nematodes and other soil pests that damage tomato roots
383,hillbilly,tomato,Carrots,beneficial,Loosen soil for tomato roots and don't compete for nutrients
383,hillbilly,tomato,Parsley,beneficial,Attracts beneficial insects that prey on tomato pests
383,hillbilly,tomato,Chives,beneficial,Repel aphids and may improve tomato growth and flavor
383,hillbilly,tomato,Nasturtiums,beneficial,Act as trap crop for aphids and cucumber beetles
383,hillbilly,tomato,Peppers,beneficial,Similar growing requirements and don't compete for resources
383,hillbilly,tomato,Borage,beneficial,Repels tomato hornworms and may improve tomato flavor
383,hillbilly,tomato,Black Walnut,harmful,Produces juglone toxin that causes tomato wilt and stunted growth
383,hillbilly,tomato,Fennel,harmful,Inhibits tomato growth through allelopathic compounds
383,hillbilly,tomato,Brassicas,harmful,Compete for nutrients and may stunt tomato growth
383,hillbilly,tomato,Corn,harmful,Both attract similar pests like corn earworm and tomato fruitworm
384,big-boy,tomato,Basil,beneficial,"Repels aphids and whiteflies, may improve flavor"
384,big-boy,tomato,Marigold,beneficial,Deters nematodes and aphids with natural compounds
384,big-boy,tomato,Carrots,beneficial,"Helps break up soil for tomato roots, doesn't compete for nutrients"
384,big-boy,tomato,Parsley,beneficial,Attracts beneficial insects like hoverflies that eat aphids
384,big-boy,tomato,Chives,beneficial,Repels aphids and may help prevent fungal diseases
384,big-boy,tomato,Nasturtium,beneficial,Acts as trap crop for aphids and cucumber beetles
384,big-boy,tomato,Oregano,beneficial,Repels many pests and may enhance tomato flavor
384,big-boy,tomato,Borage,beneficial,Attracts pollinators and may repel hornworms
384,big-boy,tomato,Black Walnut,harmful,Produces juglone toxin that causes tomato wilt and death
384,big-boy,tomato,Fennel,harmful,Inhibits growth of most garden plants through allelopathy
384,big-boy,tomato,Brassicas,harmful,Compete for similar nutrients and may stunt tomato growth
384,big-boy,tomato,Corn,harmful,Both attract corn earworms and compete for nitrogen
386,determinate-paste,tomato,Basil,beneficial,"Repels aphids, whiteflies, and hornworms while potentially improving tomato flavor"
386,determinate-paste,tomato,Marigold,beneficial,"Deters nematodes, aphids, and whiteflies with natural compounds"
386,determinate-paste,tomato,Carrots,beneficial,Helps break up soil for tomato roots and doesn't compete for nutrients
386,determinate-paste,tomato,Parsley,beneficial,Attracts beneficial insects like hoverflies that prey on tomato pests
386,determinate-paste,tomato,Chives,beneficial,Repels aphids and may help prevent fungal diseases
386,determinate-paste,tomato,Nasturtiums,beneficial,"Acts as trap crop for aphids and cucumber beetles, protecting tomatoes"
386,determinate-paste,tomato,Lettuce,beneficial,Provides ground cover and mulch effect while using different soil nutrients
386,determinate-paste,tomato,Borage,beneficial,Repels hornworms and attracts pollinators and beneficial predatory insects
386,determinate-paste,tomato,Black Walnut,harmful,Produces juglone toxin that causes tomato wilt and stunted growth
386,determinate-paste,tomato,Brassicas,harmful,Compete for similar nutrients and can attract pests that also damage tomatoes
386,determinate-paste,tomato,Fennel,harmful,Inhibits growth of tomatoes through allelopathic compounds
387,tumbling-tom,tomato,Basil,beneficial,"Repels aphids and whiteflies, may improve flavor"
387,tumbling-tom,tomato,Marigold,beneficial,Deters nematodes and attracts beneficial insects
387,tumbling-tom,tomato,Nasturtium,beneficial,Acts as trap crop for aphids and cucumber beetles
387,tumbling-tom,tomato,Parsley,beneficial,Attracts beneficial insects and doesn't compete for space
387,tumbling-tom,tomato,Carrots,beneficial,Loosens soil and doesn't compete for nutrients
387,tumbling-tom,tomato,Borage,beneficial,Repels tomato hornworms and attracts pollinators
387,tumbling-tom,tomato,Chives,beneficial,Repels aphids and may improve tomato flavor
387,tumbling-tom,tomato,Lettuce,beneficial,Provides ground cover and benefits from tomato's shade
387,tumbling-tom,tomato,Black Walnut,harmful,Releases juglone toxin which stunts tomato growth
387,tumbling-tom,tomato,Fennel,harmful,Inhibits growth of most garden plants through allelopathy
387,tumbling-tom,tomato,Brassicas,harmful,Compete for nutrients and may stunt tomato growth
388,garden-peach,tomato,Basil,beneficial,"Repels aphids and whiteflies, may improve tomato flavor"
388,garden-peach,tomato,Marigolds,beneficial,"Repel nematodes and other soil pests, attract beneficial insects"
388,garden-peach,tomato,Carrots,beneficial,"Help break up soil for tomato roots, don't compete for nutrients"
388,garden-peach,tomato,Parsley,beneficial,Attracts beneficial insects and doesn't compete for space
388,garden-peach,tomato,Chives,beneficial,Repel aphids and may improve tomato growth and flavor
388,garden-peach,tomato,Nasturtiums,beneficial,Act as trap crops for aphids and cucumber beetles
388,garden-peach,tomato,Lettuce,beneficial,Provides ground cover and utilizes space efficiently without competition
388,garden-peach,tomato,Oregano,beneficial,Repels pests and may enhance tomato flavor
388,garden-peach,tomato,Black Walnut,harmful,Produces juglone which is toxic to tomatoes and causes wilting
388,garden-peach,tomato,Fennel,harmful,Inhibits growth of tomatoes through allelopathic compounds
388,garden-peach,tomato,Brassicas,harmful,Compete for nutrients and may stunt tomato growth
389,valencia,tomato,Basil,beneficial,"Repels aphids, whiteflies, and hornworms while potentially improving tomato flavor"
389,valencia,tomato,Marigold,beneficial,"Deters nematodes, aphids, and whiteflies with natural compounds"
389,valencia,tomato,Carrots,beneficial,Loosens soil for tomato roots and doesn't compete for nutrients
389,valencia,tomato,Parsley,beneficial,Attracts beneficial insects like hoverflies that control aphids
389,valencia,tomato,Chives,beneficial,Repels aphids and may help prevent fungal diseases
389,valencia,tomato,Nasturtium,beneficial,Acts as trap crop for aphids and cucumber beetles
389,valencia,tomato,Oregano,beneficial,Repels pests and may enhance tomato growth through root interactions
389,valencia,tomato,Lettuce,beneficial,Benefits from tomato shade and doesn't compete for nutrients
389,valencia,tomato,Black Walnut,harmful,Releases juglone toxin that causes tomato wilt and stunted growth
389,valencia,tomato,Fennel,harmful,Inhibits tomato growth through allelopathic compounds
389,valencia,tomato,Brassicas,harmful,Heavy nitrogen feeders that compete with tomatoes for nutrients
390,fourth-of-july,tomato,Basil,beneficial,"Repels aphids and whiteflies, may improve tomato flavor"
390,fourth-of-july,tomato,Marigolds,beneficial,Deters nematodes and aphids with natural compounds
390,fourth-of-july,tomato,Carrots,beneficial,"Helps loosen soil for tomato roots, doesn't compete for space"
390,fourth-of-july,tomato,Parsley,beneficial,Attracts beneficial insects like hoverflies and parasitic wasps
390,fourth-of-july,tomato,Chives,beneficial,Repels aphids and may help prevent fungal diseases
390,fourth-of-july,tomato,Nasturtiums,beneficial,Acts as trap crop for aphids and cucumber beetles
390,fourth-of-july,tomato,Oregano,beneficial,Repels many pests and attracts beneficial pollinators
390,fourth-of-july,tomato,Lettuce,beneficial,Provides ground cover and benefits from tomato's shade
390,fourth-of-july,tomato,Black Walnut,harmful,Releases juglone toxin that causes tomato wilt and stunted growth
390,fourth-of-july,tomato,Fennel,harmful,Inhibits growth of most garden plants through allelopathy
390,fourth-of-july,tomato,Brassicas,harmful,Compete for similar nutrients and may stunt tomato growth
390,fourth-of-july,tomato,Corn,harmful,Both attract corn earworm and compete for heavy nutrient demands
392,marglobe,tomato,Basil,beneficial,"Repels aphids, whiteflies, and hornworms while potentially improving tomato flavor"
392,marglobe,tomato,Marigold,beneficial,"Deters nematodes, aphids, and whiteflies with natural pest-repelling compounds"
392,marglobe,tomato,Carrots,beneficial,Loosens soil for tomato roots and doesn't compete for nutrients due to different root depths
392,marglobe,tomato,Parsley,beneficial,Attracts beneficial insects like hoverflies that prey on tomato pests
392,marglobe,tomato,Chives,beneficial,Repels aphids and may improve tomato growth and flavor through sulfur compounds
392,marglobe,tomato,Nasturtiums,beneficial,"Acts as trap crop for aphids, cucumber beetles, and squash bugs"
392,marglobe,tomato,Lettuce,beneficial,Provides ground cover and benefits from tomato's shade during hot weather
392,marglobe,tomato,Oregano,beneficial,Repels many insects and may enhance tomato flavor and growth
392,marglobe,tomato,Black Walnut,harmful,Releases juglone toxin that causes wilting and death in tomatoes
392,marglobe,tomato,Fennel,harmful,Inhibits tomato growth through allelopathic compounds and attracts harmful insects
392,marglobe,tomato,Brassicas,harmful,Stunts tomato growth and both plants compete for similar soil nutrients
392,marglobe,tomato,Corn,harmful,"Both are susceptible to corn earworm, creating shared pest problems"
393,kellogg-s-breakfast,tomato,Basil,beneficial,"Repels aphids, whiteflies, and hornworms while potentially improving tomato flavor"
393,kellogg-s-breakfast,tomato,Marigolds,beneficial,"Deters nematodes, aphids, and whiteflies with natural compounds"
393,kellogg-s-breakfast,tomato,Carrots,beneficial,Loosens soil for better root growth and doesn't compete for nutrients
393,kellogg-s-breakfast,tomato,Parsley,beneficial,Attracts beneficial insects like hoverflies and parasitic wasps
393,kellogg-s-breakfast,tomato,Chives,beneficial,Repels aphids and may help prevent fungal diseases
393,kellogg-s-breakfast,tomato,Nasturtiums,beneficial,Acts as trap crop for aphids and cucumber beetles
393,kellogg-s-breakfast,tomato,Oregano,beneficial,Repels various pests and attracts beneficial pollinators
393,kellogg-s-breakfast,tomato,Lettuce,beneficial,Benefits from tomato shade and utilizes different soil nutrients
393,kellogg-s-breakfast,tomato,Black Walnut Trees,harmful,Produces juglone toxin that causes tomato wilt and stunted growth
393,kellogg-s-breakfast,tomato,Brassicas,harmful,Compete for similar nutrients and may stunt tomato growth
393,kellogg-s-breakfast,tomato,Fennel,harmful,Inhibits growth through allelopathic compounds that suppress tomato development
394,husky-gold,tomato,Basil,beneficial,"Repels aphids and whiteflies, may improve tomato flavor"
394,husky-gold,tomato,Marigold,beneficial,Deters nematodes and attracts beneficial insects
394,husky-gold,tomato,Oregano,beneficial,Repels aphids and spider mites while attracting pollinators
394,husky-gold,tomato,Carrots,beneficial,Loosens soil around tomato roots and doesn't compete for nutrients
394,husky-gold,tomato,Nasturtiums,beneficial,Acts as trap crop for aphids and cucumber beetles
394,husky-gold,tomato,Parsley,beneficial,Attracts beneficial insects like hoverflies and parasitic wasps
394,husky-gold,tomato,Chives,beneficial,Repels aphids and may help prevent fungal diseases
394,husky-gold,tomato,Lettuce,beneficial,Provides ground cover and benefits from tomato's shade
394,husky-gold,tomato,Black Walnut,harmful,Produces juglone which is toxic to tomatoes and causes wilting
394,husky-gold,tomato,Fennel,harmful,Inhibits growth of tomatoes through allelopathic compounds
394,husky-gold,tomato,Corn,harmful,Both attract corn earworm and compete for similar nutrients
395,costoluto-genovese,tomato,Basil,beneficial,"Repels aphids, whiteflies, and hornworms while potentially improving tomato flavor"
395,costoluto-genovese,tomato,Marigold,beneficial,"Deters nematodes, aphids, and whiteflies with natural pest-repelling compounds"
395,costoluto-genovese,tomato,Carrots,beneficial,Loosens soil around tomato roots and doesn't compete for nutrients
395,costoluto-genovese,tomato,Parsley,beneficial,Attracts beneficial insects like hoverflies that prey on tomato pests
395,costoluto-genovese,tomato,Chives,beneficial,Repels aphids and may improve tomato growth and flavor
395,costoluto-genovese,tomato,Nasturtium,beneficial,Acts as trap crop for aphids and cucumber beetles while repelling whiteflies
395,costoluto-genovese,tomato,Lettuce,beneficial,Benefits from tomato shade and doesn't compete for deep nutrients
395,costoluto-genovese,tomato,Oregano,beneficial,Repels various insects and may enhance tomato flavor and growth
395,costoluto-genovese,tomato,Black Walnut,harmful,Produces juglone toxin that causes tomato wilt and stunted growth
395,costoluto-genovese,tomato,Fennel,harmful,Inhibits tomato growth through allelopathic compounds
395,costoluto-genovese,tomato,Brassicas,harmful,Compete for nutrients and may stunt tomato growth when planted nearby
396,burpee-s-big-boy,tomato,Basil,beneficial,"Repels aphids and whiteflies, may improve tomato flavor"
396,burpee-s-big-boy,tomato,Marigolds,beneficial,Deters nematodes and aphids with natural compounds
396,burpee-s-big-boy,tomato,Carrots,beneficial,Loosens soil for tomato roots and doesn't compete for nutrients
396,burpee-s-big-boy,tomato,Parsley,beneficial,Attracts beneficial insects and doesn't compete for space
396,burpee-s-big-boy,tomato,Nasturtiums,beneficial,Acts as trap crop for aphids and cucumber beetles
396,burpee-s-big-boy,tomato,Oregano,beneficial,Repels pests and may enhance tomato growth
396,burpee-s-big-boy,tomato,Chives,beneficial,Repels aphids and may improve tomato flavor
396,burpee-s-big-boy,tomato,Borage,beneficial,Attracts pollinators and may deter tomato hornworms
396,burpee-s-big-boy,tomato,Black Walnut,harmful,Produces juglone toxin that causes tomato wilt and death
396,burpee-s-big-boy,tomato,Fennel,harmful,Inhibits growth of tomatoes through allelopathic compounds
396,burpee-s-big-boy,tomato,Brassicas,harmful,Compete for nutrients and may stunt tomato growth
396,burpee-s-big-boy,tomato,Corn,harmful,Both attract corn earworm which damages tomato fruits
397,grape-tomato-red,tomato,Basil,beneficial,"Repels aphids and whiteflies, may improve flavor"
397,grape-tomato-red,tomato,Marigold,beneficial,Deters nematodes and attracts beneficial insects
397,grape-tomato-red,tomato,Nasturtium,beneficial,Acts as trap crop for aphids and cucumber beetles
397,grape-tomato-red,tomato,Carrots,beneficial,Helps break up soil and doesn't compete for nutrients
397,grape-tomato-red,tomato,Parsley,beneficial,Attracts beneficial insects like hoverflies and parasitic wasps
397,grape-tomato-red,tomato,Peppers,beneficial,Similar growing requirements and pest management needs
397,grape-tomato-red,tomato,Borage,beneficial,Repels tomato hornworms and may improve flavor
397,grape-tomato-red,tomato,Chives,beneficial,Repels aphids and may help prevent fungal diseases
397,grape-tomato-red,tomato,Black Walnut,harmful,Produces juglone which is toxic to tomatoes
397,grape-tomato-red,tomato,Fennel,harmful,Inhibits growth of most garden plants through allelopathy
397,grape-tomato-red,tomato,Brassicas,harmful,Can stunt tomato growth and compete for nutrients
397,grape-tomato-red,tomato,Corn,harmful,Both attract corn earworm/tomato fruitworm
398,homestead-24,tomato,Basil,beneficial,"Repels aphids, whiteflies, and hornworms while potentially improving tomato flavor"
398,homestead-24,tomato,Marigold,beneficial,"Deters nematodes, whiteflies, and other harmful insects with strong scent"
398,homestead-24,tomato,Carrots,beneficial,Loosens soil for tomato roots and doesn't compete for space or nutrients
398,homestead-24,tomato,Parsley,beneficial,Attracts beneficial insects like hoverflies that prey on tomato pests
398,homestead-24,tomato,Chives,beneficial,Repels aphids and may help prevent fungal diseases with sulfur compounds
398,homestead-24,tomato,Nasturtium,beneficial,"Acts as trap crop for aphids and cucumber beetles, draws pests away"
398,homestead-24,tomato,Lettuce,beneficial,"Provides living mulch, conserves soil moisture, and matures before tomatoes need full space"
398,homestead-24,tomato,Oregano,beneficial,Repels various insects and may provide some disease resistance benefits
398,homestead-24,tomato,Black Walnut,harmful,Produces juglone toxin that causes tomato wilt and stunted growth
398,homestead-24,tomato,Fennel,harmful,Inhibits growth of tomatoes through allelopathic compounds and attracts harmful insects
398,homestead-24,tomato,Brassicas,harmful,Compete for similar nutrients and may stunt tomato growth when planted too close
400,oxheart,tomato,Basil,beneficial,"Repels aphids and whiteflies, may improve flavor"
400,oxheart,tomato,Marigold,beneficial,Deters nematodes and repels hornworms and other pests
400,oxheart,tomato,Carrots,beneficial,Help break up soil around tomato roots and don't compete for nutrients
400,oxheart,tomato,Parsley,beneficial,Attracts beneficial insects like hoverflies that prey on aphids
400,oxheart,tomato,Peppers,beneficial,Similar growing requirements and can help deter some common pests
400,oxheart,tomato,Nasturtiums,beneficial,Act as trap crops for aphids and cucumber beetles
400,oxheart,tomato,Chives,beneficial,Repel aphids and may help prevent fungal diseases
400,oxheart,tomato,Borage,beneficial,"Attracts pollinators and beneficial insects, may improve tomato flavor"
400,oxheart,tomato,Black Walnut,harmful,Produces juglone toxin that causes tomato wilt and stunted growth
400,oxheart,tomato,Fennel,harmful,Inhibits growth of most garden plants through allelopathy
400,oxheart,tomato,Brassicas,harmful,Compete for nutrients and may stunt tomato growth when planted nearby
406,heirloom-marriage-genuwine,tomato,Basil,beneficial,"Repels aphids, whiteflies, and hornworms while potentially improving tomato flavor"
406,heirloom-marriage-genuwine,tomato,Marigold,beneficial,"Deters nematodes, aphids, and whiteflies with natural pest-repelling compounds"
406,heirloom-marriage-genuwine,tomato,Nasturtium,beneficial,"Acts as trap crop for aphids and cucumber beetles, drawing pests away from tomatoes"
406,heirloom-marriage-genuwine,tomato,Parsley,beneficial,Attracts beneficial insects like hoverflies and parasitic wasps that prey on tomato pests
406,heirloom-marriage-genuwine,tomato,Carrots,beneficial,Loosens soil for tomato roots and doesn't compete for nutrients due to different root depths
406,heirloom-marriage-genuwine,tomato,Chives,beneficial,Repels aphids and may help prevent fungal diseases with natural sulfur compounds
406,heirloom-marriage-genuwine,tomato,Borage,beneficial,Attracts pollinators and beneficial insects while potentially deterring hornworms
406,heirloom-marriage-genuwine,tomato,Lettuce,beneficial,Benefits from tomato shade during hot weather and has shallow roots that don't compete
406,heirloom-marriage-genuwine,tomato,Black Walnut,harmful,Produces juglone toxin that causes wilting and stunted growth in tomatoes
406,heirloom-marriage-genuwine,tomato,Fennel,harmful,Inhibits tomato growth through allelopathic compounds released by roots and foliage
406,heirloom-marriage-genuwine,tomato,Brassicas,harmful,Compete heavily for nutrients and may stunt tomato growth when planted too close
407,better-bush,tomato,Basil,beneficial,"Repels aphids and whiteflies, may improve tomato flavor"
407,better-bush,tomato,Marigolds,beneficial,Deters nematodes and aphids with natural compounds
407,better-bush,tomato,Carrots,beneficial,Helps break up soil and doesn't compete for nutrients
407,better-bush,tomato,Parsley,beneficial,Attracts beneficial insects like hoverflies and parasitic wasps
407,better-bush,tomato,Chives,beneficial,Repels aphids and may improve tomato growth and flavor
407,better-bush,tomato,Nasturtiums,beneficial,Acts as trap crop for aphids and cucumber beetles
407,better-bush,tomato,Lettuce,beneficial,Provides ground cover and doesn't compete for resources
407,better-bush,tomato,Borage,beneficial,Attracts pollinators and may deter hornworms
407,better-bush,tomato,Black Walnut,harmful,Produces juglone which is toxic to tomato plants
407,better-bush,tomato,Fennel,harmful,Inhibits growth of most garden plants through allelopathy
407,better-bush,tomato,Brassicas,harmful,Competes for nutrients and may stunt tomato growth
407,better-bush,tomato,Corn,harmful,Both attract corn earworm and compete for similar nutrients
408,lemon-drop,tomato,Basil,beneficial,"Repels aphids, whiteflies, and hornworms while potentially improving tomato flavor"
408,lemon-drop,tomato,Marigolds,beneficial,"Deters nematodes, aphids, and whiteflies with natural compounds"
408,lemon-drop,tomato,Carrots,beneficial,Loosens soil for tomato roots and doesn't compete for nutrients
408,lemon-drop,tomato,Parsley,beneficial,Attracts beneficial insects like parasitic wasps that control tomato pests
408,lemon-drop,tomato,Chives,beneficial,Repels aphids and may help prevent fungal diseases
408,lemon-drop,tomato,Nasturtiums,beneficial,Acts as trap crop for aphids and cucumber beetles while repelling whiteflies
408,lemon-drop,tomato,Lettuce,beneficial,Provides living mulch and makes efficient use of space without competing
408,lemon-drop,tomato,Borage,beneficial,Repels hornworms and attracts pollinators and beneficial predatory insects
408,lemon-drop,tomato,Black Walnut,harmful,Releases juglone toxin that causes tomato wilt and stunted growth
408,lemon-drop,tomato,Fennel,harmful,Inhibits growth through allelopathic compounds and attracts harmful insects
408,lemon-drop,tomato,Brassicas,harmful,Compete for similar nutrients and may stunt tomato growth when planted nearby
408,lemon-drop,tomato,Corn,harmful,"Both attract corn earworm/tomato fruitworm, increasing pest pressure for both crops"
409,moskvich,tomato,Basil,beneficial,"Repels aphids, whiteflies, and hornworms while potentially improving tomato flavor"
409,moskvich,tomato,Marigold,beneficial,"Deters nematodes, aphids, and whiteflies with natural compounds"
409,moskvich,tomato,Carrots,beneficial,Loosens soil for tomato roots and doesn't compete for nutrients
409,moskvich,tomato,Parsley,beneficial,Attracts beneficial insects like hoverflies that prey on tomato pests
409,moskvich,tomato,Nasturtium,beneficial,"Acts as trap crop for aphids and cucumber beetles, draws pests away"
409,moskvich,tomato,Chives,beneficial,Repels aphids and may improve tomato growth and flavor
409,moskvich,tomato,Oregano,beneficial,Repels many insect pests and may enhance tomato flavor
409,moskvich,tomato,Lettuce,beneficial,Provides ground cover and benefits from tomato shade during hot weather
409,moskvich,tomato,Black Walnut,harmful,Produces juglone toxin that causes tomato wilt and stunted growth
409,moskvich,tomato,Fennel,harmful,Inhibits tomato growth through allelopathic compounds
409,moskvich,tomato,Corn,harmful,"Both attract corn earworm/tomato hornworm, creating pest concentration"
410,carmello,tomato,Basil,beneficial,"Repels aphids and whiteflies, may improve flavor"
410,carmello,tomato,Marigold,beneficial,Deters nematodes and repels tomato hornworms
410,carmello,tomato,Carrots,beneficial,Loosens soil for tomato roots and doesn't compete for nutrients
410,carmello,tomato,Parsley,beneficial,Attracts beneficial insects like hoverflies that prey on aphids
410,carmello,tomato,Chives,beneficial,Repels aphids and may help prevent fungal diseases
410,carmello,tomato,Nasturtiums,beneficial,Acts as trap crop for aphids and cucumber beetles
410,carmello,tomato,Oregano,beneficial,Repels various pests and may enhance tomato flavor
410,carmello,tomato,Peppers,beneficial,Similar growing requirements and don't compete heavily for resources
410,carmello,tomato,Black Walnut Trees,harmful,Produces juglone which is toxic to tomatoes and causes wilting
410,carmello,tomato,Fennel,harmful,Inhibits growth of most garden plants through allelopathy
410,carmello,tomato,Brassicas (Cabbage family),harmful,Competes for nutrients and may stunt tomato growth
410,carmello,tomato,Corn,harmful,"Both attract corn earworm/tomato fruitworm, increasing pest pressure"
412,brandywine-pink,tomato,Basil,beneficial,"Repels aphids, whiteflies, and tomato hornworms while potentially improving tomato flavor"
412,brandywine-pink,tomato,Marigold,beneficial,"Deters nematodes, whiteflies, and other harmful insects with natural compounds"
412,brandywine-pink,tomato,Carrots,beneficial,Loosens soil around tomato roots and doesn't compete for nutrients
412,brandywine-pink,tomato,Parsley,beneficial,Attracts beneficial insects like parasitic wasps that control tomato pests
412,brandywine-pink,tomato,Chives,beneficial,Repels aphids and may help prevent fungal diseases
412,brandywine-pink,tomato,Lettuce,beneficial,Provides ground cover to retain soil moisture and has shallow roots that don't compete
412,brandywine-pink,tomato,Nasturtium,beneficial,Acts as trap crop for aphids and cucumber beetles while repelling whiteflies
412,brandywine-pink,tomato,Oregano,beneficial,Repels many insects and may provide some disease resistance benefits
412,brandywine-pink,tomato,Black Walnut,harmful,Releases juglone toxin that causes tomato wilt and stunted growth
412,brandywine-pink,tomato,Fennel,harmful,Inhibits growth of tomatoes through allelopathic compounds
412,brandywine-pink,tomato,Corn,harmful,"Both attract corn earworm/tomato fruitworm, increasing pest pressure for both crops"
413,determinate-patio,tomato,Basil,beneficial,"Repels aphids and whiteflies, may improve tomato flavor"
413,determinate-patio,tomato,Marigold,beneficial,Deters nematodes and whiteflies with strong scent
413,determinate-patio,tomato,Parsley,beneficial,Attracts beneficial insects and doesn't compete for space
413,determinate-patio,tomato,Chives,beneficial,Repels aphids and other soft-bodied insects
413,determinate-patio,tomato,Nasturtium,beneficial,Acts as trap crop for aphids and cucumber beetles
413,determinate-patio,tomato,Carrots,beneficial,Don't compete for nutrients and help break up soil
413,determinate-patio,tomato,Oregano,beneficial,Repels many insects and attracts beneficial pollinators
413,determinate-patio,tomato,Lettuce,beneficial,Provides ground cover and utilizes space efficiently
413,determinate-patio,tomato,Black Walnut,harmful,Produces juglone toxin that causes tomato wilt and stunting
413,determinate-patio,tomato,Fennel,harmful,Inhibits growth through allelopathic compounds
413,determinate-patio,tomato,Corn,harmful,"Both attract corn earworm, creating concentrated pest problems"
413,determinate-patio,tomato,Brassicas,harmful,Compete for similar nutrients and can stunt tomato growth
415,yellow-brandywine,tomato,Basil,beneficial,"Repels aphids, whiteflies, and hornworms while potentially improving tomato flavor"
415,yellow-brandywine,tomato,Marigolds,beneficial,"Repel nematodes, aphids, and whiteflies with their strong scent"
415,yellow-brandywine,tomato,Carrots,beneficial,Help break up soil around tomato roots and don't compete for nutrients
415,yellow-brandywine,tomato,Parsley,beneficial,Attracts beneficial insects like hoverflies that prey on tomato pests
415,yellow-brandywine,tomato,Chives,beneficial,Repel aphids and may help prevent fungal diseases
415,yellow-brandywine,tomato,Nasturtiums,beneficial,Act as trap crop for aphids and cucumber beetles while repelling whiteflies
415,yellow-brandywine,tomato,Oregano,beneficial,Repels many insects and may help protect against fungal diseases
415,yellow-brandywine,tomato,Lettuce,beneficial,Benefits from tomato shade and doesn't compete for deep nutrients
415,yellow-brandywine,tomato,Black Walnut,harmful,Releases juglone toxin that causes tomato wilt and stunted growth
415,yellow-brandywine,tomato,Fennel,harmful,Inhibits growth of tomatoes through allelopathic compounds
415,yellow-brandywine,tomato,Brassicas,harmful,Compete for similar nutrients and may stunt tomato growth when planted nearby
416,burpee-s-big-girl,tomato,Basil,beneficial,"Repels aphids and whiteflies, may improve flavor"
416,burpee-s-big-girl,tomato,Marigolds,beneficial,"Deters nematodes and aphids, attracts beneficial insects"
416,burpee-s-big-girl,tomato,Carrots,beneficial,Help break up soil and don't compete for nutrients
416,burpee-s-big-girl,tomato,Parsley,beneficial,Attracts beneficial insects like hoverflies and parasitic wasps
416,burpee-s-big-girl,tomato,Chives,beneficial,Repels aphids and may improve tomato flavor and growth
416,burpee-s-big-girl,tomato,Nasturtiums,beneficial,Act as trap crop for aphids and whiteflies
416,burpee-s-big-girl,tomato,Lettuce,beneficial,Provides ground cover and utilizes space efficiently
416,burpee-s-big-girl,tomato,Peppers,beneficial,Similar growing requirements and may help deter some pests
416,burpee-s-big-girl,tomato,Black Walnut,harmful,Produces juglone which is toxic to tomatoes
416,burpee-s-big-girl,tomato,Fennel,harmful,Inhibits growth of most garden plants through allelopathy
416,burpee-s-big-girl,tomato,Brassicas,harmful,Compete for nutrients and may stunt tomato growth
416,burpee-s-big-girl,tomato,Corn,harmful,Both attract corn earworm and compete for nutrients
417,ace-56,tomato,Basil,beneficial,"Repels aphids, whiteflies, and hornworms while potentially improving tomato flavor"
417,ace-56,tomato,Marigold,beneficial,"Deters nematodes, aphids, and whiteflies with natural compounds"
417,ace-56,tomato,Nasturtium,beneficial,"Acts as trap crop for aphids and cucumber beetles, repels whiteflies"
417,ace-56,tomato,Parsley,beneficial,Attracts beneficial insects like hoverflies and parasitic wasps
417,ace-56,tomato,Carrots,beneficial,Loosens soil for tomato roots and doesn't compete for nutrients
417,ace-56,tomato,Chives,beneficial,Repels aphids and may improve tomato growth and flavor
417,ace-56,tomato,Borage,beneficial,"Attracts pollinators and beneficial insects, may deter hornworms"
417,ace-56,tomato,Oregano,beneficial,Repels many pests and may enhance tomato flavor when grown nearby
417,ace-56,tomato,Black Walnut,harmful,Produces juglone toxin that causes wilting and stunted growth in tomatoes
417,ace-56,tomato,Fennel,harmful,Releases allelopathic compounds that inhibit tomato growth and development
417,ace-56,tomato,Brassicas,harmful,Compete for similar nutrients and may stunt tomato growth when planted too close
417,ace-56,tomato,Corn,harmful,"Both attract corn earworm/tomato fruitworm, increasing pest pressure"
418,wisconsin-55,tomato,Basil,beneficial,"Repels aphids, whiteflies, and hornworms while potentially improving tomato flavor"
418,wisconsin-55,tomato,Marigold,beneficial,"Deters nematodes, aphids, and whiteflies with natural compounds"
418,wisconsin-55,tomato,Nasturtium,beneficial,"Acts as trap crop for aphids and cucumber beetles, repels whiteflies"
418,wisconsin-55,tomato,Parsley,beneficial,Attracts beneficial insects like hoverflies and parasitic wasps
418,wisconsin-55,tomato,Carrots,beneficial,Help break up soil and don't compete for nutrients or space
418,wisconsin-55,tomato,Chives,beneficial,Repel aphids and may improve tomato growth and flavor
418,wisconsin-55,tomato,Borage,beneficial,"Repels hornworms and attracts pollinators, may improve tomato taste"
418,wisconsin-55,tomato,Lettuce,beneficial,Provides ground cover and efficient use of space without competing for nutrients
418,wisconsin-55,tomato,Black Walnut,harmful,Produces juglone toxin that causes tomato wilt and stunted growth
418,wisconsin-55,tomato,Fennel,harmful,Inhibits growth of tomatoes through allelopathic compounds
418,wisconsin-55,tomato,Brassicas,harmful,Compete for similar nutrients and may stunt tomato growth when planted too close
418,wisconsin-55,tomato,Corn,harmful,Both attract corn earworm/tomato hornworm and compete for nitrogen
419,sweet-million,tomato,Basil,beneficial,"Repels aphids and whiteflies, may improve flavor"
419,sweet-million,tomato,Marigold,beneficial,Deters nematodes and aphids with natural compounds
419,sweet-million,tomato,Parsley,beneficial,Attracts beneficial insects like hoverflies and parasitic wasps
419,sweet-million,tomato,Carrots,beneficial,Help break up soil and don't compete for nutrients
419,sweet-million,tomato,Nasturtium,beneficial,Acts as trap crop for aphids and cucumber beetles
419,sweet-million,tomato,Chives,beneficial,Repel aphids and may improve tomato flavor
419,sweet-million,tomato,Borage,beneficial,Attracts pollinators and may repel hornworms
419,sweet-million,tomato,Lettuce,beneficial,Benefits from tomato shade and doesn't compete for deep nutrients
419,sweet-million,tomato,Black Walnut,harmful,Produces juglone which is toxic to tomatoes
419,sweet-million,tomato,Fennel,harmful,Inhibits growth of most garden plants through allelopathy
419,sweet-million,tomato,Brassicas,harmful,Can stunt tomato growth and attract pests that also damage tomatoes
419,sweet-million,tomato,Corn,harmful,"Both attract corn earworm/tomato fruitworm, increasing pest pressure"
420,german-red-strawberry,tomato,Basil,beneficial,"Repels aphids and whiteflies, may improve tomato flavor"
420,german-red-strawberry,tomato,Marigolds,beneficial,"Repel nematodes and other soil pests, attract beneficial insects"
420,german-red-strawberry,tomato,Carrots,beneficial,"Help break up soil, don't compete for nutrients, can be harvested before tomatoes need full space"
420,german-red-strawberry,tomato,Parsley,beneficial,Attracts beneficial insects like hoverflies and parasitic wasps
420,german-red-strawberry,tomato,Nasturtiums,beneficial,"Act as trap crop for aphids and cucumber beetles, repel whiteflies"
420,german-red-strawberry,tomato,Chives,beneficial,Repel aphids and may improve tomato flavor and growth
420,german-red-strawberry,tomato,Oregano,beneficial,Repels various pests and may enhance tomato flavor
420,german-red-strawberry,tomato,Lettuce,beneficial,"Provides ground cover, conserves moisture, can be harvested early"
420,german-red-strawberry,tomato,Black Walnut,harmful,Releases juglone which is toxic to tomatoes and causes wilting
420,german-red-strawberry,tomato,Fennel,harmful,Inhibits growth of tomatoes through allelopathic compounds
420,german-red-strawberry,tomato,Brassicas (Cabbage family),harmful,Compete for similar nutrients and may stunt tomato growth
420,german-red-strawberry,tomato,Corn,harmful,"Both attract corn earworm, creating increased pest pressure"
421,grape,tomato,Basil,beneficial,"Repels aphids, whiteflies, and hornworms while potentially improving tomato flavor"
421,grape,tomato,Marigold,beneficial,"Deters nematodes, aphids, and whiteflies with natural pest-repelling compounds"
421,grape,tomato,Carrots,beneficial,Helps break up soil for tomato roots and doesn't compete for nutrients
421,grape,tomato,Parsley,beneficial,Attracts beneficial insects like hoverflies that prey on tomato pests
421,grape,tomato,Nasturtiums,beneficial,"Acts as trap crop for aphids and cucumber beetles, drawing pests away from tomatoes"
421,grape,tomato,Chives,beneficial,Repels aphids and may improve tomato flavor and growth
421,grape,tomato,Asparagus,beneficial,Tomatoes repel asparagus beetles while asparagus doesn't compete for space
421,grape,tomato,Peppers,beneficial,Similar growing requirements and can help deter some common pests
421,grape,tomato,Black Walnut,harmful,Produces juglone toxin that causes tomato wilt and stunted growth
421,grape,tomato,Fennel,harmful,Inhibits tomato growth through allelopathic compounds
421,grape,tomato,Corn,harmful,"Both attract corn earworm/tomato fruitworm, increasing pest pressure"
421,grape,tomato,Brassicas,harmful,"Can stunt tomato growth and compete for nutrients, especially when mature"
422,atomic-grape,tomato,Basil,beneficial,"Repels aphids and whiteflies, may improve flavor"
422,atomic-grape,tomato,Marigold,beneficial,Deters nematodes and aphids with natural compounds
422,atomic-grape,tomato,Carrots,beneficial,"Helps loosen soil for tomato roots, doesn't compete for nutrients"
422,atomic-grape,tomato,Parsley,beneficial,Attracts beneficial insects like hoverflies that eat aphids
422,atomic-grape,tomato,Peppers,beneficial,Similar growing requirements and can share space efficiently
422,atomic-grape,tomato,Nasturtiums,beneficial,Acts as trap crop for aphids and cucumber beetles
422,atomic-grape,tomato,Oregano,beneficial,Repels various pests and may enhance tomato flavor
422,atomic-grape,tomato,Chives,beneficial,Repels aphids and may help prevent fungal diseases
422,atomic-grape,tomato,Walnut Trees,harmful,Produces juglone toxin that severely stunts tomato growth
422,atomic-grape,tomato,Fennel,harmful,Inhibits growth of most garden plants through allelopathy
422,atomic-grape,tomato,Brassicas,harmful,Compete for similar nutrients and may stunt tomato development
423,brandywine-red,tomato,Basil,beneficial,"Repels aphids and whiteflies, may improve tomato flavor"
423,brandywine-red,tomato,Marigold,beneficial,Deters nematodes and whiteflies with natural compounds
423,brandywine-red,tomato,Nasturtium,beneficial,Acts as trap crop for aphids and cucumber beetles
423,brandywine-red,tomato,Parsley,beneficial,Attracts beneficial insects like hoverflies and parasitic wasps
423,brandywine-red,tomato,Carrots,beneficial,Loosens soil for tomato roots and doesn't compete for nutrients
423,brandywine-red,tomato,Oregano,beneficial,Repels aphids and spider mites while attracting pollinators
423,brandywine-red,tomato,Chives,beneficial,Repels aphids and may help prevent fungal diseases
423,brandywine-red,tomato,Borage,beneficial,Attracts beneficial insects and may improve tomato growth
423,brandywine-red,tomato,Black Walnut,harmful,Produces juglone toxin that causes tomato wilt and stunting
423,brandywine-red,tomato,Fennel,harmful,Inhibits growth through allelopathic compounds
423,brandywine-red,tomato,Brassicas,harmful,Compete for nutrients and may stunt tomato growth
423,brandywine-red,tomato,Corn,harmful,"Both attract corn earworm, increasing pest pressure"
425,moneymaker,tomato,Basil,beneficial,"Repels aphids and whiteflies, may improve flavor"
425,moneymaker,tomato,Marigold,beneficial,Deters nematodes and repels hornworms and other pests
425,moneymaker,tomato,Carrots,beneficial,Helps break up soil for better tomato root development
425,moneymaker,tomato,Parsley,beneficial,Attracts beneficial insects like hoverflies that eat aphids
425,moneymaker,tomato,Nasturtium,beneficial,Acts as trap crop for aphids and cucumber beetles
425,moneymaker,tomato,Borage,beneficial,Repels hornworms and may improve tomato growth and flavor
425,moneymaker,tomato,Chives,beneficial,Repels aphids and may help prevent fungal diseases
425,moneymaker,tomato,Lettuce,beneficial,Provides ground cover and doesn't compete for nutrients
425,moneymaker,tomato,Black Walnut,harmful,Produces juglone toxin that causes tomato wilt and death
425,moneymaker,tomato,Fennel,harmful,Inhibits growth of most garden plants through allelopathy
425,moneymaker,tomato,Brassicas,harmful,Compete for similar nutrients and may stunt tomato growth
425,moneymaker,tomato,Corn,harmful,Both attract corn earworms and compete for nutrients
426,tiny-tim,tomato,Basil,beneficial,"Repels aphids and whiteflies, may improve tomato flavor"
426,tiny-tim,tomato,Marigold,beneficial,"Deters nematodes and repels aphids, whiteflies, and hornworms"
426,tiny-tim,tomato,Parsley,beneficial,Attracts beneficial insects and may improve tomato growth
426,tiny-tim,tomato,Carrots,beneficial,Loosens soil for tomato roots and doesn't compete for space
426,tiny-tim,tomato,Chives,beneficial,Repels aphids and may improve tomato flavor and growth
426,tiny-tim,tomato,Nasturtium,beneficial,Acts as trap crop for aphids and cucumber beetles
426,tiny-tim,tomato,Oregano,beneficial,Repels many pests and may enhance tomato flavor
426,tiny-tim,tomato,Lettuce,beneficial,Provides ground cover and efficient use of garden space
426,tiny-tim,tomato,Black Walnut,harmful,Releases juglone toxin that causes tomato wilt and stunted growth
426,tiny-tim,tomato,Fennel,harmful,Inhibits growth of tomatoes through allelopathic compounds
426,tiny-tim,tomato,Brassicas,harmful,Compete for nutrients and may stunt tomato growth
426,tiny-tim,tomato,Corn,harmful,"Both attract corn earworm/tomato hornworm, creating pest problems"
427,bell-pepper-golden-california-wonder,pepper,Basil,beneficial,"Repels aphids, spider mites, and thrips while potentially improving pepper flavor"
427,bell-pepper-golden-california-wonder,pepper,Marigold,beneficial,"Deters nematodes, aphids, and whiteflies with natural compounds"
427,bell-pepper-golden-california-wonder,pepper,Tomato,beneficial,Similar growing requirements and can share space efficiently
427,bell-pepper-golden-california-wonder,pepper,Oregano,beneficial,Repels cucumber beetles and provides ground cover to retain soil moisture
427,bell-pepper-golden-california-wonder,pepper,Parsley,beneficial,Attracts beneficial insects like hoverflies that prey on pepper pests
427,bell-pepper-golden-california-wonder,pepper,Carrots,beneficial,Improve soil structure and don't compete for nutrients at same soil level
427,bell-pepper-golden-california-wonder,pepper,Nasturtium,beneficial,Acts as trap crop for aphids and cucumber beetles
427,bell-pepper-golden-california-wonder,pepper,Chives,beneficial,Repels aphids and may help deter larger pests like rabbits
427,bell-pepper-golden-california-wonder,pepper,Black Walnut,harmful,Releases juglone toxin that stunts pepper growth and causes wilting
427,bell-pepper-golden-california-wonder,pepper,Fennel,harmful,Inhibits growth of peppers through allelopathic compounds
427,bell-pepper-golden-california-wonder,pepper,Brassicas,harmful,Heavy nitrogen feeders that compete directly with peppers for nutrients
430,sweet-pepper-lipstick,pepper,Basil,beneficial,"Repels aphids, spider mites, and thrips while potentially improving pepper flavor"
430,sweet-pepper-lipstick,pepper,Marigold,beneficial,"Deters nematodes, aphids, and whiteflies with natural compounds"
430,sweet-pepper-lipstick,pepper,Tomato,beneficial,Similar growing requirements and can share support structures
430,sweet-pepper-lipstick,pepper,Oregano,beneficial,Repels pests like cucumber beetles and provides ground cover
430,sweet-pepper-lipstick,pepper,Carrots,beneficial,Loosens soil around pepper roots and doesn't compete for nutrients
430,sweet-pepper-lipstick,pepper,Onions,beneficial,"Repels aphids, thrips, and other soft-bodied insects"
430,sweet-pepper-lipstick,pepper,Nasturtiums,beneficial,Acts as trap crop for aphids and cucumber beetles
430,sweet-pepper-lipstick,pepper,Parsley,beneficial,Attracts beneficial insects like hoverflies and parasitic wasps
430,sweet-pepper-lipstick,pepper,Fennel,harmful,Releases allelopathic compounds that inhibit pepper growth
430,sweet-pepper-lipstick,pepper,Black Walnut,harmful,Produces juglone toxin that stunts or kills pepper plants
430,sweet-pepper-lipstick,pepper,Brassicas,harmful,Compete for similar nutrients and may stunt pepper growth
432,bell-pepper-yellow-bell,pepper,Basil,beneficial,"Repels aphids, spider mites, and thrips while potentially improving pepper flavor"
432,bell-pepper-yellow-bell,pepper,Marigold,beneficial,"Deters nematodes, aphids, and whiteflies with natural compounds"
432,bell-pepper-yellow-bell,pepper,Tomato,beneficial,Similar growing requirements and can share trellising systems
432,bell-pepper-yellow-bell,pepper,Oregano,beneficial,Repels aphids and provides ground cover to retain soil moisture
432,bell-pepper-yellow-bell,pepper,Carrots,beneficial,Different root depths allow efficient space use without competition
432,bell-pepper-yellow-bell,pepper,Onions,beneficial,"Repel aphids, thrips, and other pests with sulfur compounds"
432,bell-pepper-yellow-bell,pepper,Parsley,beneficial,Attracts beneficial insects like hoverflies and parasitic wasps
432,bell-pepper-yellow-bell,pepper,Nasturtium,beneficial,Acts as trap crop for aphids and cucumber beetles
432,bell-pepper-yellow-bell,pepper,Fennel,harmful,Allelopathic compounds inhibit growth of peppers and most vegetables
432,bell-pepper-yellow-bell,pepper,Black Walnut,harmful,Produces juglone toxin that causes wilting and stunted growth in peppers
432,bell-pepper-yellow-bell,pepper,Brassicas,harmful,Compete for similar nutrients and may stunt pepper growth
435,sweet-pepper-chocolate-beauty,pepper,Basil,beneficial,"Repels aphids, spider mites, and thrips while potentially improving pepper flavor"
435,sweet-pepper-chocolate-beauty,pepper,Marigold,beneficial,"Deters nematodes, aphids, and whiteflies with natural compounds"
435,sweet-pepper-chocolate-beauty,pepper,Tomato,beneficial,Similar growing requirements and can share space efficiently
435,sweet-pepper-chocolate-beauty,pepper,Oregano,beneficial,Repels cucumber beetles and provides ground cover to retain soil moisture
435,sweet-pepper-chocolate-beauty,pepper,Parsley,beneficial,Attracts beneficial insects like hoverflies that prey on pepper pests
435,sweet-pepper-chocolate-beauty,pepper,Carrots,beneficial,Deep taproot improves soil structure without competing for nutrients
435,sweet-pepper-chocolate-beauty,pepper,Nasturtium,beneficial,Acts as trap crop for aphids and cucumber beetles
435,sweet-pepper-chocolate-beauty,pepper,Chives,beneficial,Repels aphids and may improve pepper growth and flavor
435,sweet-pepper-chocolate-beauty,pepper,Fennel,harmful,Produces allelopathic compounds that inhibit pepper growth and development
435,sweet-pepper-chocolate-beauty,pepper,Black Walnut,harmful,Releases juglone toxin that causes stunting and wilting in pepper plants
435,sweet-pepper-chocolate-beauty,pepper,Brassicas,harmful,Compete heavily for nutrients and may stunt pepper growth through root competition
437,bell-pepper-red-knight,pepper,Parsley,beneficial,Attracts beneficial insects like hoverflies and parasitic wasps that control pepper pests
437,bell-pepper-red-knight,pepper,Nasturtiums,beneficial,Act as trap crops for aphids and cucumber beetles while repelling whiteflies
437,bell-pepper-red-knight,pepper,Fennel,harmful,Produces allelopathic compounds that inhibit pepper growth and development
437,bell-pepper-red-knight,pepper,Black Walnut,harmful,Releases juglone toxin that causes wilting and stunted growth in peppers
437,bell-pepper-red-knight,pepper,Brassicas,harmful,Compete heavily for nutrients and may stunt pepper growth due to different soil pH preferences
437,bell-pepper-red-knight,pepper,Basil,beneficial,"Repels aphids, spider mites, and thrips while potentially improving pepper flavor"
437,bell-pepper-red-knight,pepper,Tomatoes,beneficial,Share similar growing conditions and can help shade pepper roots from intense sun
437,bell-pepper-red-knight,pepper,Marigolds,beneficial,"Repel nematodes, aphids, and whiteflies with their strong scent"
437,bell-pepper-red-knight,pepper,Oregano,beneficial,Deters pests like aphids and spider mites while attracting beneficial insects
437,bell-pepper-red-knight,pepper,Carrots,beneficial,Help break up soil for pepper root development and don't compete for nutrients
437,bell-pepper-red-knight,pepper,Onions,beneficial,"Repel aphids, thrips, and other pests that commonly attack peppers"
441,sweet-pepper-purple-flash,pepper,Basil,beneficial,"Repels aphids, spider mites, and thrips while potentially improving pepper flavor"
441,sweet-pepper-purple-flash,pepper,Marigold,beneficial,"Deters nematodes, aphids, and whiteflies with natural compounds"
441,sweet-pepper-purple-flash,pepper,Tomato,beneficial,Similar growing requirements and can share trellising systems effectively
441,sweet-pepper-purple-flash,pepper,Oregano,beneficial,Repels pests like aphids and provides ground cover to retain soil moisture
441,sweet-pepper-purple-flash,pepper,Carrots,beneficial,Utilize different soil depths and carrots help break up compacted soil
441,sweet-pepper-purple-flash,pepper,Onions,beneficial,"Strong scent deters aphids, spider mites, and other common pepper pests"
441,sweet-pepper-purple-flash,pepper,Nasturtiums,beneficial,Act as trap crops for aphids and cucumber beetles while attracting beneficial insects
441,sweet-pepper-purple-flash,pepper,Parsley,beneficial,Attracts beneficial insects like hoverflies and parasitic wasps that control pests
441,sweet-pepper-purple-flash,pepper,Black Walnut,harmful,Produces juglone toxin that stunts growth and can kill pepper plants
441,sweet-pepper-purple-flash,pepper,Fennel,harmful,Releases allelopathic compounds that inhibit growth of peppers and most vegetables
441,sweet-pepper-purple-flash,pepper,Brassicas,harmful,Compete for similar nutrients and may stunt pepper growth through root competition
448,bell-pepper-sweet-chocolate,pepper,Basil,beneficial,"Repels aphids, spider mites, and thrips while potentially improving pepper flavor"
448,bell-pepper-sweet-chocolate,pepper,Marigold,beneficial,"Deters nematodes, aphids, and whiteflies with natural pest-repelling compounds"
448,bell-pepper-sweet-chocolate,pepper,Tomato,beneficial,"Similar growing requirements and can share space efficiently, mutual pest confusion"
448,bell-pepper-sweet-chocolate,pepper,Oregano,beneficial,Repels aphids and spider mites while attracting beneficial predatory insects
448,bell-pepper-sweet-chocolate,pepper,Carrots,beneficial,Loose soil around carrots improves pepper root aeration and water drainage
448,bell-pepper-sweet-chocolate,pepper,Onions,beneficial,"Strong scent deters aphids, thrips, and spider mites that commonly attack peppers"
448,bell-pepper-sweet-chocolate,pepper,Parsley,beneficial,Attracts beneficial insects like hoverflies and parasitic wasps that control pepper pests
448,bell-pepper-sweet-chocolate,pepper,Nasturtium,beneficial,"Acts as trap crop for aphids and cucumber beetles, protecting peppers"
448,bell-pepper-sweet-chocolate,pepper,Fennel,harmful,Releases allelopathic compounds that inhibit pepper growth and development
448,bell-pepper-sweet-chocolate,pepper,Brassicas,harmful,Compete for similar nutrients and may attract flea beetles that can damage pepper plants
448,bell-pepper-sweet-chocolate,pepper,Walnut Trees,harmful,Produce juglone toxin that causes wilting and stunted growth in pepper plants
450,sweet-pepper-bull-s-horn,pepper,Basil,beneficial,"Repels aphids, spider mites, and thrips while potentially improving pepper flavor"
450,sweet-pepper-bull-s-horn,pepper,Tomatoes,beneficial,Share similar growing conditions and can help deter certain pests when grown together
450,sweet-pepper-bull-s-horn,pepper,Marigolds,beneficial,"Repel nematodes, aphids, and whiteflies while attracting beneficial insects"
450,sweet-pepper-bull-s-horn,pepper,Oregano,beneficial,"Deters aphids, spider mites, and provides ground cover to retain soil moisture"
450,sweet-pepper-bull-s-horn,pepper,Carrots,beneficial,"Help break up soil and don't compete for nutrients, while peppers provide light shade"
450,sweet-pepper-bull-s-horn,pepper,Onions,beneficial,"Repel aphids, thrips, and other pests that commonly attack peppers"
450,sweet-pepper-bull-s-horn,pepper,Parsley,beneficial,Attracts beneficial insects like hoverflies and parasitic wasps that control pepper pests
450,sweet-pepper-bull-s-horn,pepper,Nasturtiums,beneficial,Act as trap crops for aphids and cucumber beetles while repelling squash bugs
450,sweet-pepper-bull-s-horn,pepper,Fennel,harmful,Releases allelopathic compounds that inhibit pepper growth and development
450,sweet-pepper-bull-s-horn,pepper,Brassicas,harmful,Compete heavily for nutrients and can stunt pepper growth due to different soil pH preferences
450,sweet-pepper-bull-s-horn,pepper,Walnut Trees,harmful,Produce juglone which is toxic to peppers and can cause wilting and death
452,bell-pepper-rainbow-bell,pepper,Basil,beneficial,"Repels aphids, spider mites, and thrips while potentially improving pepper flavor"
452,bell-pepper-rainbow-bell,pepper,Marigolds,beneficial,"Deters nematodes, aphids, and whiteflies with natural pest-repelling compounds"
452,bell-pepper-rainbow-bell,pepper,Tomatoes,beneficial,"Similar growing requirements and can share support structures, though keep adequate spacing"
452,bell-pepper-rainbow-bell,pepper,Oregano,beneficial,Repels cucumber beetles and provides ground cover to retain soil moisture
452,bell-pepper-rainbow-bell,pepper,Parsley,beneficial,Attracts beneficial insects like hoverflies and parasitic wasps that control aphids
452,bell-pepper-rainbow-bell,pepper,Carrots,beneficial,"Loose soil from carrot growth improves drainage, and carrots don't compete for nutrients"
452,bell-pepper-rainbow-bell,pepper,Nasturtiums,beneficial,Acts as trap crop for aphids and cucumber beetles while attracting predatory insects
452,bell-pepper-rainbow-bell,pepper,Chives,beneficial,Repels aphids and may help improve pepper growth and disease resistance
452,bell-pepper-rainbow-bell,pepper,Fennel,harmful,Allelopathic properties inhibit growth of peppers and most other garden vegetables
452,bell-pepper-rainbow-bell,pepper,Black Walnut,harmful,Produces juglone toxin that causes wilting and death in peppers and other nightshades
452,bell-pepper-rainbow-bell,pepper,Brassicas,harmful,Heavy feeders that compete for nutrients and may stunt pepper growth and fruit production
457,bell-pepper-king-of-the-north,pepper,Basil,beneficial,"Repels aphids, spider mites, and thrips while potentially improving pepper flavor"
457,bell-pepper-king-of-the-north,pepper,Tomatoes,beneficial,"Similar growing requirements and can share space efficiently, mutual pest deterrence"
457,bell-pepper-king-of-the-north,pepper,Marigolds,beneficial,"Repel nematodes, aphids, and whiteflies with their strong scent"
457,bell-pepper-king-of-the-north,pepper,Oregano,beneficial,Deters pests like aphids and spider mites while attracting beneficial insects
457,bell-pepper-king-of-the-north,pepper,Onions,beneficial,"Repel aphids, thrips, and other pests that commonly attack peppers"
457,bell-pepper-king-of-the-north,pepper,Carrots,beneficial,Help break up soil for pepper roots and don't compete for nutrients
457,bell-pepper-king-of-the-north,pepper,Parsley,beneficial,Attracts beneficial insects like parasitic wasps that control pepper pests
457,bell-pepper-king-of-the-north,pepper,Nasturtiums,beneficial,"Act as trap crops for aphids and cucumber beetles, protecting peppers"
457,bell-pepper-king-of-the-north,pepper,Fennel,harmful,Produces allelopathic compounds that inhibit pepper growth and development
457,bell-pepper-king-of-the-north,pepper,Black Walnut,harmful,Releases juglone toxin that causes wilting and stunted growth in peppers
457,bell-pepper-king-of-the-north,pepper,Brassicas,harmful,Compete for similar nutrients and may stunt pepper growth through root competition
537,cherokee-purple-bean,bean,Marigold,beneficial,"Repels Mexican bean beetles and aphids, reduces nematode populations in soil"
537,cherokee-purple-bean,bean,Corn,beneficial,"Provides natural trellis support for climbing beans, part of Three Sisters planting method"
537,cherokee-purple-bean,bean,Squash,beneficial,"Large leaves suppress weeds and retain soil moisture, completes Three Sisters companion trio"
537,cherokee-purple-bean,bean,Carrots,beneficial,"Beans fix nitrogen in soil which carrots utilize, carrots help loosen soil for bean roots"
537,cherokee-purple-bean,bean,Nasturtium,beneficial,"Acts as trap crop for aphids and cucumber beetles, repels bean beetles"
537,cherokee-purple-bean,bean,Summer Savory,beneficial,"Repels bean beetles and aphids, may improve bean flavor when grown nearby"
537,cherokee-purple-bean,bean,Rosemary,beneficial,"Strong scent deters bean beetles, Mexican bean beetles, and carrot flies"
537,cherokee-purple-bean,bean,Radish,beneficial,"Quick-growing crop that breaks up soil, harvested before beans need full space"
537,cherokee-purple-bean,bean,Onion,harmful,Stunts bean growth and reduces yields through root competition and allelopathic compounds
537,cherokee-purple-bean,bean,Garlic,harmful,Inhibits bean germination and growth through sulfur compounds released by roots
537,cherokee-purple-bean,bean,Sunflower,harmful,"Allelopathic chemicals inhibit bean growth, competes heavily for nutrients and water"
538,gold-rush-bush-bean,bean,Nasturtium,beneficial,"Acts as trap crop for aphids and cucumber beetles, repels bean beetles"
538,gold-rush-bush-bean,bean,Carrots,beneficial,"Beans fix nitrogen that carrots need, carrots don't compete for space"
538,gold-rush-bush-bean,bean,Radishes,beneficial,Break up soil for bean roots and mature quickly before beans need full space
538,gold-rush-bush-bean,bean,Lettuce,beneficial,Provides ground cover and benefits from nitrogen fixed by beans
538,gold-rush-bush-bean,bean,Summer Savory,beneficial,Repels bean beetles and may improve bean flavor and growth
538,gold-rush-bush-bean,bean,Marigold,beneficial,Repels Mexican bean beetles and aphids while attracting beneficial insects
538,gold-rush-bush-bean,bean,Corn,beneficial,Beans fix nitrogen for corn's heavy feeding needs
538,gold-rush-bush-bean,bean,Cucumber,beneficial,Benefits from nitrogen fixed by beans and doesn't compete for nutrients
538,gold-rush-bush-bean,bean,Onions,harmful,Can inhibit bean growth and nitrogen fixation through root compounds
538,gold-rush-bush-bean,bean,Garlic,harmful,Allelopathic compounds can stunt bean growth and reduce yields
538,gold-rush-bush-bean,bean,Sunflower,harmful,Allelopathic effects inhibit bean germination and growth
539,purple-podded-pole-bean,bean,Summer Squash,beneficial,"Part of Three Sisters planting, large leaves suppress weeds and retain moisture"
539,purple-podded-pole-bean,bean,Marigolds,beneficial,Repel Mexican bean beetles and other harmful insects
539,purple-podded-pole-bean,bean,Nasturtiums,beneficial,Act as trap crop for aphids and cucumber beetles
539,purple-podded-pole-bean,bean,Carrots,beneficial,"Different root depths avoid competition, beans provide nitrogen for carrots"
539,purple-podded-pole-bean,bean,Radishes,beneficial,"Break up soil for bean roots, mature quickly before beans need space"
539,purple-podded-pole-bean,bean,Corn,beneficial,"Provides natural trellis support, beans fix nitrogen for corn"
539,purple-podded-pole-bean,bean,Catnip,beneficial,Repels flea beetles and ants that can damage bean plants
539,purple-podded-pole-bean,bean,Rosemary,beneficial,Deters Mexican bean beetles and carrot rust flies
539,purple-podded-pole-bean,bean,Onions,harmful,Can inhibit bean growth and nitrogen fixation by root bacteria
539,purple-podded-pole-bean,bean,Garlic,harmful,Allelopathic compounds can stunt bean growth and development
539,purple-podded-pole-bean,bean,Sunflowers,harmful,Compete for nutrients and can release growth-inhibiting chemicals
540,black-valentine-bush-bean,bean,Nasturtium,beneficial,"Acts as trap crop for aphids and cucumber beetles, deters bean beetles"
540,black-valentine-bush-bean,bean,Carrots,beneficial,Helps loosen soil for bean roots and doesn't compete for nitrogen
540,black-valentine-bush-bean,bean,Corn,beneficial,Provides natural support structure and benefits from nitrogen fixation
540,black-valentine-bush-bean,bean,Summer Squash,beneficial,"Large leaves provide ground cover and moisture retention, part of Three Sisters planting"
540,black-valentine-bush-bean,bean,Cucumber,beneficial,Compatible root systems and both benefit from similar growing conditions
540,black-valentine-bush-bean,bean,Radishes,beneficial,Quick harvest doesn't compete long-term and helps break up soil
540,black-valentine-bush-bean,bean,Rosemary,beneficial,Repels bean beetles and other pests with aromatic compounds
540,black-valentine-bush-bean,bean,Onions,harmful,Can inhibit bean growth and nitrogen fixation through allelopathic compounds
540,black-valentine-bush-bean,bean,Garlic,harmful,May stunt bean growth and interfere with beneficial rhizobia bacteria
540,black-valentine-bush-bean,bean,Sunflowers,harmful,Allelopathic effects can reduce bean germination and growth
540,black-valentine-bush-bean,bean,Marigold,beneficial,"Repels Mexican bean beetles, aphids, and nematodes while attracting beneficial insects"
541,yellow-romano-pole-bean,bean,Corn,beneficial,"Provides natural trellis support for climbing beans, classic Three Sisters companion"
541,yellow-romano-pole-bean,bean,Squash,beneficial,"Ground cover reduces weeds and retains moisture, completes Three Sisters planting"
541,yellow-romano-pole-bean,bean,Carrots,beneficial,"Beans improve soil nitrogen for carrots, carrots help break up soil for bean roots"
541,yellow-romano-pole-bean,bean,Radishes,beneficial,Quick-growing radishes break up soil and are harvested before beans need full space
541,yellow-romano-pole-bean,bean,Marigolds,beneficial,"Repel bean beetles, aphids, and other harmful insects"
541,yellow-romano-pole-bean,bean,Nasturtiums,beneficial,"Act as trap crop for aphids and cucumber beetles, repel bean pests"
541,yellow-romano-pole-bean,bean,Cucumber,beneficial,"Beans provide nitrogen that cucumbers need, compatible growing requirements"
541,yellow-romano-pole-bean,bean,Lettuce,beneficial,"Beans provide light shade for cool-season lettuce, efficient space usage"
541,yellow-romano-pole-bean,bean,Onions,harmful,Can inhibit bean growth and nitrogen fixation ability
541,yellow-romano-pole-bean,bean,Garlic,harmful,Allelopathic compounds may stunt bean growth and reduce yields
541,yellow-romano-pole-bean,bean,Fennel,harmful,Inhibits growth of beans through allelopathic compounds
541,yellow-romano-pole-bean,bean,Sunflowers,harmful,Allelopathic effects can reduce bean germination and growth
542,bush-kentucky-wonder,bean,Marigolds,beneficial,"Repel Mexican bean beetles and aphids, reduce nematode populations"
542,bush-kentucky-wonder,bean,Nasturtiums,beneficial,"Act as trap crop for aphids and cucumber beetles, repel bean beetles"
542,bush-kentucky-wonder,bean,Carrots,beneficial,Improve soil structure and don't compete for nitrogen that beans fix
542,bush-kentucky-wonder,bean,Radishes,beneficial,"Break up compacted soil, mature quickly without competing for space"
542,bush-kentucky-wonder,bean,Lettuce,beneficial,"Benefits from nitrogen fixed by beans, provides ground cover"
542,bush-kentucky-wonder,bean,Spinach,beneficial,"Utilizes nitrogen fixed by beans, different root depth prevents competition"
542,bush-kentucky-wonder,bean,Summer Savory,beneficial,"Repels bean beetles and aphids, may improve bean flavor"
542,bush-kentucky-wonder,bean,Catnip,beneficial,Deters Mexican bean beetles and aphids through natural compounds
542,bush-kentucky-wonder,bean,Onions,harmful,May inhibit bean growth through allelopathic compounds in root zone
542,bush-kentucky-wonder,bean,Garlic,harmful,Can stunt bean growth due to sulfur compounds released into soil
542,bush-kentucky-wonder,bean,Fennel,harmful,Inhibits growth of beans through allelopathic chemicals released by roots
543,henderson-lima-bush,bean,Carrots,beneficial,"Improve soil structure and don't compete for nutrients, beans provide nitrogen carrots need"
543,henderson-lima-bush,bean,Corn,beneficial,"Provides natural support structure for beans, beans fix nitrogen for corn"
543,henderson-lima-bush,bean,Marigolds,beneficial,"Repel Mexican bean beetles, aphids, and other harmful insects"
543,henderson-lima-bush,bean,Summer Squash,beneficial,"Large leaves provide ground cover and moisture retention, part of Three Sisters planting"
543,henderson-lima-bush,bean,Nasturtiums,beneficial,"Act as trap crop for aphids and cucumber beetles, repel bean beetles"
543,henderson-lima-bush,bean,Radishes,beneficial,"Break up soil for better root development, harvest before beans need space"
543,henderson-lima-bush,bean,Catnip,beneficial,Repels flea beetles and ants that can damage bean plants
543,henderson-lima-bush,bean,Rosemary,beneficial,Deters Mexican bean beetles and carrot rust flies
543,henderson-lima-bush,bean,Onions,harmful,Can inhibit bean growth and nitrogen fixation through root secretions
543,henderson-lima-bush,bean,Sunflowers,harmful,Allelopathic compounds inhibit bean germination and growth
543,henderson-lima-bush,bean,Fennel,harmful,Inhibits growth of most garden plants including beans through allelopathy
544,tendercrop-bush-bean,bean,Marigold,beneficial,"Repels bean beetles, aphids, and nematodes while attracting beneficial insects"
544,tendercrop-bush-bean,bean,Basil,beneficial,"Repels aphids, thrips, and flies while potentially improving bean flavor"
544,tendercrop-bush-bean,bean,Carrots,beneficial,Loosens soil for bean roots and doesn't compete for nutrients
544,tendercrop-bush-bean,bean,Cucumber,beneficial,"Beans fix nitrogen that cucumbers can utilize, compatible root systems"
544,tendercrop-bush-bean,bean,Radish,beneficial,Quick-growing crop that breaks up soil and deters bean beetles
544,tendercrop-bush-bean,bean,Summer Squash,beneficial,Beans provide nitrogen while squash provides ground cover to retain moisture
544,tendercrop-bush-bean,bean,Nasturtium,beneficial,"Acts as trap crop for aphids and cucumber beetles, attracts beneficial insects"
544,tendercrop-bush-bean,bean,Corn,beneficial,Provides natural support structure for climbing varieties and benefits from nitrogen fixation
544,tendercrop-bush-bean,bean,Onion,harmful,Can inhibit bean growth and nitrogen fixation through root secretions
544,tendercrop-bush-bean,bean,Garlic,harmful,Stunts bean growth and interferes with beneficial rhizobia bacteria
544,tendercrop-bush-bean,bean,Sunflower,harmful,Allelopathic compounds inhibit bean germination and growth
545,yard-long-bean,bean,Marigold,beneficial,"Repels bean beetles, aphids, and nematodes while attracting beneficial insects"
545,yard-long-bean,bean,Basil,beneficial,"Repels aphids, spider mites, and thrips that commonly attack beans"
545,yard-long-bean,bean,Corn,beneficial,Provides natural support structure for climbing beans while beans fix nitrogen for corn
545,yard-long-bean,bean,Cucumber,beneficial,Compatible growth habits and beans improve soil nitrogen for cucumbers
545,yard-long-bean,bean,Radish,beneficial,Breaks up soil for bean roots and deters cucumber beetles
545,yard-long-bean,bean,Nasturtium,beneficial,Acts as trap crop for aphids and bean beetles while attracting beneficial predators
545,yard-long-bean,bean,Summer Squash,beneficial,Ground cover reduces weeds and retains moisture for bean roots
545,yard-long-bean,bean,Catnip,beneficial,"Repels aphids, ants, and flea beetles that damage bean plants"
545,yard-long-bean,bean,Onion,harmful,Inhibits bean growth and nitrogen fixation through root secretions
545,yard-long-bean,bean,Garlic,harmful,Stunts bean growth and interferes with beneficial rhizobia bacteria
545,yard-long-bean,bean,Fennel,harmful,Produces allelopathic compounds that inhibit bean germination and growth
546,french-filet-bean-maxibel,bean,Marigold,beneficial,"Repels bean beetles, aphids, and nematodes while attracting beneficial insects"
546,french-filet-bean-maxibel,bean,Nasturtium,beneficial,"Acts as trap crop for aphids and cucumber beetles, repels bean beetles"
546,french-filet-bean-maxibel,bean,Carrots,beneficial,"Loosens soil for bean roots, beans fix nitrogen for carrots"
546,french-filet-bean-maxibel,bean,Radishes,beneficial,"Breaks up compacted soil, deters bean root fly, quick harvest before beans mature"
546,french-filet-bean-maxibel,bean,Summer Savory,beneficial,"Repels bean beetles and aphids, may improve bean flavor and growth"
546,french-filet-bean-maxibel,bean,Corn,beneficial,"Provides natural trellis support, beans fix nitrogen for corn"
546,french-filet-bean-maxibel,bean,Lettuce,beneficial,"Utilizes space efficiently, beans provide partial shade, shallow roots don't compete"
546,french-filet-bean-maxibel,bean,Rosemary,beneficial,"Repels bean beetles, carrot flies, and cabbage moths"
546,french-filet-bean-maxibel,bean,Onions,harmful,Inhibits bean growth and nitrogen fixation through root secretions
546,french-filet-bean-maxibel,bean,Garlic,harmful,Stunts bean growth and interferes with nitrogen-fixing bacteria
546,french-filet-bean-maxibel,bean,Sunflower,harmful,Allelopathic compounds inhibit bean germination and growth
547,black-turtle-bush-bean,bean,Marigold,beneficial,"Repels Mexican bean beetles and nematodes, attracts beneficial insects"
547,black-turtle-bush-bean,bean,Nasturtium,beneficial,"Acts as trap crop for aphids and cucumber beetles, repels bean beetles"
547,black-turtle-bush-bean,bean,Corn,beneficial,Provides natural support structure for climbing beans in Three Sisters planting
547,black-turtle-bush-bean,bean,Summer Squash,beneficial,"Ground cover reduces weeds, part of traditional Three Sisters companion planting"
547,black-turtle-bush-bean,bean,Carrots,beneficial,"Beans fix nitrogen which carrots need, carrots don't compete for same soil space"
547,black-turtle-bush-bean,bean,Radishes,beneficial,"Break up soil for bean roots, mature quickly before beans need full space"
547,black-turtle-bush-bean,bean,Cucumber,beneficial,Both benefit from similar growing conditions and beans provide nitrogen
547,black-turtle-bush-bean,bean,Rosemary,beneficial,Repels bean beetles and other pests with strong aromatic oils
547,black-turtle-bush-bean,bean,Onions,harmful,Can inhibit bean growth and nitrogen fixation by soil bacteria
547,black-turtle-bush-bean,bean,Garlic,harmful,Allelopathic compounds can stunt bean growth and reduce yields
547,black-turtle-bush-bean,bean,Sunflower,harmful,"Competes heavily for nutrients and water, can shade out beans"
548,early-contender-bush-bean,bean,Marigold,beneficial,"Repels Mexican bean beetles and aphids, attracts beneficial insects"
548,early-contender-bush-bean,bean,Basil,beneficial,"Repels aphids, thrips, and spider mites while improving bean flavor"
548,early-contender-bush-bean,bean,Carrots,beneficial,Loosen soil for bean roots and don't compete for nitrogen
548,early-contender-bush-bean,bean,Corn,beneficial,Provides natural trellis support and beans fix nitrogen for corn
548,early-contender-bush-bean,bean,Summer Squash,beneficial,Large leaves provide living mulch and shade for bean roots
548,early-contender-bush-bean,bean,Nasturtium,beneficial,Acts as trap crop for aphids and cucumber beetles
548,early-contender-bush-bean,bean,Lettuce,beneficial,Benefits from nitrogen fixed by beans and provides ground cover
548,early-contender-bush-bean,bean,Rosemary,beneficial,Repels Mexican bean beetles and carrot flies
548,early-contender-bush-bean,bean,Onions,harmful,Can inhibit bean growth and nitrogen fixation
548,early-contender-bush-bean,bean,Sunflowers,harmful,Allelopathic chemicals can stunt bean growth
548,early-contender-bush-bean,bean,Fennel,harmful,Inhibits growth through allelopathic compounds
549,lima-king-of-the-garden-pole,bean,Corn,beneficial,"Provides natural pole support for climbing beans, classic three sisters companion"
549,lima-king-of-the-garden-pole,bean,Marigolds,beneficial,"Repel bean beetles and nematodes, reduce pest damage"
549,lima-king-of-the-garden-pole,bean,Carrots,beneficial,"Beans fix nitrogen in soil that carrots utilize, carrots don't compete for space"
549,lima-king-of-the-garden-pole,bean,Radishes,beneficial,"Break up soil for bean roots, mature quickly before beans need full space"
549,lima-king-of-the-garden-pole,bean,Nasturtiums,beneficial,Attract beneficial insects and act as trap crop for aphids and cucumber beetles
549,lima-king-of-the-garden-pole,bean,Summer Savory,beneficial,Repels bean beetles and may improve bean flavor and growth
549,lima-king-of-the-garden-pole,bean,Lettuce,beneficial,"Benefits from bean's nitrogen fixation and shade, efficient use of garden space"
549,lima-king-of-the-garden-pole,bean,Catnip,beneficial,Repels flea beetles and ants that can damage bean plants
549,lima-king-of-the-garden-pole,bean,Onions,harmful,Can inhibit bean growth and nitrogen fixation through root compounds
549,lima-king-of-the-garden-pole,bean,Sunflowers,harmful,Allelopathic compounds inhibit bean germination and growth
549,lima-king-of-the-garden-pole,bean,Garlic,harmful,Sulfur compounds can stunt bean growth and interfere with nitrogen fixation
550,jacob-s-cattle-bush-bean,bean,Marigold,beneficial,Repels Mexican bean beetles and aphids while attracting beneficial insects
550,jacob-s-cattle-bush-bean,bean,Nasturtium,beneficial,"Acts as trap crop for aphids and cucumber beetles, repels bean beetles"
550,jacob-s-cattle-bush-bean,bean,Summer Savory,beneficial,Improves bean flavor and growth while deterring bean beetles
550,jacob-s-cattle-bush-bean,bean,Carrots,beneficial,"Deep roots don't compete with shallow bean roots, beans provide nitrogen for carrots"
550,jacob-s-cattle-bush-bean,bean,Corn,beneficial,"Provides natural support structure, beans fix nitrogen that corn can utilize"
550,jacob-s-cattle-bush-bean,bean,Catnip,beneficial,"Repels aphids, ants, and flea beetles that commonly attack beans"
550,jacob-s-cattle-bush-bean,bean,Radishes,beneficial,"Break up compacted soil, mature quickly before beans need full space"
550,jacob-s-cattle-bush-bean,bean,Rosemary,beneficial,"Repels bean beetles and carrot flies, aromatic oils deter various pests"
550,jacob-s-cattle-bush-bean,bean,Onions,harmful,Can inhibit bean growth and nitrogen fixation through root exudates
550,jacob-s-cattle-bush-bean,bean,Sunflowers,harmful,Allelopathic compounds inhibit bean germination and growth
550,jacob-s-cattle-bush-bean,bean,Fennel,harmful,Inhibits growth of most garden plants including beans through allelopathy
551,provider-green-bush-bean,bean,Marigold,beneficial,"Repels bean beetles, aphids, and nematodes while attracting beneficial insects"
551,provider-green-bush-bean,bean,Basil,beneficial,"Repels aphids, spider mites, and thrips that commonly attack beans"
551,provider-green-bush-bean,bean,Carrot,beneficial,Helps loosen soil for bean roots and doesn't compete for nitrogen
551,provider-green-bush-bean,bean,Corn,beneficial,Provides natural support structure and beans fix nitrogen for corn
551,provider-green-bush-bean,bean,Summer Squash,beneficial,"Large leaves provide ground cover, retain moisture, and suppress weeds"
551,provider-green-bush-bean,bean,Cucumber,beneficial,Compatible root systems and beans provide nitrogen that cucumbers need
551,provider-green-bush-bean,bean,Radish,beneficial,"Quick harvest before beans mature, helps break up soil compaction"
551,provider-green-bush-bean,bean,Nasturtium,beneficial,"Acts as trap crop for aphids and cucumber beetles, attracts pollinators"
551,provider-green-bush-bean,bean,Onion,harmful,Inhibits bean growth and nitrogen fixation through root secretions
551,provider-green-bush-bean,bean,Garlic,harmful,Allelopathic compounds can stunt bean growth and reduce yield
551,provider-green-bush-bean,bean,Fennel,harmful,Strong allelopathic effects inhibit germination and growth of beans
551,provider-green-bush-bean,bean,Sunflower,harmful,"Competes heavily for nutrients and water, may release growth inhibitors"
552,blue-lake-pole-bean,bean,Corn,beneficial,"Provides natural trellis support for climbing beans, creates classic Three Sisters polyculture"
552,blue-lake-pole-bean,bean,Carrots,beneficial,"Beans fix nitrogen in soil which carrots utilize, carrots help aerate soil for bean roots"
552,blue-lake-pole-bean,bean,Cucumber,beneficial,"Both are climbing plants that share space efficiently, beans provide nitrogen cucumbers need"
552,blue-lake-pole-bean,bean,Radishes,beneficial,Quick-growing radishes break up soil for bean roots and are harvested before beans need full space
552,blue-lake-pole-bean,bean,Nasturtiums,beneficial,"Act as trap crop for aphids and cucumber beetles, attract beneficial predatory insects"
552,blue-lake-pole-bean,bean,Summer Squash,beneficial,"Large leaves provide ground cover to retain soil moisture, benefits from nitrogen fixed by beans"
552,blue-lake-pole-bean,bean,Strawberries,beneficial,"Low-growing strawberries use different soil levels, benefit from nitrogen fixation by beans"
552,blue-lake-pole-bean,bean,Rosemary,beneficial,"Aromatic oils repel bean beetles and other pests, perennial herb complements annual beans"
552,blue-lake-pole-bean,bean,Onions,harmful,Inhibit bean growth and nitrogen fixation through root secretions and soil chemistry changes
552,blue-lake-pole-bean,bean,Sunflowers,harmful,"Compete heavily for nutrients and water, allelopathic compounds inhibit bean germination"
552,blue-lake-pole-bean,bean,Fennel,harmful,Produces allelopathic compounds that inhibit growth and germination of beans and most vegetables
554,roma-ii-bush-bean,bean,Marigold,beneficial,"Repels bean beetles, aphids, and nematodes while attracting beneficial insects"
554,roma-ii-bush-bean,bean,Carrots,beneficial,Loosens soil for bean roots and beans provide nitrogen that carrots utilize
554,roma-ii-bush-bean,bean,Corn,beneficial,Provides natural windbreak and structure while beans fix nitrogen in soil
554,roma-ii-bush-bean,bean,Summer Squash,beneficial,"Large leaves provide ground cover and shade, reducing weeds and conserving moisture"
554,roma-ii-bush-bean,bean,Nasturtiums,beneficial,"Acts as trap crop for aphids and bean beetles, also repels cucumber beetles"
554,roma-ii-bush-bean,bean,Brassicas,beneficial,"Beans repel flea beetles that damage brassicas, while brassicas don't compete for nitrogen"
554,roma-ii-bush-bean,bean,Radishes,beneficial,"Break up compacted soil and mature quickly, making space for bean root expansion"
554,roma-ii-bush-bean,bean,Rosemary,beneficial,Deters bean beetles and other pests with strong aromatic compounds
554,roma-ii-bush-bean,bean,Onions,harmful,Can stunt bean growth and reduce yields through allelopathic compounds
554,roma-ii-bush-bean,bean,Sunflowers,harmful,"Allelopathic effects inhibit bean germination and growth, also competes for nutrients"
554,roma-ii-bush-bean,bean,Fennel,harmful,Inhibits growth of most garden plants including beans through strong allelopathy
555,bush-lake-bean,bean,Marigold,beneficial,"Repels bean beetles, aphids, and nematodes while attracting beneficial insects"
555,bush-lake-bean,bean,Basil,beneficial,"Deters aphids, spider mites, and thrips while potentially improving bean flavor"
555,bush-lake-bean,bean,Carrots,beneficial,Loosens soil for bean roots and doesn't compete for nutrients
555,bush-lake-bean,bean,Corn,beneficial,Provides natural support structure for climbing varieties and benefits from nitrogen fixation
555,bush-lake-bean,bean,Squash,beneficial,"Ground cover reduces weeds, retains moisture, and completes the Three Sisters planting"
555,bush-lake-bean,bean,Nasturtium,beneficial,Acts as trap crop for aphids and cucumber beetles while adding nitrogen to soil
555,bush-lake-bean,bean,Lettuce,beneficial,Provides ground cover and shade for bean roots while utilizing different soil nutrients
555,bush-lake-bean,bean,Radishes,beneficial,Breaks up compacted soil and deters bean beetles without competing for space
555,bush-lake-bean,bean,Onions,harmful,Inhibits bean growth through allelopathic compounds and competes for nutrients
555,bush-lake-bean,bean,Garlic,harmful,Stunts bean growth and development through root secretions
555,bush-lake-bean,bean,Sunflowers,harmful,Allelopathic effects inhibit bean germination and early growth
556,pencil-pod-black-wax-bean,bean,Marigold,beneficial,"Repels Mexican bean beetles, aphids, and nematodes"
556,pencil-pod-black-wax-bean,bean,Nasturtium,beneficial,"Acts as trap crop for aphids and cucumber beetles, repels bean beetles"
556,pencil-pod-black-wax-bean,bean,Corn,beneficial,Provides natural trellis support for climbing beans in three sisters planting
556,pencil-pod-black-wax-bean,bean,Summer Squash,beneficial,"Large leaves provide ground cover and moisture retention, completes three sisters guild"
556,pencil-pod-black-wax-bean,bean,Carrots,beneficial,"Beans fix nitrogen which benefits carrots, different root depths reduce competition"
556,pencil-pod-black-wax-bean,bean,Cucumber,beneficial,Both benefit from similar growing conditions and beans provide nitrogen
556,pencil-pod-black-wax-bean,bean,Radish,beneficial,Quick-growing radishes break up soil for bean roots and deter bean beetles
556,pencil-pod-black-wax-bean,bean,Rosemary,beneficial,Strong scent repels Mexican bean beetles and carrot flies
556,pencil-pod-black-wax-bean,bean,Onion,harmful,Inhibits bean growth and nitrogen fixation through allelopathic compounds
556,pencil-pod-black-wax-bean,bean,Garlic,harmful,Stunts bean growth and interferes with beneficial rhizobia bacteria
556,pencil-pod-black-wax-bean,bean,Fennel,harmful,Allelopathic chemicals inhibit germination and growth of beans
557,topcrop-bush-bean,bean,Marigold,beneficial,"Repels bean beetles, aphids, and nematodes while attracting beneficial insects"
557,topcrop-bush-bean,bean,Basil,beneficial,"Deters aphids, spider mites, and thrips that commonly attack beans"
557,topcrop-bush-bean,bean,Carrots,beneficial,Loosen soil for bean roots and beans fix nitrogen that carrots can utilize
557,topcrop-bush-bean,bean,Corn,beneficial,Provides natural support structure and beans fix nitrogen for corn
557,topcrop-bush-bean,bean,Summer Squash,beneficial,Ground cover reduces weeds and retains soil moisture for beans
557,topcrop-bush-bean,bean,Nasturtium,beneficial,Acts as trap crop for aphids and cucumber beetles while attracting pollinators
557,topcrop-bush-bean,bean,Radish,beneficial,Quick-growing companion that breaks up soil and deters bean beetles
557,topcrop-bush-bean,bean,Lettuce,beneficial,Shallow roots don't compete and benefits from nitrogen fixed by beans
557,topcrop-bush-bean,bean,Onions,harmful,Can stunt bean growth and development through root competition and chemical interactions
557,topcrop-bush-bean,bean,Sunflower,harmful,Allelopathic compounds inhibit bean germination and growth
557,topcrop-bush-bean,bean,Fennel,harmful,Produces allelopathic chemicals that inhibit bean growth and development
558,detroit-dark-red-bush-bean,bean,Marigold,beneficial,Repels Mexican bean beetles and aphids while attracting beneficial insects
558,detroit-dark-red-bush-bean,bean,Nasturtium,beneficial,"Acts as trap crop for aphids and cucumber beetles, protecting beans"
558,detroit-dark-red-bush-bean,bean,Carrots,beneficial,Loosens soil for bean roots and doesn't compete for nutrients
558,detroit-dark-red-bush-bean,bean,Radishes,beneficial,Breaks up compacted soil and deters bean beetles
558,detroit-dark-red-bush-bean,bean,Lettuce,beneficial,"Shallow roots don't compete with beans, benefits from bean's nitrogen fixation"
558,detroit-dark-red-bush-bean,bean,Spinach,beneficial,Cool-season crop that utilizes nitrogen fixed by beans
558,detroit-dark-red-bush-bean,bean,Cucumber,beneficial,Beans provide nitrogen while cucumbers use different soil nutrients
558,detroit-dark-red-bush-bean,bean,Summer Savory,beneficial,Repels bean beetles and may improve bean flavor and growth
558,detroit-dark-red-bush-bean,bean,Onions,harmful,Can inhibit bean growth and nitrogen fixation by root bacteria
558,detroit-dark-red-bush-bean,bean,Garlic,harmful,Allelopathic compounds can stunt bean growth and reduce yields
558,detroit-dark-red-bush-bean,bean,Sunflowers,harmful,"Compete heavily for nutrients and water, can shade out bush beans"
559,lazy-housewife-pole-bean,bean,Corn,beneficial,Provides natural support structure for climbing beans while beans fix nitrogen for corn
559,lazy-housewife-pole-bean,bean,Squash,beneficial,"Part of Three Sisters planting, provides ground cover and weed suppression"
559,lazy-housewife-pole-bean,bean,Marigolds,beneficial,Repel Mexican bean beetles and other harmful insects
559,lazy-housewife-pole-bean,bean,Nasturtiums,beneficial,Act as trap crop for aphids and cucumber beetles
559,lazy-housewife-pole-bean,bean,Carrots,beneficial,"Benefit from nitrogen fixed by beans, help break up soil"
559,lazy-housewife-pole-bean,bean,Radishes,beneficial,Fast-growing root crop that doesn't compete with beans for space
559,lazy-housewife-pole-bean,bean,Lettuce,beneficial,"Grows well in partial shade of bean plants, efficient space usage"
559,lazy-housewife-pole-bean,bean,Summer Savory,beneficial,Repels bean beetles and may improve bean flavor when grown nearby
559,lazy-housewife-pole-bean,bean,Onions,harmful,Can inhibit bean growth and nitrogen fixation capabilities
559,lazy-housewife-pole-bean,bean,Garlic,harmful,Allelopathic compounds can stunt bean growth and development
559,lazy-housewife-pole-bean,bean,Sunflowers,harmful,"Compete heavily for nutrients and water, can shade out beans"
560,bountiful-bush-bean,bean,Marigold,beneficial,"Repels bean beetles, aphids, and nematodes while attracting beneficial insects"
560,bountiful-bush-bean,bean,Carrots,beneficial,Help loosen soil for bean roots and don't compete for nitrogen
560,bountiful-bush-bean,bean,Cucumber,beneficial,"Beans provide nitrogen that cucumbers need, while cucumbers provide ground cover"
560,bountiful-bush-bean,bean,Radish,beneficial,Fast-growing radishes break up soil and are harvested before beans need space
560,bountiful-bush-bean,bean,Nasturtium,beneficial,"Acts as trap crop for aphids and cucumber beetles, repels bean beetles"
560,bountiful-bush-bean,bean,Summer Savory,beneficial,Repels bean weevils and may improve bean flavor and growth
560,bountiful-bush-bean,bean,Corn,beneficial,Provides partial shade and wind protection for bush beans
560,bountiful-bush-bean,bean,Lettuce,beneficial,Benefits from nitrogen fixed by beans and provides living mulch
560,bountiful-bush-bean,bean,Onion,harmful,Can stunt bean growth and reduce yields through root competition
560,bountiful-bush-bean,bean,Fennel,harmful,Inhibits growth of beans through allelopathic compounds
560,bountiful-bush-bean,bean,Garlic,harmful,Releases compounds that can inhibit bean germination and growth
561,gold-marie-vining-bean,bean,Corn,beneficial,Provides natural trellis support for vining beans while beans fix nitrogen for corn
561,gold-marie-vining-bean,bean,Squash,beneficial,Forms the 'Three Sisters' guild - squash leaves shade soil and suppress weeds
561,gold-marie-vining-bean,bean,Marigolds,beneficial,"Repel Mexican bean beetles, aphids, and nematodes that attack bean roots"
561,gold-marie-vining-bean,bean,Nasturtiums,beneficial,Act as trap crops for aphids and cucumber beetles while repelling squash bugs
561,gold-marie-vining-bean,bean,Carrots,beneficial,"Beans improve soil nitrogen for carrots, carrots don't compete for same nutrients"
561,gold-marie-vining-bean,bean,Radishes,beneficial,Break up compacted soil and deter bean root fly while maturing quickly
561,gold-marie-vining-bean,bean,Summer Savory,beneficial,"Repels bean beetles and aphids, may improve bean flavor and growth"
561,gold-marie-vining-bean,bean,Catnip,beneficial,"Deters Mexican bean beetles, aphids, and flea beetles through natural compounds"
561,gold-marie-vining-bean,bean,Onions,harmful,Can inhibit bean growth and nitrogen fixation through root exudates
561,gold-marie-vining-bean,bean,Garlic,harmful,Allelopathic compounds can stunt bean growth and reduce yields
561,gold-marie-vining-bean,bean,Fennel,harmful,Inhibits growth of most garden plants including beans through allelopathy
561,gold-marie-vining-bean,bean,Sunflowers,harmful,"Compete heavily for nutrients and water, can shade out vining beans"
563,purple-top-bush-bean,bean,Marigolds,beneficial,"Repel bean beetles, aphids, and nematodes while attracting beneficial insects"
563,purple-top-bush-bean,bean,Nasturtiums,beneficial,"Act as trap crop for aphids and cucumber beetles, repel bean beetles"
563,purple-top-bush-bean,bean,Carrots,beneficial,"Beans improve soil nitrogen for carrots, carrots don't compete for space"
563,purple-top-bush-bean,bean,Corn,beneficial,Provides natural support structure for climbing varieties and wind protection
563,purple-top-bush-bean,bean,Squash,beneficial,"Part of Three Sisters planting, large leaves suppress weeds and retain soil moisture"
563,purple-top-bush-bean,bean,Radishes,beneficial,"Break up compacted soil, mature quickly before beans need full space"
563,purple-top-bush-bean,bean,Lettuce,beneficial,"Benefits from nitrogen fixation, provides living mulch, different root depths"
563,purple-top-bush-bean,bean,Summer Savory,beneficial,"Improves bean flavor and growth, repels bean beetles and aphids"
563,purple-top-bush-bean,bean,Onions,harmful,Can stunt bean growth and inhibit nitrogen fixation by beneficial bacteria
563,purple-top-bush-bean,bean,Sunflowers,harmful,Allelopathic compounds inhibit bean germination and growth
563,purple-top-bush-bean,bean,Fennel,harmful,Inhibits growth of most garden plants including beans through allelopathy
564,king-of-the-garden-lima-pole,bean,Corn,beneficial,"Provides natural support structure for climbing beans, part of Three Sisters planting"
564,king-of-the-garden-lima-pole,bean,Squash,beneficial,"Large leaves provide ground cover and moisture retention, completes Three Sisters guild"
564,king-of-the-garden-lima-pole,bean,Marigolds,beneficial,Repel bean beetles and other harmful insects while attracting beneficial pollinators
564,king-of-the-garden-lima-pole,bean,Nasturtiums,beneficial,"Act as trap crop for aphids and cucumber beetles, repel bean beetles"
564,king-of-the-garden-lima-pole,bean,Carrots,beneficial,"Beans fix nitrogen in soil which carrots utilize, carrots don't compete for same nutrients"
564,king-of-the-garden-lima-pole,bean,Radishes,beneficial,"Break up soil for bean roots, mature quickly before beans need full space"
564,king-of-the-garden-lima-pole,bean,Summer Savory,beneficial,"Repels bean beetles and aphids, may improve bean flavor and growth"
564,king-of-the-garden-lima-pole,bean,Cucumber,beneficial,"Benefits from nitrogen fixed by beans, similar water requirements"
564,king-of-the-garden-lima-pole,bean,Onions,harmful,Can inhibit bean growth and nitrogen fixation through root compounds
564,king-of-the-garden-lima-pole,bean,Garlic,harmful,Allelopathic compounds can stunt bean growth and reduce yields
564,king-of-the-garden-lima-pole,bean,Sunflowers,harmful,"Compete for nutrients and water, can shade beans and reduce growth"
565,golden-wax-bush-bean,bean,Marigold,beneficial,Repels Mexican bean beetles and aphids while attracting beneficial insects
565,golden-wax-bush-bean,bean,Basil,beneficial,"Deters aphids and bean beetles, may enhance bean flavor"
565,golden-wax-bush-bean,bean,Carrots,beneficial,Loosens soil for bean roots and doesn't compete for nutrients
565,golden-wax-bush-bean,bean,Cucumber,beneficial,"Beans fix nitrogen that cucumbers utilize, complementary root systems"
565,golden-wax-bush-bean,bean,Nasturtium,beneficial,"Acts as trap crop for aphids and cucumber beetles, repels bean beetles"
565,golden-wax-bush-bean,bean,Summer Savory,beneficial,"Repels bean beetles and aphids, improves bean growth and flavor"
565,golden-wax-bush-bean,bean,Corn,beneficial,"Beans fix nitrogen for corn, though bush beans need less support than pole varieties"
565,golden-wax-bush-bean,bean,Radish,beneficial,"Quick harvest allows beans more space, helps break up soil"
565,golden-wax-bush-bean,bean,Onions,harmful,Can inhibit bean growth and nitrogen fixation through root compounds
565,golden-wax-bush-bean,bean,Sunflowers,harmful,Allelopathic compounds can stunt bean growth and development
565,golden-wax-bush-bean,bean,Fennel,harmful,Strong allelopathic effects inhibit bean germination and growth
566,borlotto-bush-bean,bean,Basil,beneficial,Repels aphids and thrips while potentially improving bean flavor
566,borlotto-bush-bean,bean,Marigold,beneficial,Deters Mexican bean beetles and nematodes with natural compounds
566,borlotto-bush-bean,bean,Nasturtium,beneficial,Acts as trap crop for aphids and cucumber beetles
566,borlotto-bush-bean,bean,Carrots,beneficial,Beans fix nitrogen for carrots while carrots loosen soil for bean roots
566,borlotto-bush-bean,bean,Lettuce,beneficial,Provides ground cover to retain moisture and suppress weeds
566,borlotto-bush-bean,bean,Radish,beneficial,Quick-growing radishes break up soil and are harvested before beans need space
566,borlotto-bush-bean,bean,Summer Savory,beneficial,Repels bean beetles and may enhance bean growth and flavor
566,borlotto-bush-bean,bean,Corn,beneficial,Provides windbreak protection and benefits from nitrogen fixed by beans
566,borlotto-bush-bean,bean,Onions,harmful,Can inhibit bean growth through allelopathic compounds in root zone
566,borlotto-bush-bean,bean,Fennel,harmful,Releases chemicals that stunt growth of beans and most other vegetables
566,borlotto-bush-bean,bean,Sunflowers,harmful,Allelopathic compounds inhibit bean germination and growth
567,bush-romano-italian,bean,Basil,beneficial,"Repels aphids and bean beetles, may improve bean flavor and growth"
567,bush-romano-italian,bean,Marigold,beneficial,Deters Mexican bean beetles and nematodes with natural compounds
567,bush-romano-italian,bean,Carrots,beneficial,Loosen soil for bean roots and don't compete for same nutrients
567,bush-romano-italian,bean,Cucumber,beneficial,"Benefits from bean nitrogen fixation, shares similar water needs"
567,bush-romano-italian,bean,Summer Savory,beneficial,Repels bean beetles and may improve bean flavor when grown nearby
567,bush-romano-italian,bean,Lettuce,beneficial,Enjoys shade from bean plants and doesn't compete for nutrients
567,bush-romano-italian,bean,Radish,beneficial,"Quick harvest before beans mature, helps break up soil"
567,bush-romano-italian,bean,Nasturtium,beneficial,Acts as trap crop for aphids and cucumber beetles
567,bush-romano-italian,bean,Onions,harmful,Can inhibit bean growth and nitrogen fixation by beneficial bacteria
567,bush-romano-italian,bean,Sunflowers,harmful,Compete for nutrients and can shade beans excessively
567,bush-romano-italian,bean,Fennel,harmful,Allelopathic properties inhibit growth of beans and most garden plants
568,fordhook-242-lima-bush,bean,Marigold,beneficial,"Repels Mexican bean beetles, aphids, and nematodes while attracting beneficial insects"
568,fordhook-242-lima-bush,bean,Nasturtium,beneficial,"Acts as trap crop for aphids and cucumber beetles, deters bean beetles"
568,fordhook-242-lima-bush,bean,Carrots,beneficial,"Loosen soil with deep roots, don't compete for nutrients, beans fix nitrogen for carrots"
568,fordhook-242-lima-bush,bean,Radishes,beneficial,"Break up compacted soil, mature quickly before beans need space, deter bean beetles"
568,fordhook-242-lima-bush,bean,Lettuce,beneficial,"Provides living mulch, conserves soil moisture, harvested before beans reach full size"
568,fordhook-242-lima-bush,bean,Spinach,beneficial,"Cool-season crop that uses different nutrients, provides ground cover early in season"
568,fordhook-242-lima-bush,bean,Rosemary,beneficial,"Repels bean beetles, carrot flies, and cabbage moths with strong aromatic oils"
568,fordhook-242-lima-bush,bean,Summer Savory,beneficial,"Repels bean beetles and aphids, traditionally grown with beans to improve flavor"
568,fordhook-242-lima-bush,bean,Onions,harmful,May inhibit bean growth and nitrogen fixation through allelopathic compounds
568,fordhook-242-lima-bush,bean,Sunflowers,harmful,"Compete heavily for nutrients and water, create too much shade for lima beans"
568,fordhook-242-lima-bush,bean,Fennel,harmful,Inhibits growth of most garden plants including beans through allelopathic effects
569,red-noodle-long-bean,bean,Marigold,beneficial,"Repels bean beetles, aphids, and nematodes while attracting beneficial insects"
569,red-noodle-long-bean,bean,Basil,beneficial,"Deters aphids, spider mites, and thrips while potentially improving bean flavor"
569,red-noodle-long-bean,bean,Nasturtium,beneficial,"Acts as trap crop for aphids and cucumber beetles, repels bean beetles"
569,red-noodle-long-bean,bean,Cucumber,beneficial,"Benefits from bean's nitrogen fixation, beans provide natural trellis support"
569,red-noodle-long-bean,bean,Radish,beneficial,"Breaks up soil for bean roots, deters bean beetles, quick harvest before beans mature"
569,red-noodle-long-bean,bean,Catnip,beneficial,"Repels aphids, ants, and flea beetles that commonly attack beans"
569,red-noodle-long-bean,bean,Sweet Corn,beneficial,"Provides natural climbing support, benefits from nitrogen fixed by bean roots"
569,red-noodle-long-bean,bean,Summer Savory,beneficial,Improves bean growth and flavor while repelling bean beetles and aphids
569,red-noodle-long-bean,bean,Onion,harmful,Inhibits bean growth and nitrogen fixation through root secretions
569,red-noodle-long-bean,bean,Sunflower,harmful,Releases allelopathic compounds that stunt bean growth and development
569,red-noodle-long-bean,bean,Fennel,harmful,Produces allelopathic chemicals that inhibit bean germination and growth
570,top-notch-golden-wax,bean,Marigolds,beneficial,"Repel bean beetles, aphids, and other harmful insects while attracting beneficial predators"
570,top-notch-golden-wax,bean,Nasturtiums,beneficial,"Act as trap crops for aphids and cucumber beetles, protecting beans from pest damage"
570,top-notch-golden-wax,bean,Carrots,beneficial,Help break up soil for bean roots and don't compete for nutrients since beans fix nitrogen
570,top-notch-golden-wax,bean,Radishes,beneficial,Loosen soil around bean plants and mature quickly without competing for space
570,top-notch-golden-wax,bean,Lettuce,beneficial,Benefits from nitrogen fixed by beans and provides living mulch to retain soil moisture
570,top-notch-golden-wax,bean,Summer Savory,beneficial,Repels bean weevils and may improve bean flavor and growth
570,top-notch-golden-wax,bean,Rosemary,beneficial,Deters bean beetles and other pests with its strong aromatic compounds
570,top-notch-golden-wax,bean,Corn,beneficial,Provides natural support structure for climbing varieties and benefits from nitrogen fixed by beans
570,top-notch-golden-wax,bean,Onions,harmful,May inhibit bean growth and nitrogen fixation through root secretions
570,top-notch-golden-wax,bean,Fennel,harmful,Produces allelopathic compounds that inhibit growth and development of bean plants
570,top-notch-golden-wax,bean,Sunflowers,harmful,Compete heavily for nutrients and water while potentially releasing growth-inhibiting chemicals
571,purple-podded-bush-bean,bean,Marigolds,beneficial,Repel bean beetles and aphids while attracting beneficial insects
571,purple-podded-bush-bean,bean,Carrots,beneficial,Improve soil structure and don't compete for nutrients with beans
571,purple-podded-bush-bean,bean,Corn,beneficial,Provides natural support structure and benefits from nitrogen fixation
571,purple-podded-bush-bean,bean,Cucumber,beneficial,Compatible root systems and beans provide nitrogen for cucumber growth
571,purple-podded-bush-bean,bean,Radishes,beneficial,Break up soil for bean roots and mature quickly without competition
571,purple-podded-bush-bean,bean,Summer Savory,beneficial,Repels bean beetles and may improve bean flavor and growth
571,purple-podded-bush-bean,bean,Nasturtiums,beneficial,Act as trap crop for aphids and cucumber beetles
571,purple-podded-bush-bean,bean,Lettuce,beneficial,Shallow roots don't compete and benefits from bean's nitrogen fixation
571,purple-podded-bush-bean,bean,Onions,harmful,Can inhibit bean growth and nitrogen fixation due to sulfur compounds
571,purple-podded-bush-bean,bean,Garlic,harmful,Allelopathic compounds can stunt bean growth and reduce yields
571,purple-podded-bush-bean,bean,Sunflowers,harmful,"Compete heavily for nutrients and water, may shade out beans"
572,calypso-bush-bean,bean,Marigold,beneficial,"Repels bean beetles, aphids, and nematodes while attracting beneficial insects"
572,calypso-bush-bean,bean,Nasturtium,beneficial,"Acts as trap crop for aphids and cucumber beetles, repels bean beetles"
572,calypso-bush-bean,bean,Carrots,beneficial,"Loosen soil for bean root development, different root depths reduce competition"
572,calypso-bush-bean,bean,Radishes,beneficial,"Break up compacted soil, mature quickly before beans need space"
572,calypso-bush-bean,bean,Corn,beneficial,"Provides natural trellis support, beans fix nitrogen for corn's benefit"
572,calypso-bush-bean,bean,Summer Squash,beneficial,"Large leaves provide ground cover and moisture retention, part of Three Sisters planting"
572,calypso-bush-bean,bean,Cucumber,beneficial,"Compatible growth habits, beans provide nitrogen while cucumbers utilize different soil nutrients"
572,calypso-bush-bean,bean,Rosemary,beneficial,"Repels bean beetles and carrot flies, aromatic oils deter various pests"
572,calypso-bush-bean,bean,Onions,harmful,Inhibit bean growth and nitrogen fixation through root secretions
572,calypso-bush-bean,bean,Garlic,harmful,Stunts bean growth and interferes with beneficial rhizobia bacteria
572,calypso-bush-bean,bean,Fennel,harmful,Allelopathic compounds inhibit germination and growth of beans
573,cherokee-pink-bean,bean,Corn,beneficial,"Provides natural support structure for climbing beans, part of Three Sisters planting"
573,cherokee-pink-bean,bean,Squash,beneficial,"Large leaves provide ground cover and moisture retention, completes Three Sisters guild"
573,cherokee-pink-bean,bean,Marigolds,beneficial,"Repel Mexican bean beetles, aphids, and other bean pests with strong scent"
573,cherokee-pink-bean,bean,Nasturtiums,beneficial,"Act as trap crop for aphids and cucumber beetles, attract beneficial predatory insects"
573,cherokee-pink-bean,bean,Carrots,beneficial,"Deep roots don't compete with beans, beans' nitrogen fixation benefits carrot growth"
573,cherokee-pink-bean,bean,Radishes,beneficial,"Break up soil for bean roots, mature quickly before beans need full space"
573,cherokee-pink-bean,bean,Catnip,beneficial,"Repels flea beetles, ants, and other insects that damage bean plants"
573,cherokee-pink-bean,bean,Summer Savory,beneficial,"Deters bean weevils and Mexican bean beetles, may improve bean flavor"
573,cherokee-pink-bean,bean,Onions,harmful,Inhibit bean growth and nitrogen fixation through root exudates
573,cherokee-pink-bean,bean,Garlic,harmful,Stunts bean growth and interferes with beneficial rhizobia bacteria
573,cherokee-pink-bean,bean,Fennel,harmful,Inhibits growth of beans through allelopathic compounds released from roots
573,cherokee-pink-bean,bean,Kohlrabi,harmful,Competes heavily for nutrients and may stunt bean development
574,pole-lima-speckled-christmas,bean,Corn,beneficial,Provides natural support structure for climbing lima beans
574,pole-lima-speckled-christmas,bean,Squash,beneficial,"Creates Three Sisters guild, squash leaves shade soil and retain moisture"
574,pole-lima-speckled-christmas,bean,Marigolds,beneficial,Repel Mexican bean beetles and other harmful insects
574,pole-lima-speckled-christmas,bean,Nasturtiums,beneficial,Act as trap crop for aphids and cucumber beetles
574,pole-lima-speckled-christmas,bean,Carrots,beneficial,"Beans fix nitrogen that carrots utilize, carrots don't compete for space"
574,pole-lima-speckled-christmas,bean,Radishes,beneficial,Break up soil for bean roots and mature before beans need full space
574,pole-lima-speckled-christmas,bean,Basil,beneficial,Repels thrips and aphids while potentially improving bean flavor
574,pole-lima-speckled-christmas,bean,Summer Savory,beneficial,Deters Mexican bean beetles and may enhance bean growth
574,pole-lima-speckled-christmas,bean,Onions,harmful,Inhibit bean growth and nitrogen fixation through root secretions
574,pole-lima-speckled-christmas,bean,Sunflowers,harmful,Compete heavily for nutrients and may release allelopathic compounds
574,pole-lima-speckled-christmas,bean,Fennel,harmful,Produces allelopathic compounds that inhibit bean germination and growth
575,jacob-s-cattle-pole-bean,bean,Corn,beneficial,"Provides natural trellis support for climbing beans, classic Three Sisters companion"
575,jacob-s-cattle-pole-bean,bean,Squash,beneficial,"Ground cover that suppresses weeds and retains soil moisture, completes Three Sisters planting"
575,jacob-s-cattle-pole-bean,bean,Marigolds,beneficial,"Repels Mexican bean beetles, aphids, and other bean pests with strong scent"
575,jacob-s-cattle-pole-bean,bean,Nasturtiums,beneficial,"Acts as trap crop for aphids and cucumber beetles, deters bean pests"
575,jacob-s-cattle-pole-bean,bean,Carrots,beneficial,"Beans fix nitrogen in soil that carrots utilize, carrots don't compete for space"
575,jacob-s-cattle-pole-bean,bean,Radishes,beneficial,Quick-growing crop that loosens soil and can be harvested before beans need full space
575,jacob-s-cattle-pole-bean,bean,Lettuce,beneficial,"Benefits from nitrogen fixed by beans, provides living mulch at base of plants"
575,jacob-s-cattle-pole-bean,bean,Rosemary,beneficial,Repels Mexican bean beetles and other pests with aromatic oils
575,jacob-s-cattle-pole-bean,bean,Onions,harmful,Can inhibit bean growth and nitrogen fixation by root bacteria
575,jacob-s-cattle-pole-bean,bean,Fennel,harmful,Allelopathic properties inhibit growth of beans and most other garden plants
575,jacob-s-cattle-pole-bean,bean,Sunflowers,harmful,Releases allelopathic compounds that can stunt bean growth and development
576,vermont-cranberry-bush-bean,bean,Marigold,beneficial,"Repels Mexican bean beetles and aphids, reduces nematode populations in soil"
576,vermont-cranberry-bush-bean,bean,Basil,beneficial,"Repels aphids, spider mites, and thrips while potentially improving bean flavor"
576,vermont-cranberry-bush-bean,bean,Carrots,beneficial,"Deep taproot breaks up soil for bean roots, doesn't compete for same nutrients"
576,vermont-cranberry-bush-bean,bean,Corn,beneficial,"Provides natural trellis support for climbing beans, part of Three Sisters planting"
576,vermont-cranberry-bush-bean,bean,Summer Squash,beneficial,"Large leaves provide ground cover and moisture retention, completes Three Sisters guild"
576,vermont-cranberry-bush-bean,bean,Nasturtium,beneficial,"Acts as trap crop for aphids and cucumber beetles, deters Mexican bean beetles"
576,vermont-cranberry-bush-bean,bean,Rosemary,beneficial,Repels Mexican bean beetles and carrot flies without competing for resources
576,vermont-cranberry-bush-bean,bean,Lettuce,beneficial,"Provides living mulch, shallow roots don't compete, harvested before beans need full space"
576,vermont-cranberry-bush-bean,bean,Onions,harmful,Can stunt bean growth and reduce nitrogen fixation through allelopathic compounds
576,vermont-cranberry-bush-bean,bean,Sunflowers,harmful,"Allelopathic effects inhibit bean germination and growth, competes for nutrients"
576,vermont-cranberry-bush-bean,bean,Fennel,harmful,Strong allelopathic properties inhibit growth of beans and most other garden plants
577,green-zucchini-black-beauty-type,squash,Nasturtiums,beneficial,"Trap crop for squash bugs and cucumber beetles, also repels aphids"
577,green-zucchini-black-beauty-type,squash,Marigolds,beneficial,"Repel cucumber beetles, squash bugs, and nematodes with their strong scent"
577,green-zucchini-black-beauty-type,squash,Radishes,beneficial,"Deter squash vine borers and cucumber beetles, mature quickly before squash spreads"
577,green-zucchini-black-beauty-type,squash,Corn,beneficial,"Provides vertical structure and partial shade, part of traditional Three Sisters planting"
577,green-zucchini-black-beauty-type,squash,Beans,beneficial,"Fix nitrogen in soil for heavy-feeding squash, complete the Three Sisters guild"
577,green-zucchini-black-beauty-type,squash,Catnip,beneficial,"Strongly repels squash bugs, cucumber beetles, and other squash pests"
577,green-zucchini-black-beauty-type,squash,Oregano,beneficial,Repels cucumber beetles and provides ground cover to retain soil moisture
577,green-zucchini-black-beauty-type,squash,Dill,beneficial,Attracts beneficial predatory insects that control squash pests
577,green-zucchini-black-beauty-type,squash,Potatoes,harmful,"Compete for nutrients and space, both are heavy feeders requiring similar soil resources"
577,green-zucchini-black-beauty-type,squash,Aromatic herbs (Sage),harmful,Strong essential oils can inhibit squash growth and development
577,green-zucchini-black-beauty-type,squash,Brassicas (Broccoli),harmful,Compete heavily for nutrients and may stunt squash growth due to different soil pH preferences
580,costata-romanesco-zucchini,squash,Nasturtiums,beneficial,"Acts as trap crop for squash bugs and cucumber beetles, repels aphids"
580,costata-romanesco-zucchini,squash,Marigolds,beneficial,"Repels cucumber beetles, squash bugs, and nematodes with natural compounds"
580,costata-romanesco-zucchini,squash,Radishes,beneficial,"Deters squash vine borers and cucumber beetles, breaks up soil"
580,costata-romanesco-zucchini,squash,Beans,beneficial,Fixes nitrogen in soil benefiting heavy-feeding squash plants
580,costata-romanesco-zucchini,squash,Corn,beneficial,"Provides natural trellis and shade, part of traditional Three Sisters planting"
580,costata-romanesco-zucchini,squash,Catnip,beneficial,"Strongly repels squash bugs, cucumber beetles, and flea beetles"
580,costata-romanesco-zucchini,squash,Oregano,beneficial,Repels cucumber beetles and provides general pest deterrent aromatics
580,costata-romanesco-zucchini,squash,Borage,beneficial,Attracts beneficial insects and may improve growth and flavor of squash
580,costata-romanesco-zucchini,squash,Potatoes,harmful,"Compete for similar nutrients and space, both are heavy feeders"
580,costata-romanesco-zucchini,squash,Fennel,harmful,Inhibits growth through allelopathic compounds and attracts harmful insects
580,costata-romanesco-zucchini,squash,Brassicas,harmful,Compete for nutrients and may stunt squash growth due to different soil needs
582,zucchini-eight-ball,squash,Basil,beneficial,"Repels aphids and whiteflies, may improve flavor"
582,zucchini-eight-ball,squash,Marigolds,beneficial,"Repel cucumber beetles and squash bugs, natural pest deterrent"
582,zucchini-eight-ball,squash,Nasturtiums,beneficial,Act as trap crop for squash bugs and cucumber beetles
582,zucchini-eight-ball,squash,Radishes,beneficial,Deter squash vine borers and cucumber beetles
582,zucchini-eight-ball,squash,Beans,beneficial,"Fix nitrogen in soil, benefiting heavy-feeding zucchini"
582,zucchini-eight-ball,squash,Corn,beneficial,"Provides vertical structure and shade, part of three sisters planting"
582,zucchini-eight-ball,squash,Catnip,beneficial,"Repels ants, aphids, and cucumber beetles"
582,zucchini-eight-ball,squash,Dill,beneficial,Attracts beneficial insects like parasitic wasps that control pests
582,zucchini-eight-ball,squash,Potatoes,harmful,"Compete for space and nutrients, both are heavy feeders"
582,zucchini-eight-ball,squash,Fennel,harmful,Inhibits growth of most garden plants through allelopathy
582,zucchini-eight-ball,squash,Pumpkins,harmful,Cross-pollination can affect fruit quality and compete for space
587,zucchini-dark-green,squash,Nasturtiums,beneficial,"Trap crop for squash bugs and cucumber beetles, repels aphids"
587,zucchini-dark-green,squash,Marigolds,beneficial,"Repel cucumber beetles, squash bugs, and nematodes"
587,zucchini-dark-green,squash,Radishes,beneficial,Deter squash vine borers and cucumber beetles
587,zucchini-dark-green,squash,Corn,beneficial,"Provides vertical structure and shade, part of Three Sisters planting"
587,zucchini-dark-green,squash,Beans,beneficial,"Fix nitrogen in soil, complete the Three Sisters companion group"
587,zucchini-dark-green,squash,Catnip,beneficial,Strong repellent for squash bugs and cucumber beetles
587,zucchini-dark-green,squash,Dill,beneficial,Attracts beneficial insects that prey on squash pests
587,zucchini-dark-green,squash,Sunflowers,beneficial,Attract pollinators and beneficial predatory insects
587,zucchini-dark-green,squash,Potatoes,harmful,"Compete for space and nutrients, both are heavy feeders"
587,zucchini-dark-green,squash,"Aromatic herbs (Sage, Rosemary)",harmful,Strong scents may inhibit squash growth and reduce pollinator activity
587,zucchini-dark-green,squash,Fennel,harmful,Allelopathic properties inhibit growth of most vegetables including squash
592,zucchini-green-machine,squash,Nasturtiums,beneficial,"Repel squash bugs, cucumber beetles, and aphids while attracting beneficial predatory insects"
592,zucchini-green-machine,squash,Radishes,beneficial,"Deter squash vine borers and cucumber beetles, mature quickly without competing for space"
592,zucchini-green-machine,squash,Marigolds,beneficial,"Repel nematodes, squash bugs, and other harmful insects through natural compounds"
592,zucchini-green-machine,squash,Beans,beneficial,"Fix nitrogen in soil benefiting heavy-feeding zucchini, provide natural mulch with sprawling habit"
592,zucchini-green-machine,squash,Corn,beneficial,"Provides natural trellis support and shade, while zucchini leaves suppress weeds around corn base"
592,zucchini-green-machine,squash,Catnip,beneficial,"Strongly repels squash bugs, cucumber beetles, and ants through potent essential oils"
592,zucchini-green-machine,squash,Oregano,beneficial,"Repels aphids and provides ground cover, may enhance zucchini flavor when planted nearby"
592,zucchini-green-machine,squash,Dill,beneficial,Attracts beneficial insects like parasitic wasps that control squash pests
592,zucchini-green-machine,squash,Potatoes,harmful,"Compete for similar nutrients and space, both are heavy feeders that can stunt each other's growth"
592,zucchini-green-machine,squash,Fennel,harmful,Produces allelopathic compounds that inhibit growth of zucchini and most other garden plants
592,zucchini-green-machine,squash,Pumpkins,harmful,"Cross-pollination concerns and competition for space, nutrients, and water as both are large cucurbits"
594,romanesco-zucchini,squash,Nasturtiums,beneficial,"Act as trap crops for squash bugs and cucumber beetles, also repel aphids"
594,romanesco-zucchini,squash,Marigolds,beneficial,"Repel cucumber beetles, squash bugs, and nematodes while attracting beneficial insects"
594,romanesco-zucchini,squash,Radishes,beneficial,"Deter squash vine borers and cucumber beetles, mature quickly without competing for space"
594,romanesco-zucchini,squash,Corn,beneficial,"Provides natural trellis support and shade, creates beneficial microclimate"
594,romanesco-zucchini,squash,Beans,beneficial,"Fix nitrogen in soil for heavy-feeding squash, complement corn in three sisters planting"
594,romanesco-zucchini,squash,Catnip,beneficial,"Strongly repels squash bugs, cucumber beetles, and other common squash pests"
594,romanesco-zucchini,squash,Oregano,beneficial,Repels cucumber beetles and provides ground cover to suppress weeds
594,romanesco-zucchini,squash,Dill,beneficial,Attracts beneficial insects like parasitic wasps that control squash pests
594,romanesco-zucchini,squash,Potatoes,harmful,"Compete for nutrients and space, both are heavy feeders that deplete soil"
594,romanesco-zucchini,squash,Fennel,harmful,Inhibits growth through allelopathy and attracts harmful insects
594,romanesco-zucchini,squash,"Aromatic herbs (sage, rosemary)",harmful,Strong essential oils can inhibit squash growth and development
597,zucchini-costata-romanesco,squash,Nasturtiums,beneficial,"Acts as trap crop for squash bugs and cucumber beetles, repels aphids"
597,zucchini-costata-romanesco,squash,Marigolds,beneficial,"Deters squash bugs, cucumber beetles, and nematodes with strong scent"
597,zucchini-costata-romanesco,squash,Radishes,beneficial,"Repels squash vine borers and cucumber beetles, breaks up soil"
597,zucchini-costata-romanesco,squash,Beans,beneficial,"Fixes nitrogen in soil for heavy-feeding zucchini, compact growth fits under leaves"
597,zucchini-costata-romanesco,squash,Catnip,beneficial,"Strongly repels squash bugs, cucumber beetles, and ants"
597,zucchini-costata-romanesco,squash,Oregano,beneficial,Repels aphids and provides general pest deterrence with aromatic oils
597,zucchini-costata-romanesco,squash,Corn,beneficial,"Provides vertical structure, part of traditional three sisters planting"
597,zucchini-costata-romanesco,squash,Garlic,beneficial,"Deters aphids, squash bugs, and fungal diseases with sulfur compounds"
597,zucchini-costata-romanesco,squash,Cucumbers,harmful,"Compete for same nutrients and space, attract similar pests like cucumber beetles"
597,zucchini-costata-romanesco,squash,Potatoes,harmful,"Both are heavy feeders competing for nutrients, potatoes can harbor similar fungal diseases"
597,zucchini-costata-romanesco,squash,Pumpkins,harmful,Cross-pollination concerns and competition for space and nutrients
602,zucchini-grey,squash,Nasturtiums,beneficial,"Acts as trap crop for squash bugs and cucumber beetles, repels aphids"
602,zucchini-grey,squash,Marigolds,beneficial,"Deters cucumber beetles, squash bugs, and nematodes with natural compounds"
602,zucchini-grey,squash,Radishes,beneficial,"Repels squash vine borers and cucumber beetles, breaks up soil"
602,zucchini-grey,squash,Beans,beneficial,"Fixes nitrogen in soil for heavy-feeding squash, provides ground cover"
602,zucchini-grey,squash,Corn,beneficial,"Provides vertical structure and shade, part of Three Sisters planting"
602,zucchini-grey,squash,Catnip,beneficial,"Strongly repels squash bugs, cucumber beetles, and other pests"
602,zucchini-grey,squash,Dill,beneficial,Attracts beneficial insects that prey on squash pests
602,zucchini-grey,squash,Oregano,beneficial,Repels cucumber beetles and provides general pest deterrent
602,zucchini-grey,squash,Potatoes,harmful,"Competes for similar nutrients and space, may harbor similar pests"
602,zucchini-grey,squash,Fennel,harmful,Inhibits growth of most vegetables including squash through allelopathy
602,zucchini-grey,squash,Melons,harmful,"Attracts same pests and diseases, creates overcrowding competition"
603,zucchini-partenon,squash,Nasturtiums,beneficial,"Acts as trap crop for squash bugs and cucumber beetles, repels aphids"
603,zucchini-partenon,squash,Marigolds,beneficial,"Repels cucumber beetles, squash bugs, and nematodes with strong scent"
603,zucchini-partenon,squash,Radishes,beneficial,"Deters squash vine borers and cucumber beetles, breaks up soil"
603,zucchini-partenon,squash,Beans,beneficial,"Fixes nitrogen in soil, benefits heavy-feeding zucchini"
603,zucchini-partenon,squash,Corn,beneficial,"Provides vertical structure and shade, part of three sisters planting"
603,zucchini-partenon,squash,Catnip,beneficial,"Repels squash bugs, cucumber beetles, and ants effectively"
603,zucchini-partenon,squash,Dill,beneficial,Attracts beneficial insects like ladybugs and parasitic wasps
603,zucchini-partenon,squash,Oregano,beneficial,Repels cucumber beetles and provides ground cover to retain moisture
603,zucchini-partenon,squash,Potatoes,harmful,"Compete for space and nutrients, both are heavy feeders with similar root zones"
603,zucchini-partenon,squash,Fennel,harmful,"Inhibits growth through allelopathic compounds, stunts development"
603,zucchini-partenon,squash,Aromatic herbs (Sage),harmful,Strong oils can inhibit germination and growth of squash plants
604,zucchini-rampicante,squash,Nasturtium,beneficial,"Acts as trap crop for squash bugs and cucumber beetles, repels aphids"
604,zucchini-rampicante,squash,Marigold,beneficial,"Deters cucumber beetles, squash bugs, and nematodes with natural compounds"
604,zucchini-rampicante,squash,Radish,beneficial,"Repels squash vine borers and cucumber beetles, improves soil structure"
604,zucchini-rampicante,squash,Beans,beneficial,"Fix nitrogen in soil to benefit heavy-feeding squash, provide ground cover"
604,zucchini-rampicante,squash,Corn,beneficial,"Provides natural trellis support for climbing variety, creates beneficial microclimate"
604,zucchini-rampicante,squash,Catnip,beneficial,"Strongly repels squash bugs, cucumber beetles, and other common squash pests"
604,zucchini-rampicante,squash,Borage,beneficial,"Attracts beneficial insects, may improve growth and flavor of squash"
604,zucchini-rampicante,squash,Oregano,beneficial,Repels cucumber beetles and provides general pest deterrent properties
604,zucchini-rampicante,squash,Potato,harmful,"Competes for nutrients and space, both are heavy feeders requiring similar resources"
604,zucchini-rampicante,squash,Fennel,harmful,Inhibits growth of most garden plants including squash through allelopathic compounds
604,zucchini-rampicante,squash,Aromatic herbs (Sage),harmful,Strong oils can inhibit squash growth and may reduce fruit production
607,zucchini-ambassador,squash,Nasturtiums,beneficial,"Acts as trap crop for squash bugs and cucumber beetles, repels aphids"
607,zucchini-ambassador,squash,Marigolds,beneficial,"Repels cucumber beetles, squash bugs, and nematodes with strong scent"
607,zucchini-ambassador,squash,Radishes,beneficial,"Deters squash vine borers and cucumber beetles, quick harvest before squash spreads"
607,zucchini-ambassador,squash,Bush Beans,beneficial,Fix nitrogen in soil and don't compete for space with sprawling zucchini vines
607,zucchini-ambassador,squash,Catnip,beneficial,"Strongly repels squash bugs, cucumber beetles, and other squash pests"
607,zucchini-ambassador,squash,Dill,beneficial,Attracts beneficial insects like parasitic wasps that prey on squash pests
607,zucchini-ambassador,squash,Corn,beneficial,"Provides vertical structure while zucchini shades soil, part of three sisters planting"
607,zucchini-ambassador,squash,Borage,beneficial,"Attracts pollinators essential for squash fruit production, may improve growth"
607,zucchini-ambassador,squash,Aromatic Herbs,beneficial,"Oregano, thyme, and mint repel various squash pests through strong scents"
607,zucchini-ambassador,squash,Potatoes,harmful,Compete for nutrients and may increase risk of blight diseases in moist conditions
607,zucchini-ambassador,squash,Brassicas,harmful,"Cabbage, broccoli, and kale compete heavily for nutrients and space"
607,zucchini-ambassador,squash,Melons,harmful,"Share same pests and diseases, compete for space and nutrients, cross-pollination issues"
612,cosmic-purple-carrot,root-vegetable,Chives,beneficial,Repels carrot fly and aphids while improving soil structure
612,cosmic-purple-carrot,root-vegetable,Leeks,beneficial,Natural pest deterrent against carrot fly and root maggots
612,cosmic-purple-carrot,root-vegetable,Rosemary,beneficial,Strong scent masks carrot odor from pests and repels carrot fly
612,cosmic-purple-carrot,root-vegetable,Sage,beneficial,Deters carrot fly and other root vegetable pests with aromatic oils
612,cosmic-purple-carrot,root-vegetable,Lettuce,beneficial,"Shallow roots don't compete, provides living mulch and efficient space use"
612,cosmic-purple-carrot,root-vegetable,Radishes,beneficial,Break up compacted soil for carrot root development and mature quickly
612,cosmic-purple-carrot,root-vegetable,Marigolds,beneficial,Repel nematodes and other soil-borne pests that damage carrot roots
612,cosmic-purple-carrot,root-vegetable,Tomatoes,beneficial,Provide shade for carrots in hot weather while carrots loosen soil for tomato roots
612,cosmic-purple-carrot,root-vegetable,Dill,harmful,Attracts carrot fly and can stunt carrot growth when planted too close
612,cosmic-purple-carrot,root-vegetable,Parsnips,harmful,Compete for same nutrients and attract similar pests like carrot fly
612,cosmic-purple-carrot,root-vegetable,Coriander,harmful,Can inhibit carrot seed germination and early growth through allelopathic compounds
616,mokum-carrot,root-vegetable,Chives,beneficial,Repels carrot flies and aphids with strong sulfur compounds
616,mokum-carrot,root-vegetable,Lettuce,beneficial,"Shallow roots don't compete, provides ground cover to retain soil moisture"
616,mokum-carrot,root-vegetable,Tomatoes,beneficial,Help deter carrot flies while carrots may improve tomato flavor
616,mokum-carrot,root-vegetable,Rosemary,beneficial,Strong aromatic oils confuse and repel carrot flies and other pests
616,mokum-carrot,root-vegetable,Radishes,beneficial,Break up soil for carrot growth and mature quickly as intercrop
616,mokum-carrot,root-vegetable,Sage,beneficial,Repels carrot flies and cabbage moths with aromatic compounds
616,mokum-carrot,root-vegetable,Onions,beneficial,Sulfur compounds strongly repel carrot flies and root maggots
616,mokum-carrot,root-vegetable,Marigolds,beneficial,Release compounds that deter nematodes and various soil pests
616,mokum-carrot,root-vegetable,Dill,harmful,Attracts beneficial insects when young but can stunt carrot growth when mature
616,mokum-carrot,root-vegetable,Parsnips,harmful,"Compete for same soil nutrients and space, attract similar pests"
616,mokum-carrot,root-vegetable,Coriander,harmful,May inhibit carrot germination and early growth through allelopathic effects
617,atomic-red-carrot,root-vegetable,Chives,beneficial,Repels carrot flies and aphids with strong onion scent
617,atomic-red-carrot,root-vegetable,Leeks,beneficial,Deters carrot rust flies while carrots repel leek moths
617,atomic-red-carrot,root-vegetable,Rosemary,beneficial,Strong aromatic oils mask carrot scent from carrot flies
617,atomic-red-carrot,root-vegetable,Sage,beneficial,Repels carrot flies and other root pests with fragrant compounds
617,atomic-red-carrot,root-vegetable,Lettuce,beneficial,"Shallow roots don't compete, provides ground cover and moisture retention"
617,atomic-red-carrot,root-vegetable,Radishes,beneficial,Break up soil for carrot growth and mature quickly as companion crop
617,atomic-red-carrot,root-vegetable,Tomatoes,beneficial,Carrots improve soil structure while tomatoes provide beneficial shade
617,atomic-red-carrot,root-vegetable,Marigolds,beneficial,Release compounds that deter nematodes and other soil pests
617,atomic-red-carrot,root-vegetable,Dill,harmful,Attracts carrot flies when flowering and can stunt carrot growth
617,atomic-red-carrot,root-vegetable,Parsnips,harmful,"Compete for same soil nutrients and space, attract similar pests"
617,atomic-red-carrot,root-vegetable,Fennel,harmful,Releases allelopathic compounds that inhibit carrot germination and growth
621,tendersweet-orange-carrot,root-vegetable,Chives,beneficial,Repels carrot flies and aphids with strong onion scent
621,tendersweet-orange-carrot,root-vegetable,Rosemary,beneficial,Deters carrot flies and other root pests with aromatic oils
621,tendersweet-orange-carrot,root-vegetable,Marigolds,beneficial,Repel nematodes and other soil pests that damage carrot roots
621,tendersweet-orange-carrot,root-vegetable,Lettuce,beneficial,"Shallow roots don't compete, provides ground cover and efficient space use"
621,tendersweet-orange-carrot,root-vegetable,Tomatoes,beneficial,"Carrots help break up soil for tomato roots, tomatoes provide shade"
621,tendersweet-orange-carrot,root-vegetable,Leeks,beneficial,Strong scent confuses carrot flies and other root-attacking pests
621,tendersweet-orange-carrot,root-vegetable,Sage,beneficial,Repels carrot flies and cabbage moths with potent aromatic compounds
621,tendersweet-orange-carrot,root-vegetable,Radishes,beneficial,Break up compacted soil and are harvested before carrots need full space
621,tendersweet-orange-carrot,root-vegetable,Dill,harmful,Attracts carrot flies when flowering and can cross-pollinate with carrots
621,tendersweet-orange-carrot,root-vegetable,Parsnips,harmful,"Compete for same nutrients and space, both are long-season root crops"
621,tendersweet-orange-carrot,root-vegetable,Coriander,harmful,Can attract carrot flies and may inhibit carrot seed germination
622,imperator-58-carrot,root-vegetable,Chives,beneficial,Repels carrot rust fly and aphids with their strong scent
622,imperator-58-carrot,root-vegetable,Marigolds,beneficial,Deters nematodes and carrot rust flies while attracting beneficial insects
622,imperator-58-carrot,root-vegetable,Lettuce,beneficial,"Shallow roots don't compete, helps shade soil and retain moisture"
622,imperator-58-carrot,root-vegetable,Rosemary,beneficial,Strong aromatic oils repel carrot fly and other pests
622,imperator-58-carrot,root-vegetable,Leeks,beneficial,"Confuses carrot fly with different scent, mutual pest protection"
622,imperator-58-carrot,root-vegetable,Tomatoes,beneficial,"Carrots help break up soil for tomato roots, tomatoes provide shade"
622,imperator-58-carrot,root-vegetable,Sage,beneficial,Repels carrot rust fly and cabbage moths with aromatic compounds
622,imperator-58-carrot,root-vegetable,Radishes,beneficial,"Break up compacted soil ahead of carrots, quick harvest frees space"
622,imperator-58-carrot,root-vegetable,Dill,harmful,Can stunt carrot growth and reduce yields when planted too close
622,imperator-58-carrot,root-vegetable,Parsnips,harmful,Compete for same nutrients and attract similar pests like carrot fly
622,imperator-58-carrot,root-vegetable,Coriander,harmful,May inhibit carrot seed germination and early growth
623,thumbelina-carrot,root-vegetable,Chives,beneficial,Repels carrot fly and aphids with strong onion scent
623,thumbelina-carrot,root-vegetable,Leeks,beneficial,Deters carrot rust fly while carrots repel leek moth
623,thumbelina-carrot,root-vegetable,Rosemary,beneficial,Strong aromatic oils confuse and repel carrot fly
623,thumbelina-carrot,root-vegetable,Sage,beneficial,Repels carrot fly and other harmful insects with pungent fragrance
623,thumbelina-carrot,root-vegetable,Lettuce,beneficial,"Shallow roots don't compete, provides living mulch and efficient space use"
623,thumbelina-carrot,root-vegetable,Radishes,beneficial,Loosens soil for carrot growth and matures quickly before carrots need space
623,thumbelina-carrot,root-vegetable,Tomatoes,beneficial,Provide partial shade and may improve carrot flavor
623,thumbelina-carrot,root-vegetable,Peas,beneficial,Fix nitrogen in soil and light foliage doesn't shade small carrots
623,thumbelina-carrot,root-vegetable,Dill,harmful,Can stunt carrot growth and attract carrot fly when mature
623,thumbelina-carrot,root-vegetable,Parsnips,harmful,Compete for same soil nutrients and space as fellow root vegetable
623,thumbelina-carrot,root-vegetable,Coriander,harmful,May inhibit carrot germination and early growth through allelopathy
632,purple-carrot-cosmic-purple,root-vegetable,Chives,beneficial,Repels carrot fly and aphids while improving soil health
632,purple-carrot-cosmic-purple,root-vegetable,Rosemary,beneficial,Strong scent deters carrot fly and other root-damaging pests
632,purple-carrot-cosmic-purple,root-vegetable,Sage,beneficial,Repels carrot fly and cabbage moths through aromatic compounds
632,purple-carrot-cosmic-purple,root-vegetable,Leeks,beneficial,Natural pest deterrent that doesn't compete for root space
632,purple-carrot-cosmic-purple,root-vegetable,Lettuce,beneficial,"Shallow roots don't compete, provides living mulch to retain soil moisture"
632,purple-carrot-cosmic-purple,root-vegetable,Radishes,beneficial,Break up compacted soil for carrot growth and mature quickly
632,purple-carrot-cosmic-purple,root-vegetable,Tomatoes,beneficial,Deep taproot improves soil structure while different root zones reduce competition
632,purple-carrot-cosmic-purple,root-vegetable,Marigolds,beneficial,Release compounds that repel nematodes and other soil-borne pests
632,purple-carrot-cosmic-purple,root-vegetable,Dill,harmful,Can stunt carrot growth and attract carrot flies when mature
632,purple-carrot-cosmic-purple,root-vegetable,Parsnips,harmful,"Compete for same soil nutrients and space, both are root vegetables"
632,purple-carrot-cosmic-purple,root-vegetable,Fennel,harmful,Inhibits growth of most garden plants through allelopathic compounds
636,touchon-carrot,root-vegetable,Chives,beneficial,Repels carrot fly and aphids with strong sulfur compounds
636,touchon-carrot,root-vegetable,Leeks,beneficial,Natural pest deterrent against carrot fly and root maggots
636,touchon-carrot,root-vegetable,Rosemary,beneficial,Strong aromatic oils mask carrot scent from carrot fly
636,touchon-carrot,root-vegetable,Sage,beneficial,Repels carrot fly and cabbage moths with potent fragrance
636,touchon-carrot,root-vegetable,Lettuce,beneficial,"Shallow roots don't compete, provides living mulch and space efficiency"
636,touchon-carrot,root-vegetable,Tomatoes,beneficial,Natural pest control through solanine compounds that deter soil pests
636,touchon-carrot,root-vegetable,Onions,beneficial,Strong sulfur scent confuses and repels carrot fly
636,touchon-carrot,root-vegetable,Radishes,beneficial,Break up compacted soil and mature quickly without root competition
636,touchon-carrot,root-vegetable,Dill,harmful,Stunts carrot growth and attracts carrot fly when flowering
636,touchon-carrot,root-vegetable,Parsnips,harmful,Competes for same nutrients and attracts similar root pests
636,touchon-carrot,root-vegetable,Fennel,harmful,Allelopathic compounds inhibit carrot germination and growth
643,copenhagen-market-cabbage,brassica,Dill,beneficial,Attracts beneficial wasps that parasitize cabbage worms and aphids
643,copenhagen-market-cabbage,brassica,Onions,beneficial,"Repel cabbage maggots, aphids, and flea beetles with their strong sulfur compounds"
643,copenhagen-market-cabbage,brassica,Nasturtiums,beneficial,"Act as trap crop for aphids and flea beetles, drawing pests away from cabbage"
643,copenhagen-market-cabbage,brassica,Thyme,beneficial,Repels cabbage worms and flea beetles while attracting beneficial predatory insects
643,copenhagen-market-cabbage,brassica,Marigolds,beneficial,Deter cabbage moths and other flying pests with their strong scent
643,copenhagen-market-cabbage,brassica,Carrots,beneficial,Break up soil for shallow cabbage roots and don't compete for nutrients
643,copenhagen-market-cabbage,brassica,Celery,beneficial,Repels cabbage white butterflies and helps deter cabbage worms
643,copenhagen-market-cabbage,brassica,Lettuce,beneficial,Provides ground cover and efficient space use without competing for nutrients
643,copenhagen-market-cabbage,brassica,Tomatoes,harmful,Compete for similar nutrients and may stunt cabbage growth through root competition
643,copenhagen-market-cabbage,brassica,Strawberries,harmful,"Both are heavy feeders that compete for nutrients, leading to poor growth in both crops"
643,copenhagen-market-cabbage,brassica,Pole Beans,harmful,"Can shade cabbage and compete for space, while nitrogen fixing may cause excess leafy growth"
649,early-flat-dutch-cabbage,brassica,Dill,beneficial,Attracts beneficial insects like parasitic wasps that control cabbage worms
649,early-flat-dutch-cabbage,brassica,Onions,beneficial,"Repel cabbage root fly, aphids, and cabbage worms with strong sulfur compounds"
649,early-flat-dutch-cabbage,brassica,Marigolds,beneficial,"Repel nematodes and aphids, act as trap crop for whiteflies"
649,early-flat-dutch-cabbage,brassica,Nasturtiums,beneficial,"Act as trap crop for aphids and flea beetles, repel cucumber beetles"
649,early-flat-dutch-cabbage,brassica,Celery,beneficial,Repels cabbage white butterflies and improves cabbage flavor
649,early-flat-dutch-cabbage,brassica,Thyme,beneficial,Repels cabbage worms and flea beetles with aromatic oils
649,early-flat-dutch-cabbage,brassica,Lettuce,beneficial,Provides ground cover and efficient space use without competing for nutrients
649,early-flat-dutch-cabbage,brassica,Garlic,beneficial,"Repels aphids, cabbage root fly, and cabbage loopers with sulfur compounds"
649,early-flat-dutch-cabbage,brassica,Strawberries,harmful,Compete for nutrients and may stunt cabbage growth
649,early-flat-dutch-cabbage,brassica,Tomatoes,harmful,May inhibit cabbage growth and both attract similar pests like hornworms
649,early-flat-dutch-cabbage,brassica,Pole Beans,harmful,"Can shade cabbage and compete for soil nutrients, reducing head formation"
655,cabbage-stonehead,brassica,Dill,beneficial,Attracts beneficial insects like parasitic wasps that control cabbage worms
655,cabbage-stonehead,brassica,Onions,beneficial,"Repel cabbage root fly, aphids, and other brassica pests with strong scent"
655,cabbage-stonehead,brassica,Nasturtiums,beneficial,"Act as trap crop for aphids and flea beetles, drawing pests away from cabbage"
655,cabbage-stonehead,brassica,Marigolds,beneficial,Repel nematodes and various garden pests while attracting beneficial insects
655,cabbage-stonehead,brassica,Celery,beneficial,Improves growth and flavor of cabbage while repelling cabbage white butterflies
655,cabbage-stonehead,brassica,Lettuce,beneficial,"Provides living mulch, conserves soil moisture, and doesn't compete for nutrients"
655,cabbage-stonehead,brassica,Garlic,beneficial,Natural fungicide properties help prevent clubroot and other soil-borne diseases
655,cabbage-stonehead,brassica,Carrots,beneficial,Deep roots complement shallow cabbage roots without competing for space
655,cabbage-stonehead,brassica,Tomatoes,harmful,Compete for similar nutrients and may stunt cabbage growth through allelopathy
655,cabbage-stonehead,brassica,Strawberries,harmful,"Both are heavy feeders that compete for nutrients, leading to poor growth"
655,cabbage-stonehead,brassica,Pole Beans,harmful,"Can shade cabbage and compete for nitrogen, reducing head formation"
658,red-acre-cabbage,brassica,Dill,beneficial,Attracts beneficial insects like parasitic wasps that control cabbage worms and aphids
658,red-acre-cabbage,brassica,Onions,beneficial,"Repel cabbage maggots, flea beetles, and aphids with their strong sulfur compounds"
658,red-acre-cabbage,brassica,Marigolds,beneficial,"Deter cabbage worms, aphids, and other pests while attracting beneficial predatory insects"
658,red-acre-cabbage,brassica,Nasturtiums,beneficial,"Act as trap crop for aphids and flea beetles, drawing pests away from cabbage"
658,red-acre-cabbage,brassica,Celery,beneficial,Repels cabbage white butterflies and provides natural pest deterrent through aromatic compounds
658,red-acre-cabbage,brassica,Lettuce,beneficial,Maximizes space utilization as a quick-growing understory crop with shallow roots
658,red-acre-cabbage,brassica,Carrots,beneficial,Break up soil for cabbage roots and help deter cabbage flies while using different soil layers
658,red-acre-cabbage,brassica,Chamomile,beneficial,Improves soil health and may enhance cabbage flavor while attracting beneficial insects
658,red-acre-cabbage,brassica,Tomatoes,harmful,Compete for similar nutrients and may stunt cabbage growth through allelopathic effects
658,red-acre-cabbage,brassica,Strawberries,harmful,Inhibit cabbage growth and development through root competition and chemical interference
658,red-acre-cabbage,brassica,Pole Beans,harmful,Can shade cabbage excessively and compete for nitrogen that brassicas need for leaf development
663,cabbage-red-express,brassica,Nasturtium,beneficial,"Acts as trap crop for aphids and flea beetles, draws pests away from cabbage"
663,cabbage-red-express,brassica,Marigold,beneficial,"Repels cabbage worms, aphids, and other harmful insects with strong scent"
663,cabbage-red-express,brassica,Dill,beneficial,Attracts beneficial insects like parasitic wasps that control cabbage worms
663,cabbage-red-express,brassica,Onion,beneficial,"Repels cabbage maggots, aphids, and flea beetles with sulfur compounds"
663,cabbage-red-express,brassica,Celery,beneficial,Repels cabbage white butterflies and provides ground cover to retain moisture
663,cabbage-red-express,brassica,Lettuce,beneficial,Grows well in cabbage's shade and doesn't compete for nutrients
663,cabbage-red-express,brassica,Thyme,beneficial,Repels cabbage worms and flea beetles while attracting beneficial insects
663,cabbage-red-express,brassica,Garlic,beneficial,"Deters cabbage loopers, aphids, and cabbage root maggots with strong aroma"
663,cabbage-red-express,brassica,Tomato,harmful,Competes for nutrients and may stunt cabbage growth due to allelopathic effects
663,cabbage-red-express,brassica,Strawberry,harmful,Both plants attract similar pests and compete for soil nutrients
663,cabbage-red-express,brassica,Pole Bean,harmful,Can shade cabbage excessively and compete for nitrogen in soil
689,elephant-garlic,allium,Tomatoes,beneficial,"Elephant garlic repels aphids, spider mites, and other pests that commonly attack tomatoes"
689,elephant-garlic,allium,Cabbage,beneficial,"Deters cabbage worms, aphids, and other brassica pests while improving growth"
689,elephant-garlic,allium,Carrots,beneficial,"Repels carrot flies and root maggots, while carrots help break up soil for garlic bulbs"
689,elephant-garlic,allium,Lettuce,beneficial,"Provides pest protection without competing for nutrients, maximizes garden space"
689,elephant-garlic,allium,Roses,beneficial,"Repels aphids, spider mites, and may reduce fungal diseases like black spot"
689,elephant-garlic,allium,Peppers,beneficial,"Deters aphids, spider mites, and other common pepper pests"
689,elephant-garlic,allium,Spinach,beneficial,Benefits from pest protection while maturing before garlic needs full space
689,elephant-garlic,allium,Strawberries,beneficial,"Repels slugs, aphids, and other pests that damage strawberry plants"
689,elephant-garlic,allium,Beans,harmful,Garlic can inhibit nitrogen fixation and overall growth of legumes
689,elephant-garlic,allium,Peas,harmful,Allelopathic compounds in garlic can stunt pea growth and reduce yields
689,elephant-garlic,allium,Asparagus,harmful,Can inhibit asparagus growth and interfere with root development
695,spanish-roja-garlic,allium,Tomatoes,beneficial,"Garlic repels aphids, spider mites, and hornworms that attack tomatoes"
695,spanish-roja-garlic,allium,Roses,beneficial,"Garlic deters aphids, Japanese beetles, and may reduce black spot disease"
695,spanish-roja-garlic,allium,Cabbage,beneficial,"Garlic repels cabbage worms, aphids, and cabbage root maggots"
695,spanish-roja-garlic,allium,Carrots,beneficial,Garlic repels carrot rust flies and nematodes while improving carrot flavor
695,spanish-roja-garlic,allium,Lettuce,beneficial,Garlic deters aphids and slugs that commonly damage lettuce leaves
695,spanish-roja-garlic,allium,Spinach,beneficial,Garlic repels aphids and leaf miners while not competing for nutrients
695,spanish-roja-garlic,allium,Peppers,beneficial,"Garlic deters aphids, spider mites, and may reduce fungal diseases"
695,spanish-roja-garlic,allium,Strawberries,beneficial,"Garlic repels slugs, aphids, and may deter rodents from berry patches"
695,spanish-roja-garlic,allium,Beans,harmful,Garlic inhibits nitrogen fixation by rhizobia bacteria in bean root nodules
695,spanish-roja-garlic,allium,Peas,harmful,Garlic compounds interfere with pea growth and nitrogen fixation process
695,spanish-roja-garlic,allium,Asparagus,harmful,Garlic's allelopathic compounds can stunt asparagus growth and development
701,inchelium-red-softneck-garlic,allium,Tomatoes,beneficial,"Garlic repels aphids, spider mites, and hornworms that commonly attack tomatoes"
701,inchelium-red-softneck-garlic,allium,Roses,beneficial,"Garlic deters aphids, Japanese beetles, and may reduce black spot disease"
701,inchelium-red-softneck-garlic,allium,Carrots,beneficial,Garlic repels carrot flies while carrots help break up soil for garlic bulb development
701,inchelium-red-softneck-garlic,allium,Cabbage,beneficial,"Garlic deters cabbage worms, aphids, and flea beetles from brassicas"
701,inchelium-red-softneck-garlic,allium,Lettuce,beneficial,Garlic repels aphids and slugs while lettuce provides ground cover to retain soil moisture
701,inchelium-red-softneck-garlic,allium,Peppers,beneficial,Garlic helps repel aphids and spider mites that commonly damage pepper plants
701,inchelium-red-softneck-garlic,allium,Spinach,beneficial,Garlic deters aphids and leaf miners while spinach matures before garlic needs full space
701,inchelium-red-softneck-garlic,allium,Strawberries,beneficial,"Garlic repels aphids, spider mites, and may deter slugs from strawberry plants"
701,inchelium-red-softneck-garlic,allium,Beans,harmful,Garlic can inhibit nitrogen fixation by bean root bacteria and stunt bean growth
701,inchelium-red-softneck-garlic,allium,Peas,harmful,Garlic compounds can interfere with pea germination and root development
701,inchelium-red-softneck-garlic,allium,Asparagus,harmful,Garlic's sulfur compounds may inhibit asparagus spear development and overall growth
751,provider,pea,Carrots,beneficial,"Peas improve soil nitrogen for carrots, while carrots help break up soil for pea roots"
751,provider,pea,Radishes,beneficial,Help break up compacted soil and can be harvested before peas need the space
751,provider,pea,Lettuce,beneficial,Benefits from nitrogen fixed by peas and provides ground cover to retain soil moisture
751,provider,pea,Spinach,beneficial,Thrives in nitrogen-rich soil created by peas and has similar growing conditions
751,provider,pea,Cucumbers,beneficial,Benefit from nitrogen fixed by peas and can use pea trellises after harvest
751,provider,pea,Marigolds,beneficial,Repel aphids and other pests that commonly attack pea plants
751,provider,pea,Mint,beneficial,Deters rodents and ants that may damage pea seeds and pods
751,provider,pea,Chives,beneficial,Repel aphids and improve overall garden health through pest deterrence
751,provider,pea,Garlic,harmful,Inhibits pea growth through allelopathic compounds released from roots
751,provider,pea,Onions,harmful,Can stunt pea growth and development due to sulfur compounds in soil
751,provider,pea,Gladiolus,harmful,Competes aggressively for nutrients and can inhibit pea pod development
792,marketmore-76,cucumber,Radishes,beneficial,Repel cucumber beetles and squash bugs while improving soil structure
792,marketmore-76,cucumber,Marigolds,beneficial,"Deter cucumber beetles, aphids, and nematodes with natural compounds"
792,marketmore-76,cucumber,Nasturtiums,beneficial,"Act as trap crop for cucumber beetles and aphids, also repel squash bugs"
792,marketmore-76,cucumber,Bush Beans,beneficial,Fix nitrogen in soil and provide ground cover without competing for space
792,marketmore-76,cucumber,Dill,beneficial,Attracts beneficial insects like ladybugs and parasitic wasps that control pests
792,marketmore-76,cucumber,Lettuce,beneficial,Provides living mulch and cool soil while utilizing different root zones
792,marketmore-76,cucumber,Sunflowers,beneficial,Provide natural trellising support and attract pollinators
792,marketmore-76,cucumber,Catnip,beneficial,"Repels cucumber beetles, ants, and aphids more effectively than DEET"
792,marketmore-76,cucumber,Aromatic Herbs,harmful,Strong herbs like sage and rosemary can inhibit cucumber growth and germination
792,marketmore-76,cucumber,Melons,harmful,"Compete for same nutrients and space, can cross-pollinate affecting fruit quality"
792,marketmore-76,cucumber,Potatoes,harmful,Release compounds that can stunt cucumber growth and attract shared pests
793,boston-pickling,cucumber,Radishes,beneficial,Repel cucumber beetles and squash bugs while improving soil structure
793,boston-pickling,cucumber,Marigolds,beneficial,"Deter aphids, whiteflies, and cucumber beetles with their strong scent"
793,boston-pickling,cucumber,Nasturtiums,beneficial,Act as trap crops for cucumber beetles and squash bugs
793,boston-pickling,cucumber,Beans,beneficial,Fix nitrogen in soil and provide beneficial ground cover
793,boston-pickling,cucumber,Corn,beneficial,Provides natural trellis support and partial shade
793,boston-pickling,cucumber,Sunflowers,beneficial,Attract beneficial insects and provide windbreak protection
793,boston-pickling,cucumber,Dill,beneficial,Attracts beneficial insects like predatory wasps that control cucumber pests
793,boston-pickling,cucumber,Lettuce,beneficial,Benefits from cucumber's shade and efficient use of garden space
793,boston-pickling,cucumber,Aromatic Herbs,harmful,Strong herbs like sage can inhibit cucumber growth and development
793,boston-pickling,cucumber,Potatoes,harmful,Compete for nutrients and may increase disease susceptibility
793,boston-pickling,cucumber,Melons,harmful,Cross-pollination concerns and increased competition for space and nutrients
794,suyo-long,cucumber,Radishes,beneficial,Repel cucumber beetles and squash bugs while improving soil structure
794,suyo-long,cucumber,Marigolds,beneficial,"Deter cucumber beetles, aphids, and nematodes with their strong scent"
794,suyo-long,cucumber,Nasturtiums,beneficial,Act as trap crops for cucumber beetles and aphids while repelling squash bugs
794,suyo-long,cucumber,Beans,beneficial,Fix nitrogen in soil to benefit cucumber growth and provide natural trellis support
794,suyo-long,cucumber,Corn,beneficial,Provides natural vertical support for climbing cucumbers and shade for roots
794,suyo-long,cucumber,Sunflowers,beneficial,Attract beneficial insects and provide natural trellis support for vining cucumbers
794,suyo-long,cucumber,Dill,beneficial,Attracts beneficial insects that prey on cucumber pests like aphids and spider mites
794,suyo-long,cucumber,Lettuce,beneficial,Benefits from cucumber's shade while making efficient use of garden space
794,suyo-long,cucumber,Aromatic Herbs,harmful,Strong herbs like sage can inhibit cucumber growth and affect flavor development
794,suyo-long,cucumber,Potatoes,harmful,Compete for similar nutrients and may increase disease pressure in soil
794,suyo-long,cucumber,Melons,harmful,"Share similar pests and diseases, increasing infestation risk and competition for resources"
795,spacemaster-80,cucumber,Radishes,beneficial,Repel cucumber beetles and improve soil structure with their taproot
795,spacemaster-80,cucumber,Marigolds,beneficial,"Deter aphids, whiteflies, and cucumber beetles with their strong scent"
795,spacemaster-80,cucumber,Nasturtiums,beneficial,Act as trap crops for cucumber beetles and aphids
795,spacemaster-80,cucumber,Beans,beneficial,Fix nitrogen in soil and provide natural trellising support
795,spacemaster-80,cucumber,Corn,beneficial,Provides natural support structure and shade for cucumber vines
795,spacemaster-80,cucumber,Sunflowers,beneficial,Attract beneficial insects and provide vertical growing support
795,spacemaster-80,cucumber,Dill,beneficial,Attracts beneficial predatory insects that control cucumber pests
795,spacemaster-80,cucumber,Lettuce,beneficial,Benefits from cucumber's shade and efficient use of garden space
795,spacemaster-80,cucumber,Aromatic herbs,harmful,"Strong scents from sage, rosemary can inhibit cucumber growth and flavor"
795,spacemaster-80,cucumber,Potatoes,harmful,Compete for nutrients and may increase disease susceptibility
795,spacemaster-80,cucumber,Melons,harmful,Cross-pollination concerns and competition for space and nutrients
796,japanese-climbing,cucumber,Basil,beneficial,"Repels aphids, spider mites, and cucumber beetles while potentially improving cucumber flavor"
796,japanese-climbing,cucumber,Radishes,beneficial,"Deters cucumber beetles and squash bugs, breaks up soil for cucumber roots"
796,japanese-climbing,cucumber,Marigolds,beneficial,"Repels cucumber beetles, aphids, and nematodes with natural compounds"
796,japanese-climbing,cucumber,Nasturtiums,beneficial,"Acts as trap crop for cucumber beetles and aphids, natural pest deterrent"
796,japanese-climbing,cucumber,Lettuce,beneficial,Provides ground cover to retain soil moisture and doesn't compete for nutrients
796,japanese-climbing,cucumber,Beans,beneficial,"Fixes nitrogen in soil to benefit cucumber growth, compatible growth habits"
796,japanese-climbing,cucumber,Corn,beneficial,"Provides natural trellis support for climbing cucumbers, efficient space usage"
796,japanese-climbing,cucumber,Dill,beneficial,Attracts beneficial insects like parasitic wasps that control cucumber pests
796,japanese-climbing,cucumber,Aromatic Herbs,harmful,Strong herbs like sage and rosemary can inhibit cucumber germination and growth
796,japanese-climbing,cucumber,Potatoes,harmful,"Compete for similar nutrients and space, may increase disease susceptibility"
796,japanese-climbing,cucumber,Melons,harmful,"Cross-pollination concerns and competition for nutrients, water, and space"
797,straight-eight,cucumber,Radishes,beneficial,Break up soil for cucumber roots and repel cucumber beetles
797,straight-eight,cucumber,Marigolds,beneficial,"Repel cucumber beetles, aphids, and other harmful insects"
797,straight-eight,cucumber,Nasturtiums,beneficial,Act as trap crop for cucumber beetles and aphids
797,straight-eight,cucumber,Beans,beneficial,Fix nitrogen in soil and provide natural trellis support
797,straight-eight,cucumber,Corn,beneficial,Provides natural shade and wind protection for cucumber vines
797,straight-eight,cucumber,Sunflowers,beneficial,Attract beneficial insects and provide afternoon shade
797,straight-eight,cucumber,Dill,beneficial,Attracts beneficial insects like lacewings that control cucumber pests
797,straight-eight,cucumber,Lettuce,beneficial,Benefits from cucumber's shade while maximizing garden space
797,straight-eight,cucumber,Aromatic Herbs,harmful,"Strong scents from sage, rosemary can inhibit cucumber growth"
797,straight-eight,cucumber,Potatoes,harmful,Compete for nutrients and may increase disease susceptibility
797,straight-eight,cucumber,Melons,harmful,Cross-pollination concerns and increased competition for water and nutrients
798,burpless-beauty,cucumber,Radishes,beneficial,"Repels cucumber beetles and squash bugs, breaks up soil for cucumber roots"
798,burpless-beauty,cucumber,Marigolds,beneficial,"Deters cucumber beetles, aphids, and nematodes with natural compounds"
798,burpless-beauty,cucumber,Nasturtiums,beneficial,"Acts as trap crop for cucumber beetles and aphids, repels squash bugs"
798,burpless-beauty,cucumber,Bush Beans,beneficial,"Fixes nitrogen in soil for cucumber uptake, doesn't compete for space"
798,burpless-beauty,cucumber,Corn,beneficial,Provides natural trellis support and wind protection for climbing cucumbers
798,burpless-beauty,cucumber,Dill,beneficial,Attracts beneficial insects like parasitic wasps that control cucumber pests
798,burpless-beauty,cucumber,Lettuce,beneficial,"Shallow roots don't compete, cucumber vines provide beneficial shade"
798,burpless-beauty,cucumber,Sunflowers,beneficial,Attracts pollinators essential for cucumber fruit development
798,burpless-beauty,cucumber,Aromatic Herbs,harmful,"Strong scents from sage, rosemary can inhibit cucumber growth and germination"
798,burpless-beauty,cucumber,Potatoes,harmful,"Compete for similar nutrients and space, may harbor similar fungal diseases"
798,burpless-beauty,cucumber,Melons,harmful,Cross-pollination concerns and competition for nutrients in same plant family
799,lemon-cucumber,cucumber,Basil,beneficial,"Repels aphids, spider mites, and thrips while potentially improving cucumber flavor"
799,lemon-cucumber,cucumber,Radishes,beneficial,"Repels cucumber beetles and squash bugs, breaks up soil for cucumber roots"
799,lemon-cucumber,cucumber,Marigolds,beneficial,"Deters cucumber beetles, aphids, and nematodes with natural compounds"
799,lemon-cucumber,cucumber,Nasturtiums,beneficial,"Acts as trap crop for cucumber beetles and aphids, repels squash bugs"
799,lemon-cucumber,cucumber,Beans,beneficial,"Fixes nitrogen in soil to benefit cucumber growth, provides ground cover"
799,lemon-cucumber,cucumber,Corn,beneficial,Provides natural trellis support and wind protection for cucumber vines
799,lemon-cucumber,cucumber,Sunflowers,beneficial,"Attracts beneficial insects and pollinators, provides shade and wind protection"
799,lemon-cucumber,cucumber,Dill,beneficial,Attracts beneficial insects like lacewings and parasitic wasps that control pests
799,lemon-cucumber,cucumber,Aromatic Herbs,harmful,Strong herbs like sage can stunt cucumber growth and affect fruit development
799,lemon-cucumber,cucumber,Potatoes,harmful,"Compete for nutrients and space, may increase disease susceptibility"
799,lemon-cucumber,cucumber,Melons,harmful,"Share same pest and disease problems, compete heavily for nutrients and water"
800,diva,cucumber,Basil,beneficial,"Repels aphids, spider mites, and thrips while potentially improving cucumber flavor"
800,diva,cucumber,Marigold,beneficial,"Deters cucumber beetles, aphids, and nematodes with natural compounds"
800,diva,cucumber,Nasturtium,beneficial,Acts as trap crop for cucumber beetles and squash bugs
800,diva,cucumber,Radish,beneficial,Repels cucumber beetles and doesn't compete for space due to quick harvest
800,diva,cucumber,Beans,beneficial,Fix nitrogen in soil and provide natural trellis support for cucumber vines
800,diva,cucumber,Corn,beneficial,Provides natural support structure and shade without root competition
800,diva,cucumber,Sunflower,beneficial,Offers natural trellis support and attracts beneficial predatory insects
800,diva,cucumber,Dill,beneficial,Attracts beneficial wasps and predatory insects that control cucumber pests
800,diva,cucumber,Aromatic Herbs,beneficial,"Oregano, thyme, and chives mask cucumber scent from pest insects"
800,diva,cucumber,Potato,harmful,Competes heavily for nutrients and may increase disease susceptibility
800,diva,cucumber,Sage,harmful,Allelopathic properties can inhibit cucumber growth and germination
800,diva,cucumber,Fennel,harmful,Strong allelopathic effects inhibit growth of cucumbers and most vegetables
801,national-pickling,cucumber,Radishes,beneficial,Help deter cucumber beetles and break up soil for better root development
801,national-pickling,cucumber,Marigolds,beneficial,"Repel cucumber beetles, aphids, and other harmful insects"
801,national-pickling,cucumber,Nasturtiums,beneficial,Act as trap crops for cucumber beetles and aphids while deterring squash bugs
801,national-pickling,cucumber,Beans,beneficial,Fix nitrogen in soil and provide beneficial ground cover without competing for space
801,national-pickling,cucumber,Corn,beneficial,Provides natural trellis support and shade while cucumbers suppress weeds below
801,national-pickling,cucumber,Dill,beneficial,Attracts beneficial insects like parasitic wasps that control cucumber pests
801,national-pickling,cucumber,Lettuce,beneficial,Makes efficient use of space as ground cover and doesn't compete for nutrients
801,national-pickling,cucumber,Sunflowers,beneficial,Provide natural trellis support and attract pollinators essential for fruit development
801,national-pickling,cucumber,Aromatic Herbs,beneficial,"Oregano, thyme, and chives help repel cucumber beetles and other pests"
801,national-pickling,cucumber,Sage,harmful,Can inhibit cucumber growth through allelopathic compounds
801,national-pickling,cucumber,Melons,harmful,"Compete for similar nutrients and space, and share common diseases like bacterial wilt"
801,national-pickling,cucumber,Potatoes,harmful,May stunt cucumber growth and both plants compete heavily for water and nutrients
802,beit-alpha,cucumber,Radish,beneficial,Repels cucumber beetles and squash bugs while improving soil structure
802,beit-alpha,cucumber,Marigold,beneficial,"Deters cucumber beetles, aphids, and nematodes with natural compounds"
802,beit-alpha,cucumber,Nasturtium,beneficial,"Acts as trap crop for cucumber beetles and aphids, repels squash bugs"
802,beit-alpha,cucumber,Bean,beneficial,Fixes nitrogen in soil and provides natural trellis support
802,beit-alpha,cucumber,Corn,beneficial,Provides natural shade and wind protection for cucumber vines
802,beit-alpha,cucumber,Dill,beneficial,Attracts beneficial insects like parasitic wasps that control cucumber pests
802,beit-alpha,cucumber,Lettuce,beneficial,"Serves as living mulch, conserving soil moisture and suppressing weeds"
802,beit-alpha,cucumber,Sunflower,beneficial,Provides natural trellis support and attracts pollinators
802,beit-alpha,cucumber,Sage,harmful,Inhibits cucumber growth through allelopathic compounds
802,beit-alpha,cucumber,Potato,harmful,Competes for nutrients and may increase susceptibility to blight diseases
802,beit-alpha,cucumber,Aromatic herbs,harmful,Strong oils from rosemary and thyme can stunt cucumber growth
803,homemade-pickles,cucumber,Radishes,beneficial,Repel cucumber beetles and improve soil structure with their taproot
803,homemade-pickles,cucumber,Marigolds,beneficial,"Deter cucumber beetles, aphids, and nematodes with their strong scent"
803,homemade-pickles,cucumber,Nasturtiums,beneficial,"Act as trap crop for cucumber beetles and aphids, repel squash bugs"
803,homemade-pickles,cucumber,Beans,beneficial,Fix nitrogen in soil to benefit heavy-feeding cucumbers
803,homemade-pickles,cucumber,Corn,beneficial,Provides natural trellis support and shade for cucumber vines
803,homemade-pickles,cucumber,Sunflowers,beneficial,Offer vertical support and attract beneficial predatory insects
803,homemade-pickles,cucumber,Dill,beneficial,Attracts beneficial wasps that prey on cucumber pests
803,homemade-pickles,cucumber,Lettuce,beneficial,Benefits from cucumber's shade while maximizing garden space
803,homemade-pickles,cucumber,"Aromatic Herbs (Oregano, Thyme)",harmful,Strong oils can inhibit cucumber germination and growth
803,homemade-pickles,cucumber,Sage,harmful,Allelopathic compounds suppress cucumber growth and development
803,homemade-pickles,cucumber,Fennel,harmful,Inhibits growth of cucumbers through allelopathic root secretions
804,marketmore-80,cucumber,Basil,beneficial,"Repels aphids, spider mites, and thrips while potentially improving cucumber flavor"
804,marketmore-80,cucumber,Radishes,beneficial,"Deters cucumber beetles and borers, breaks up soil for cucumber roots"
804,marketmore-80,cucumber,Marigolds,beneficial,"Repels cucumber beetles, aphids, and nematodes with natural compounds"
804,marketmore-80,cucumber,Nasturtiums,beneficial,"Acts as trap crop for cucumber beetles and aphids, deters squash bugs"
804,marketmore-80,cucumber,Corn,beneficial,"Provides natural trellis support and shade, complementary root zones"
804,marketmore-80,cucumber,Beans,beneficial,"Fixes nitrogen in soil for cucumber uptake, compatible growth habits"
804,marketmore-80,cucumber,Lettuce,beneficial,"Efficient space use as ground cover, similar water and nutrient needs"
804,marketmore-80,cucumber,Dill,beneficial,Attracts beneficial insects that prey on cucumber pests
804,marketmore-80,cucumber,Aromatic Herbs,harmful,Strong herbs like sage can stunt cucumber growth and affect flavor
804,marketmore-80,cucumber,Potatoes,harmful,Compete for similar nutrients and may increase disease susceptibility
804,marketmore-80,cucumber,Melons,harmful,"Attract same pests and diseases, cross-pollination can affect fruit quality"
805,poona-kheera,cucumber,Basil,beneficial,"Repels aphids, spider mites, and thrips while potentially improving cucumber flavor"
805,poona-kheera,cucumber,Marigold,beneficial,"Deters cucumber beetles, aphids, and nematodes with strong scent"
805,poona-kheera,cucumber,Nasturtium,beneficial,Acts as trap crop for cucumber beetles and squash bugs
805,poona-kheera,cucumber,Radish,beneficial,Repels cucumber beetles and doesn't compete for space due to quick harvest
805,poona-kheera,cucumber,Beans,beneficial,Fixes nitrogen in soil and provides beneficial ground cover
805,poona-kheera,cucumber,Corn,beneficial,Provides natural trellis support and creates beneficial microclimate
805,poona-kheera,cucumber,Sunflower,beneficial,Attracts beneficial insects and provides natural support structure
805,poona-kheera,cucumber,Dill,beneficial,Attracts beneficial insects like ladybugs and parasitic wasps
805,poona-kheera,cucumber,Sage,harmful,May inhibit cucumber growth through allelopathic compounds
805,poona-kheera,cucumber,Aromatic herbs (strong),harmful,Strong oils from herbs like rosemary can stunt cucumber growth
805,poona-kheera,cucumber,Potato,harmful,Competes for nutrients and may increase disease susceptibility
806,tasty-jade,cucumber,Radishes,beneficial,"Repel cucumber beetles and squash bugs, quick harvest makes space for cucumber spread"
806,tasty-jade,cucumber,Marigolds,beneficial,"Deter cucumber beetles, aphids, and nematodes with natural compounds"
806,tasty-jade,cucumber,Nasturtiums,beneficial,"Act as trap crop for cucumber beetles and aphids, repel squash bugs"
806,tasty-jade,cucumber,Beans,beneficial,"Fix nitrogen in soil to benefit heavy-feeding cucumbers, different root depths"
806,tasty-jade,cucumber,Corn,beneficial,"Provides natural trellis support and shade, compatible root systems"
806,tasty-jade,cucumber,Lettuce,beneficial,"Grows in cucumber shade, shallow roots don't compete, efficient space use"
806,tasty-jade,cucumber,Dill,beneficial,Attracts beneficial insects like parasitic wasps that control cucumber pests
806,tasty-jade,cucumber,Sunflowers,beneficial,Provide natural trellis support and attract pollinators essential for fruit set
806,tasty-jade,cucumber,Aromatic Herbs,harmful,"Strong scents from sage, rosemary can inhibit cucumber growth and germination"
806,tasty-jade,cucumber,Melons,harmful,"Compete for same nutrients and space, share common diseases like bacterial wilt"
806,tasty-jade,cucumber,Potatoes,harmful,"Both susceptible to similar fungal diseases, potatoes may stunt cucumber growth"
807,armenian-cucumber,cucumber,Basil,beneficial,"Repels aphids, spider mites, and thrips while potentially improving cucumber flavor"
807,armenian-cucumber,cucumber,Marigold,beneficial,"Deters cucumber beetles, aphids, and nematodes with natural pest-repelling compounds"
807,armenian-cucumber,cucumber,Radish,beneficial,Acts as trap crop for cucumber beetles and helps break up soil for cucumber roots
807,armenian-cucumber,cucumber,Nasturtium,beneficial,Attracts beneficial insects and acts as trap crop for aphids and cucumber beetles
807,armenian-cucumber,cucumber,Beans,beneficial,Fixes nitrogen in soil to feed cucumbers and provides natural trellis support
807,armenian-cucumber,cucumber,Dill,beneficial,Attracts beneficial insects like parasitic wasps that control cucumber pests
807,armenian-cucumber,cucumber,Lettuce,beneficial,Provides living mulch to retain soil moisture and maximize garden space usage
807,armenian-cucumber,cucumber,Sunflower,beneficial,Provides natural shade and wind protection while attracting pollinators
807,armenian-cucumber,cucumber,Aromatic Herbs,harmful,Strong herbs like sage and rosemary can inhibit cucumber growth and flavor
807,armenian-cucumber,cucumber,Potato,harmful,"Competes heavily for nutrients and water, may harbor diseases harmful to cucumbers"
808,parisian-pickling-gherkin,cucumber,Radish,beneficial,Deters cucumber beetles and squash bugs while improving soil structure
808,parisian-pickling-gherkin,cucumber,Marigold,beneficial,"Repels aphids, whiteflies, and nematodes with strong scent"
808,parisian-pickling-gherkin,cucumber,Nasturtium,beneficial,Acts as trap crop for cucumber beetles and aphids
808,parisian-pickling-gherkin,cucumber,Bush Beans,beneficial,Fix nitrogen in soil and provide ground cover without competing for space
808,parisian-pickling-gherkin,cucumber,Corn,beneficial,Provides natural trellis support and creates beneficial microclimate
808,parisian-pickling-gherkin,cucumber,Sunflower,beneficial,Attracts beneficial insects and provides afternoon shade in hot climates
808,parisian-pickling-gherkin,cucumber,Dill,beneficial,Attracts beneficial predatory insects and may improve cucumber flavor
808,parisian-pickling-gherkin,cucumber,Lettuce,beneficial,Provides living mulch and efficient use of space as ground cover
808,parisian-pickling-gherkin,cucumber,Aromatic Herbs,harmful,Strong herbs like sage and rosemary can inhibit cucumber growth and germination
808,parisian-pickling-gherkin,cucumber,Potato,harmful,Competes for nutrients and may increase disease susceptibility
808,parisian-pickling-gherkin,cucumber,Melon,harmful,"Attracts same pests and diseases, leading to increased cucumber beetle pressure"
809,muncher-cucumber,cucumber,Basil,beneficial,"Repels aphids, spider mites, and thrips while potentially improving cucumber flavor"
809,muncher-cucumber,cucumber,Radish,beneficial,"Deters cucumber beetles and squash bugs, breaks up soil for cucumber roots"
809,muncher-cucumber,cucumber,Marigold,beneficial,"Repels cucumber beetles, aphids, and nematodes with strong scent"
809,muncher-cucumber,cucumber,Nasturtium,beneficial,Acts as trap crop for cucumber beetles and squash bugs
809,muncher-cucumber,cucumber,Dill,beneficial,Attracts beneficial insects like parasitic wasps that control cucumber pests
809,muncher-cucumber,cucumber,Bush Beans,beneficial,"Fix nitrogen in soil for cucumber feeding, compatible root systems"
809,muncher-cucumber,cucumber,Lettuce,beneficial,"Provides living mulch, shallow roots don't compete with cucumbers"
809,muncher-cucumber,cucumber,Sunflower,beneficial,Provides natural trellis support and attracts beneficial pollinators
809,muncher-cucumber,cucumber,Aromatic Herbs,harmful,"Strong scents from sage, oregano can inhibit cucumber germination and growth"
809,muncher-cucumber,cucumber,Potato,harmful,"Competes heavily for nutrients and water, may stunt cucumber growth"
809,muncher-cucumber,cucumber,Fennel,harmful,Releases allelopathic compounds that inhibit cucumber growth and development
810,painted-serpent-cucumber,cucumber,Radishes,beneficial,Repel cucumber beetles and squash bugs while improving soil structure
810,painted-serpent-cucumber,cucumber,Nasturtiums,beneficial,"Act as trap crop for cucumber beetles and aphids, repel squash bugs"
810,painted-serpent-cucumber,cucumber,Marigolds,beneficial,"Deter nematodes, aphids, and cucumber beetles with strong scent"
810,painted-serpent-cucumber,cucumber,Bush Beans,beneficial,Fix nitrogen in soil and provide ground cover without competing for space
810,painted-serpent-cucumber,cucumber,Corn,beneficial,Provides natural trellis support and shade while cucumbers suppress corn pests
810,painted-serpent-cucumber,cucumber,Sunflowers,beneficial,Attract beneficial insects and provide vertical growing support
810,painted-serpent-cucumber,cucumber,Dill,beneficial,Attracts beneficial insects like parasitic wasps that control cucumber pests
810,painted-serpent-cucumber,cucumber,Lettuce,beneficial,Benefits from cucumber's shade while maximizing garden space efficiency
810,painted-serpent-cucumber,cucumber,Aromatic Herbs,harmful,Strong herbs like sage and rosemary can inhibit cucumber growth and flavor
810,painted-serpent-cucumber,cucumber,Potatoes,harmful,"Compete for nutrients and space, may increase disease susceptibility"
810,painted-serpent-cucumber,cucumber,Melons,harmful,Cross-pollination can affect fruit quality and they compete for identical resources
811,telegraph-improved,cucumber,Basil,beneficial,"Repels aphids, whiteflies, and cucumber beetles while potentially improving cucumber flavor"
811,telegraph-improved,cucumber,Marigold,beneficial,"Deters cucumber beetles, aphids, and nematodes with natural pest-repelling compounds"
811,telegraph-improved,cucumber,Nasturtium,beneficial,"Acts as trap crop for cucumber beetles and aphids, drawing pests away from cucumbers"
811,telegraph-improved,cucumber,Radish,beneficial,"Repels cucumber beetles and squash bugs, breaks up soil for cucumber root development"
811,telegraph-improved,cucumber,Beans,beneficial,"Fixes nitrogen in soil for cucumber growth, provides natural trellis structure"
811,telegraph-improved,cucumber,Corn,beneficial,"Provides natural support structure and shade, creates beneficial microclimate"
811,telegraph-improved,cucumber,Dill,beneficial,Attracts beneficial insects like parasitic wasps that control cucumber pests
811,telegraph-improved,cucumber,Lettuce,beneficial,"Grows well in cucumber shade, efficient use of garden space without competition"
811,telegraph-improved,cucumber,Aromatic Herbs,harmful,Strong-scented herbs like sage and rosemary can inhibit cucumber growth and flavor
811,telegraph-improved,cucumber,Potato,harmful,"Competes for nutrients and space, may increase disease susceptibility"
811,telegraph-improved,cucumber,Tomato,harmful,"Both are heavy feeders competing for nutrients, increased risk of shared diseases"
812,ashley-cucumber,cucumber,Basil,beneficial,"Repels aphids, spider mites, and thrips while potentially improving cucumber flavor"
812,ashley-cucumber,cucumber,Marigold,beneficial,"Deters cucumber beetles, aphids, and nematodes with natural compounds"
812,ashley-cucumber,cucumber,Nasturtium,beneficial,"Acts as trap crop for cucumber beetles and aphids, draws pests away"
812,ashley-cucumber,cucumber,Radish,beneficial,Repels cucumber beetles and improves soil structure without competing for space
812,ashley-cucumber,cucumber,Lettuce,beneficial,Provides ground cover to retain moisture and suppress weeds under cucumber vines
812,ashley-cucumber,cucumber,Bush Beans,beneficial,Fixes nitrogen in soil to benefit heavy-feeding cucumbers
812,ashley-cucumber,cucumber,Sunflower,beneficial,Provides natural trellis support and attracts beneficial pollinators
812,ashley-cucumber,cucumber,Dill,beneficial,Attracts beneficial insects like parasitic wasps that control cucumber pests
812,ashley-cucumber,cucumber,Aromatic Herbs,harmful,Strong-scented herbs like sage can stunt cucumber growth and affect flavor
812,ashley-cucumber,cucumber,Melon,harmful,"Competes for nutrients and space, increases risk of shared diseases like bacterial wilt"
812,ashley-cucumber,cucumber,Potato,harmful,May increase susceptibility to blight diseases and compete heavily for nutrients
813,palace-king-cucumber,cucumber,Radish,beneficial,Deters cucumber beetles and improves soil structure with taproot
813,palace-king-cucumber,cucumber,Marigold,beneficial,"Repels cucumber beetles, aphids, and other harmful insects"
813,palace-king-cucumber,cucumber,Nasturtium,beneficial,Acts as trap crop for cucumber beetles and aphids
813,palace-king-cucumber,cucumber,Beans,beneficial,Fixes nitrogen in soil and provides natural trellis support
813,palace-king-cucumber,cucumber,Corn,beneficial,Provides natural shade and wind protection for cucumber vines
813,palace-king-cucumber,cucumber,Dill,beneficial,Attracts beneficial insects and may improve cucumber flavor
813,palace-king-cucumber,cucumber,Lettuce,beneficial,"Acts as living mulch, conserving soil moisture"
813,palace-king-cucumber,cucumber,Sunflower,beneficial,Provides natural trellis support and attracts beneficial pollinators
813,palace-king-cucumber,cucumber,Potato,harmful,Competes for nutrients and may harbor similar soil-borne diseases
813,palace-king-cucumber,cucumber,Sage,harmful,Allelopathic compounds can inhibit cucumber growth
813,palace-king-cucumber,cucumber,Aromatic herbs,harmful,"Strong oils from mint, rosemary can stunt cucumber development"
814,picklebush-cucumber,cucumber,Radishes,beneficial,Repel cucumber beetles and improve soil structure while maturing quickly
814,picklebush-cucumber,cucumber,Marigolds,beneficial,"Deter aphids, whiteflies, and cucumber beetles with their strong scent"
814,picklebush-cucumber,cucumber,Nasturtiums,beneficial,"Act as trap crop for cucumber beetles and aphids, drawing pests away"
814,picklebush-cucumber,cucumber,Beans,beneficial,Fix nitrogen in soil to benefit cucumber growth and provide natural mulch
814,picklebush-cucumber,cucumber,Corn,beneficial,Provides natural trellis support and creates beneficial shade
814,picklebush-cucumber,cucumber,Sunflowers,beneficial,Attract beneficial insects and provide windbreak protection
814,picklebush-cucumber,cucumber,Dill,beneficial,Attracts beneficial predatory insects that control cucumber pests
814,picklebush-cucumber,cucumber,Lettuce,beneficial,"Acts as living mulch, conserving soil moisture cucumbers need"
814,picklebush-cucumber,cucumber,Aromatic Herbs,harmful,"Strong scents from sage, rosemary can inhibit cucumber growth and flavor"
814,picklebush-cucumber,cucumber,Potatoes,harmful,Compete for nutrients and may harbor diseases harmful to cucumbers
814,picklebush-cucumber,cucumber,Melons,harmful,Cross-pollination concerns and increased competition for space and nutrients
815,tendergreen-burpless-cucumber,cucumber,Radish,beneficial,Repels cucumber beetles and squash bugs while improving soil structure
815,tendergreen-burpless-cucumber,cucumber,Marigold,beneficial,"Deters cucumber beetles, aphids, and nematodes with strong scent"
815,tendergreen-burpless-cucumber,cucumber,Nasturtium,beneficial,"Acts as trap crop for cucumber beetles and aphids, repels squash bugs"
815,tendergreen-burpless-cucumber,cucumber,Bean,beneficial,Fixes nitrogen in soil to benefit heavy-feeding cucumbers
815,tendergreen-burpless-cucumber,cucumber,Corn,beneficial,Provides natural trellis support and shade during hot afternoons
815,tendergreen-burpless-cucumber,cucumber,Sunflower,beneficial,Attracts beneficial insects and provides natural support structure
815,tendergreen-burpless-cucumber,cucumber,Dill,beneficial,Attracts beneficial insects like parasitic wasps that control cucumber pests
815,tendergreen-burpless-cucumber,cucumber,Lettuce,beneficial,Provides ground cover to retain soil moisture and suppress weeds
815,tendergreen-burpless-cucumber,cucumber,Sage,harmful,Inhibits cucumber growth through allelopathic compounds
815,tendergreen-burpless-cucumber,cucumber,Aromatic Herbs,harmful,Strong oils from herbs like rosemary and thyme can stunt cucumber growth
815,tendergreen-burpless-cucumber,cucumber,Potato,harmful,Competes for nutrients and may increase disease susceptibility
816,crystal-apple-cucumber,cucumber,Basil,beneficial,"Repels aphids, spider mites, and thrips while potentially improving cucumber flavor"
816,crystal-apple-cucumber,cucumber,Marigolds,beneficial,"Deters cucumber beetles, aphids, and nematodes with natural compounds"
816,crystal-apple-cucumber,cucumber,Radishes,beneficial,"Repels cucumber beetles and squash bugs, acts as trap crop for flea beetles"
816,crystal-apple-cucumber,cucumber,Nasturtiums,beneficial,"Acts as trap crop for cucumber beetles and aphids, repels squash bugs"
816,crystal-apple-cucumber,cucumber,Beans,beneficial,"Fixes nitrogen in soil for cucumber uptake, provides natural trellis support"
816,crystal-apple-cucumber,cucumber,Corn,beneficial,"Provides natural shade and wind protection, offers climbing support for vines"
816,crystal-apple-cucumber,cucumber,Lettuce,beneficial,"Serves as living mulch, conserves soil moisture and suppresses weeds"
816,crystal-apple-cucumber,cucumber,Dill,beneficial,Attracts beneficial insects like parasitic wasps that control cucumber pests
816,crystal-apple-cucumber,cucumber,Aromatic Herbs,harmful,Strong scented herbs like sage and rosemary can inhibit cucumber growth and flavor
816,crystal-apple-cucumber,cucumber,Melons,harmful,"Compete for same nutrients and space, share common diseases and pests"
816,crystal-apple-cucumber,cucumber,Potatoes,harmful,"Both are susceptible to blight diseases, potatoes may shade out cucumber vines"
817,kirby-cucumber,cucumber,Radish,beneficial,Deters cucumber beetles and squash bugs while breaking up soil for cucumber roots
817,kirby-cucumber,cucumber,Marigold,beneficial,"Repels cucumber beetles, aphids, and nematodes with strong scent"
817,kirby-cucumber,cucumber,Nasturtium,beneficial,Acts as trap crop for cucumber beetles and aphids while repelling squash bugs
817,kirby-cucumber,cucumber,Bean,beneficial,Fixes nitrogen in soil for cucumber growth and provides natural trellis support
817,kirby-cucumber,cucumber,Corn,beneficial,Provides natural support structure and windbreak for climbing cucumber vines
817,kirby-cucumber,cucumber,Sunflower,beneficial,Attracts beneficial insects and provides shade during hot summer afternoons
817,kirby-cucumber,cucumber,Dill,beneficial,Attracts beneficial insects like parasitic wasps that control cucumber pests
817,kirby-cucumber,cucumber,Lettuce,beneficial,"Acts as living mulch, conserving soil moisture that cucumbers require"
817,kirby-cucumber,cucumber,Aromatic Herbs,harmful,Strong scented herbs like sage can stunt cucumber growth and affect flavor
817,kirby-cucumber,cucumber,Potato,harmful,Competes for nutrients and increases risk of blight diseases spreading to cucumbers
817,kirby-cucumber,cucumber,Melon,harmful,"Shares same pests and diseases, increasing concentration of cucumber beetles and powdery mildew"
818,english-telegraph,cucumber,Basil,beneficial,"Repels aphids, whiteflies, and cucumber beetles while improving cucumber flavor"
818,english-telegraph,cucumber,Radishes,beneficial,"Deter cucumber beetles and squash bugs, break up soil for cucumber roots"
818,english-telegraph,cucumber,Marigolds,beneficial,"Repel nematodes, aphids, and cucumber beetles with their strong scent"
818,english-telegraph,cucumber,Nasturtiums,beneficial,"Act as trap crops for cucumber beetles and aphids, climbing varieties provide ground cover"
818,english-telegraph,cucumber,Beans,beneficial,"Fix nitrogen in soil for cucumber growth, provide natural trellising structure"
818,english-telegraph,cucumber,Dill,beneficial,"Attracts beneficial insects that prey on cucumber pests, improves pollination"
818,english-telegraph,cucumber,Lettuce,beneficial,"Provides living mulch, conserves soil moisture, and utilizes space efficiently"
818,english-telegraph,cucumber,Sunflowers,beneficial,Provide natural trellising support and attract pollinators for better fruit set
818,english-telegraph,cucumber,Aromatic Herbs,harmful,Strong herbs like sage and rosemary can stunt cucumber growth through allelopathic compounds
818,english-telegraph,cucumber,Melons,harmful,"Compete for similar nutrients and space, share common pests and diseases"
819,mexican-sour-gherkin,cucumber,Radishes,beneficial,Repel cucumber beetles and squash bugs while improving soil structure
819,mexican-sour-gherkin,cucumber,Marigolds,beneficial,"Deter nematodes, aphids, and cucumber beetles with their strong scent"
819,mexican-sour-gherkin,cucumber,Nasturtiums,beneficial,Act as trap crop for cucumber beetles and aphids while repelling squash bugs
819,mexican-sour-gherkin,cucumber,Beans,beneficial,Fix nitrogen in soil and provide natural trellis support for climbing gherkins
819,mexican-sour-gherkin,cucumber,Corn,beneficial,Provides natural support structure and wind protection for climbing vines
819,mexican-sour-gherkin,cucumber,Dill,beneficial,Attracts beneficial insects like lacewings and parasitic wasps that control pests
819,mexican-sour-gherkin,cucumber,Lettuce,beneficial,Grows in shade of gherkin vines and helps conserve soil moisture
819,mexican-sour-gherkin,cucumber,Catnip,beneficial,"Repels cucumber beetles, ants, and flea beetles more effectively than DEET"
819,mexican-sour-gherkin,cucumber,Sage,harmful,Inhibits growth of cucumbers through allelopathic compounds
819,mexican-sour-gherkin,cucumber,Aromatic herbs,harmful,Strong essential oils from herbs like rosemary can stunt cucumber family growth
819,mexican-sour-gherkin,cucumber,Potatoes,harmful,Compete for nutrients and may increase susceptibility to blight diseases
820,salad-bush,cucumber,Radishes,beneficial,Repel cucumber beetles and squash bugs while improving soil structure
820,salad-bush,cucumber,Marigolds,beneficial,"Deter cucumber beetles, aphids, and nematodes with natural compounds"
820,salad-bush,cucumber,Nasturtiums,beneficial,Act as trap crop for cucumber beetles and aphids while repelling squash bugs
820,salad-bush,cucumber,Beans,beneficial,Fix nitrogen in soil and provide natural trellis support for climbing varieties
820,salad-bush,cucumber,Corn,beneficial,Provides natural shade and wind protection while serving as living trellis
820,salad-bush,cucumber,Lettuce,beneficial,Utilizes space efficiently as ground cover and benefits from cucumber's shade
820,salad-bush,cucumber,Dill,beneficial,Attracts beneficial insects like predatory wasps that control cucumber pests
820,salad-bush,cucumber,Sunflowers,beneficial,Provide natural shade and attract pollinators while deterring some pests
820,salad-bush,cucumber,Aromatic Herbs,beneficial,"Mint, oregano, and chives repel ants, aphids, and cucumber beetles"
820,salad-bush,cucumber,Sage,harmful,Inhibits growth of cucumbers through allelopathic compounds
820,salad-bush,cucumber,Potatoes,harmful,"Compete for nutrients and space, may increase disease susceptibility"
820,salad-bush,cucumber,Melons,harmful,"Share similar pests and diseases, creating concentrated pest problems"
821,chicago-pickling,cucumber,Basil,beneficial,"Repels aphids, spider mites, and thrips while potentially improving cucumber flavor"
821,chicago-pickling,cucumber,Radishes,beneficial,"Repels cucumber beetles and squash bugs, acts as a trap crop"
821,chicago-pickling,cucumber,Marigolds,beneficial,"Deters cucumber beetles, aphids, and nematodes with natural compounds"
821,chicago-pickling,cucumber,Nasturtiums,beneficial,"Acts as trap crop for cucumber beetles and aphids, repels squash bugs"
821,chicago-pickling,cucumber,Beans,beneficial,Fix nitrogen in soil and provide beneficial ground cover without competing
821,chicago-pickling,cucumber,Corn,beneficial,Provides natural trellis support and shade during hot afternoons
821,chicago-pickling,cucumber,Sunflowers,beneficial,Attract beneficial insects and provide afternoon shade for cucumber vines
821,chicago-pickling,cucumber,Dill,beneficial,Attracts beneficial insects that prey on cucumber pests like aphids
821,chicago-pickling,cucumber,Aromatic Herbs,harmful,"Strong scents from sage, rosemary can inhibit cucumber growth and germination"
821,chicago-pickling,cucumber,Potatoes,harmful,"Compete for similar nutrients and space, may harbor diseases harmful to cucumbers"
821,chicago-pickling,cucumber,Melons,harmful,Attract same pests like cucumber beetles and compete for water and nutrients
1085,black-beauty,rose,Lavender,beneficial,"Repels aphids, spider mites, and other rose pests while attracting beneficial pollinators"
1085,black-beauty,rose,Marigolds,beneficial,"Deters nematodes, aphids, and whiteflies with natural compounds"
1085,black-beauty,rose,Garlic,beneficial,"Repels aphids, spider mites, and Japanese beetles while improving soil health"
1085,black-beauty,rose,Chives,beneficial,Prevents black spot and aphid infestations through natural sulfur compounds
1085,black-beauty,rose,Catmint,beneficial,"Deters ants, aphids, and rodents while attracting beneficial insects"
1085,black-beauty,rose,Alyssum,beneficial,Attracts predatory insects that control aphids and other rose pests
1085,black-beauty,rose,Clematis,beneficial,Provides complementary root depth and attracts pollinators without competing for nutrients
1085,black-beauty,rose,Parsley,beneficial,Attracts beneficial insects like hoverflies that prey on aphids
1085,black-beauty,rose,Black Walnut,harmful,Releases juglone toxin that inhibits rose growth and causes yellowing
1085,black-beauty,rose,Large Trees,harmful,Competes for nutrients and water while creating excessive shade that promotes fungal diseases
1085,black-beauty,rose,Brassicas,harmful,Heavy feeders that deplete soil nutrients needed by roses
1298,little-leaf-cucumber,cucumber,Basil,beneficial,"Repels aphids, spider mites, and thrips while potentially improving cucumber flavor"
1298,little-leaf-cucumber,cucumber,Marigold,beneficial,"Deters cucumber beetles, aphids, and nematodes with natural compounds"
1298,little-leaf-cucumber,cucumber,Nasturtium,beneficial,Acts as trap crop for cucumber beetles and squash bugs while repelling aphids
1298,little-leaf-cucumber,cucumber,Radish,beneficial,"Repels cucumber beetles and squash vine borers, breaks up soil for cucumber roots"
1298,little-leaf-cucumber,cucumber,Bean,beneficial,Fixes nitrogen in soil benefiting heavy-feeding cucumbers
1298,little-leaf-cucumber,cucumber,Corn,beneficial,Provides natural trellis support and creates beneficial microclimate
1298,little-leaf-cucumber,cucumber,Dill,beneficial,Attracts beneficial insects like parasitic wasps that control cucumber pests
1298,little-leaf-cucumber,cucumber,Lettuce,beneficial,Provides ground cover to retain soil moisture and suppress weeds
1298,little-leaf-cucumber,cucumber,Aromatic Herbs,harmful,Strong-scented herbs like sage can inhibit cucumber growth and germination
1298,little-leaf-cucumber,cucumber,Potato,harmful,Competes for nutrients and may increase disease susceptibility
1298,little-leaf-cucumber,cucumber,Fennel,harmful,Releases allelopathic compounds that inhibit cucumber growth and development
1305,piccolo-grape-tomato,tomato,Basil,beneficial,"Repels aphids, thrips, and hornworms while potentially improving tomato flavor"
1305,piccolo-grape-tomato,tomato,Marigolds,beneficial,"Deters nematodes, whiteflies, and other harmful insects with strong scent"
1305,piccolo-grape-tomato,tomato,Carrots,beneficial,Loosens soil for tomato roots and doesn't compete for nutrients
1305,piccolo-grape-tomato,tomato,Parsley,beneficial,Attracts beneficial insects like hoverflies and parasitic wasps
1305,piccolo-grape-tomato,tomato,Nasturtiums,beneficial,Acts as trap crop for aphids and cucumber beetles
1305,piccolo-grape-tomato,tomato,Chives,beneficial,Repels aphids and may help prevent fungal diseases
1305,piccolo-grape-tomato,tomato,Lettuce,beneficial,Provides ground cover to retain moisture and doesn't compete for space
1305,piccolo-grape-tomato,tomato,Borage,beneficial,Attracts pollinators and may deter hornworms and cabbage worms
1305,piccolo-grape-tomato,tomato,Black Walnut,harmful,Produces juglone toxin that causes tomato wilt and stunted growth
1305,piccolo-grape-tomato,tomato,Fennel,harmful,Inhibits tomato growth through allelopathic compounds
1305,piccolo-grape-tomato,tomato,Brassicas,harmful,Compete for nutrients and may stunt tomato growth when planted nearby
1450,provider,bean,Corn,beneficial,"Provides natural support structure for climbing beans, classic Three Sisters companion"
1450,provider,bean,Squash,beneficial,"Ground cover suppresses weeds, retains soil moisture, completes Three Sisters planting"
1450,provider,bean,Marigolds,beneficial,Repels Mexican bean beetles and aphids with strong scent
1450,provider,bean,Nasturtiums,beneficial,"Acts as trap crop for aphids and cucumber beetles, repels bean beetles"
1450,provider,bean,Carrots,beneficial,"Beans improve soil nitrogen for carrots, carrots help break up soil for bean roots"
1450,provider,bean,Radishes,beneficial,Quick-growing radishes break up soil and are harvested before beans need full space
1450,provider,bean,Lettuce,beneficial,"Benefits from nitrogen fixed by beans, provides living mulch"
1450,provider,bean,Rosemary,beneficial,Repels bean beetles and Mexican bean beetles with aromatic oils
1450,provider,bean,Onions,harmful,Can inhibit bean growth and nitrogen fixation through root compounds
1450,provider,bean,Garlic,harmful,Allelopathic compounds can stunt bean growth and reduce yields
1450,provider,bean,Fennel,harmful,Strong allelopathic effects inhibit bean germination and growth
1451,maxibel,bean,Marigold,beneficial,Repels Mexican bean beetles and other harmful insects
1451,maxibel,bean,Nasturtium,beneficial,Acts as trap crop for aphids and cucumber beetles
1451,maxibel,bean,Basil,beneficial,Repels aphids and thrips while potentially improving bean flavor
1451,maxibel,bean,Carrots,beneficial,"Bean roots fix nitrogen for carrots, while carrots don't compete for space"
1451,maxibel,bean,Corn,beneficial,Provides natural trellis for climbing beans in three sisters planting
1451,maxibel,bean,Summer Squash,beneficial,"Ground cover reduces weeds, completes three sisters companion group"
1451,maxibel,bean,Catnip,beneficial,Deters flea beetles and ants that can damage bean plants
1451,maxibel,bean,Radishes,beneficial,Break up soil for bean roots and mature quickly without competition
1451,maxibel,bean,Onions,harmful,Can inhibit bean growth and nitrogen fixation by root bacteria
1451,maxibel,bean,Garlic,harmful,Allelopathic compounds may stunt bean growth and development
1451,maxibel,bean,Sunflowers,harmful,Compete heavily for nutrients and can shade out bean plants
1452,fortex,bean,Marigold,beneficial,"Repels Mexican bean beetles, aphids, and nematodes while attracting beneficial insects"
1452,fortex,bean,Nasturtium,beneficial,"Acts as trap crop for aphids and cucumber beetles, repels bean beetles"
1452,fortex,bean,Carrots,beneficial,Loosens soil for bean roots and doesn't compete for nutrients
1452,fortex,bean,Corn,beneficial,Provides natural trellis support for climbing beans in three sisters planting
1452,fortex,bean,Squash,beneficial,"Ground cover reduces weeds and retains moisture, completes three sisters guild"
1452,fortex,bean,Rosemary,beneficial,Repels Mexican bean beetles and carrot flies with strong aromatic compounds
1452,fortex,bean,Cucumber,beneficial,Compatible growth habits and helps deter bean beetles through companion diversity
1452,fortex,bean,Radishes,beneficial,"Quick-growing, breaks up soil, and deters cucumber beetles"
1452,fortex,bean,Onions,harmful,Inhibits bean growth and nitrogen fixation through allelopathic root compounds
1452,fortex,bean,Fennel,harmful,Allelopathic properties inhibit growth and development of most garden plants
1452,fortex,bean,Sunflowers,harmful,"Competes heavily for nutrients and water, may release growth-inhibiting chemicals"
1453,fordhook-242,bean,Marigold,beneficial,"Repels bean beetles, aphids, and nematodes while attracting beneficial insects"
1453,fordhook-242,bean,Nasturtium,beneficial,"Acts as trap crop for aphids and cucumber beetles, deters bean beetles"
1453,fordhook-242,bean,Corn,beneficial,Provides natural support structure for climbing beans in three sisters planting
1453,fordhook-242,bean,Squash,beneficial,Ground cover suppresses weeds and retains soil moisture for beans
1453,fordhook-242,bean,Carrots,beneficial,"Beans fix nitrogen in soil which carrots utilize, carrots loosen soil for bean roots"
1453,fordhook-242,bean,Cucumber,beneficial,Both benefit from similar growing conditions and beans provide nitrogen
1453,fordhook-242,bean,Summer Savory,beneficial,"Repels bean beetles and aphids, may improve bean flavor and growth"
1453,fordhook-242,bean,Radish,beneficial,Quick-growing radishes break up soil for bean roots and deter bean fly
1453,fordhook-242,bean,Onion,harmful,Stunts bean growth and development through root competition and allelopathic compounds
1453,fordhook-242,bean,Garlic,harmful,Inhibits bean germination and growth through sulfur compounds in soil
1453,fordhook-242,bean,Fennel,harmful,Releases allelopathic chemicals that inhibit bean growth and nitrogen fixation
1458,jade,bean,Marigold,beneficial,"Repels bean beetles, aphids, and nematodes while attracting beneficial insects"
1458,jade,bean,Basil,beneficial,"Repels aphids, spider mites, and thrips that commonly attack bean plants"
1458,jade,bean,Corn,beneficial,Provides natural support structure for climbing beans in Three Sisters planting
1458,jade,bean,Squash,beneficial,"Large leaves provide ground cover, retain moisture, and suppress weeds around bean plants"
1458,jade,bean,Carrots,beneficial,Deep roots don't compete with beans and help break up soil for better root development
1458,jade,bean,Nasturtium,beneficial,Acts as trap crop for aphids and cucumber beetles while improving soil nitrogen
1458,jade,bean,Radish,beneficial,Quick-growing crop that loosens soil and can be harvested before beans need full space
1458,jade,bean,Summer Savory,beneficial,Repels bean weevils and may improve bean flavor when planted nearby
1458,jade,bean,Onions,harmful,Can inhibit bean growth and nitrogen fixation through root secretions
1458,jade,bean,Fennel,harmful,Releases allelopathic compounds that stunt growth of beans and most garden plants
1458,jade,bean,Garlic,harmful,Strong sulfur compounds can interfere with bean root development and nitrogen fixation
1460,tavera,bean,Marigold,beneficial,"Repels bean beetles, aphids, and nematodes while attracting beneficial insects"
1460,tavera,bean,Basil,beneficial,"Deters aphids and spider mites, may improve bean flavor and growth"
1460,tavera,bean,Corn,beneficial,Provides natural trellis support for climbing beans in Three Sisters planting
1460,tavera,bean,Carrots,beneficial,"Beans fix nitrogen which carrots need, carrots don't compete for space"
1460,tavera,bean,Cucumber,beneficial,"Similar water and nutrient needs, beans provide nitrogen for cucumbers"
1460,tavera,bean,Nasturtium,beneficial,"Acts as trap crop for aphids and cucumber beetles, repels bean beetles"
1460,tavera,bean,Summer Savory,beneficial,"Improves bean flavor and growth, repels bean weevils and aphids"
1460,tavera,bean,Catnip,beneficial,Strongly repels bean weevils and other bean pests
1460,tavera,bean,Onion,harmful,Inhibits bean growth and nitrogen fixation through root secretions
1460,tavera,bean,Garlic,harmful,Stunts bean growth and interferes with beneficial rhizobia bacteria
1460,tavera,bean,Fennel,harmful,Allelopathic compounds inhibit bean germination and growth
1460,tavera,bean,Sunflower,harmful,"Competes heavily for nutrients and water, may release growth inhibitors"
1465,rocdor,bean,Marigold,beneficial,Repels Mexican bean beetles and aphids while attracting beneficial insects
1465,rocdor,bean,Nasturtium,beneficial,"Acts as trap crop for aphids and cucumber beetles, deters bean beetles"
1465,rocdor,bean,Corn,beneficial,Provides natural trellis for climbing beans in Three Sisters companion planting
1465,rocdor,bean,Squash,beneficial,"Ground cover reduces weeds, retains soil moisture in Three Sisters method"
1465,rocdor,bean,Carrots,beneficial,"Beans fix nitrogen that carrots utilize, carrots don't compete for space"
1465,rocdor,bean,Cucumber,beneficial,Both benefit from similar growing conditions and bean's nitrogen fixation
1465,rocdor,bean,Radish,beneficial,"Quick harvest leaves space for beans, may deter bean beetles"
1465,rocdor,bean,Summer Savory,beneficial,"Repels bean beetles and aphids, may enhance bean flavor"
1465,rocdor,bean,Onion,harmful,Inhibits bean growth and nitrogen fixation through root secretions
1465,rocdor,bean,Garlic,harmful,Stunts bean growth and interferes with beneficial root bacteria
1465,rocdor,bean,Sunflower,harmful,Allelopathic compounds inhibit bean germination and growth
1473,northeaster,bean,Marigolds,beneficial,"Repel bean beetles, aphids, and nematodes while attracting beneficial insects"
1473,northeaster,bean,Carrots,beneficial,Help break up soil for bean roots and don't compete for nutrients
1473,northeaster,bean,Corn,beneficial,Provides natural trellis support for climbing beans in three sisters planting
1473,northeaster,bean,Squash,beneficial,"Ground cover suppresses weeds and retains moisture, completes three sisters guild"
1473,northeaster,bean,Nasturtiums,beneficial,"Act as trap crop for aphids and cucumber beetles, attract predatory insects"
1473,northeaster,bean,Summer Savory,beneficial,"Repels bean beetles and aphids, may improve bean flavor when planted nearby"
1473,northeaster,bean,Radishes,beneficial,Break up compacted soil and mature quickly without competing for space
1473,northeaster,bean,Catnip,beneficial,"Deters bean beetles, aphids, and ants through strong aromatic compounds"
1473,northeaster,bean,Onions,harmful,Can inhibit bean growth and nitrogen fixation through allelopathic compounds
1473,northeaster,bean,Garlic,harmful,May stunt bean growth and interfere with beneficial rhizobia bacteria
1473,northeaster,bean,Sunflowers,harmful,"Compete heavily for nutrients and water, can shade out bean plants"
1485,ruby-red-or-rhubarb-chard,brassica,Lettuce,beneficial,"Shallow roots don't compete, provides living mulch and maximizes space usage"
1485,ruby-red-or-rhubarb-chard,brassica,Onions,beneficial,"Repel aphids, flea beetles, and other pests that commonly attack chard"
1485,ruby-red-or-rhubarb-chard,brassica,Garlic,beneficial,"Natural pest deterrent, repels aphids and reduces fungal diseases"
1485,ruby-red-or-rhubarb-chard,brassica,Carrots,beneficial,Deep taproot breaks up soil while chard's shallow roots don't compete
1485,ruby-red-or-rhubarb-chard,brassica,Radishes,beneficial,"Quick-growing, helps break up soil and can be harvested before chard needs full space"
1485,ruby-red-or-rhubarb-chard,brassica,Spinach,beneficial,"Similar growing requirements and compatible root systems, good succession planting"
1485,ruby-red-or-rhubarb-chard,brassica,Marigolds,beneficial,"Repel aphids, whiteflies, and nematodes while attracting beneficial insects"
1485,ruby-red-or-rhubarb-chard,brassica,Nasturtiums,beneficial,"Act as trap crop for aphids and flea beetles, drawing pests away from chard"
1485,ruby-red-or-rhubarb-chard,brassica,Pole Beans,harmful,Can shade chard excessively and compete for nutrients in the root zone
1485,ruby-red-or-rhubarb-chard,brassica,Corn,harmful,"Creates too much shade and competes heavily for nutrients, stunting chard growth"
1485,ruby-red-or-rhubarb-chard,brassica,Fennel,harmful,Allelopathic properties inhibit growth of most garden plants including chard
1489,toma-verde,tomato,Basil,beneficial,"Repels aphids, whiteflies, and hornworms while potentially improving tomato flavor"
1489,toma-verde,tomato,Marigold,beneficial,"Deters nematodes, aphids, and whiteflies with natural compounds"
1489,toma-verde,tomato,Carrots,beneficial,Loosens soil for tomato roots and doesn't compete for nutrients
1489,toma-verde,tomato,Parsley,beneficial,Attracts beneficial insects like hoverflies that prey on tomato pests
1489,toma-verde,tomato,Nasturtiums,beneficial,Acts as trap crop for aphids and cucumber beetles
1489,toma-verde,tomato,Chives,beneficial,Repels aphids and may improve tomato growth and flavor
1489,toma-verde,tomato,Lettuce,beneficial,Provides ground cover and utilizes space efficiently without root competition
1489,toma-verde,tomato,Borage,beneficial,"Repels hornworms and attracts pollinators, may enhance tomato flavor"
1489,toma-verde,tomato,Black Walnut,harmful,Releases juglone toxin that causes tomato wilt and stunted growth
1489,toma-verde,tomato,Fennel,harmful,Inhibits tomato growth through allelopathic compounds
1489,toma-verde,tomato,Corn,harmful,"Both attract corn earworms/tomato fruitworms, increasing pest pressure"
1489,toma-verde,tomato,Brassicas,harmful,Compete for similar nutrients and may stunt tomato growth when planted nearby
1672,de-milpa,tomato,Basil,beneficial,"Repels aphids, whiteflies, and hornworms while potentially improving tomato flavor"
1672,de-milpa,tomato,Marigold,beneficial,"Deters nematodes, aphids, and whiteflies with natural pest-repelling compounds"
1672,de-milpa,tomato,Carrots,beneficial,Loosens soil for better tomato root growth and doesn't compete for nutrients
1672,de-milpa,tomato,Parsley,beneficial,Attracts beneficial insects like hoverflies and parasitic wasps that control pests
1672,de-milpa,tomato,Nasturtiums,beneficial,"Acts as trap crop for aphids and cucumber beetles, drawing them away from tomatoes"
1672,de-milpa,tomato,Chives,beneficial,Repels aphids and may improve tomato growth and flavor through root interactions
1672,de-milpa,tomato,Lettuce,beneficial,"Provides living mulch, conserves soil moisture, and doesn't compete with deep tomato roots"
1672,de-milpa,tomato,Borage,beneficial,Attracts pollinators and beneficial insects while reportedly improving tomato flavor
1672,de-milpa,tomato,Black Walnut,harmful,Releases juglone toxin that causes wilting and stunted growth in tomatoes
1672,de-milpa,tomato,Fennel,harmful,Inhibits tomato growth through allelopathic compounds released from roots and leaves
1672,de-milpa,tomato,Brassicas,harmful,Compete heavily for nutrients and may stunt tomato growth when planted too close
1672,de-milpa,tomato,Corn,harmful,"Both attract corn earworm/tomato fruitworm, increasing pest pressure for both crops"
1679,marvel-of-venice,bean,Marigold,beneficial,"Repels bean beetles, aphids, and nematodes while attracting beneficial insects"
1679,marvel-of-venice,bean,Basil,beneficial,"Repels aphids, spider mites, and thrips while potentially improving bean flavor"
1679,marvel-of-venice,bean,Corn,beneficial,Provides natural support structure for climbing beans in three sisters planting
1679,marvel-of-venice,bean,Summer Squash,beneficial,Ground cover reduces weeds and retains soil moisture for bean roots
1679,marvel-of-venice,bean,Carrots,beneficial,"Beans fix nitrogen in soil which carrots utilize, while carrots don't compete for space"
1679,marvel-of-venice,bean,Nasturtium,beneficial,"Acts as trap crop for aphids and cucumber beetles, protecting bean plants"
1679,marvel-of-venice,bean,Radishes,beneficial,Break up compacted soil and mature quickly without competing with bean growth
1679,marvel-of-venice,bean,Rosemary,beneficial,Repels bean beetles and Mexican bean beetles with strong aromatic compounds
1679,marvel-of-venice,bean,Onions,harmful,Stunts bean growth through allelopathic compounds and root competition
1679,marvel-of-venice,bean,Garlic,harmful,Inhibits bean germination and growth through sulfur compounds in soil
1679,marvel-of-venice,bean,Sunflowers,harmful,Allelopathic effects inhibit bean growth and tall structure creates excessive shade
1688,tohya,bean,Marigold,beneficial,"Repels Mexican bean beetles, aphids, and nematodes while attracting beneficial insects"
1688,tohya,bean,Nasturtium,beneficial,"Acts as trap crop for aphids and cucumber beetles, repels bean beetles"
1688,tohya,bean,Carrots,beneficial,Loosens soil for bean roots and doesn't compete for nutrients
1688,tohya,bean,Cucumber,beneficial,"Beans fix nitrogen that cucumbers need, while cucumbers provide ground cover"
1688,tohya,bean,Corn,beneficial,Provides natural trellis for climbing beans in three sisters planting method
1688,tohya,bean,Summer Squash,beneficial,Large leaves suppress weeds and retain soil moisture for bean plants
1688,tohya,bean,Radishes,beneficial,Break up compacted soil and mature quickly without competing for space
1688,tohya,bean,Rosemary,beneficial,Repels bean beetles and Mexican bean beetles with its strong scent
1688,tohya,bean,Onions,harmful,Can inhibit bean growth and nitrogen fixation through root secretions
1688,tohya,bean,Sunflowers,harmful,Allelopathic effects can stunt bean growth and development
1688,tohya,bean,Fennel,harmful,Inhibits growth of beans through allelopathic compounds released by roots
1690,velour,bean,Marigold,beneficial,"Repels bean beetles, aphids, and nematodes while attracting beneficial insects"
1690,velour,bean,Carrots,beneficial,Loosen soil for bean roots and don't compete for nitrogen since beans fix their own
1690,velour,bean,Corn,beneficial,Provides natural support structure for climbing beans in Three Sisters planting
1690,velour,bean,Nasturtiums,beneficial,Act as trap crop for aphids and cucumber beetles while repelling bean beetles
1690,velour,bean,Summer Savory,beneficial,"Repels bean beetles and aphids, may improve bean flavor and growth"
1690,velour,bean,Radishes,beneficial,Break up compacted soil and mature quickly without competing for space
1690,velour,bean,Cucumber,beneficial,Both benefit from similar growing conditions and beans provide nitrogen cucumbers need
1690,velour,bean,Catnip,beneficial,"Repels aphids, ants, and flea beetles that commonly attack beans"
1690,velour,bean,Onions,harmful,Can inhibit bean growth and nitrogen fixation through root secretions
1690,velour,bean,Garlic,harmful,Stunts bean growth and interferes with beneficial rhizobia bacteria
1690,velour,bean,Sunflowers,harmful,"Compete heavily for nutrients and water, can shade beans and reduce yields"
1694,red-noodle,bean,Marigolds,beneficial,"Repel aphids, whiteflies, and nematodes while attracting beneficial insects"
1694,red-noodle,bean,Basil,beneficial,"Deters aphids, spider mites, and thrips while potentially improving bean flavor"
1694,red-noodle,bean,Carrots,beneficial,Improve soil structure and don't compete for nutrients with beans
1694,red-noodle,bean,Lettuce,beneficial,Benefits from bean's nitrogen fixation and provides ground cover to retain soil moisture
1694,red-noodle,bean,Radishes,beneficial,Break up compacted soil and mature quickly without competing for space
1694,red-noodle,bean,Nasturtiums,beneficial,Act as trap crops for aphids and cucumber beetles while repelling bean beetles
1694,red-noodle,bean,Summer Savory,beneficial,Repels bean beetles and aphids while potentially improving bean growth
1694,red-noodle,bean,Corn,beneficial,Provides natural trellis support for climbing beans in three sisters planting
1694,red-noodle,bean,Onions,harmful,Can inhibit bean growth and nitrogen fixation through root secretions
1694,red-noodle,bean,Garlic,harmful,Releases compounds that can stunt bean growth and reduce yield
1694,red-noodle,bean,Fennel,harmful,Produces allelopathic compounds that inhibit growth of most garden plants including beans
1714,amethyst,bean,Marigold,beneficial,"Repels bean beetles, aphids, and nematodes while attracting beneficial insects"
1714,amethyst,bean,Basil,beneficial,"Repels aphids, spider mites, and thrips that commonly attack beans"
1714,amethyst,bean,Carrots,beneficial,Loosens soil for bean roots and doesn't compete for nutrients
1714,amethyst,bean,Corn,beneficial,Provides natural support structure for climbing beans to grow on
1714,amethyst,bean,Squash,beneficial,Ground cover that conserves soil moisture and suppresses weeds
1714,amethyst,bean,Nasturtiums,beneficial,Acts as trap crop for aphids and cucumber beetles while deterring bean beetles
1714,amethyst,bean,Radishes,beneficial,Fast-growing companion that breaks up soil and deters bean root fly
1714,amethyst,bean,Summer Savory,beneficial,Improves bean flavor and repels bean beetles and aphids
1714,amethyst,bean,Onions,harmful,Inhibits bean growth and nitrogen fixation through root secretions
1714,amethyst,bean,Garlic,harmful,Stunts bean growth and interferes with beneficial soil bacteria
1714,amethyst,bean,Sunflowers,harmful,Allelopathic compounds inhibit bean germination and growth
1725,monte-gusto,bean,Garlic,harmful,May stunt bean growth and reduce yields
1725,monte-gusto,bean,Sunflowers,harmful,Compete heavily for nutrients and may release growth inhibitors
1725,monte-gusto,bean,Marigolds,beneficial,"Repel aphids, whiteflies, and nematodes while attracting beneficial insects"
1725,monte-gusto,bean,Basil,beneficial,"Deters aphids and spider mites, may enhance bean flavor"
1725,monte-gusto,bean,Carrots,beneficial,Help loosen soil for bean roots and don't compete for nutrients
1725,monte-gusto,bean,Radishes,beneficial,Break up compacted soil and deter cucumber beetles
1725,monte-gusto,bean,Nasturtiums,beneficial,Act as trap crops for aphids and cucumber beetles
1725,monte-gusto,bean,Summer Savory,beneficial,Improves bean growth and flavor while repelling bean beetles
1725,monte-gusto,bean,Corn,beneficial,Provides natural support structure for climbing beans
1725,monte-gusto,bean,Lettuce,beneficial,Benefits from bean shade and nitrogen fixation
1725,monte-gusto,bean,Onions,harmful,Can inhibit bean growth and nitrogen fixation
1726,carminat,bean,Carrots,beneficial,"Beans fix nitrogen in soil which carrots need, while carrots don't compete for the same nutrients"
1726,carminat,bean,Marigolds,beneficial,"Repel Mexican bean beetles, aphids, and other bean pests with their strong scent"
1726,carminat,bean,Corn,beneficial,Provides natural support structure for climbing beans while beans fix nitrogen for corn
1726,carminat,bean,Nasturtiums,beneficial,"Act as trap crop for aphids and cucumber beetles, protecting beans from pest damage"
1726,carminat,bean,Radishes,beneficial,Break up soil for bean roots and mature quickly without competing for space
1726,carminat,bean,Summer Squash,beneficial,Large leaves provide ground cover and moisture retention while beans add nitrogen to soil
1726,carminat,bean,Catnip,beneficial,"Repels aphids, ants, and flea beetles that commonly attack bean plants"
1726,carminat,bean,Rosemary,beneficial,Deters Mexican bean beetles and carrot flies with its aromatic oils
1726,carminat,bean,Onions,harmful,Can inhibit bean growth and nitrogen fixation through root secretions
1726,carminat,bean,Sunflowers,harmful,Allelopathic compounds inhibit bean germination and growth
1726,carminat,bean,Fennel,harmful,Produces allelopathic compounds that stunt bean growth and reduce yields
1727,vroma,bean,Marigold,beneficial,"Repels bean beetles, aphids, and nematodes while attracting beneficial insects"
1727,vroma,bean,Basil,beneficial,"Repels aphids, spider mites, and thrips that commonly attack beans"
1727,vroma,bean,Corn,beneficial,Provides natural support structure for climbing beans in three sisters planting
1727,vroma,bean,Squash,beneficial,Ground cover reduces weeds and retains soil moisture for bean roots
1727,vroma,bean,Carrots,beneficial,Loose soil and attract beneficial insects without competing for nitrogen
1727,vroma,bean,Nasturtium,beneficial,"Trap crop for aphids and bean beetles, also repels cucumber beetles"
1727,vroma,bean,Summer Savory,beneficial,Improves bean flavor and growth while deterring bean beetles
1727,vroma,bean,Radish,beneficial,Quick harvest frees space and may deter bean root fly
1727,vroma,bean,Onion,harmful,Inhibits bean growth and nitrogen fixation through root secretions
1727,vroma,bean,Sunflower,harmful,Allelopathic compounds inhibit bean germination and growth
1727,vroma,bean,Fennel,harmful,Strong allelopathic effects stunt bean growth and reduce yields
1728,dragon-s-tongue,bean,Marigolds,beneficial,Repel bean beetles and other harmful insects while attracting beneficial predators
1728,dragon-s-tongue,bean,Nasturtiums,beneficial,"Act as trap crops for aphids and cucumber beetles, protecting bean plants"
1728,dragon-s-tongue,bean,Corn,beneficial,Provides natural support structure for climbing beans in Three Sisters planting
1728,dragon-s-tongue,bean,Summer Squash,beneficial,"Large leaves shade soil, retain moisture, and suppress weeds around bean roots"
1728,dragon-s-tongue,bean,Carrots,beneficial,Help aerate soil with deep roots and don't compete for nutrients with beans
1728,dragon-s-tongue,bean,Cucumbers,beneficial,Both plants benefit from similar growing conditions and companion spacing
1728,dragon-s-tongue,bean,Rosemary,beneficial,Strong scent deters bean beetles and other pests without competing for space
1728,dragon-s-tongue,bean,Radishes,beneficial,Break up compacted soil and mature quickly before beans need full space
1728,dragon-s-tongue,bean,Onions,harmful,Can inhibit bean growth and nitrogen fixation through root secretions
1728,dragon-s-tongue,bean,Fennel,harmful,Produces allelopathic compounds that stunt bean growth and development
1728,dragon-s-tongue,bean,Garlic,harmful,Strong sulfur compounds can interfere with bean root development and nitrogen fixation
1735,dulcina,bean,Marigold,beneficial,"Repels Mexican bean beetles and aphids, reduces nematode populations"
1735,dulcina,bean,Basil,beneficial,Deters thrips and aphids while potentially improving bean flavor
1735,dulcina,bean,Carrots,beneficial,Loosens soil for bean roots and doesn't compete for nutrients
1735,dulcina,bean,Corn,beneficial,Provides natural trellis support for climbing beans
1735,dulcina,bean,Cucumber,beneficial,"Beans fix nitrogen that cucumbers can utilize, mutual growth enhancement"
1735,dulcina,bean,Nasturtium,beneficial,"Acts as trap crop for aphids and cucumber beetles, natural pest deterrent"
1735,dulcina,bean,Summer Savory,beneficial,Improves bean growth and flavor while repelling bean beetles
1735,dulcina,bean,Radish,beneficial,Breaks up soil and deters bean root fly
1735,dulcina,bean,Onions,harmful,Can inhibit bean growth and nitrogen fixation by rhizobia bacteria
1735,dulcina,bean,Garlic,harmful,Releases compounds that can stunt bean growth and reduce yields
1735,dulcina,bean,Sunflower,harmful,Produces allelopathic chemicals that inhibit bean germination and growth
1735,dulcina,bean,Brassicas,harmful,Compete for similar nutrients and can inhibit nitrogen fixation in beans
1802,affirmed,bean,Marigold,beneficial,Repels Mexican bean beetles and aphids while attracting beneficial insects
1802,affirmed,bean,Basil,beneficial,"Deters aphids and spider mites, may enhance bean flavor"
1802,affirmed,bean,Carrots,beneficial,Loosens soil for bean roots and doesn't compete for nutrients
1802,affirmed,bean,Corn,beneficial,Provides natural support structure for climbing beans
1802,affirmed,bean,Squash,beneficial,Ground cover that conserves moisture and suppresses weeds
1802,affirmed,bean,Radishes,beneficial,Breaks up soil and deters cucumber beetles that also affect beans
1802,affirmed,bean,Nasturtiums,beneficial,Acts as trap crop for aphids and cucumber beetles
1802,affirmed,bean,Rosemary,beneficial,Repels Mexican bean beetles and carrot flies
1802,affirmed,bean,Onions,harmful,Can inhibit bean growth through root secretions
1802,affirmed,bean,Garlic,harmful,Allelopathic compounds can stunt bean development
1802,affirmed,bean,Sunflowers,harmful,Competes heavily for nutrients and can shade beans excessively
1803,karikachi,bean,Marigold,beneficial,"Repels Mexican bean beetles, aphids, and nematodes while attracting beneficial insects"
1803,karikachi,bean,Nasturtium,beneficial,"Acts as trap crop for aphids and cucumber beetles, deters bean beetles"
1803,karikachi,bean,Corn,beneficial,Provides natural support structure for climbing beans in Three Sisters planting
1803,karikachi,bean,Squash,beneficial,Ground cover suppresses weeds and retains soil moisture around bean plants
1803,karikachi,bean,Carrot,beneficial,"Benefits from nitrogen fixed by beans, roots don't compete for same soil space"
1803,karikachi,bean,Cucumber,beneficial,Both benefit from similar growing conditions and beans provide nitrogen
1803,karikachi,bean,Radish,beneficial,Quick-growing crop that loosens soil and doesn't compete with bean root system
1803,karikachi,bean,Rosemary,beneficial,Repels Mexican bean beetles and carrot flies through aromatic compounds
1803,karikachi,bean,Onion,harmful,Inhibits bean growth through allelopathic compounds and competes for nutrients
1803,karikachi,bean,Garlic,harmful,Stunts bean growth and development through root exudates
1803,karikachi,bean,Sunflower,harmful,"Allelopathic effects inhibit bean germination and growth, competes heavily for nutrients"
1844,capitano,bean,Marigold,beneficial,"Repels bean beetles, aphids, and nematodes while attracting beneficial insects"
1844,capitano,bean,Corn,beneficial,Provides natural trellis support for climbing beans in Three Sisters planting
1844,capitano,bean,Squash,beneficial,"Ground cover reduces weeds and retains soil moisture, completes Three Sisters guild"
1844,capitano,bean,Carrots,beneficial,"Beans fix nitrogen in soil which carrots utilize, carrots help break up soil"
1844,capitano,bean,Radishes,beneficial,Quick-growing radishes break up soil and are harvested before beans need space
1844,capitano,bean,Nasturtium,beneficial,"Trap crop for aphids and cucumber beetles, edible flowers attract pollinators"
1844,capitano,bean,Rosemary,beneficial,Repels bean beetles and carrot flies with strong aromatic oils
1844,capitano,bean,Lettuce,beneficial,Benefits from bean's nitrogen fixation and provides living mulch
1844,capitano,bean,Onions,harmful,Can inhibit bean growth and nitrogen fixation through root compounds
1844,capitano,bean,Garlic,harmful,Allelopathic compounds can stunt bean growth and reduce yields
1844,capitano,bean,Sunflowers,harmful,"Compete heavily for nutrients and water, may shade out bean plants"
1850,flambo,bean,Marigold,beneficial,"Repels bean beetles, aphids, and nematodes while attracting beneficial insects"
1850,flambo,bean,Corn,beneficial,Provides natural pole support for climbing beans in Three Sisters planting
1850,flambo,bean,Squash,beneficial,Ground cover reduces weeds and retains soil moisture for bean roots
1850,flambo,bean,Carrots,beneficial,Loosen soil for bean root development and don't compete for nutrients
1850,flambo,bean,Cucumber,beneficial,Compatible growth habits and beans provide nitrogen that cucumbers utilize
1850,flambo,bean,Nasturtium,beneficial,"Trap crop for aphids and cucumber beetles, protects beans from pest damage"
1850,flambo,bean,Radish,beneficial,Quick-growing crop that breaks up soil and deters bean root fly
1850,flambo,bean,Summer Savory,beneficial,Repels bean weevils and may improve bean flavor when planted nearby
1850,flambo,bean,Onions,harmful,Can inhibit bean growth and nitrogen fixation through root secretions
1850,flambo,bean,Garlic,harmful,Allelopathic compounds can stunt bean development and reduce yields
1850,flambo,bean,Fennel,harmful,Releases growth-inhibiting chemicals that negatively affect bean germination and growth
1927,bamako,bean,Marigold,beneficial,"Repels Mexican bean beetles, aphids, and nematodes"
1927,bamako,bean,Corn,beneficial,Provides natural trellis support for climbing beans in Three Sisters planting
1927,bamako,bean,Squash,beneficial,Ground cover that suppresses weeds and retains soil moisture
1927,bamako,bean,Carrot,beneficial,Loosens soil for bean roots and doesn't compete for nutrients
1927,bamako,bean,Cucumber,beneficial,Compatible growth habits and shared beneficial insects
1927,bamako,bean,Nasturtium,beneficial,"Trap crop for aphids and cucumber beetles, attracts beneficial predators"
1927,bamako,bean,Radish,beneficial,Quick-growing companion that breaks up soil and deters bean beetles
1927,bamako,bean,Rosemary,beneficial,Repels bean beetles and carrot flies with strong aromatic oils
1927,bamako,bean,Onion,harmful,May inhibit bean growth and nitrogen fixation
1927,bamako,bean,Garlic,harmful,Allelopathic compounds can stunt bean development
1927,bamako,bean,Fennel,harmful,Inhibits growth of beans through allelopathic root secretions
1932,goldilocks,bean,Corn,beneficial,"Provides natural support structure for climbing beans, classic Three Sisters companion"
1932,goldilocks,bean,Squash,beneficial,"Large leaves suppress weeds and retain soil moisture, completes Three Sisters planting"
1932,goldilocks,bean,Carrots,beneficial,"Beans fix nitrogen in soil which carrots need, carrots don't compete for space"
1932,goldilocks,bean,Radishes,beneficial,Help break up soil for bean roots and deter bean beetles
1932,goldilocks,bean,Marigolds,beneficial,"Repel Mexican bean beetles, aphids, and other bean pests"
1932,goldilocks,bean,Nasturtiums,beneficial,"Act as trap crop for aphids and cucumber beetles, attract beneficial insects"
1932,goldilocks,bean,Lettuce,beneficial,"Benefits from nitrogen fixed by beans, provides ground cover"
1932,goldilocks,bean,Cucumber,beneficial,Both benefit from similar growing conditions and bean nitrogen fixation
1932,goldilocks,bean,Onions,harmful,Can inhibit bean growth and nitrogen fixation through root compounds
1932,goldilocks,bean,Garlic,harmful,Allelopathic compounds can stunt bean growth and reduce yields
1932,goldilocks,bean,Fennel,harmful,Inhibits growth of beans through allelopathic chemicals released from roots
1962,python,bean,Carrots,beneficial,"Beans fix nitrogen in soil that carrots utilize, while carrots don't compete for same nutrients"
1962,python,bean,Corn,beneficial,"Provides natural support structure for climbing beans, classic Three Sisters companion"
1962,python,bean,Squash,beneficial,"Large leaves provide ground cover and moisture retention, completes Three Sisters planting"
1962,python,bean,Marigolds,beneficial,Repel Mexican bean beetles and other harmful insects that damage bean plants
1962,python,bean,Nasturtiums,beneficial,"Act as trap crops for aphids and cucumber beetles, protecting beans"
1962,python,bean,Radishes,beneficial,Break up soil for bean roots and mature quickly before beans need full space
1962,python,bean,Cucumber,beneficial,Both benefit from similar growing conditions and don't compete for nutrients
1962,python,bean,Summer Savory,beneficial,Improves bean growth and flavor while deterring bean beetles
1962,python,bean,Onions,harmful,Can inhibit bean growth and nitrogen fixation through root secretions
1962,python,bean,Garlic,harmful,Allelopathic compounds can stunt bean growth and reduce yields
1962,python,bean,Fennel,harmful,Produces allelopathic chemicals that inhibit growth of most garden plants including beans
2031,cobra,bean,Marigold,beneficial,"Repels bean beetles, aphids, and nematodes while attracting beneficial insects"
2031,cobra,bean,Corn,beneficial,Provides natural support structure for climbing beans in Three Sisters planting
2031,cobra,bean,Squash,beneficial,Ground cover reduces weeds and retains soil moisture for bean roots
2031,cobra,bean,Carrots,beneficial,Loose soil from carrot growth improves bean root development and nitrogen fixation
2031,cobra,bean,Nasturtium,beneficial,"Acts as trap crop for aphids and cucumber beetles, protecting bean plants"
2031,cobra,bean,Radish,beneficial,Breaks up compacted soil and deters bean root fly with its pungent roots
2031,cobra,bean,Catnip,beneficial,"Repels bean weevils, aphids, and flea beetles through natural compounds"
2031,cobra,bean,Summer Savory,beneficial,Improves bean flavor and growth while repelling bean beetles
2031,cobra,bean,Onion,harmful,Inhibits bean growth and nitrogen fixation through allelopathic compounds
2031,cobra,bean,Garlic,harmful,Stunts bean development and interferes with beneficial rhizobia bacteria
2031,cobra,bean,Fennel,harmful,Releases allelopathic chemicals that inhibit bean germination and growth
2031,cobra,bean,Sunflower,harmful,Competes heavily for nutrients and water while releasing growth-inhibiting chemicals
