variety_id,variety_slug,category,usda_zone,indoor_sow_start,indoor_sow_end,outdoor_transplant_start,outdoor_transplant_end,direct_sow_start,direct_sow_end,harvest_start,harvest_end
1,cherokee-purple,tomato,1,May,May,July,August,,,September,August
1,cherokee-purple,tomato,2,April,May,June,July,,,September,September
1,cherokee-purple,tomato,3,April,April,June,July,,,September,October
1,cherokee-purple,tomato,4,March,April,June,June,,,September,October
1,cherokee-purple,tomato,5,March,March,May,June,,,August,October
1,cherokee-purple,tomato,6,March,March,May,June,,,August,October
1,cherokee-purple,tomato,7,February,March,April,May,,,July,September
1,cherokee-purple,tomato,8,February,February,April,May,,,July,September
1,cherokee-purple,tomato,9,January,January,March,April,,,June,August
1,cherokee-purple,tomato,10,January,January,February,March,,,May,July
1,cherokee-purple,tomato,11,January,January,January,February,,,April,June
1,cherokee-purple,tomato,12,January,January,January,February,,,April,June
1,cherokee-purple,tomato,13,January,January,January,February,,,April,June
2,better-boy,tomato,1,May,May,July,August,,,September,August
2,better-boy,tomato,2,April,May,June,July,,,September,September
2,better-boy,tomato,3,April,April,June,July,,,August,October
2,better-boy,tomato,4,March,April,June,June,,,August,October
2,better-boy,tomato,5,March,March,May,June,,,August,October
2,better-boy,tomato,6,March,March,May,June,,,July,September
2,better-boy,tomato,7,February,March,April,May,,,July,September
2,better-boy,tomato,8,February,February,April,May,,,June,August
2,better-boy,tomato,9,January,January,March,April,,,May,July
2,better-boy,tomato,10,January,January,February,March,,,May,July
2,better-boy,tomato,11,January,January,January,February,,,April,June
2,better-boy,tomato,12,January,January,January,February,,,April,June
2,better-boy,tomato,13,January,January,January,February,,,April,June
3,san-marzano,tomato,1,May,May,July,August,,,September,August
3,san-marzano,tomato,2,April,May,June,July,,,September,September
3,san-marzano,tomato,3,April,April,June,July,,,September,October
3,san-marzano,tomato,4,March,April,June,June,,,September,October
3,san-marzano,tomato,5,March,March,May,June,,,August,October
3,san-marzano,tomato,6,March,March,May,June,,,August,October
3,san-marzano,tomato,7,February,March,April,May,,,July,September
3,san-marzano,tomato,8,February,February,April,May,,,July,September
3,san-marzano,tomato,9,January,January,March,April,,,June,August
3,san-marzano,tomato,10,January,January,February,March,,,May,July
3,san-marzano,tomato,11,January,January,January,February,,,April,June
3,san-marzano,tomato,12,January,January,January,February,,,April,June
3,san-marzano,tomato,13,January,January,January,February,,,April,June
4,celebrity,tomato,1,May,May,July,August,,,September,August
4,celebrity,tomato,2,April,May,June,July,,,September,September
4,celebrity,tomato,3,April,April,June,July,,,August,October
4,celebrity,tomato,4,March,April,June,June,,,August,October
4,celebrity,tomato,5,March,March,May,June,,,July,September
4,celebrity,tomato,6,March,March,May,June,,,July,September
4,celebrity,tomato,7,February,March,April,May,,,July,September
4,celebrity,tomato,8,February,February,April,May,,,June,August
4,celebrity,tomato,9,January,January,March,April,,,May,July
4,celebrity,tomato,10,January,January,February,March,,,May,July
4,celebrity,tomato,11,January,January,January,February,,,April,June
4,celebrity,tomato,12,January,January,January,February,,,April,June
4,celebrity,tomato,13,January,January,January,February,,,April,June
5,brandywine,tomato,1,May,May,July,August,,,October,August
5,brandywine,tomato,2,April,May,June,July,,,September,September
5,brandywine,tomato,3,April,April,June,July,,,September,October
5,brandywine,tomato,4,March,April,June,June,,,August,October
5,brandywine,tomato,5,March,March,May,June,,,August,October
5,brandywine,tomato,6,March,March,May,June,,,August,October
5,brandywine,tomato,7,February,March,April,May,,,July,September
5,brandywine,tomato,8,February,February,April,May,,,July,September
5,brandywine,tomato,9,January,January,March,April,,,June,August
5,brandywine,tomato,10,January,January,February,March,,,May,July
5,brandywine,tomato,11,January,January,January,February,,,April,June
5,brandywine,tomato,12,January,January,January,February,,,April,June
5,brandywine,tomato,13,January,January,January,February,,,April,June
8,roma,tomato,1,May,May,July,August,,,September,August
8,roma,tomato,2,April,May,June,July,,,September,September
8,roma,tomato,3,April,April,June,July,,,August,October
8,roma,tomato,4,March,April,June,June,,,August,October
8,roma,tomato,5,March,March,May,June,,,August,October
8,roma,tomato,6,March,March,May,June,,,July,September
8,roma,tomato,7,February,March,April,May,,,July,September
8,roma,tomato,8,February,February,April,May,,,June,August
8,roma,tomato,9,January,January,March,April,,,May,July
8,roma,tomato,10,January,January,February,March,,,May,July
8,roma,tomato,11,January,January,January,February,,,April,June
8,roma,tomato,12,January,January,January,February,,,April,June
8,roma,tomato,13,January,January,January,February,,,April,June
9,cherry-belle,tomato,1,May,May,July,August,,,September,August
9,cherry-belle,tomato,2,April,May,June,July,,,September,September
9,cherry-belle,tomato,3,April,April,June,July,,,August,October
9,cherry-belle,tomato,4,March,April,June,June,,,August,October
9,cherry-belle,tomato,5,March,March,May,June,,,August,October
9,cherry-belle,tomato,6,March,March,May,June,,,July,September
9,cherry-belle,tomato,7,February,March,April,May,,,July,September
9,cherry-belle,tomato,8,February,February,April,May,,,June,August
9,cherry-belle,tomato,9,January,January,March,April,,,May,July
9,cherry-belle,tomato,10,January,January,February,March,,,May,July
9,cherry-belle,tomato,11,January,January,January,February,,,April,June
9,cherry-belle,tomato,12,January,January,January,February,,,April,June
9,cherry-belle,tomato,13,January,January,January,February,,,April,June
11,early-girl,tomato,1,May,May,July,August,,,September,August
11,early-girl,tomato,2,April,May,June,July,,,September,September
11,early-girl,tomato,3,April,April,June,July,,,August,October
11,early-girl,tomato,4,March,April,June,June,,,August,October
11,early-girl,tomato,5,March,March,May,June,,,July,September
11,early-girl,tomato,6,March,March,May,June,,,July,September
11,early-girl,tomato,7,February,March,April,May,,,July,September
11,early-girl,tomato,8,February,February,April,May,,,June,August
11,early-girl,tomato,9,January,January,March,April,,,May,July
11,early-girl,tomato,10,January,January,February,March,,,May,July
11,early-girl,tomato,11,January,January,January,February,,,April,June
11,early-girl,tomato,12,January,January,January,February,,,April,June
11,early-girl,tomato,13,January,January,January,February,,,April,June
12,big-beef,tomato,1,May,May,July,August,,,September,August
12,big-beef,tomato,2,April,May,June,July,,,September,September
12,big-beef,tomato,3,April,April,June,July,,,August,October
12,big-beef,tomato,4,March,April,June,June,,,August,October
12,big-beef,tomato,5,March,March,May,June,,,August,October
12,big-beef,tomato,6,March,March,May,June,,,July,September
12,big-beef,tomato,7,February,March,April,May,,,July,September
12,big-beef,tomato,8,February,February,April,May,,,June,August
12,big-beef,tomato,9,January,January,March,April,,,May,July
12,big-beef,tomato,10,January,January,February,March,,,May,July
12,big-beef,tomato,11,January,January,January,February,,,April,June
12,big-beef,tomato,12,January,January,January,February,,,April,June
12,big-beef,tomato,13,January,January,January,February,,,April,June
15,green-zebra,tomato,1,May,May,July,August,,,September,August
15,green-zebra,tomato,2,April,May,June,July,,,September,September
15,green-zebra,tomato,3,April,April,June,July,,,August,October
15,green-zebra,tomato,4,March,April,June,June,,,August,October
15,green-zebra,tomato,5,March,March,May,June,,,August,October
15,green-zebra,tomato,6,March,March,May,June,,,July,September
15,green-zebra,tomato,7,February,March,April,May,,,July,September
15,green-zebra,tomato,8,February,February,April,May,,,June,August
15,green-zebra,tomato,9,January,January,March,April,,,May,July
15,green-zebra,tomato,10,January,January,February,March,,,May,July
15,green-zebra,tomato,11,January,January,January,February,,,April,June
15,green-zebra,tomato,12,January,January,January,February,,,April,June
15,green-zebra,tomato,13,January,January,January,February,,,April,June
16,beefsteak,tomato,1,May,May,July,August,,,October,August
16,beefsteak,tomato,2,April,May,June,July,,,September,September
16,beefsteak,tomato,3,April,April,June,July,,,September,October
16,beefsteak,tomato,4,March,April,June,June,,,September,October
16,beefsteak,tomato,5,March,March,May,June,,,August,October
16,beefsteak,tomato,6,March,March,May,June,,,August,October
16,beefsteak,tomato,7,February,March,April,May,,,July,September
16,beefsteak,tomato,8,February,February,April,May,,,July,September
16,beefsteak,tomato,9,January,January,March,April,,,June,August
16,beefsteak,tomato,10,January,January,February,March,,,May,July
16,beefsteak,tomato,11,January,January,January,February,,,April,June
16,beefsteak,tomato,12,January,January,January,February,,,April,June
16,beefsteak,tomato,13,January,January,January,February,,,April,June
17,mortgage-lifter,tomato,1,May,May,July,August,,,October,August
17,mortgage-lifter,tomato,2,April,May,June,July,,,September,September
17,mortgage-lifter,tomato,3,April,April,June,July,,,September,October
17,mortgage-lifter,tomato,4,March,April,June,June,,,September,October
17,mortgage-lifter,tomato,5,March,March,May,June,,,August,October
17,mortgage-lifter,tomato,6,March,March,May,June,,,August,October
17,mortgage-lifter,tomato,7,February,March,April,May,,,July,September
17,mortgage-lifter,tomato,8,February,February,April,May,,,July,September
17,mortgage-lifter,tomato,9,January,January,March,April,,,June,August
17,mortgage-lifter,tomato,10,January,January,February,March,,,May,July
17,mortgage-lifter,tomato,11,January,January,January,February,,,April,June
17,mortgage-lifter,tomato,12,January,January,January,February,,,April,June
17,mortgage-lifter,tomato,13,January,January,January,February,,,April,June
18,stupice,tomato,1,May,May,July,August,,,September,August
18,stupice,tomato,2,April,May,June,July,,,September,September
18,stupice,tomato,3,April,April,June,July,,,August,October
18,stupice,tomato,4,March,April,June,June,,,August,October
18,stupice,tomato,5,March,March,May,June,,,August,October
18,stupice,tomato,6,March,March,May,June,,,July,September
18,stupice,tomato,7,February,March,April,May,,,July,September
18,stupice,tomato,8,February,February,April,May,,,June,August
18,stupice,tomato,9,January,January,March,April,,,May,July
18,stupice,tomato,10,January,January,February,March,,,May,July
18,stupice,tomato,11,January,January,January,February,,,April,June
18,stupice,tomato,12,January,January,January,February,,,April,June
18,stupice,tomato,13,January,January,January,February,,,April,June
19,black-krim,tomato,1,May,May,July,August,,,October,August
19,black-krim,tomato,2,April,May,June,July,,,September,September
19,black-krim,tomato,3,April,April,June,July,,,September,October
19,black-krim,tomato,4,March,April,June,June,,,September,October
19,black-krim,tomato,5,March,March,May,June,,,August,October
19,black-krim,tomato,6,March,March,May,June,,,August,October
19,black-krim,tomato,7,February,March,April,May,,,July,September
19,black-krim,tomato,8,February,February,April,May,,,July,September
19,black-krim,tomato,9,January,January,March,April,,,June,August
19,black-krim,tomato,10,January,January,February,March,,,May,July
19,black-krim,tomato,11,January,January,January,February,,,April,June
19,black-krim,tomato,12,January,January,January,February,,,April,June
19,black-krim,tomato,13,January,January,January,February,,,April,June
20,yellow-pear,tomato,1,May,May,July,August,,,October,August
20,yellow-pear,tomato,2,April,May,June,July,,,September,September
20,yellow-pear,tomato,3,April,April,June,July,,,September,October
20,yellow-pear,tomato,4,March,April,June,June,,,August,October
20,yellow-pear,tomato,5,March,March,May,June,,,August,October
20,yellow-pear,tomato,6,March,March,May,June,,,August,October
20,yellow-pear,tomato,7,February,March,April,May,,,July,September
20,yellow-pear,tomato,8,February,February,April,May,,,July,September
20,yellow-pear,tomato,9,January,January,March,April,,,June,August
20,yellow-pear,tomato,10,January,January,February,March,,,May,July
20,yellow-pear,tomato,11,January,January,January,February,,,April,June
20,yellow-pear,tomato,12,January,January,January,February,,,April,June
20,yellow-pear,tomato,13,January,January,January,February,,,April,June
21,rutgers,tomato,1,May,May,July,August,,,October,August
21,rutgers,tomato,2,April,May,June,July,,,September,September
21,rutgers,tomato,3,April,April,June,July,,,September,October
21,rutgers,tomato,4,March,April,June,June,,,August,October
21,rutgers,tomato,5,March,March,May,June,,,August,October
21,rutgers,tomato,6,March,March,May,June,,,August,October
21,rutgers,tomato,7,February,March,April,May,,,July,September
21,rutgers,tomato,8,February,February,April,May,,,July,September
21,rutgers,tomato,9,January,January,March,April,,,June,August
21,rutgers,tomato,10,January,January,February,March,,,May,July
21,rutgers,tomato,11,January,January,January,February,,,April,June
21,rutgers,tomato,12,January,January,January,February,,,April,June
21,rutgers,tomato,13,January,January,January,February,,,April,June
22,patio-princess,tomato,1,May,May,July,August,,,September,August
22,patio-princess,tomato,2,April,May,June,July,,,September,September
22,patio-princess,tomato,3,April,April,June,July,,,August,October
22,patio-princess,tomato,4,March,April,June,June,,,August,October
22,patio-princess,tomato,5,March,March,May,June,,,August,October
22,patio-princess,tomato,6,March,March,May,June,,,July,September
22,patio-princess,tomato,7,February,March,April,May,,,July,September
22,patio-princess,tomato,8,February,February,April,May,,,June,August
22,patio-princess,tomato,9,January,January,March,April,,,May,July
22,patio-princess,tomato,10,January,January,February,March,,,May,July
22,patio-princess,tomato,11,January,January,January,February,,,April,June
22,patio-princess,tomato,12,January,January,January,February,,,April,June
22,patio-princess,tomato,13,January,January,January,February,,,April,June
23,amish-paste,tomato,1,May,May,July,August,,,October,August
23,amish-paste,tomato,2,April,May,June,July,,,September,September
23,amish-paste,tomato,3,April,April,June,July,,,September,October
23,amish-paste,tomato,4,March,April,June,June,,,September,October
23,amish-paste,tomato,5,March,March,May,June,,,August,October
23,amish-paste,tomato,6,March,March,May,June,,,August,October
23,amish-paste,tomato,7,February,March,April,May,,,July,September
23,amish-paste,tomato,8,February,February,April,May,,,July,September
23,amish-paste,tomato,9,January,January,March,April,,,June,August
23,amish-paste,tomato,10,January,January,February,March,,,May,July
23,amish-paste,tomato,11,January,January,January,February,,,April,June
23,amish-paste,tomato,12,January,January,January,February,,,April,June
23,amish-paste,tomato,13,January,January,January,February,,,April,June
24,mountain-fresh-plus,tomato,1,May,May,July,August,,,October,August
24,mountain-fresh-plus,tomato,2,April,May,June,July,,,September,September
24,mountain-fresh-plus,tomato,3,April,April,June,July,,,September,October
24,mountain-fresh-plus,tomato,4,March,April,June,June,,,August,October
24,mountain-fresh-plus,tomato,5,March,March,May,June,,,August,October
24,mountain-fresh-plus,tomato,6,March,March,May,June,,,August,October
24,mountain-fresh-plus,tomato,7,February,March,April,May,,,July,September
24,mountain-fresh-plus,tomato,8,February,February,April,May,,,July,September
24,mountain-fresh-plus,tomato,9,January,January,March,April,,,June,August
24,mountain-fresh-plus,tomato,10,January,January,February,March,,,May,July
24,mountain-fresh-plus,tomato,11,January,January,January,February,,,April,June
24,mountain-fresh-plus,tomato,12,January,January,January,February,,,April,June
24,mountain-fresh-plus,tomato,13,January,January,January,February,,,April,June
25,surefire-red,tomato,1,May,May,July,August,,,September,August
25,surefire-red,tomato,2,April,May,June,July,,,August,September
25,surefire-red,tomato,3,April,April,June,July,,,August,October
25,surefire-red,tomato,4,March,April,June,June,,,August,October
25,surefire-red,tomato,5,March,March,May,June,,,July,September
25,surefire-red,tomato,6,March,March,May,June,,,July,September
25,surefire-red,tomato,7,February,March,April,May,,,June,August
25,surefire-red,tomato,8,February,February,April,May,,,June,August
25,surefire-red,tomato,9,January,January,March,April,,,May,July
25,surefire-red,tomato,10,January,January,February,March,,,April,June
25,surefire-red,tomato,11,January,January,January,February,,,March,May
25,surefire-red,tomato,12,January,January,January,February,,,March,May
25,surefire-red,tomato,13,January,January,January,February,,,March,May
26,bell-pepper-california-wonder,pepper,1,May,May,July,August,,,October,August
26,bell-pepper-california-wonder,pepper,2,April,May,June,July,,,September,September
26,bell-pepper-california-wonder,pepper,3,April,April,June,July,,,September,October
26,bell-pepper-california-wonder,pepper,4,March,April,June,June,,,August,October
26,bell-pepper-california-wonder,pepper,5,March,March,May,June,,,August,October
26,bell-pepper-california-wonder,pepper,6,March,March,May,June,,,August,October
26,bell-pepper-california-wonder,pepper,7,February,March,April,May,,,July,September
26,bell-pepper-california-wonder,pepper,8,February,February,April,May,,,July,September
26,bell-pepper-california-wonder,pepper,9,January,January,March,April,,,June,August
26,bell-pepper-california-wonder,pepper,10,January,January,February,March,,,May,July
26,bell-pepper-california-wonder,pepper,11,January,January,January,February,,,April,June
26,bell-pepper-california-wonder,pepper,12,January,January,January,February,,,April,June
26,bell-pepper-california-wonder,pepper,13,January,January,January,February,,,April,June
29,banana-pepper-sweet-banana,pepper,1,May,May,July,August,,,October,August
29,banana-pepper-sweet-banana,pepper,2,April,May,June,July,,,September,September
29,banana-pepper-sweet-banana,pepper,3,April,April,June,July,,,September,October
29,banana-pepper-sweet-banana,pepper,4,March,April,June,June,,,August,October
29,banana-pepper-sweet-banana,pepper,5,March,March,May,June,,,August,October
29,banana-pepper-sweet-banana,pepper,6,March,March,May,June,,,August,October
29,banana-pepper-sweet-banana,pepper,7,February,March,April,May,,,July,September
29,banana-pepper-sweet-banana,pepper,8,February,February,April,May,,,July,September
29,banana-pepper-sweet-banana,pepper,9,January,January,March,April,,,June,August
29,banana-pepper-sweet-banana,pepper,10,January,January,February,March,,,May,July
29,banana-pepper-sweet-banana,pepper,11,January,January,January,February,,,April,June
29,banana-pepper-sweet-banana,pepper,12,January,January,January,February,,,April,June
29,banana-pepper-sweet-banana,pepper,13,January,January,January,February,,,April,June
33,sweet-pepper-cubanelle,pepper,1,May,May,July,August,,,September,August
33,sweet-pepper-cubanelle,pepper,2,April,May,June,July,,,September,September
33,sweet-pepper-cubanelle,pepper,3,April,April,June,July,,,August,October
33,sweet-pepper-cubanelle,pepper,4,March,April,June,June,,,August,October
33,sweet-pepper-cubanelle,pepper,5,March,March,May,June,,,August,October
33,sweet-pepper-cubanelle,pepper,6,March,March,May,June,,,July,September
33,sweet-pepper-cubanelle,pepper,7,February,March,April,May,,,July,September
33,sweet-pepper-cubanelle,pepper,8,February,February,April,May,,,June,August
33,sweet-pepper-cubanelle,pepper,9,January,January,March,April,,,May,July
33,sweet-pepper-cubanelle,pepper,10,January,January,February,March,,,May,July
33,sweet-pepper-cubanelle,pepper,11,January,January,January,February,,,April,June
33,sweet-pepper-cubanelle,pepper,12,January,January,January,February,,,April,June
33,sweet-pepper-cubanelle,pepper,13,January,January,January,February,,,April,June
38,sweet-pepper-california-wonder,pepper,1,May,May,July,August,,,September,August
38,sweet-pepper-california-wonder,pepper,2,April,May,June,July,,,September,September
38,sweet-pepper-california-wonder,pepper,3,April,April,June,July,,,August,October
38,sweet-pepper-california-wonder,pepper,4,March,April,June,June,,,August,October
38,sweet-pepper-california-wonder,pepper,5,March,March,May,June,,,August,October
38,sweet-pepper-california-wonder,pepper,6,March,March,May,June,,,July,September
38,sweet-pepper-california-wonder,pepper,7,February,March,April,May,,,July,September
38,sweet-pepper-california-wonder,pepper,8,February,February,April,May,,,June,August
38,sweet-pepper-california-wonder,pepper,9,January,January,March,April,,,May,July
38,sweet-pepper-california-wonder,pepper,10,January,January,February,March,,,May,July
38,sweet-pepper-california-wonder,pepper,11,January,January,January,February,,,April,June
38,sweet-pepper-california-wonder,pepper,12,January,January,January,February,,,April,June
38,sweet-pepper-california-wonder,pepper,13,January,January,January,February,,,April,June
42,sweet-italian-pepper-marconi-rosso,pepper,1,May,May,July,August,,,October,August
42,sweet-italian-pepper-marconi-rosso,pepper,2,April,May,June,July,,,September,September
42,sweet-italian-pepper-marconi-rosso,pepper,3,April,April,June,July,,,September,October
42,sweet-italian-pepper-marconi-rosso,pepper,4,March,April,June,June,,,September,October
42,sweet-italian-pepper-marconi-rosso,pepper,5,March,March,May,June,,,August,October
42,sweet-italian-pepper-marconi-rosso,pepper,6,March,March,May,June,,,August,October
42,sweet-italian-pepper-marconi-rosso,pepper,7,February,March,April,May,,,July,September
42,sweet-italian-pepper-marconi-rosso,pepper,8,February,February,April,May,,,July,September
42,sweet-italian-pepper-marconi-rosso,pepper,9,January,January,March,April,,,June,August
42,sweet-italian-pepper-marconi-rosso,pepper,10,January,January,February,March,,,May,July
42,sweet-italian-pepper-marconi-rosso,pepper,11,January,January,January,February,,,April,June
42,sweet-italian-pepper-marconi-rosso,pepper,12,January,January,January,February,,,April,June
42,sweet-italian-pepper-marconi-rosso,pepper,13,January,January,January,February,,,April,June
45,purple-beauty-bell-pepper,pepper,1,May,May,July,August,,,September,August
45,purple-beauty-bell-pepper,pepper,2,April,May,June,July,,,September,September
45,purple-beauty-bell-pepper,pepper,3,April,April,June,July,,,August,October
45,purple-beauty-bell-pepper,pepper,4,March,April,June,June,,,August,October
45,purple-beauty-bell-pepper,pepper,5,March,March,May,June,,,August,October
45,purple-beauty-bell-pepper,pepper,6,March,March,May,June,,,July,September
45,purple-beauty-bell-pepper,pepper,7,February,March,April,May,,,July,September
45,purple-beauty-bell-pepper,pepper,8,February,February,April,May,,,June,August
45,purple-beauty-bell-pepper,pepper,9,January,January,March,April,,,May,July
45,purple-beauty-bell-pepper,pepper,10,January,January,February,March,,,May,July
45,purple-beauty-bell-pepper,pepper,11,January,January,January,February,,,April,June
45,purple-beauty-bell-pepper,pepper,12,January,January,January,February,,,April,June
45,purple-beauty-bell-pepper,pepper,13,January,January,January,February,,,April,June
46,black-seeded-simpson,lettuce,1,,,,,June,July,July,September
46,black-seeded-simpson,lettuce,2,,,,,May,July,July,September
46,black-seeded-simpson,lettuce,3,,,,,May,June,June,October
46,black-seeded-simpson,lettuce,4,,,,,April,June,June,October
46,black-seeded-simpson,lettuce,5,,,,,April,May,May,November
46,black-seeded-simpson,lettuce,6,,,,,April,May,May,November
46,black-seeded-simpson,lettuce,7,,,,,March,May,May,November
46,black-seeded-simpson,lettuce,8,,,,,March,April,April,December
46,black-seeded-simpson,lettuce,9,,,,,February,March,March,December
46,black-seeded-simpson,lettuce,10,,,,,January,March,March,December
46,black-seeded-simpson,lettuce,11,,,,,January,February,February,December
46,black-seeded-simpson,lettuce,12,,,,,January,February,February,December
46,black-seeded-simpson,lettuce,13,,,,,January,February,February,December
47,buttercrunch,lettuce,1,,,,,June,July,August,September
47,buttercrunch,lettuce,2,,,,,May,July,July,September
47,buttercrunch,lettuce,3,,,,,May,June,July,October
47,buttercrunch,lettuce,4,,,,,April,June,June,October
47,buttercrunch,lettuce,5,,,,,April,May,June,November
47,buttercrunch,lettuce,6,,,,,April,May,June,November
47,buttercrunch,lettuce,7,,,,,March,May,May,November
47,buttercrunch,lettuce,8,,,,,March,April,May,December
47,buttercrunch,lettuce,9,,,,,February,March,April,December
47,buttercrunch,lettuce,10,,,,,January,March,March,December
47,buttercrunch,lettuce,11,,,,,January,February,February,December
47,buttercrunch,lettuce,12,,,,,January,February,February,December
47,buttercrunch,lettuce,13,,,,,January,February,February,December
48,romaine-cos,lettuce,1,,,,,June,July,August,September
48,romaine-cos,lettuce,2,,,,,May,July,August,September
48,romaine-cos,lettuce,3,,,,,May,June,July,October
48,romaine-cos,lettuce,4,,,,,April,June,July,October
48,romaine-cos,lettuce,5,,,,,April,May,July,November
48,romaine-cos,lettuce,6,,,,,April,May,June,November
48,romaine-cos,lettuce,7,,,,,March,May,June,November
48,romaine-cos,lettuce,8,,,,,March,April,May,December
48,romaine-cos,lettuce,9,,,,,February,March,April,December
48,romaine-cos,lettuce,10,,,,,January,March,April,December
48,romaine-cos,lettuce,11,,,,,January,February,March,December
48,romaine-cos,lettuce,12,,,,,January,February,March,December
48,romaine-cos,lettuce,13,,,,,January,February,March,December
49,red-sails,lettuce,1,,,,,June,July,July,September
49,red-sails,lettuce,2,,,,,May,July,July,September
49,red-sails,lettuce,3,,,,,May,June,June,October
49,red-sails,lettuce,4,,,,,April,June,June,October
49,red-sails,lettuce,5,,,,,April,May,June,November
49,red-sails,lettuce,6,,,,,April,May,May,November
49,red-sails,lettuce,7,,,,,March,May,May,November
49,red-sails,lettuce,8,,,,,March,April,April,December
49,red-sails,lettuce,9,,,,,February,March,March,December
49,red-sails,lettuce,10,,,,,January,March,March,December
49,red-sails,lettuce,11,,,,,January,February,February,December
49,red-sails,lettuce,12,,,,,January,February,February,December
49,red-sails,lettuce,13,,,,,January,February,February,December
50,iceberg,lettuce,1,,,,,June,July,August,September
50,iceberg,lettuce,2,,,,,May,July,August,September
50,iceberg,lettuce,3,,,,,May,June,July,October
50,iceberg,lettuce,4,,,,,April,June,July,October
50,iceberg,lettuce,5,,,,,April,May,July,November
50,iceberg,lettuce,6,,,,,April,May,June,November
50,iceberg,lettuce,7,,,,,March,May,June,November
50,iceberg,lettuce,8,,,,,March,April,May,December
50,iceberg,lettuce,9,,,,,February,March,April,December
50,iceberg,lettuce,10,,,,,January,March,April,December
50,iceberg,lettuce,11,,,,,January,February,March,December
50,iceberg,lettuce,12,,,,,January,February,March,December
50,iceberg,lettuce,13,,,,,January,February,March,December
51,great-lakes,lettuce,1,,,,,June,July,August,September
51,great-lakes,lettuce,2,,,,,May,July,August,September
51,great-lakes,lettuce,3,,,,,May,June,July,October
51,great-lakes,lettuce,4,,,,,April,June,July,October
51,great-lakes,lettuce,5,,,,,April,May,July,November
51,great-lakes,lettuce,6,,,,,April,May,June,November
51,great-lakes,lettuce,7,,,,,March,May,June,November
51,great-lakes,lettuce,8,,,,,March,April,May,December
51,great-lakes,lettuce,9,,,,,February,March,April,December
51,great-lakes,lettuce,10,,,,,January,March,April,December
51,great-lakes,lettuce,11,,,,,January,February,March,December
51,great-lakes,lettuce,12,,,,,January,February,March,December
51,great-lakes,lettuce,13,,,,,January,February,March,December
52,oak-leaf,lettuce,1,,,,,June,July,July,September
52,oak-leaf,lettuce,2,,,,,May,July,July,September
52,oak-leaf,lettuce,3,,,,,May,June,June,October
52,oak-leaf,lettuce,4,,,,,April,June,June,October
52,oak-leaf,lettuce,5,,,,,April,May,June,November
52,oak-leaf,lettuce,6,,,,,April,May,May,November
52,oak-leaf,lettuce,7,,,,,March,May,May,November
52,oak-leaf,lettuce,8,,,,,March,April,April,December
52,oak-leaf,lettuce,9,,,,,February,March,March,December
52,oak-leaf,lettuce,10,,,,,January,March,March,December
52,oak-leaf,lettuce,11,,,,,January,February,February,December
52,oak-leaf,lettuce,12,,,,,January,February,February,December
52,oak-leaf,lettuce,13,,,,,January,February,February,December
53,little-gem,lettuce,1,,,,,June,July,July,September
53,little-gem,lettuce,2,,,,,May,July,June,September
53,little-gem,lettuce,3,,,,,May,June,July,October
53,little-gem,lettuce,4,,,,,April,June,June,October
53,little-gem,lettuce,5,,,,,April,May,June,November
53,little-gem,lettuce,6,,,,,April,May,June,November
53,little-gem,lettuce,7,,,,,March,May,May,November
53,little-gem,lettuce,8,,,,,March,April,May,December
53,little-gem,lettuce,9,,,,,February,March,April,December
53,little-gem,lettuce,10,,,,,January,March,March,December
53,little-gem,lettuce,11,,,,,January,February,January,December
53,little-gem,lettuce,12,,,,,January,February,January,December
53,little-gem,lettuce,13,,,,,January,February,January,December
54,salanova-green-crispy,lettuce,1,,,,,June,July,August,September
54,salanova-green-crispy,lettuce,2,,,,,May,July,July,September
54,salanova-green-crispy,lettuce,3,,,,,May,June,July,October
54,salanova-green-crispy,lettuce,4,,,,,April,June,June,October
54,salanova-green-crispy,lettuce,5,,,,,April,May,June,November
54,salanova-green-crispy,lettuce,6,,,,,April,May,June,November
54,salanova-green-crispy,lettuce,7,,,,,March,May,May,November
54,salanova-green-crispy,lettuce,8,,,,,March,April,May,December
54,salanova-green-crispy,lettuce,9,,,,,February,March,April,December
54,salanova-green-crispy,lettuce,10,,,,,January,March,March,December
54,salanova-green-crispy,lettuce,11,,,,,January,February,February,December
54,salanova-green-crispy,lettuce,12,,,,,January,February,February,December
54,salanova-green-crispy,lettuce,13,,,,,January,February,February,December
55,red-velvet,lettuce,1,,,,,June,July,July,September
55,red-velvet,lettuce,2,,,,,May,July,July,September
55,red-velvet,lettuce,3,,,,,May,June,June,October
55,red-velvet,lettuce,4,,,,,April,June,June,October
55,red-velvet,lettuce,5,,,,,April,May,June,November
55,red-velvet,lettuce,6,,,,,April,May,May,November
55,red-velvet,lettuce,7,,,,,March,May,May,November
55,red-velvet,lettuce,8,,,,,March,April,April,December
55,red-velvet,lettuce,9,,,,,February,March,March,December
55,red-velvet,lettuce,10,,,,,January,March,March,December
55,red-velvet,lettuce,11,,,,,January,February,February,December
55,red-velvet,lettuce,12,,,,,January,February,February,December
55,red-velvet,lettuce,13,,,,,January,February,February,December
56,green-leaf,lettuce,1,,,,,June,July,July,September
56,green-leaf,lettuce,2,,,,,May,July,July,September
56,green-leaf,lettuce,3,,,,,May,June,June,October
56,green-leaf,lettuce,4,,,,,April,June,June,October
56,green-leaf,lettuce,5,,,,,April,May,June,November
56,green-leaf,lettuce,6,,,,,April,May,May,November
56,green-leaf,lettuce,7,,,,,March,May,May,November
56,green-leaf,lettuce,8,,,,,March,April,April,December
56,green-leaf,lettuce,9,,,,,February,March,March,December
56,green-leaf,lettuce,10,,,,,January,March,March,December
56,green-leaf,lettuce,11,,,,,January,February,February,December
56,green-leaf,lettuce,12,,,,,January,February,February,December
56,green-leaf,lettuce,13,,,,,January,February,February,December
57,batavia,lettuce,1,,,,,June,July,July,September
57,batavia,lettuce,2,,,,,May,July,July,September
57,batavia,lettuce,3,,,,,May,June,July,October
57,batavia,lettuce,4,,,,,April,June,June,October
57,batavia,lettuce,5,,,,,April,May,June,November
57,batavia,lettuce,6,,,,,April,May,June,November
57,batavia,lettuce,7,,,,,March,May,May,November
57,batavia,lettuce,8,,,,,March,April,May,December
57,batavia,lettuce,9,,,,,February,March,April,December
57,batavia,lettuce,10,,,,,January,March,March,December
57,batavia,lettuce,11,,,,,January,February,February,December
57,batavia,lettuce,12,,,,,January,February,February,December
57,batavia,lettuce,13,,,,,January,February,February,December
58,bibb,lettuce,1,,,,,June,July,July,September
58,bibb,lettuce,2,,,,,May,July,July,September
58,bibb,lettuce,3,,,,,May,June,June,October
58,bibb,lettuce,4,,,,,April,June,June,October
58,bibb,lettuce,5,,,,,April,May,June,November
58,bibb,lettuce,6,,,,,April,May,May,November
58,bibb,lettuce,7,,,,,March,May,May,November
58,bibb,lettuce,8,,,,,March,April,April,December
58,bibb,lettuce,9,,,,,February,March,March,December
58,bibb,lettuce,10,,,,,January,March,March,December
58,bibb,lettuce,11,,,,,January,February,February,December
58,bibb,lettuce,12,,,,,January,February,February,December
58,bibb,lettuce,13,,,,,January,February,February,December
59,new-red-fire,lettuce,1,,,,,June,July,July,September
59,new-red-fire,lettuce,2,,,,,May,July,July,September
59,new-red-fire,lettuce,3,,,,,May,June,June,October
59,new-red-fire,lettuce,4,,,,,April,June,June,October
59,new-red-fire,lettuce,5,,,,,April,May,June,November
59,new-red-fire,lettuce,6,,,,,April,May,May,November
59,new-red-fire,lettuce,7,,,,,March,May,May,November
59,new-red-fire,lettuce,8,,,,,March,April,April,December
59,new-red-fire,lettuce,9,,,,,February,March,March,December
59,new-red-fire,lettuce,10,,,,,January,March,March,December
59,new-red-fire,lettuce,11,,,,,January,February,February,December
59,new-red-fire,lettuce,12,,,,,January,February,February,December
59,new-red-fire,lettuce,13,,,,,January,February,February,December
60,salanova-red-butter,lettuce,1,,,,,June,July,July,September
60,salanova-red-butter,lettuce,2,,,,,May,July,July,September
60,salanova-red-butter,lettuce,3,,,,,May,June,June,October
60,salanova-red-butter,lettuce,4,,,,,April,June,June,October
60,salanova-red-butter,lettuce,5,,,,,April,May,June,November
60,salanova-red-butter,lettuce,6,,,,,April,May,May,November
60,salanova-red-butter,lettuce,7,,,,,March,May,May,November
60,salanova-red-butter,lettuce,8,,,,,March,April,April,December
60,salanova-red-butter,lettuce,9,,,,,February,March,March,December
60,salanova-red-butter,lettuce,10,,,,,January,March,March,December
60,salanova-red-butter,lettuce,11,,,,,January,February,February,December
60,salanova-red-butter,lettuce,12,,,,,January,February,February,December
60,salanova-red-butter,lettuce,13,,,,,January,February,February,December
62,arugula,lettuce,1,,,,,June,July,June,September
62,arugula,lettuce,2,,,,,May,July,May,September
62,arugula,lettuce,3,,,,,May,June,May,October
62,arugula,lettuce,4,,,,,April,June,May,October
62,arugula,lettuce,5,,,,,April,May,April,November
62,arugula,lettuce,6,,,,,April,May,April,November
62,arugula,lettuce,7,,,,,March,May,March,November
62,arugula,lettuce,8,,,,,March,April,March,December
62,arugula,lettuce,9,,,,,February,March,February,December
62,arugula,lettuce,10,,,,,January,March,January,December
62,arugula,lettuce,11,,,,,January,February,January,December
62,arugula,lettuce,12,,,,,January,February,January,December
62,arugula,lettuce,13,,,,,January,February,January,December
64,spinach,lettuce,1,,,,,June,July,June,September
64,spinach,lettuce,2,,,,,May,July,June,September
64,spinach,lettuce,3,,,,,May,June,May,October
64,spinach,lettuce,4,,,,,April,June,May,October
64,spinach,lettuce,5,,,,,April,May,May,November
64,spinach,lettuce,6,,,,,April,May,April,November
64,spinach,lettuce,7,,,,,March,May,April,November
64,spinach,lettuce,8,,,,,March,April,March,December
64,spinach,lettuce,9,,,,,February,March,February,December
64,spinach,lettuce,10,,,,,January,March,February,December
64,spinach,lettuce,11,,,,,January,February,January,December
64,spinach,lettuce,12,,,,,January,February,January,December
64,spinach,lettuce,13,,,,,January,February,January,December
65,m-che-corn-salad,lettuce,1,,,,,June,July,July,September
65,m-che-corn-salad,lettuce,2,,,,,May,July,July,September
65,m-che-corn-salad,lettuce,3,,,,,May,June,June,October
65,m-che-corn-salad,lettuce,4,,,,,April,June,June,October
65,m-che-corn-salad,lettuce,5,,,,,April,May,June,November
65,m-che-corn-salad,lettuce,6,,,,,April,May,May,November
65,m-che-corn-salad,lettuce,7,,,,,March,May,May,November
65,m-che-corn-salad,lettuce,8,,,,,March,April,April,December
65,m-che-corn-salad,lettuce,9,,,,,February,March,March,December
65,m-che-corn-salad,lettuce,10,,,,,January,March,March,December
65,m-che-corn-salad,lettuce,11,,,,,January,February,February,December
65,m-che-corn-salad,lettuce,12,,,,,January,February,February,December
65,m-che-corn-salad,lettuce,13,,,,,January,February,February,December
66,genovese-basil,herb,10,January,January,February,April,,,April,December
68,flat-leaf-parsley,herb,3,April,May,June,July,,,July,October
68,flat-leaf-parsley,herb,4,March,April,June,July,,,July,October
68,flat-leaf-parsley,herb,5,March,April,May,June,,,June,October
68,flat-leaf-parsley,herb,6,March,April,May,June,,,June,November
68,flat-leaf-parsley,herb,7,February,March,April,June,,,June,November
68,flat-leaf-parsley,herb,8,February,March,April,May,,,May,December
68,flat-leaf-parsley,herb,9,January,February,March,April,,,April,December
70,common-thyme,herb,5,March,April,May,June,,,June,October
70,common-thyme,herb,6,March,April,May,June,,,June,November
70,common-thyme,herb,7,February,March,April,June,,,June,November
70,common-thyme,herb,8,February,March,April,May,,,May,December
70,common-thyme,herb,9,January,February,March,April,,,April,December
71,sweet-basil,herb,10,January,January,February,April,,,April,December
72,curly-parsley,herb,3,April,May,June,July,,,July,October
72,curly-parsley,herb,4,March,April,June,July,,,July,October
72,curly-parsley,herb,5,March,April,May,June,,,June,October
72,curly-parsley,herb,6,March,April,May,June,,,June,November
72,curly-parsley,herb,7,February,March,April,June,,,June,November
72,curly-parsley,herb,8,February,March,April,May,,,May,December
72,curly-parsley,herb,9,January,February,March,April,,,April,December
75,cilantro,herb,2,April,May,June,August,,,August,September
75,cilantro,herb,3,April,May,June,July,,,July,October
75,cilantro,herb,4,March,April,June,July,,,July,October
75,cilantro,herb,5,March,April,May,June,,,June,October
75,cilantro,herb,6,March,April,May,June,,,June,November
75,cilantro,herb,7,February,March,April,June,,,June,November
75,cilantro,herb,8,February,March,April,May,,,May,December
75,cilantro,herb,9,January,February,March,April,,,April,December
75,cilantro,herb,10,January,January,February,April,,,April,December
75,cilantro,herb,11,January,January,January,March,,,March,December
77,pesto-perpetuo-basil,herb,10,January,January,February,April,,,April,December
78,chocolate-mint,herb,2,April,May,June,August,,,August,September
78,chocolate-mint,herb,3,April,May,June,July,,,July,October
78,chocolate-mint,herb,4,March,April,June,July,,,July,October
78,chocolate-mint,herb,5,March,April,May,June,,,June,October
78,chocolate-mint,herb,6,March,April,May,June,,,June,November
78,chocolate-mint,herb,7,February,March,April,June,,,June,November
78,chocolate-mint,herb,8,February,March,April,May,,,May,December
78,chocolate-mint,herb,9,January,February,March,April,,,April,December
78,chocolate-mint,herb,10,January,January,February,April,,,April,December
78,chocolate-mint,herb,11,January,January,January,March,,,March,December
80,purple-ruffles-basil,herb,10,January,January,February,April,,,April,December
81,italian-large-leaf-basil,herb,10,January,January,February,April,,,April,December
83,spicy-globe-basil,herb,10,January,January,February,April,,,April,December
84,silver-thyme,herb,5,March,April,May,June,,,June,October
84,silver-thyme,herb,6,March,April,May,June,,,June,November
84,silver-thyme,herb,7,February,March,April,June,,,June,November
84,silver-thyme,herb,8,February,March,April,May,,,May,December
84,silver-thyme,herb,9,January,February,March,April,,,April,December
86,cherokee-trail-of-tears,bean,1,,,,,July,August,November,August
86,cherokee-trail-of-tears,bean,2,,,,,June,August,October,September
86,cherokee-trail-of-tears,bean,3,,,,,June,July,October,October
86,cherokee-trail-of-tears,bean,4,,,,,June,July,September,October
86,cherokee-trail-of-tears,bean,5,,,,,May,June,September,October
86,cherokee-trail-of-tears,bean,6,,,,,May,June,September,October
86,cherokee-trail-of-tears,bean,7,,,,,April,June,August,October
86,cherokee-trail-of-tears,bean,8,,,,,April,May,August,September
86,cherokee-trail-of-tears,bean,9,,,,,March,April,July,August
86,cherokee-trail-of-tears,bean,10,,,,,February,April,June,August
86,cherokee-trail-of-tears,bean,11,,,,,January,March,May,July
86,cherokee-trail-of-tears,bean,12,,,,,January,March,May,July
86,cherokee-trail-of-tears,bean,13,,,,,January,March,May,July
87,blue-lake-bush-274,bean,1,,,,,July,August,September,August
87,blue-lake-bush-274,bean,2,,,,,June,August,September,September
87,blue-lake-bush-274,bean,3,,,,,June,July,August,October
87,blue-lake-bush-274,bean,4,,,,,June,July,August,October
87,blue-lake-bush-274,bean,5,,,,,May,June,August,September
87,blue-lake-bush-274,bean,6,,,,,May,June,July,September
87,blue-lake-bush-274,bean,7,,,,,April,June,July,August
87,blue-lake-bush-274,bean,8,,,,,April,May,June,August
87,blue-lake-bush-274,bean,9,,,,,March,April,May,July
87,blue-lake-bush-274,bean,10,,,,,February,April,May,June
87,blue-lake-bush-274,bean,11,,,,,January,March,April,May
87,blue-lake-bush-274,bean,12,,,,,January,March,April,May
87,blue-lake-bush-274,bean,13,,,,,January,March,April,May
88,kentucky-wonder-pole,bean,1,,,,,July,August,October,August
88,kentucky-wonder-pole,bean,2,,,,,June,August,September,September
88,kentucky-wonder-pole,bean,3,,,,,June,July,September,October
88,kentucky-wonder-pole,bean,4,,,,,June,July,September,October
88,kentucky-wonder-pole,bean,5,,,,,May,June,August,October
88,kentucky-wonder-pole,bean,6,,,,,May,June,August,September
88,kentucky-wonder-pole,bean,7,,,,,April,June,July,September
88,kentucky-wonder-pole,bean,8,,,,,April,May,July,August
88,kentucky-wonder-pole,bean,9,,,,,March,April,June,July
88,kentucky-wonder-pole,bean,10,,,,,February,April,May,July
88,kentucky-wonder-pole,bean,11,,,,,January,March,April,June
88,kentucky-wonder-pole,bean,12,,,,,January,March,April,June
88,kentucky-wonder-pole,bean,13,,,,,January,March,April,June
89,provider-bush,bean,1,,,,,July,August,September,August
89,provider-bush,bean,2,,,,,June,August,September,September
89,provider-bush,bean,3,,,,,June,July,August,October
89,provider-bush,bean,4,,,,,June,July,August,October
89,provider-bush,bean,5,,,,,May,June,August,September
89,provider-bush,bean,6,,,,,May,June,July,September
89,provider-bush,bean,7,,,,,April,June,July,August
89,provider-bush,bean,8,,,,,April,May,June,August
89,provider-bush,bean,9,,,,,March,April,May,July
89,provider-bush,bean,10,,,,,February,April,May,June
89,provider-bush,bean,11,,,,,January,March,April,May
89,provider-bush,bean,12,,,,,January,March,April,May
89,provider-bush,bean,13,,,,,January,March,April,May
90,dragon-tongue,bean,1,,,,,July,August,October,August
90,dragon-tongue,bean,2,,,,,June,August,September,September
90,dragon-tongue,bean,3,,,,,June,July,September,October
90,dragon-tongue,bean,4,,,,,June,July,August,October
90,dragon-tongue,bean,5,,,,,May,June,August,October
90,dragon-tongue,bean,6,,,,,May,June,August,September
90,dragon-tongue,bean,7,,,,,April,June,July,September
90,dragon-tongue,bean,8,,,,,April,May,July,August
90,dragon-tongue,bean,9,,,,,March,April,June,July
90,dragon-tongue,bean,10,,,,,February,April,May,July
90,dragon-tongue,bean,11,,,,,January,March,April,June
90,dragon-tongue,bean,12,,,,,January,March,April,June
90,dragon-tongue,bean,13,,,,,January,March,April,June
91,scarlet-runner-bean,bean,1,,,,,July,August,September,August
91,scarlet-runner-bean,bean,2,,,,,June,August,September,September
91,scarlet-runner-bean,bean,3,,,,,June,July,August,October
91,scarlet-runner-bean,bean,4,,,,,June,July,August,September
91,scarlet-runner-bean,bean,5,,,,,May,June,August,September
91,scarlet-runner-bean,bean,6,,,,,May,June,July,September
91,scarlet-runner-bean,bean,7,,,,,April,June,July,August
91,scarlet-runner-bean,bean,8,,,,,April,May,June,August
91,scarlet-runner-bean,bean,9,,,,,March,April,May,July
91,scarlet-runner-bean,bean,10,,,,,February,April,May,June
91,scarlet-runner-bean,bean,11,,,,,January,March,April,May
91,scarlet-runner-bean,bean,12,,,,,January,March,April,May
91,scarlet-runner-bean,bean,13,,,,,January,March,April,May
92,romano-italian-bush-bean,bean,1,,,,,July,August,September,August
92,romano-italian-bush-bean,bean,2,,,,,June,August,September,September
92,romano-italian-bush-bean,bean,3,,,,,June,July,August,October
92,romano-italian-bush-bean,bean,4,,,,,June,July,August,October
92,romano-italian-bush-bean,bean,5,,,,,May,June,August,September
92,romano-italian-bush-bean,bean,6,,,,,May,June,July,September
92,romano-italian-bush-bean,bean,7,,,,,April,June,July,August
92,romano-italian-bush-bean,bean,8,,,,,April,May,June,August
92,romano-italian-bush-bean,bean,9,,,,,March,April,May,July
92,romano-italian-bush-bean,bean,10,,,,,February,April,May,June
92,romano-italian-bush-bean,bean,11,,,,,January,March,April,May
92,romano-italian-bush-bean,bean,12,,,,,January,March,April,May
92,romano-italian-bush-bean,bean,13,,,,,January,March,April,May
93,fortex-pole-bean,bean,1,,,,,July,August,October,August
93,fortex-pole-bean,bean,2,,,,,June,August,September,September
93,fortex-pole-bean,bean,3,,,,,June,July,September,October
93,fortex-pole-bean,bean,4,,,,,June,July,August,October
93,fortex-pole-bean,bean,5,,,,,May,June,August,October
93,fortex-pole-bean,bean,6,,,,,May,June,August,September
93,fortex-pole-bean,bean,7,,,,,April,June,July,September
93,fortex-pole-bean,bean,8,,,,,April,May,July,August
93,fortex-pole-bean,bean,9,,,,,March,April,June,July
93,fortex-pole-bean,bean,10,,,,,February,April,May,July
93,fortex-pole-bean,bean,11,,,,,January,March,April,June
93,fortex-pole-bean,bean,12,,,,,January,March,April,June
93,fortex-pole-bean,bean,13,,,,,January,March,April,June
94,henderson-bush-lima,bean,1,,,,,July,August,October,August
94,henderson-bush-lima,bean,2,,,,,June,August,September,September
94,henderson-bush-lima,bean,3,,,,,June,July,September,October
94,henderson-bush-lima,bean,4,,,,,June,July,September,October
94,henderson-bush-lima,bean,5,,,,,May,June,August,October
94,henderson-bush-lima,bean,6,,,,,May,June,August,September
94,henderson-bush-lima,bean,7,,,,,April,June,July,September
94,henderson-bush-lima,bean,8,,,,,April,May,July,August
94,henderson-bush-lima,bean,9,,,,,March,April,June,July
94,henderson-bush-lima,bean,10,,,,,February,April,May,July
94,henderson-bush-lima,bean,11,,,,,January,March,April,June
94,henderson-bush-lima,bean,12,,,,,January,March,April,June
94,henderson-bush-lima,bean,13,,,,,January,March,April,June
95,cherokee-purple-pod-bean,bean,1,,,,,July,August,October,August
95,cherokee-purple-pod-bean,bean,2,,,,,June,August,September,September
95,cherokee-purple-pod-bean,bean,3,,,,,June,July,September,October
95,cherokee-purple-pod-bean,bean,4,,,,,June,July,September,October
95,cherokee-purple-pod-bean,bean,5,,,,,May,June,August,October
95,cherokee-purple-pod-bean,bean,6,,,,,May,June,August,September
95,cherokee-purple-pod-bean,bean,7,,,,,April,June,July,September
95,cherokee-purple-pod-bean,bean,8,,,,,April,May,July,August
95,cherokee-purple-pod-bean,bean,9,,,,,March,April,June,July
95,cherokee-purple-pod-bean,bean,10,,,,,February,April,May,July
95,cherokee-purple-pod-bean,bean,11,,,,,January,March,April,June
95,cherokee-purple-pod-bean,bean,12,,,,,January,March,April,June
95,cherokee-purple-pod-bean,bean,13,,,,,January,March,April,June
96,contender-bush-bean,bean,1,,,,,July,August,September,August
96,contender-bush-bean,bean,2,,,,,June,August,September,September
96,contender-bush-bean,bean,3,,,,,June,July,August,October
96,contender-bush-bean,bean,4,,,,,June,July,August,October
96,contender-bush-bean,bean,5,,,,,May,June,August,September
96,contender-bush-bean,bean,6,,,,,May,June,July,September
96,contender-bush-bean,bean,7,,,,,April,June,July,August
96,contender-bush-bean,bean,8,,,,,April,May,June,August
96,contender-bush-bean,bean,9,,,,,March,April,May,July
96,contender-bush-bean,bean,10,,,,,February,April,May,June
96,contender-bush-bean,bean,11,,,,,January,March,April,May
96,contender-bush-bean,bean,12,,,,,January,March,April,May
96,contender-bush-bean,bean,13,,,,,January,March,April,May
97,purple-top-turnip-bean,bean,1,,,,,July,August,October,August
97,purple-top-turnip-bean,bean,2,,,,,June,August,September,September
97,purple-top-turnip-bean,bean,3,,,,,June,July,September,October
97,purple-top-turnip-bean,bean,4,,,,,June,July,September,October
97,purple-top-turnip-bean,bean,5,,,,,May,June,August,October
97,purple-top-turnip-bean,bean,6,,,,,May,June,August,September
97,purple-top-turnip-bean,bean,7,,,,,April,June,July,September
97,purple-top-turnip-bean,bean,8,,,,,April,May,July,August
97,purple-top-turnip-bean,bean,9,,,,,March,April,June,July
97,purple-top-turnip-bean,bean,10,,,,,February,April,May,July
97,purple-top-turnip-bean,bean,11,,,,,January,March,April,June
97,purple-top-turnip-bean,bean,12,,,,,January,March,April,June
97,purple-top-turnip-bean,bean,13,,,,,January,March,April,June
98,jade-bush-bean,bean,1,,,,,July,August,September,August
98,jade-bush-bean,bean,2,,,,,June,August,September,September
98,jade-bush-bean,bean,3,,,,,June,July,August,October
98,jade-bush-bean,bean,4,,,,,June,July,August,October
98,jade-bush-bean,bean,5,,,,,May,June,August,September
98,jade-bush-bean,bean,6,,,,,May,June,July,September
98,jade-bush-bean,bean,7,,,,,April,June,July,August
98,jade-bush-bean,bean,8,,,,,April,May,June,August
98,jade-bush-bean,bean,9,,,,,March,April,May,July
98,jade-bush-bean,bean,10,,,,,February,April,May,June
98,jade-bush-bean,bean,11,,,,,January,March,April,May
98,jade-bush-bean,bean,12,,,,,January,March,April,May
98,jade-bush-bean,bean,13,,,,,January,March,April,May
99,rattlesnake-pole-bean,bean,1,,,,,July,August,October,August
99,rattlesnake-pole-bean,bean,2,,,,,June,August,September,September
99,rattlesnake-pole-bean,bean,3,,,,,June,July,September,October
99,rattlesnake-pole-bean,bean,4,,,,,June,July,September,October
99,rattlesnake-pole-bean,bean,5,,,,,May,June,August,October
99,rattlesnake-pole-bean,bean,6,,,,,May,June,August,September
99,rattlesnake-pole-bean,bean,7,,,,,April,June,July,September
99,rattlesnake-pole-bean,bean,8,,,,,April,May,July,August
99,rattlesnake-pole-bean,bean,9,,,,,March,April,June,July
99,rattlesnake-pole-bean,bean,10,,,,,February,April,May,July
99,rattlesnake-pole-bean,bean,11,,,,,January,March,April,June
99,rattlesnake-pole-bean,bean,12,,,,,January,March,April,June
99,rattlesnake-pole-bean,bean,13,,,,,January,March,April,June
100,maxibel-haricot-vert,bean,1,,,,,July,August,September,August
100,maxibel-haricot-vert,bean,2,,,,,June,August,September,September
100,maxibel-haricot-vert,bean,3,,,,,June,July,August,October
100,maxibel-haricot-vert,bean,4,,,,,June,July,August,October
100,maxibel-haricot-vert,bean,5,,,,,May,June,August,September
100,maxibel-haricot-vert,bean,6,,,,,May,June,July,September
100,maxibel-haricot-vert,bean,7,,,,,April,June,July,August
100,maxibel-haricot-vert,bean,8,,,,,April,May,June,August
100,maxibel-haricot-vert,bean,9,,,,,March,April,May,July
100,maxibel-haricot-vert,bean,10,,,,,February,April,May,June
100,maxibel-haricot-vert,bean,11,,,,,January,March,April,May
100,maxibel-haricot-vert,bean,12,,,,,January,March,April,May
100,maxibel-haricot-vert,bean,13,,,,,January,March,April,May
101,bush-blue-lake-274,bean,1,,,,,July,August,September,August
101,bush-blue-lake-274,bean,2,,,,,June,August,September,September
101,bush-blue-lake-274,bean,3,,,,,June,July,August,October
101,bush-blue-lake-274,bean,4,,,,,June,July,August,October
101,bush-blue-lake-274,bean,5,,,,,May,June,August,September
101,bush-blue-lake-274,bean,6,,,,,May,June,July,September
101,bush-blue-lake-274,bean,7,,,,,April,June,July,August
101,bush-blue-lake-274,bean,8,,,,,April,May,June,August
101,bush-blue-lake-274,bean,9,,,,,March,April,May,July
101,bush-blue-lake-274,bean,10,,,,,February,April,May,June
101,bush-blue-lake-274,bean,11,,,,,January,March,April,May
101,bush-blue-lake-274,bean,12,,,,,January,March,April,May
101,bush-blue-lake-274,bean,13,,,,,January,March,April,May
102,tendergreen-bush-bean,bean,1,,,,,July,August,September,August
102,tendergreen-bush-bean,bean,2,,,,,June,August,September,September
102,tendergreen-bush-bean,bean,3,,,,,June,July,August,October
102,tendergreen-bush-bean,bean,4,,,,,June,July,August,October
102,tendergreen-bush-bean,bean,5,,,,,May,June,August,September
102,tendergreen-bush-bean,bean,6,,,,,May,June,July,September
102,tendergreen-bush-bean,bean,7,,,,,April,June,July,August
102,tendergreen-bush-bean,bean,8,,,,,April,May,June,August
102,tendergreen-bush-bean,bean,9,,,,,March,April,May,July
102,tendergreen-bush-bean,bean,10,,,,,February,April,May,June
102,tendergreen-bush-bean,bean,11,,,,,January,March,April,May
102,tendergreen-bush-bean,bean,12,,,,,January,March,April,May
102,tendergreen-bush-bean,bean,13,,,,,January,March,April,May
103,royal-burgundy-bush-bean,bean,1,,,,,July,August,September,August
103,royal-burgundy-bush-bean,bean,2,,,,,June,August,September,September
103,royal-burgundy-bush-bean,bean,3,,,,,June,July,August,October
103,royal-burgundy-bush-bean,bean,4,,,,,June,July,August,October
103,royal-burgundy-bush-bean,bean,5,,,,,May,June,August,September
103,royal-burgundy-bush-bean,bean,6,,,,,May,June,July,September
103,royal-burgundy-bush-bean,bean,7,,,,,April,June,July,August
103,royal-burgundy-bush-bean,bean,8,,,,,April,May,June,August
103,royal-burgundy-bush-bean,bean,9,,,,,March,April,May,July
103,royal-burgundy-bush-bean,bean,10,,,,,February,April,May,June
103,royal-burgundy-bush-bean,bean,11,,,,,January,March,April,May
103,royal-burgundy-bush-bean,bean,12,,,,,January,March,April,May
103,royal-burgundy-bush-bean,bean,13,,,,,January,March,April,May
104,haricot-vert-cornelia,bean,1,,,,,July,August,September,August
104,haricot-vert-cornelia,bean,2,,,,,June,August,September,September
104,haricot-vert-cornelia,bean,3,,,,,June,July,August,October
104,haricot-vert-cornelia,bean,4,,,,,June,July,August,October
104,haricot-vert-cornelia,bean,5,,,,,May,June,August,September
104,haricot-vert-cornelia,bean,6,,,,,May,June,July,September
104,haricot-vert-cornelia,bean,7,,,,,April,June,July,August
104,haricot-vert-cornelia,bean,8,,,,,April,May,June,August
104,haricot-vert-cornelia,bean,9,,,,,March,April,May,July
104,haricot-vert-cornelia,bean,10,,,,,February,April,May,June
104,haricot-vert-cornelia,bean,11,,,,,January,March,April,May
104,haricot-vert-cornelia,bean,12,,,,,January,March,April,May
104,haricot-vert-cornelia,bean,13,,,,,January,March,April,May
105,burpee-s-stringless-green-pod,bean,1,,,,,July,August,September,August
105,burpee-s-stringless-green-pod,bean,2,,,,,June,August,September,September
105,burpee-s-stringless-green-pod,bean,3,,,,,June,July,August,October
105,burpee-s-stringless-green-pod,bean,4,,,,,June,July,August,October
105,burpee-s-stringless-green-pod,bean,5,,,,,May,June,August,September
105,burpee-s-stringless-green-pod,bean,6,,,,,May,June,July,September
105,burpee-s-stringless-green-pod,bean,7,,,,,April,June,July,August
105,burpee-s-stringless-green-pod,bean,8,,,,,April,May,June,August
105,burpee-s-stringless-green-pod,bean,9,,,,,March,April,May,July
105,burpee-s-stringless-green-pod,bean,10,,,,,February,April,May,June
105,burpee-s-stringless-green-pod,bean,11,,,,,January,March,April,May
105,burpee-s-stringless-green-pod,bean,12,,,,,January,March,April,May
105,burpee-s-stringless-green-pod,bean,13,,,,,January,March,April,May
106,butternut-squash,squash,1,,,,,July,August,November,August
106,butternut-squash,squash,2,,,,,June,August,November,September
106,butternut-squash,squash,3,,,,,June,July,October,October
106,butternut-squash,squash,4,,,,,June,July,October,October
106,butternut-squash,squash,5,,,,,May,June,September,October
106,butternut-squash,squash,6,,,,,May,June,September,November
106,butternut-squash,squash,7,,,,,April,June,September,October
106,butternut-squash,squash,8,,,,,April,May,August,October
106,butternut-squash,squash,9,,,,,March,April,July,September
106,butternut-squash,squash,10,,,,,February,April,July,August
106,butternut-squash,squash,11,,,,,January,March,June,July
106,butternut-squash,squash,12,,,,,January,March,June,July
106,butternut-squash,squash,13,,,,,January,March,June,July
107,acorn-squash-table-queen,squash,1,,,,,July,August,November,August
107,acorn-squash-table-queen,squash,2,,,,,June,August,October,September
107,acorn-squash-table-queen,squash,3,,,,,June,July,October,October
107,acorn-squash-table-queen,squash,4,,,,,June,July,September,October
107,acorn-squash-table-queen,squash,5,,,,,May,June,September,October
107,acorn-squash-table-queen,squash,6,,,,,May,June,September,October
107,acorn-squash-table-queen,squash,7,,,,,April,June,August,October
107,acorn-squash-table-queen,squash,8,,,,,April,May,August,September
107,acorn-squash-table-queen,squash,9,,,,,March,April,July,August
107,acorn-squash-table-queen,squash,10,,,,,February,April,June,August
107,acorn-squash-table-queen,squash,11,,,,,January,March,May,July
107,acorn-squash-table-queen,squash,12,,,,,January,March,May,July
107,acorn-squash-table-queen,squash,13,,,,,January,March,May,July
108,delicata-squash,squash,1,,,,,July,August,November,August
108,delicata-squash,squash,2,,,,,June,August,October,September
108,delicata-squash,squash,3,,,,,June,July,October,October
108,delicata-squash,squash,4,,,,,June,July,October,October
108,delicata-squash,squash,5,,,,,May,June,September,October
108,delicata-squash,squash,6,,,,,May,June,September,October
108,delicata-squash,squash,7,,,,,April,June,August,October
108,delicata-squash,squash,8,,,,,April,May,August,September
108,delicata-squash,squash,9,,,,,March,April,July,August
108,delicata-squash,squash,10,,,,,February,April,June,August
108,delicata-squash,squash,11,,,,,January,March,May,July
108,delicata-squash,squash,12,,,,,January,March,May,July
108,delicata-squash,squash,13,,,,,January,March,May,July
110,spaghetti-squash,squash,1,,,,,July,August,October,August
110,spaghetti-squash,squash,2,,,,,June,August,October,September
110,spaghetti-squash,squash,3,,,,,June,July,September,October
110,spaghetti-squash,squash,4,,,,,June,July,September,October
110,spaghetti-squash,squash,5,,,,,May,June,September,October
110,spaghetti-squash,squash,6,,,,,May,June,August,October
110,spaghetti-squash,squash,7,,,,,April,June,August,September
110,spaghetti-squash,squash,8,,,,,April,May,July,September
110,spaghetti-squash,squash,9,,,,,March,April,June,August
110,spaghetti-squash,squash,10,,,,,February,April,June,July
110,spaghetti-squash,squash,11,,,,,January,March,May,June
110,spaghetti-squash,squash,12,,,,,January,March,May,June
110,spaghetti-squash,squash,13,,,,,January,March,May,June
111,black-beauty-zucchini,squash,1,,,,,July,August,November,August
111,black-beauty-zucchini,squash,2,,,,,June,August,October,September
111,black-beauty-zucchini,squash,3,,,,,June,July,August,October
111,black-beauty-zucchini,squash,4,,,,,June,July,August,October
111,black-beauty-zucchini,squash,5,,,,,May,June,August,September
111,black-beauty-zucchini,squash,6,,,,,May,June,July,September
111,black-beauty-zucchini,squash,7,,,,,April,June,July,August
111,black-beauty-zucchini,squash,8,,,,,April,May,June,August
111,black-beauty-zucchini,squash,9,,,,,March,April,May,July
111,black-beauty-zucchini,squash,10,,,,,February,April,May,June
111,black-beauty-zucchini,squash,11,,,,,January,March,May,July
111,black-beauty-zucchini,squash,12,,,,,January,March,May,July
111,black-beauty-zucchini,squash,13,,,,,January,March,May,July
112,hubbard-blue-squash,squash,1,,,,,July,August,November,August
112,hubbard-blue-squash,squash,2,,,,,June,August,November,September
112,hubbard-blue-squash,squash,3,,,,,June,July,October,October
112,hubbard-blue-squash,squash,4,,,,,June,July,October,October
112,hubbard-blue-squash,squash,5,,,,,May,June,October,October
112,hubbard-blue-squash,squash,6,,,,,May,June,September,November
112,hubbard-blue-squash,squash,7,,,,,April,June,September,October
112,hubbard-blue-squash,squash,8,,,,,April,May,August,October
112,hubbard-blue-squash,squash,9,,,,,March,April,July,September
112,hubbard-blue-squash,squash,10,,,,,February,April,July,August
112,hubbard-blue-squash,squash,11,,,,,January,March,June,July
112,hubbard-blue-squash,squash,12,,,,,January,March,June,July
112,hubbard-blue-squash,squash,13,,,,,January,March,June,July
113,pattypan-squash-sunburst,squash,1,,,,,July,August,September,August
113,pattypan-squash-sunburst,squash,2,,,,,June,August,September,September
113,pattypan-squash-sunburst,squash,3,,,,,June,July,August,October
113,pattypan-squash-sunburst,squash,4,,,,,June,July,August,October
113,pattypan-squash-sunburst,squash,5,,,,,May,June,August,September
113,pattypan-squash-sunburst,squash,6,,,,,May,June,July,September
113,pattypan-squash-sunburst,squash,7,,,,,April,June,July,August
113,pattypan-squash-sunburst,squash,8,,,,,April,May,June,August
113,pattypan-squash-sunburst,squash,9,,,,,March,April,May,July
113,pattypan-squash-sunburst,squash,10,,,,,February,April,May,June
113,pattypan-squash-sunburst,squash,11,,,,,January,March,April,May
113,pattypan-squash-sunburst,squash,12,,,,,January,March,April,May
113,pattypan-squash-sunburst,squash,13,,,,,January,March,April,May
114,honeynut-squash,squash,1,,,,,July,August,November,August
114,honeynut-squash,squash,2,,,,,June,August,November,September
114,honeynut-squash,squash,3,,,,,June,July,October,October
114,honeynut-squash,squash,4,,,,,June,July,October,October
114,honeynut-squash,squash,5,,,,,May,June,October,October
114,honeynut-squash,squash,6,,,,,May,June,September,November
114,honeynut-squash,squash,7,,,,,April,June,September,October
114,honeynut-squash,squash,8,,,,,April,May,August,October
114,honeynut-squash,squash,9,,,,,March,April,July,September
114,honeynut-squash,squash,10,,,,,February,April,July,August
114,honeynut-squash,squash,11,,,,,January,March,June,July
114,honeynut-squash,squash,12,,,,,January,March,June,July
114,honeynut-squash,squash,13,,,,,January,March,June,July
117,table-king-bush-acorn-squash,squash,1,,,,,July,August,November,August
117,table-king-bush-acorn-squash,squash,2,,,,,June,August,October,September
117,table-king-bush-acorn-squash,squash,3,,,,,June,July,October,October
117,table-king-bush-acorn-squash,squash,4,,,,,June,July,September,October
117,table-king-bush-acorn-squash,squash,5,,,,,May,June,September,October
117,table-king-bush-acorn-squash,squash,6,,,,,May,June,September,October
117,table-king-bush-acorn-squash,squash,7,,,,,April,June,August,October
117,table-king-bush-acorn-squash,squash,8,,,,,April,May,August,September
117,table-king-bush-acorn-squash,squash,9,,,,,March,April,July,August
117,table-king-bush-acorn-squash,squash,10,,,,,February,April,June,August
117,table-king-bush-acorn-squash,squash,11,,,,,January,March,May,July
117,table-king-bush-acorn-squash,squash,12,,,,,January,March,May,July
117,table-king-bush-acorn-squash,squash,13,,,,,January,March,May,July
118,cocozelle-italian-heirloom-zucchini,squash,1,,,,,July,August,October,August
118,cocozelle-italian-heirloom-zucchini,squash,2,,,,,June,August,September,September
118,cocozelle-italian-heirloom-zucchini,squash,3,,,,,June,July,September,October
118,cocozelle-italian-heirloom-zucchini,squash,4,,,,,June,July,August,October
118,cocozelle-italian-heirloom-zucchini,squash,5,,,,,May,June,August,September
118,cocozelle-italian-heirloom-zucchini,squash,6,,,,,May,June,August,September
118,cocozelle-italian-heirloom-zucchini,squash,7,,,,,April,June,July,September
118,cocozelle-italian-heirloom-zucchini,squash,8,,,,,April,May,July,August
118,cocozelle-italian-heirloom-zucchini,squash,9,,,,,March,April,June,July
118,cocozelle-italian-heirloom-zucchini,squash,10,,,,,February,April,May,July
118,cocozelle-italian-heirloom-zucchini,squash,11,,,,,January,March,April,June
118,cocozelle-italian-heirloom-zucchini,squash,12,,,,,January,March,April,June
118,cocozelle-italian-heirloom-zucchini,squash,13,,,,,January,March,April,June
119,burgess-buttercup-squash,squash,1,,,,,July,August,November,August
119,burgess-buttercup-squash,squash,2,,,,,June,August,November,September
119,burgess-buttercup-squash,squash,3,,,,,June,July,October,October
119,burgess-buttercup-squash,squash,4,,,,,June,July,October,October
119,burgess-buttercup-squash,squash,5,,,,,May,June,September,October
119,burgess-buttercup-squash,squash,6,,,,,May,June,September,November
119,burgess-buttercup-squash,squash,7,,,,,April,June,September,October
119,burgess-buttercup-squash,squash,8,,,,,April,May,August,October
119,burgess-buttercup-squash,squash,9,,,,,March,April,July,September
119,burgess-buttercup-squash,squash,10,,,,,February,April,July,August
119,burgess-buttercup-squash,squash,11,,,,,January,March,June,July
119,burgess-buttercup-squash,squash,12,,,,,January,March,June,July
119,burgess-buttercup-squash,squash,13,,,,,January,March,June,July
120,waltham-butternut-squash,squash,1,,,,,July,August,November,August
120,waltham-butternut-squash,squash,2,,,,,June,August,November,September
120,waltham-butternut-squash,squash,3,,,,,June,July,October,October
120,waltham-butternut-squash,squash,4,,,,,June,July,October,October
120,waltham-butternut-squash,squash,5,,,,,May,June,September,October
120,waltham-butternut-squash,squash,6,,,,,May,June,September,November
120,waltham-butternut-squash,squash,7,,,,,April,June,September,October
120,waltham-butternut-squash,squash,8,,,,,April,May,August,October
120,waltham-butternut-squash,squash,9,,,,,March,April,July,September
120,waltham-butternut-squash,squash,10,,,,,February,April,July,August
120,waltham-butternut-squash,squash,11,,,,,January,March,June,July
120,waltham-butternut-squash,squash,12,,,,,January,March,June,July
120,waltham-butternut-squash,squash,13,,,,,January,March,June,July
121,sugar-pie-pumpkin,squash,1,,,,,July,August,November,August
121,sugar-pie-pumpkin,squash,2,,,,,June,August,November,September
121,sugar-pie-pumpkin,squash,3,,,,,June,July,October,October
121,sugar-pie-pumpkin,squash,4,,,,,June,July,October,October
121,sugar-pie-pumpkin,squash,5,,,,,May,June,September,October
121,sugar-pie-pumpkin,squash,6,,,,,May,June,September,November
121,sugar-pie-pumpkin,squash,7,,,,,April,June,September,October
121,sugar-pie-pumpkin,squash,8,,,,,April,May,August,October
121,sugar-pie-pumpkin,squash,9,,,,,March,April,July,September
121,sugar-pie-pumpkin,squash,10,,,,,February,April,July,August
121,sugar-pie-pumpkin,squash,11,,,,,January,March,June,July
121,sugar-pie-pumpkin,squash,12,,,,,January,March,June,July
121,sugar-pie-pumpkin,squash,13,,,,,January,March,June,July
122,kabocha-winter-squash,squash,1,,,,,July,August,November,August
122,kabocha-winter-squash,squash,2,,,,,June,August,October,September
122,kabocha-winter-squash,squash,3,,,,,June,July,October,October
122,kabocha-winter-squash,squash,4,,,,,June,July,October,October
122,kabocha-winter-squash,squash,5,,,,,May,June,September,October
122,kabocha-winter-squash,squash,6,,,,,May,June,September,October
122,kabocha-winter-squash,squash,7,,,,,April,June,August,October
122,kabocha-winter-squash,squash,8,,,,,April,May,August,September
122,kabocha-winter-squash,squash,9,,,,,March,April,July,August
122,kabocha-winter-squash,squash,10,,,,,February,April,June,August
122,kabocha-winter-squash,squash,11,,,,,January,March,May,July
122,kabocha-winter-squash,squash,12,,,,,January,March,May,July
122,kabocha-winter-squash,squash,13,,,,,January,March,May,July
123,yellow-straightneck-zucchini,squash,1,,,,,July,August,September,August
123,yellow-straightneck-zucchini,squash,2,,,,,June,August,September,September
123,yellow-straightneck-zucchini,squash,3,,,,,June,July,August,October
123,yellow-straightneck-zucchini,squash,4,,,,,June,July,August,October
123,yellow-straightneck-zucchini,squash,5,,,,,May,June,August,September
123,yellow-straightneck-zucchini,squash,6,,,,,May,June,July,September
123,yellow-straightneck-zucchini,squash,7,,,,,April,June,July,August
123,yellow-straightneck-zucchini,squash,8,,,,,April,May,June,August
123,yellow-straightneck-zucchini,squash,9,,,,,March,April,May,July
123,yellow-straightneck-zucchini,squash,10,,,,,February,April,May,June
123,yellow-straightneck-zucchini,squash,11,,,,,January,March,April,May
123,yellow-straightneck-zucchini,squash,12,,,,,January,March,April,May
123,yellow-straightneck-zucchini,squash,13,,,,,January,March,April,May
124,carnival-acorn-squash,squash,1,,,,,July,August,November,August
124,carnival-acorn-squash,squash,2,,,,,June,August,November,September
124,carnival-acorn-squash,squash,3,,,,,June,July,October,October
124,carnival-acorn-squash,squash,4,,,,,June,July,October,October
124,carnival-acorn-squash,squash,5,,,,,May,June,September,October
124,carnival-acorn-squash,squash,6,,,,,May,June,September,November
124,carnival-acorn-squash,squash,7,,,,,April,June,September,October
124,carnival-acorn-squash,squash,8,,,,,April,May,August,October
124,carnival-acorn-squash,squash,9,,,,,March,April,July,September
124,carnival-acorn-squash,squash,10,,,,,February,April,July,August
124,carnival-acorn-squash,squash,11,,,,,January,March,June,July
124,carnival-acorn-squash,squash,12,,,,,January,March,June,July
124,carnival-acorn-squash,squash,13,,,,,January,March,June,July
127,chantenay-red-core-carrot,root-vegetable,1,,,,,June,July,August,September
127,chantenay-red-core-carrot,root-vegetable,2,,,,,May,July,July,September
127,chantenay-red-core-carrot,root-vegetable,3,,,,,May,June,July,October
127,chantenay-red-core-carrot,root-vegetable,4,,,,,April,June,July,October
127,chantenay-red-core-carrot,root-vegetable,5,,,,,April,May,June,November
127,chantenay-red-core-carrot,root-vegetable,6,,,,,April,May,June,November
127,chantenay-red-core-carrot,root-vegetable,7,,,,,March,May,May,November
127,chantenay-red-core-carrot,root-vegetable,8,,,,,March,April,May,December
127,chantenay-red-core-carrot,root-vegetable,9,,,,,February,March,April,December
127,chantenay-red-core-carrot,root-vegetable,10,,,,,January,March,March,December
127,chantenay-red-core-carrot,root-vegetable,11,,,,,January,February,February,December
127,chantenay-red-core-carrot,root-vegetable,12,,,,,January,February,February,December
127,chantenay-red-core-carrot,root-vegetable,13,,,,,January,February,February,December
128,watermelon-radish,root-vegetable,1,,,,,June,July,September,September
128,watermelon-radish,root-vegetable,2,,,,,May,July,August,September
128,watermelon-radish,root-vegetable,3,,,,,May,June,August,October
128,watermelon-radish,root-vegetable,4,,,,,April,June,July,October
128,watermelon-radish,root-vegetable,5,,,,,April,May,July,November
128,watermelon-radish,root-vegetable,6,,,,,April,May,July,November
128,watermelon-radish,root-vegetable,7,,,,,March,May,June,November
128,watermelon-radish,root-vegetable,8,,,,,March,April,June,December
128,watermelon-radish,root-vegetable,9,,,,,February,March,May,December
128,watermelon-radish,root-vegetable,10,,,,,January,March,April,December
128,watermelon-radish,root-vegetable,11,,,,,January,February,March,December
128,watermelon-radish,root-vegetable,12,,,,,January,February,March,December
128,watermelon-radish,root-vegetable,13,,,,,January,February,March,December
129,hakurei-turnip,root-vegetable,1,,,,,June,July,July,September
129,hakurei-turnip,root-vegetable,2,,,,,May,July,June,September
129,hakurei-turnip,root-vegetable,3,,,,,May,June,June,October
129,hakurei-turnip,root-vegetable,4,,,,,April,June,June,October
129,hakurei-turnip,root-vegetable,5,,,,,April,May,May,November
129,hakurei-turnip,root-vegetable,6,,,,,April,May,May,November
129,hakurei-turnip,root-vegetable,7,,,,,March,May,April,November
129,hakurei-turnip,root-vegetable,8,,,,,March,April,April,December
129,hakurei-turnip,root-vegetable,9,,,,,February,March,March,December
129,hakurei-turnip,root-vegetable,10,,,,,January,March,February,December
129,hakurei-turnip,root-vegetable,11,,,,,January,February,January,December
129,hakurei-turnip,root-vegetable,12,,,,,January,February,January,December
129,hakurei-turnip,root-vegetable,13,,,,,January,February,January,December
131,scarlet-nantes-carrot,root-vegetable,1,,,,,June,July,August,September
131,scarlet-nantes-carrot,root-vegetable,2,,,,,May,July,July,September
131,scarlet-nantes-carrot,root-vegetable,3,,,,,May,June,July,October
131,scarlet-nantes-carrot,root-vegetable,4,,,,,April,June,July,October
131,scarlet-nantes-carrot,root-vegetable,5,,,,,April,May,June,November
131,scarlet-nantes-carrot,root-vegetable,6,,,,,April,May,June,November
131,scarlet-nantes-carrot,root-vegetable,7,,,,,March,May,May,November
131,scarlet-nantes-carrot,root-vegetable,8,,,,,March,April,May,December
131,scarlet-nantes-carrot,root-vegetable,9,,,,,February,March,April,December
131,scarlet-nantes-carrot,root-vegetable,10,,,,,January,March,March,December
131,scarlet-nantes-carrot,root-vegetable,11,,,,,January,February,February,December
131,scarlet-nantes-carrot,root-vegetable,12,,,,,January,February,February,December
131,scarlet-nantes-carrot,root-vegetable,13,,,,,January,February,February,December
132,red-ace-beet,root-vegetable,1,,,,,June,July,July,September
132,red-ace-beet,root-vegetable,2,,,,,May,July,July,September
132,red-ace-beet,root-vegetable,3,,,,,May,June,June,October
132,red-ace-beet,root-vegetable,4,,,,,April,June,June,October
132,red-ace-beet,root-vegetable,5,,,,,April,May,June,November
132,red-ace-beet,root-vegetable,6,,,,,April,May,May,November
132,red-ace-beet,root-vegetable,7,,,,,March,May,May,November
132,red-ace-beet,root-vegetable,8,,,,,March,April,April,December
132,red-ace-beet,root-vegetable,9,,,,,February,March,March,December
132,red-ace-beet,root-vegetable,10,,,,,January,March,March,December
132,red-ace-beet,root-vegetable,11,,,,,January,February,February,December
132,red-ace-beet,root-vegetable,12,,,,,January,February,February,December
132,red-ace-beet,root-vegetable,13,,,,,January,February,February,December
133,french-breakfast-radish,root-vegetable,1,,,,,June,July,June,September
133,french-breakfast-radish,root-vegetable,2,,,,,May,July,June,September
133,french-breakfast-radish,root-vegetable,3,,,,,May,June,May,October
133,french-breakfast-radish,root-vegetable,4,,,,,April,June,May,October
133,french-breakfast-radish,root-vegetable,5,,,,,April,May,May,November
133,french-breakfast-radish,root-vegetable,6,,,,,April,May,April,November
133,french-breakfast-radish,root-vegetable,7,,,,,March,May,April,November
133,french-breakfast-radish,root-vegetable,8,,,,,March,April,March,December
133,french-breakfast-radish,root-vegetable,9,,,,,February,March,February,December
133,french-breakfast-radish,root-vegetable,10,,,,,January,March,February,December
133,french-breakfast-radish,root-vegetable,11,,,,,January,February,January,December
133,french-breakfast-radish,root-vegetable,12,,,,,January,February,January,December
133,french-breakfast-radish,root-vegetable,13,,,,,January,February,January,December
134,purple-top-white-globe-turnip,root-vegetable,1,,,,,June,July,July,September
134,purple-top-white-globe-turnip,root-vegetable,2,,,,,May,July,July,September
134,purple-top-white-globe-turnip,root-vegetable,3,,,,,May,June,June,October
134,purple-top-white-globe-turnip,root-vegetable,4,,,,,April,June,June,October
134,purple-top-white-globe-turnip,root-vegetable,5,,,,,April,May,June,November
134,purple-top-white-globe-turnip,root-vegetable,6,,,,,April,May,May,November
134,purple-top-white-globe-turnip,root-vegetable,7,,,,,March,May,May,November
134,purple-top-white-globe-turnip,root-vegetable,8,,,,,March,April,April,December
134,purple-top-white-globe-turnip,root-vegetable,9,,,,,February,March,March,December
134,purple-top-white-globe-turnip,root-vegetable,10,,,,,January,March,March,December
134,purple-top-white-globe-turnip,root-vegetable,11,,,,,January,February,February,December
134,purple-top-white-globe-turnip,root-vegetable,12,,,,,January,February,February,December
134,purple-top-white-globe-turnip,root-vegetable,13,,,,,January,February,February,December
135,chioggia-beet,root-vegetable,1,,,,,June,July,July,September
135,chioggia-beet,root-vegetable,2,,,,,May,July,July,September
135,chioggia-beet,root-vegetable,3,,,,,May,June,June,October
135,chioggia-beet,root-vegetable,4,,,,,April,June,June,October
135,chioggia-beet,root-vegetable,5,,,,,April,May,June,November
135,chioggia-beet,root-vegetable,6,,,,,April,May,May,November
135,chioggia-beet,root-vegetable,7,,,,,March,May,May,November
135,chioggia-beet,root-vegetable,8,,,,,March,April,April,December
135,chioggia-beet,root-vegetable,9,,,,,February,March,March,December
135,chioggia-beet,root-vegetable,10,,,,,January,March,March,December
135,chioggia-beet,root-vegetable,11,,,,,January,February,February,December
135,chioggia-beet,root-vegetable,12,,,,,January,February,February,December
135,chioggia-beet,root-vegetable,13,,,,,January,February,February,December
136,paris-market-carrot,root-vegetable,1,,,,,June,July,July,September
136,paris-market-carrot,root-vegetable,2,,,,,May,July,July,September
136,paris-market-carrot,root-vegetable,3,,,,,May,June,June,October
136,paris-market-carrot,root-vegetable,4,,,,,April,June,June,October
136,paris-market-carrot,root-vegetable,5,,,,,April,May,June,November
136,paris-market-carrot,root-vegetable,6,,,,,April,May,May,November
136,paris-market-carrot,root-vegetable,7,,,,,March,May,May,November
136,paris-market-carrot,root-vegetable,8,,,,,March,April,April,December
136,paris-market-carrot,root-vegetable,9,,,,,February,March,March,December
136,paris-market-carrot,root-vegetable,10,,,,,January,March,March,December
136,paris-market-carrot,root-vegetable,11,,,,,January,February,February,December
136,paris-market-carrot,root-vegetable,12,,,,,January,February,February,December
136,paris-market-carrot,root-vegetable,13,,,,,January,February,February,December
137,purple-daikon-radish,root-vegetable,1,,,,,June,July,August,September
137,purple-daikon-radish,root-vegetable,2,,,,,May,July,July,September
137,purple-daikon-radish,root-vegetable,3,,,,,May,June,July,October
137,purple-daikon-radish,root-vegetable,4,,,,,April,June,June,October
137,purple-daikon-radish,root-vegetable,5,,,,,April,May,June,November
137,purple-daikon-radish,root-vegetable,6,,,,,April,May,June,November
137,purple-daikon-radish,root-vegetable,7,,,,,March,May,May,November
137,purple-daikon-radish,root-vegetable,8,,,,,March,April,May,December
137,purple-daikon-radish,root-vegetable,9,,,,,February,March,April,December
137,purple-daikon-radish,root-vegetable,10,,,,,January,March,March,December
137,purple-daikon-radish,root-vegetable,11,,,,,January,February,February,December
137,purple-daikon-radish,root-vegetable,12,,,,,January,February,February,December
137,purple-daikon-radish,root-vegetable,13,,,,,January,February,February,December
139,nelson-carrot,root-vegetable,1,,,,,June,July,June,September
139,nelson-carrot,root-vegetable,2,,,,,May,July,June,September
139,nelson-carrot,root-vegetable,3,,,,,May,June,May,October
139,nelson-carrot,root-vegetable,4,,,,,April,June,May,October
139,nelson-carrot,root-vegetable,5,,,,,April,May,May,November
139,nelson-carrot,root-vegetable,6,,,,,April,May,April,November
139,nelson-carrot,root-vegetable,7,,,,,March,May,April,November
139,nelson-carrot,root-vegetable,8,,,,,March,April,March,December
139,nelson-carrot,root-vegetable,9,,,,,February,March,February,December
139,nelson-carrot,root-vegetable,10,,,,,January,March,February,December
139,nelson-carrot,root-vegetable,11,,,,,January,February,January,December
139,nelson-carrot,root-vegetable,12,,,,,January,February,January,December
139,nelson-carrot,root-vegetable,13,,,,,January,February,January,December
140,golden-beet,root-vegetable,1,,,,,June,July,August,September
140,golden-beet,root-vegetable,2,,,,,May,July,August,September
140,golden-beet,root-vegetable,3,,,,,May,June,July,October
140,golden-beet,root-vegetable,4,,,,,April,June,July,October
140,golden-beet,root-vegetable,5,,,,,April,May,July,November
140,golden-beet,root-vegetable,6,,,,,April,May,June,November
140,golden-beet,root-vegetable,7,,,,,March,May,June,November
140,golden-beet,root-vegetable,8,,,,,March,April,May,December
140,golden-beet,root-vegetable,9,,,,,February,March,April,December
140,golden-beet,root-vegetable,10,,,,,January,March,April,December
140,golden-beet,root-vegetable,11,,,,,January,February,March,December
140,golden-beet,root-vegetable,12,,,,,January,February,March,December
140,golden-beet,root-vegetable,13,,,,,January,February,March,December
141,danvers-half-long-carrot,root-vegetable,1,,,,,June,July,August,September
141,danvers-half-long-carrot,root-vegetable,2,,,,,May,July,July,September
141,danvers-half-long-carrot,root-vegetable,3,,,,,May,June,July,October
141,danvers-half-long-carrot,root-vegetable,4,,,,,April,June,July,October
141,danvers-half-long-carrot,root-vegetable,5,,,,,April,May,June,November
141,danvers-half-long-carrot,root-vegetable,6,,,,,April,May,June,November
141,danvers-half-long-carrot,root-vegetable,7,,,,,March,May,May,November
141,danvers-half-long-carrot,root-vegetable,8,,,,,March,April,May,December
141,danvers-half-long-carrot,root-vegetable,9,,,,,February,March,April,December
141,danvers-half-long-carrot,root-vegetable,10,,,,,January,March,March,December
141,danvers-half-long-carrot,root-vegetable,11,,,,,January,February,February,December
141,danvers-half-long-carrot,root-vegetable,12,,,,,January,February,February,December
141,danvers-half-long-carrot,root-vegetable,13,,,,,January,February,February,December
142,purple-plum-radish,root-vegetable,1,,,,,June,July,June,September
142,purple-plum-radish,root-vegetable,2,,,,,May,July,June,September
142,purple-plum-radish,root-vegetable,3,,,,,May,June,May,October
142,purple-plum-radish,root-vegetable,4,,,,,April,June,May,October
142,purple-plum-radish,root-vegetable,5,,,,,April,May,May,November
142,purple-plum-radish,root-vegetable,6,,,,,April,May,April,November
142,purple-plum-radish,root-vegetable,7,,,,,March,May,April,November
142,purple-plum-radish,root-vegetable,8,,,,,March,April,March,December
142,purple-plum-radish,root-vegetable,9,,,,,February,March,February,December
142,purple-plum-radish,root-vegetable,10,,,,,January,March,February,December
142,purple-plum-radish,root-vegetable,11,,,,,January,February,January,December
142,purple-plum-radish,root-vegetable,12,,,,,January,February,January,December
142,purple-plum-radish,root-vegetable,13,,,,,January,February,January,December
143,bolero-carrot,root-vegetable,1,,,,,June,July,August,September
143,bolero-carrot,root-vegetable,2,,,,,May,July,August,September
143,bolero-carrot,root-vegetable,3,,,,,May,June,July,October
143,bolero-carrot,root-vegetable,4,,,,,April,June,July,October
143,bolero-carrot,root-vegetable,5,,,,,April,May,June,November
143,bolero-carrot,root-vegetable,6,,,,,April,May,June,November
143,bolero-carrot,root-vegetable,7,,,,,March,May,June,November
143,bolero-carrot,root-vegetable,8,,,,,March,April,May,December
143,bolero-carrot,root-vegetable,9,,,,,February,March,April,December
143,bolero-carrot,root-vegetable,10,,,,,January,March,April,December
143,bolero-carrot,root-vegetable,11,,,,,January,February,March,December
143,bolero-carrot,root-vegetable,12,,,,,January,February,March,December
143,bolero-carrot,root-vegetable,13,,,,,January,February,March,December
144,early-wonder-tall-top-beet,root-vegetable,1,,,,,June,July,July,September
144,early-wonder-tall-top-beet,root-vegetable,2,,,,,May,July,July,September
144,early-wonder-tall-top-beet,root-vegetable,3,,,,,May,June,June,October
144,early-wonder-tall-top-beet,root-vegetable,4,,,,,April,June,June,October
144,early-wonder-tall-top-beet,root-vegetable,5,,,,,April,May,June,November
144,early-wonder-tall-top-beet,root-vegetable,6,,,,,April,May,May,November
144,early-wonder-tall-top-beet,root-vegetable,7,,,,,March,May,May,November
144,early-wonder-tall-top-beet,root-vegetable,8,,,,,March,April,April,December
144,early-wonder-tall-top-beet,root-vegetable,9,,,,,February,March,March,December
144,early-wonder-tall-top-beet,root-vegetable,10,,,,,January,March,March,December
144,early-wonder-tall-top-beet,root-vegetable,11,,,,,January,February,February,December
144,early-wonder-tall-top-beet,root-vegetable,12,,,,,January,February,February,December
144,early-wonder-tall-top-beet,root-vegetable,13,,,,,January,February,February,December
145,tokyo-cross-turnip,root-vegetable,1,,,,,June,July,July,September
145,tokyo-cross-turnip,root-vegetable,2,,,,,May,July,June,September
145,tokyo-cross-turnip,root-vegetable,3,,,,,May,June,June,October
145,tokyo-cross-turnip,root-vegetable,4,,,,,April,June,June,October
145,tokyo-cross-turnip,root-vegetable,5,,,,,April,May,May,November
145,tokyo-cross-turnip,root-vegetable,6,,,,,April,May,May,November
145,tokyo-cross-turnip,root-vegetable,7,,,,,March,May,April,November
145,tokyo-cross-turnip,root-vegetable,8,,,,,March,April,April,December
145,tokyo-cross-turnip,root-vegetable,9,,,,,February,March,March,December
145,tokyo-cross-turnip,root-vegetable,10,,,,,January,March,February,December
145,tokyo-cross-turnip,root-vegetable,11,,,,,January,February,January,December
145,tokyo-cross-turnip,root-vegetable,12,,,,,January,February,January,December
145,tokyo-cross-turnip,root-vegetable,13,,,,,January,February,January,December
148,lacinato-kale,brassica,1,April,May,June,July,June,July,August,September
148,lacinato-kale,brassica,2,April,May,June,July,May,July,August,September
148,lacinato-kale,brassica,3,March,April,May,June,May,June,July,October
148,lacinato-kale,brassica,4,March,April,May,June,April,June,July,October
148,lacinato-kale,brassica,5,February,March,April,May,April,May,June,November
148,lacinato-kale,brassica,6,February,March,April,May,April,May,June,November
148,lacinato-kale,brassica,7,February,March,April,May,March,May,June,November
148,lacinato-kale,brassica,8,January,February,March,April,March,April,May,December
148,lacinato-kale,brassica,9,January,January,February,March,February,March,April,December
148,lacinato-kale,brassica,10,January,January,February,March,January,March,April,December
148,lacinato-kale,brassica,11,January,January,January,February,January,February,March,December
148,lacinato-kale,brassica,12,January,January,January,February,January,February,March,December
148,lacinato-kale,brassica,13,January,January,January,February,January,February,March,December
149,golden-acre-cabbage,brassica,1,April,May,June,July,June,July,August,September
149,golden-acre-cabbage,brassica,2,April,May,June,July,May,July,July,September
149,golden-acre-cabbage,brassica,3,March,April,May,June,May,June,July,October
149,golden-acre-cabbage,brassica,4,March,April,May,June,April,June,July,October
149,golden-acre-cabbage,brassica,5,February,March,April,May,April,May,June,November
149,golden-acre-cabbage,brassica,6,February,March,April,May,April,May,June,November
149,golden-acre-cabbage,brassica,7,February,March,April,May,March,May,May,November
149,golden-acre-cabbage,brassica,8,January,February,March,April,March,April,May,December
149,golden-acre-cabbage,brassica,9,January,January,February,March,February,March,April,December
149,golden-acre-cabbage,brassica,10,January,January,February,March,January,March,March,December
149,golden-acre-cabbage,brassica,11,January,January,January,February,January,February,February,December
149,golden-acre-cabbage,brassica,12,January,January,January,February,January,February,February,December
149,golden-acre-cabbage,brassica,13,January,January,January,February,January,February,February,December
150,de-cicco-broccoli,brassica,1,April,May,June,July,June,July,July,September
150,de-cicco-broccoli,brassica,2,April,May,June,July,May,July,July,September
150,de-cicco-broccoli,brassica,3,March,April,May,June,May,June,June,October
150,de-cicco-broccoli,brassica,4,March,April,May,June,April,June,June,October
150,de-cicco-broccoli,brassica,5,February,March,April,May,April,May,May,November
150,de-cicco-broccoli,brassica,6,February,March,April,May,April,May,May,November
150,de-cicco-broccoli,brassica,7,February,March,April,May,March,May,May,November
150,de-cicco-broccoli,brassica,8,January,February,March,April,March,April,April,December
150,de-cicco-broccoli,brassica,9,January,January,February,March,February,March,March,December
150,de-cicco-broccoli,brassica,10,January,January,February,March,January,March,March,December
150,de-cicco-broccoli,brassica,11,January,January,January,February,January,February,February,December
150,de-cicco-broccoli,brassica,12,January,January,January,February,January,February,February,December
150,de-cicco-broccoli,brassica,13,January,January,January,February,January,February,February,December
151,black-magic-kale,brassica,1,April,May,June,July,June,July,August,September
151,black-magic-kale,brassica,2,April,May,June,July,May,July,July,September
151,black-magic-kale,brassica,3,March,April,May,June,May,June,July,October
151,black-magic-kale,brassica,4,March,April,May,June,April,June,June,October
151,black-magic-kale,brassica,5,February,March,April,May,April,May,June,November
151,black-magic-kale,brassica,6,February,March,April,May,April,May,June,November
151,black-magic-kale,brassica,7,February,March,April,May,March,May,May,November
151,black-magic-kale,brassica,8,January,February,March,April,March,April,May,December
151,black-magic-kale,brassica,9,January,January,February,March,February,March,April,December
151,black-magic-kale,brassica,10,January,January,February,March,January,March,March,December
151,black-magic-kale,brassica,11,January,January,January,February,January,February,February,December
151,black-magic-kale,brassica,12,January,January,January,February,January,February,February,December
151,black-magic-kale,brassica,13,January,January,January,February,January,February,February,December
152,premium-crop-broccoli,brassica,1,April,May,June,July,June,July,August,September
152,premium-crop-broccoli,brassica,2,April,May,June,July,May,July,August,September
152,premium-crop-broccoli,brassica,3,March,April,May,June,May,June,July,October
152,premium-crop-broccoli,brassica,4,March,April,May,June,April,June,July,October
152,premium-crop-broccoli,brassica,5,February,March,April,May,April,May,July,November
152,premium-crop-broccoli,brassica,6,February,March,April,May,April,May,June,November
152,premium-crop-broccoli,brassica,7,February,March,April,May,March,May,June,November
152,premium-crop-broccoli,brassica,8,January,February,March,April,March,April,May,December
152,premium-crop-broccoli,brassica,9,January,January,February,March,February,March,April,December
152,premium-crop-broccoli,brassica,10,January,January,February,March,January,March,April,December
152,premium-crop-broccoli,brassica,11,January,January,January,February,January,February,March,December
152,premium-crop-broccoli,brassica,12,January,January,January,February,January,February,March,December
152,premium-crop-broccoli,brassica,13,January,January,January,February,January,February,March,December
153,early-jersey-wakefield-cabbage,brassica,1,April,May,June,July,June,July,August,September
153,early-jersey-wakefield-cabbage,brassica,2,April,May,June,July,May,July,July,September
153,early-jersey-wakefield-cabbage,brassica,3,March,April,May,June,May,June,July,October
153,early-jersey-wakefield-cabbage,brassica,4,March,April,May,June,April,June,July,October
153,early-jersey-wakefield-cabbage,brassica,5,February,March,April,May,April,May,June,November
153,early-jersey-wakefield-cabbage,brassica,6,February,March,April,May,April,May,June,November
153,early-jersey-wakefield-cabbage,brassica,7,February,March,April,May,March,May,May,November
153,early-jersey-wakefield-cabbage,brassica,8,January,February,March,April,March,April,May,December
153,early-jersey-wakefield-cabbage,brassica,9,January,January,February,March,February,March,April,December
153,early-jersey-wakefield-cabbage,brassica,10,January,January,February,March,January,March,March,December
153,early-jersey-wakefield-cabbage,brassica,11,January,January,January,February,January,February,February,December
153,early-jersey-wakefield-cabbage,brassica,12,January,January,January,February,January,February,February,December
153,early-jersey-wakefield-cabbage,brassica,13,January,January,January,February,January,February,February,December
154,ruby-perfection-cabbage,brassica,1,April,May,June,July,June,July,August,September
154,ruby-perfection-cabbage,brassica,2,April,May,June,July,May,July,August,September
154,ruby-perfection-cabbage,brassica,3,March,April,May,June,May,June,July,October
154,ruby-perfection-cabbage,brassica,4,March,April,May,June,April,June,July,October
154,ruby-perfection-cabbage,brassica,5,February,March,April,May,April,May,July,November
154,ruby-perfection-cabbage,brassica,6,February,March,April,May,April,May,June,November
154,ruby-perfection-cabbage,brassica,7,February,March,April,May,March,May,June,November
154,ruby-perfection-cabbage,brassica,8,January,February,March,April,March,April,May,December
154,ruby-perfection-cabbage,brassica,9,January,January,February,March,February,March,April,December
154,ruby-perfection-cabbage,brassica,10,January,January,February,March,January,March,April,December
154,ruby-perfection-cabbage,brassica,11,January,January,January,February,January,February,March,December
154,ruby-perfection-cabbage,brassica,12,January,January,January,February,January,February,March,December
154,ruby-perfection-cabbage,brassica,13,January,January,January,February,January,February,March,December
156,brussels-sprouts-long-island-improved,brassica,1,April,May,June,July,June,July,September,September
156,brussels-sprouts-long-island-improved,brassica,2,April,May,June,July,May,July,September,September
156,brussels-sprouts-long-island-improved,brassica,3,March,April,May,June,May,June,August,October
156,brussels-sprouts-long-island-improved,brassica,4,March,April,May,June,April,June,August,October
156,brussels-sprouts-long-island-improved,brassica,5,February,March,April,May,April,May,August,November
156,brussels-sprouts-long-island-improved,brassica,6,February,March,April,May,April,May,July,November
156,brussels-sprouts-long-island-improved,brassica,7,February,March,April,May,March,May,July,November
156,brussels-sprouts-long-island-improved,brassica,8,January,February,March,April,March,April,June,December
156,brussels-sprouts-long-island-improved,brassica,9,January,January,February,March,February,March,May,December
156,brussels-sprouts-long-island-improved,brassica,10,January,January,February,March,January,March,May,December
156,brussels-sprouts-long-island-improved,brassica,11,January,January,January,February,January,February,April,December
156,brussels-sprouts-long-island-improved,brassica,12,January,January,January,February,January,February,April,December
156,brussels-sprouts-long-island-improved,brassica,13,January,January,January,February,January,February,April,December
160,arugula-rocket,brassica,1,April,May,June,July,June,July,July,September
160,arugula-rocket,brassica,2,April,May,June,July,May,July,June,September
160,arugula-rocket,brassica,3,March,April,May,June,May,June,June,October
160,arugula-rocket,brassica,4,March,April,May,June,April,June,May,October
160,arugula-rocket,brassica,5,February,March,April,May,April,May,May,November
160,arugula-rocket,brassica,6,February,March,April,May,April,May,May,November
160,arugula-rocket,brassica,7,February,March,April,May,March,May,April,November
160,arugula-rocket,brassica,8,January,February,March,April,March,April,April,December
160,arugula-rocket,brassica,9,January,January,February,March,February,March,March,December
160,arugula-rocket,brassica,10,January,January,February,March,January,March,February,December
160,arugula-rocket,brassica,11,January,January,January,February,January,February,January,December
160,arugula-rocket,brassica,12,January,January,January,February,January,February,January,December
160,arugula-rocket,brassica,13,January,January,January,February,January,February,January,December
162,red-russian-kale,brassica,1,April,May,June,July,June,July,July,September
162,red-russian-kale,brassica,2,April,May,June,July,May,July,July,September
162,red-russian-kale,brassica,3,March,April,May,June,May,June,June,October
162,red-russian-kale,brassica,4,March,April,May,June,April,June,June,October
162,red-russian-kale,brassica,5,February,March,April,May,April,May,June,November
162,red-russian-kale,brassica,6,February,March,April,May,April,May,May,November
162,red-russian-kale,brassica,7,February,March,April,May,March,May,May,November
162,red-russian-kale,brassica,8,January,February,March,April,March,April,April,December
162,red-russian-kale,brassica,9,January,January,February,March,February,March,March,December
162,red-russian-kale,brassica,10,January,January,February,March,January,March,March,December
162,red-russian-kale,brassica,11,January,January,January,February,January,February,February,December
162,red-russian-kale,brassica,12,January,January,January,February,January,February,February,December
162,red-russian-kale,brassica,13,January,January,January,February,January,February,February,December
186,purple-top-walla-walla,allium,1,,,,,June,July,December,September
186,purple-top-walla-walla,allium,2,,,,,May,July,December,September
186,purple-top-walla-walla,allium,3,,,,,May,June,December,October
186,purple-top-walla-walla,allium,4,,,,,April,June,November,October
186,purple-top-walla-walla,allium,5,,,,,April,May,November,November
186,purple-top-walla-walla,allium,6,,,,,April,May,November,November
186,purple-top-walla-walla,allium,7,,,,,March,May,October,November
186,purple-top-walla-walla,allium,8,,,,,March,April,October,December
186,purple-top-walla-walla,allium,9,,,,,February,March,September,December
186,purple-top-walla-walla,allium,10,,,,,January,March,August,December
186,purple-top-walla-walla,allium,11,,,,,January,February,July,December
186,purple-top-walla-walla,allium,12,,,,,January,February,July,December
186,purple-top-walla-walla,allium,13,,,,,January,February,July,December
187,music-hardneck-garlic,allium,1,,,,,June,July,December,September
187,music-hardneck-garlic,allium,2,,,,,May,July,December,September
187,music-hardneck-garlic,allium,3,,,,,May,June,December,October
187,music-hardneck-garlic,allium,4,,,,,April,June,December,October
187,music-hardneck-garlic,allium,5,,,,,April,May,December,November
187,music-hardneck-garlic,allium,6,,,,,April,May,December,November
187,music-hardneck-garlic,allium,7,,,,,March,May,December,November
187,music-hardneck-garlic,allium,8,,,,,March,April,November,December
187,music-hardneck-garlic,allium,9,,,,,February,March,October,December
187,music-hardneck-garlic,allium,10,,,,,January,March,October,December
187,music-hardneck-garlic,allium,11,,,,,January,February,September,December
187,music-hardneck-garlic,allium,12,,,,,January,February,September,December
187,music-hardneck-garlic,allium,13,,,,,January,February,September,December
190,french-gray-shallot,allium,1,,,,,June,July,September,September
190,french-gray-shallot,allium,2,,,,,May,July,September,September
190,french-gray-shallot,allium,3,,,,,May,June,August,October
190,french-gray-shallot,allium,4,,,,,April,June,August,October
190,french-gray-shallot,allium,5,,,,,April,May,July,November
190,french-gray-shallot,allium,6,,,,,April,May,July,November
190,french-gray-shallot,allium,7,,,,,March,May,July,November
190,french-gray-shallot,allium,8,,,,,March,April,June,December
190,french-gray-shallot,allium,9,,,,,February,March,May,December
190,french-gray-shallot,allium,10,,,,,January,March,May,December
190,french-gray-shallot,allium,11,,,,,January,February,April,December
190,french-gray-shallot,allium,12,,,,,January,February,April,December
190,french-gray-shallot,allium,13,,,,,January,February,April,December
191,yellow-sweet-spanish-onion,allium,1,,,,,June,July,September,September
191,yellow-sweet-spanish-onion,allium,2,,,,,May,July,September,September
191,yellow-sweet-spanish-onion,allium,3,,,,,May,June,August,October
191,yellow-sweet-spanish-onion,allium,4,,,,,April,June,August,October
191,yellow-sweet-spanish-onion,allium,5,,,,,April,May,August,November
191,yellow-sweet-spanish-onion,allium,6,,,,,April,May,July,November
191,yellow-sweet-spanish-onion,allium,7,,,,,March,May,July,November
191,yellow-sweet-spanish-onion,allium,8,,,,,March,April,June,December
191,yellow-sweet-spanish-onion,allium,9,,,,,February,March,May,December
191,yellow-sweet-spanish-onion,allium,10,,,,,January,March,May,December
191,yellow-sweet-spanish-onion,allium,11,,,,,January,February,April,December
191,yellow-sweet-spanish-onion,allium,12,,,,,January,February,April,December
191,yellow-sweet-spanish-onion,allium,13,,,,,January,February,April,December
192,italian-red-torpedo-onion,allium,1,,,,,June,July,September,September
192,italian-red-torpedo-onion,allium,2,,,,,May,July,August,September
192,italian-red-torpedo-onion,allium,3,,,,,May,June,August,October
192,italian-red-torpedo-onion,allium,4,,,,,April,June,August,October
192,italian-red-torpedo-onion,allium,5,,,,,April,May,July,November
192,italian-red-torpedo-onion,allium,6,,,,,April,May,July,November
192,italian-red-torpedo-onion,allium,7,,,,,March,May,June,November
192,italian-red-torpedo-onion,allium,8,,,,,March,April,June,December
192,italian-red-torpedo-onion,allium,9,,,,,February,March,May,December
192,italian-red-torpedo-onion,allium,10,,,,,January,March,April,December
192,italian-red-torpedo-onion,allium,11,,,,,January,February,March,December
192,italian-red-torpedo-onion,allium,12,,,,,January,February,March,December
192,italian-red-torpedo-onion,allium,13,,,,,January,February,March,December
193,georgia-fire-garlic,allium,1,,,,,June,July,December,September
193,georgia-fire-garlic,allium,2,,,,,May,July,December,September
193,georgia-fire-garlic,allium,3,,,,,May,June,December,October
193,georgia-fire-garlic,allium,4,,,,,April,June,December,October
193,georgia-fire-garlic,allium,5,,,,,April,May,December,November
193,georgia-fire-garlic,allium,6,,,,,April,May,December,November
193,georgia-fire-garlic,allium,7,,,,,March,May,December,November
193,georgia-fire-garlic,allium,8,,,,,March,April,November,December
193,georgia-fire-garlic,allium,9,,,,,February,March,October,December
193,georgia-fire-garlic,allium,10,,,,,January,March,October,December
193,georgia-fire-garlic,allium,11,,,,,January,February,September,December
193,georgia-fire-garlic,allium,12,,,,,January,February,September,December
193,georgia-fire-garlic,allium,13,,,,,January,February,September,December
194,red-carpet-chives,allium,1,,,,,June,July,August,September
194,red-carpet-chives,allium,2,,,,,May,July,August,September
194,red-carpet-chives,allium,3,,,,,May,June,July,October
194,red-carpet-chives,allium,4,,,,,April,June,July,October
194,red-carpet-chives,allium,5,,,,,April,May,July,November
194,red-carpet-chives,allium,6,,,,,April,May,June,November
194,red-carpet-chives,allium,7,,,,,March,May,June,November
194,red-carpet-chives,allium,8,,,,,March,April,May,December
194,red-carpet-chives,allium,9,,,,,February,March,April,December
194,red-carpet-chives,allium,10,,,,,January,March,April,December
194,red-carpet-chives,allium,11,,,,,January,February,March,December
194,red-carpet-chives,allium,12,,,,,January,February,March,December
194,red-carpet-chives,allium,13,,,,,January,February,March,December
195,candy-onion,allium,1,,,,,June,July,September,September
195,candy-onion,allium,2,,,,,May,July,September,September
195,candy-onion,allium,3,,,,,May,June,August,October
195,candy-onion,allium,4,,,,,April,June,August,October
195,candy-onion,allium,5,,,,,April,May,July,November
195,candy-onion,allium,6,,,,,April,May,July,November
195,candy-onion,allium,7,,,,,March,May,July,November
195,candy-onion,allium,8,,,,,March,April,June,December
195,candy-onion,allium,9,,,,,February,March,May,December
195,candy-onion,allium,10,,,,,January,March,May,December
195,candy-onion,allium,11,,,,,January,February,April,December
195,candy-onion,allium,12,,,,,January,February,April,December
195,candy-onion,allium,13,,,,,January,February,April,December
196,stuttgart,allium,1,,,,,June,July,September,September
196,stuttgart,allium,2,,,,,May,July,September,September
196,stuttgart,allium,3,,,,,May,June,August,October
196,stuttgart,allium,4,,,,,April,June,August,October
196,stuttgart,allium,5,,,,,April,May,August,November
196,stuttgart,allium,6,,,,,April,May,July,November
196,stuttgart,allium,7,,,,,March,May,July,November
196,stuttgart,allium,8,,,,,March,April,June,December
196,stuttgart,allium,9,,,,,February,March,May,December
196,stuttgart,allium,10,,,,,January,March,May,December
196,stuttgart,allium,11,,,,,January,February,April,December
196,stuttgart,allium,12,,,,,January,February,April,December
196,stuttgart,allium,13,,,,,January,February,April,December
197,rossa-di-milano,allium,1,,,,,June,July,September,September
197,rossa-di-milano,allium,2,,,,,May,July,August,September
197,rossa-di-milano,allium,3,,,,,May,June,August,October
197,rossa-di-milano,allium,4,,,,,April,June,August,October
197,rossa-di-milano,allium,5,,,,,April,May,July,November
197,rossa-di-milano,allium,6,,,,,April,May,July,November
197,rossa-di-milano,allium,7,,,,,March,May,June,November
197,rossa-di-milano,allium,8,,,,,March,April,June,December
197,rossa-di-milano,allium,9,,,,,February,March,May,December
197,rossa-di-milano,allium,10,,,,,January,March,April,December
197,rossa-di-milano,allium,11,,,,,January,February,March,December
197,rossa-di-milano,allium,12,,,,,January,February,March,December
197,rossa-di-milano,allium,13,,,,,January,February,March,December
198,giant-musselburgh,allium,1,,,,,June,July,October,September
198,giant-musselburgh,allium,2,,,,,May,July,October,September
198,giant-musselburgh,allium,3,,,,,May,June,September,October
198,giant-musselburgh,allium,4,,,,,April,June,September,October
198,giant-musselburgh,allium,5,,,,,April,May,August,November
198,giant-musselburgh,allium,6,,,,,April,May,August,November
198,giant-musselburgh,allium,7,,,,,March,May,August,November
198,giant-musselburgh,allium,8,,,,,March,April,July,December
198,giant-musselburgh,allium,9,,,,,February,March,June,December
198,giant-musselburgh,allium,10,,,,,January,March,June,December
198,giant-musselburgh,allium,11,,,,,January,February,May,December
198,giant-musselburgh,allium,12,,,,,January,February,May,December
198,giant-musselburgh,allium,13,,,,,January,February,May,December
199,siberian-garlic,allium,1,,,,,June,July,December,September
199,siberian-garlic,allium,2,,,,,May,July,December,September
199,siberian-garlic,allium,3,,,,,May,June,December,October
199,siberian-garlic,allium,4,,,,,April,June,December,October
199,siberian-garlic,allium,5,,,,,April,May,December,November
199,siberian-garlic,allium,6,,,,,April,May,December,November
199,siberian-garlic,allium,7,,,,,March,May,December,November
199,siberian-garlic,allium,8,,,,,March,April,November,December
199,siberian-garlic,allium,9,,,,,February,March,October,December
199,siberian-garlic,allium,10,,,,,January,March,October,December
199,siberian-garlic,allium,11,,,,,January,February,September,December
199,siberian-garlic,allium,12,,,,,January,February,September,December
199,siberian-garlic,allium,13,,,,,January,February,September,December
200,purplette,allium,1,,,,,June,July,August,September
200,purplette,allium,2,,,,,May,July,July,September
200,purplette,allium,3,,,,,May,June,July,October
200,purplette,allium,4,,,,,April,June,June,October
200,purplette,allium,5,,,,,April,May,June,November
200,purplette,allium,6,,,,,April,May,June,November
200,purplette,allium,7,,,,,March,May,May,November
200,purplette,allium,8,,,,,March,April,May,December
200,purplette,allium,9,,,,,February,March,April,December
200,purplette,allium,10,,,,,January,March,March,December
200,purplette,allium,11,,,,,January,February,February,December
200,purplette,allium,12,,,,,January,February,February,December
200,purplette,allium,13,,,,,January,February,February,December
201,vidalia-onion,allium,1,,,,,June,July,September,September
201,vidalia-onion,allium,2,,,,,May,July,September,September
201,vidalia-onion,allium,3,,,,,May,June,August,October
201,vidalia-onion,allium,4,,,,,April,June,August,October
201,vidalia-onion,allium,5,,,,,April,May,August,November
201,vidalia-onion,allium,6,,,,,April,May,July,November
201,vidalia-onion,allium,7,,,,,March,May,July,November
201,vidalia-onion,allium,8,,,,,March,April,June,December
201,vidalia-onion,allium,9,,,,,February,March,May,December
201,vidalia-onion,allium,10,,,,,January,March,May,December
201,vidalia-onion,allium,11,,,,,January,February,April,December
201,vidalia-onion,allium,12,,,,,January,February,April,December
201,vidalia-onion,allium,13,,,,,January,February,April,December
203,german-extra-hardy-garlic,allium,1,,,,,June,July,December,September
203,german-extra-hardy-garlic,allium,2,,,,,May,July,December,September
203,german-extra-hardy-garlic,allium,3,,,,,May,June,December,October
203,german-extra-hardy-garlic,allium,4,,,,,April,June,December,October
203,german-extra-hardy-garlic,allium,5,,,,,April,May,December,November
203,german-extra-hardy-garlic,allium,6,,,,,April,May,December,November
203,german-extra-hardy-garlic,allium,7,,,,,March,May,December,November
203,german-extra-hardy-garlic,allium,8,,,,,March,April,November,December
203,german-extra-hardy-garlic,allium,9,,,,,February,March,October,December
203,german-extra-hardy-garlic,allium,10,,,,,January,March,October,December
203,german-extra-hardy-garlic,allium,11,,,,,January,February,September,December
203,german-extra-hardy-garlic,allium,12,,,,,January,February,September,December
203,german-extra-hardy-garlic,allium,13,,,,,January,February,September,December
205,red-baron-shallots,allium,1,,,,,June,July,September,September
205,red-baron-shallots,allium,2,,,,,May,July,September,September
205,red-baron-shallots,allium,3,,,,,May,June,August,October
205,red-baron-shallots,allium,4,,,,,April,June,August,October
205,red-baron-shallots,allium,5,,,,,April,May,July,November
205,red-baron-shallots,allium,6,,,,,April,May,July,November
205,red-baron-shallots,allium,7,,,,,March,May,July,November
205,red-baron-shallots,allium,8,,,,,March,April,June,December
205,red-baron-shallots,allium,9,,,,,February,March,May,December
205,red-baron-shallots,allium,10,,,,,January,March,May,December
205,red-baron-shallots,allium,11,,,,,January,February,April,December
205,red-baron-shallots,allium,12,,,,,January,February,April,December
205,red-baron-shallots,allium,13,,,,,January,February,April,December
226,heritage-red-raspberry,berry,4,,,June,July,,,December,September
226,heritage-red-raspberry,berry,5,,,May,July,,,December,October
226,heritage-red-raspberry,berry,6,,,May,July,,,December,October
226,heritage-red-raspberry,berry,7,,,May,June,,,November,October
226,heritage-red-raspberry,berry,8,,,April,June,,,November,November
242,everbearing-red-raspberry,berry,4,,,June,July,,,June,September
242,everbearing-red-raspberry,berry,5,,,May,July,,,June,October
242,everbearing-red-raspberry,berry,6,,,May,July,,,June,October
242,everbearing-red-raspberry,berry,7,,,May,June,,,June,October
242,everbearing-red-raspberry,berry,8,,,April,June,,,June,November
246,sugar-snap,pea,1,,,,,June,July,July,September
246,sugar-snap,pea,2,,,,,May,July,July,September
246,sugar-snap,pea,3,,,,,May,June,June,October
246,sugar-snap,pea,4,,,,,April,June,June,October
246,sugar-snap,pea,5,,,,,April,May,June,November
246,sugar-snap,pea,6,,,,,April,May,May,November
246,sugar-snap,pea,7,,,,,March,May,May,November
246,sugar-snap,pea,8,,,,,March,April,April,December
246,sugar-snap,pea,9,,,,,February,March,March,December
246,sugar-snap,pea,10,,,,,January,March,March,December
246,sugar-snap,pea,11,,,,,January,February,February,December
246,sugar-snap,pea,12,,,,,January,February,February,December
246,sugar-snap,pea,13,,,,,January,February,February,December
247,little-marvel,pea,1,,,,,June,July,August,September
247,little-marvel,pea,2,,,,,May,July,July,September
247,little-marvel,pea,3,,,,,May,June,July,October
247,little-marvel,pea,4,,,,,April,June,June,October
247,little-marvel,pea,5,,,,,April,May,June,November
247,little-marvel,pea,6,,,,,April,May,June,November
247,little-marvel,pea,7,,,,,March,May,May,November
247,little-marvel,pea,8,,,,,March,April,May,December
247,little-marvel,pea,9,,,,,February,March,April,December
247,little-marvel,pea,10,,,,,January,March,March,December
247,little-marvel,pea,11,,,,,January,February,February,December
247,little-marvel,pea,12,,,,,January,February,February,December
247,little-marvel,pea,13,,,,,January,February,February,December
248,oregon-sugar-pod-ii,pea,1,,,,,June,July,August,September
248,oregon-sugar-pod-ii,pea,2,,,,,May,July,July,September
248,oregon-sugar-pod-ii,pea,3,,,,,May,June,July,October
248,oregon-sugar-pod-ii,pea,4,,,,,April,June,June,October
248,oregon-sugar-pod-ii,pea,5,,,,,April,May,June,November
248,oregon-sugar-pod-ii,pea,6,,,,,April,May,June,November
248,oregon-sugar-pod-ii,pea,7,,,,,March,May,May,November
248,oregon-sugar-pod-ii,pea,8,,,,,March,April,May,December
248,oregon-sugar-pod-ii,pea,9,,,,,February,March,April,December
248,oregon-sugar-pod-ii,pea,10,,,,,January,March,March,December
248,oregon-sugar-pod-ii,pea,11,,,,,January,February,February,December
248,oregon-sugar-pod-ii,pea,12,,,,,January,February,February,December
248,oregon-sugar-pod-ii,pea,13,,,,,January,February,February,December
249,green-arrow,pea,1,,,,,June,July,August,September
249,green-arrow,pea,2,,,,,May,July,July,September
249,green-arrow,pea,3,,,,,May,June,July,October
249,green-arrow,pea,4,,,,,April,June,July,October
249,green-arrow,pea,5,,,,,April,May,June,November
249,green-arrow,pea,6,,,,,April,May,June,November
249,green-arrow,pea,7,,,,,March,May,May,November
249,green-arrow,pea,8,,,,,March,April,May,December
249,green-arrow,pea,9,,,,,February,March,April,December
249,green-arrow,pea,10,,,,,January,March,March,December
249,green-arrow,pea,11,,,,,January,February,February,December
249,green-arrow,pea,12,,,,,January,February,February,December
249,green-arrow,pea,13,,,,,January,February,February,December
250,thomas-laxton,pea,1,,,,,June,July,August,September
250,thomas-laxton,pea,2,,,,,May,July,July,September
250,thomas-laxton,pea,3,,,,,May,June,July,October
250,thomas-laxton,pea,4,,,,,April,June,June,October
250,thomas-laxton,pea,5,,,,,April,May,June,November
250,thomas-laxton,pea,6,,,,,April,May,June,November
250,thomas-laxton,pea,7,,,,,March,May,May,November
250,thomas-laxton,pea,8,,,,,March,April,May,December
250,thomas-laxton,pea,9,,,,,February,March,April,December
250,thomas-laxton,pea,10,,,,,January,March,March,December
250,thomas-laxton,pea,11,,,,,January,February,February,December
250,thomas-laxton,pea,12,,,,,January,February,February,December
250,thomas-laxton,pea,13,,,,,January,February,February,December
251,wando,pea,1,,,,,June,July,August,September
251,wando,pea,2,,,,,May,July,July,September
251,wando,pea,3,,,,,May,June,July,October
251,wando,pea,4,,,,,April,June,July,October
251,wando,pea,5,,,,,April,May,June,November
251,wando,pea,6,,,,,April,May,June,November
251,wando,pea,7,,,,,March,May,May,November
251,wando,pea,8,,,,,March,April,May,December
251,wando,pea,9,,,,,February,March,April,December
251,wando,pea,10,,,,,January,March,March,December
251,wando,pea,11,,,,,January,February,February,December
251,wando,pea,12,,,,,January,February,February,December
251,wando,pea,13,,,,,January,February,February,December
252,mammoth-melting-sugar,pea,1,,,,,June,July,August,September
252,mammoth-melting-sugar,pea,2,,,,,May,July,August,September
252,mammoth-melting-sugar,pea,3,,,,,May,June,July,October
252,mammoth-melting-sugar,pea,4,,,,,April,June,July,October
252,mammoth-melting-sugar,pea,5,,,,,April,May,June,November
252,mammoth-melting-sugar,pea,6,,,,,April,May,June,November
252,mammoth-melting-sugar,pea,7,,,,,March,May,June,November
252,mammoth-melting-sugar,pea,8,,,,,March,April,May,December
252,mammoth-melting-sugar,pea,9,,,,,February,March,April,December
252,mammoth-melting-sugar,pea,10,,,,,January,March,April,December
252,mammoth-melting-sugar,pea,11,,,,,January,February,March,December
252,mammoth-melting-sugar,pea,12,,,,,January,February,March,December
252,mammoth-melting-sugar,pea,13,,,,,January,February,March,December
253,lincoln,pea,1,,,,,June,July,August,September
253,lincoln,pea,2,,,,,May,July,July,September
253,lincoln,pea,3,,,,,May,June,July,October
253,lincoln,pea,4,,,,,April,June,July,October
253,lincoln,pea,5,,,,,April,May,June,November
253,lincoln,pea,6,,,,,April,May,June,November
253,lincoln,pea,7,,,,,March,May,May,November
253,lincoln,pea,8,,,,,March,April,May,December
253,lincoln,pea,9,,,,,February,March,April,December
253,lincoln,pea,10,,,,,January,March,March,December
253,lincoln,pea,11,,,,,January,February,February,December
253,lincoln,pea,12,,,,,January,February,February,December
253,lincoln,pea,13,,,,,January,February,February,December
254,alderman,pea,1,,,,,June,July,August,September
254,alderman,pea,2,,,,,May,July,August,September
254,alderman,pea,3,,,,,May,June,July,October
254,alderman,pea,4,,,,,April,June,July,October
254,alderman,pea,5,,,,,April,May,June,November
254,alderman,pea,6,,,,,April,May,June,November
254,alderman,pea,7,,,,,March,May,June,November
254,alderman,pea,8,,,,,March,April,May,December
254,alderman,pea,9,,,,,February,March,April,December
254,alderman,pea,10,,,,,January,March,April,December
254,alderman,pea,11,,,,,January,February,March,December
254,alderman,pea,12,,,,,January,February,March,December
254,alderman,pea,13,,,,,January,February,March,December
255,cascadia,pea,1,,,,,June,July,August,September
255,cascadia,pea,2,,,,,May,July,July,September
255,cascadia,pea,3,,,,,May,June,July,October
255,cascadia,pea,4,,,,,April,June,June,October
255,cascadia,pea,5,,,,,April,May,June,November
255,cascadia,pea,6,,,,,April,May,June,November
255,cascadia,pea,7,,,,,March,May,May,November
255,cascadia,pea,8,,,,,March,April,May,December
255,cascadia,pea,9,,,,,February,March,April,December
255,cascadia,pea,10,,,,,January,March,March,December
255,cascadia,pea,11,,,,,January,February,February,December
255,cascadia,pea,12,,,,,January,February,February,December
255,cascadia,pea,13,,,,,January,February,February,December
256,sugar-ann,pea,1,,,,,June,July,July,September
256,sugar-ann,pea,2,,,,,May,July,July,September
256,sugar-ann,pea,3,,,,,May,June,June,October
256,sugar-ann,pea,4,,,,,April,June,June,October
256,sugar-ann,pea,5,,,,,April,May,June,November
256,sugar-ann,pea,6,,,,,April,May,May,November
256,sugar-ann,pea,7,,,,,March,May,May,November
256,sugar-ann,pea,8,,,,,March,April,April,December
256,sugar-ann,pea,9,,,,,February,March,March,December
256,sugar-ann,pea,10,,,,,January,March,March,December
256,sugar-ann,pea,11,,,,,January,February,February,December
256,sugar-ann,pea,12,,,,,January,February,February,December
256,sugar-ann,pea,13,,,,,January,February,February,December
257,telephone,pea,1,,,,,June,July,August,September
257,telephone,pea,2,,,,,May,July,July,September
257,telephone,pea,3,,,,,May,June,July,October
257,telephone,pea,4,,,,,April,June,July,October
257,telephone,pea,5,,,,,April,May,June,November
257,telephone,pea,6,,,,,April,May,June,November
257,telephone,pea,7,,,,,March,May,May,November
257,telephone,pea,8,,,,,March,April,May,December
257,telephone,pea,9,,,,,February,March,April,December
257,telephone,pea,10,,,,,January,March,March,December
257,telephone,pea,11,,,,,January,February,February,December
257,telephone,pea,12,,,,,January,February,February,December
257,telephone,pea,13,,,,,January,February,February,December
258,oregon-giant,pea,1,,,,,June,July,August,September
258,oregon-giant,pea,2,,,,,May,July,July,September
258,oregon-giant,pea,3,,,,,May,June,July,October
258,oregon-giant,pea,4,,,,,April,June,June,October
258,oregon-giant,pea,5,,,,,April,May,June,November
258,oregon-giant,pea,6,,,,,April,May,June,November
258,oregon-giant,pea,7,,,,,March,May,May,November
258,oregon-giant,pea,8,,,,,March,April,May,December
258,oregon-giant,pea,9,,,,,February,March,April,December
258,oregon-giant,pea,10,,,,,January,March,March,December
258,oregon-giant,pea,11,,,,,January,February,February,December
258,oregon-giant,pea,12,,,,,January,February,February,December
258,oregon-giant,pea,13,,,,,January,February,February,December
259,dwarf-grey-sugar,pea,1,,,,,June,July,August,September
259,dwarf-grey-sugar,pea,2,,,,,May,July,July,September
259,dwarf-grey-sugar,pea,3,,,,,May,June,July,October
259,dwarf-grey-sugar,pea,4,,,,,April,June,June,October
259,dwarf-grey-sugar,pea,5,,,,,April,May,June,November
259,dwarf-grey-sugar,pea,6,,,,,April,May,June,November
259,dwarf-grey-sugar,pea,7,,,,,March,May,May,November
259,dwarf-grey-sugar,pea,8,,,,,March,April,May,December
259,dwarf-grey-sugar,pea,9,,,,,February,March,April,December
259,dwarf-grey-sugar,pea,10,,,,,January,March,March,December
259,dwarf-grey-sugar,pea,11,,,,,January,February,February,December
259,dwarf-grey-sugar,pea,12,,,,,January,February,February,December
259,dwarf-grey-sugar,pea,13,,,,,January,February,February,December
260,kelvedon-wonder,pea,1,,,,,June,July,August,September
260,kelvedon-wonder,pea,2,,,,,May,July,July,September
260,kelvedon-wonder,pea,3,,,,,May,June,July,October
260,kelvedon-wonder,pea,4,,,,,April,June,June,October
260,kelvedon-wonder,pea,5,,,,,April,May,June,November
260,kelvedon-wonder,pea,6,,,,,April,May,June,November
260,kelvedon-wonder,pea,7,,,,,March,May,May,November
260,kelvedon-wonder,pea,8,,,,,March,April,May,December
260,kelvedon-wonder,pea,9,,,,,February,March,April,December
260,kelvedon-wonder,pea,10,,,,,January,March,March,December
260,kelvedon-wonder,pea,11,,,,,January,February,February,December
260,kelvedon-wonder,pea,12,,,,,January,February,February,December
260,kelvedon-wonder,pea,13,,,,,January,February,February,December
261,sugar-sprint,pea,1,,,,,June,July,August,September
261,sugar-sprint,pea,2,,,,,May,July,July,September
261,sugar-sprint,pea,3,,,,,May,June,July,October
261,sugar-sprint,pea,4,,,,,April,June,June,October
261,sugar-sprint,pea,5,,,,,April,May,June,November
261,sugar-sprint,pea,6,,,,,April,May,June,November
261,sugar-sprint,pea,7,,,,,March,May,May,November
261,sugar-sprint,pea,8,,,,,March,April,May,December
261,sugar-sprint,pea,9,,,,,February,March,April,December
261,sugar-sprint,pea,10,,,,,January,March,March,December
261,sugar-sprint,pea,11,,,,,January,February,February,December
261,sugar-sprint,pea,12,,,,,January,February,February,December
261,sugar-sprint,pea,13,,,,,January,February,February,December
262,purple-top,pea,1,,,,,June,July,July,September
262,purple-top,pea,2,,,,,May,July,June,September
262,purple-top,pea,3,,,,,May,June,June,October
262,purple-top,pea,4,,,,,April,June,June,October
262,purple-top,pea,5,,,,,April,May,May,November
262,purple-top,pea,6,,,,,April,May,May,November
262,purple-top,pea,7,,,,,March,May,April,November
262,purple-top,pea,8,,,,,March,April,April,December
262,purple-top,pea,9,,,,,February,March,March,December
262,purple-top,pea,10,,,,,January,March,February,December
262,purple-top,pea,11,,,,,January,February,January,December
262,purple-top,pea,12,,,,,January,February,January,December
262,purple-top,pea,13,,,,,January,February,January,December
263,golden-sweet,pea,1,,,,,June,July,August,September
263,golden-sweet,pea,2,,,,,May,July,July,September
263,golden-sweet,pea,3,,,,,May,June,July,October
263,golden-sweet,pea,4,,,,,April,June,June,October
263,golden-sweet,pea,5,,,,,April,May,June,November
263,golden-sweet,pea,6,,,,,April,May,June,November
263,golden-sweet,pea,7,,,,,March,May,May,November
263,golden-sweet,pea,8,,,,,March,April,May,December
263,golden-sweet,pea,9,,,,,February,March,April,December
263,golden-sweet,pea,10,,,,,January,March,March,December
263,golden-sweet,pea,11,,,,,January,February,February,December
263,golden-sweet,pea,12,,,,,January,February,February,December
263,golden-sweet,pea,13,,,,,January,February,February,December
264,progress-no-9,pea,1,,,,,June,July,August,September
264,progress-no-9,pea,2,,,,,May,July,July,September
264,progress-no-9,pea,3,,,,,May,June,July,October
264,progress-no-9,pea,4,,,,,April,June,June,October
264,progress-no-9,pea,5,,,,,April,May,June,November
264,progress-no-9,pea,6,,,,,April,May,June,November
264,progress-no-9,pea,7,,,,,March,May,May,November
264,progress-no-9,pea,8,,,,,March,April,May,December
264,progress-no-9,pea,9,,,,,February,March,April,December
264,progress-no-9,pea,10,,,,,January,March,March,December
264,progress-no-9,pea,11,,,,,January,February,February,December
264,progress-no-9,pea,12,,,,,January,February,February,December
264,progress-no-9,pea,13,,,,,January,February,February,December
265,carouby-de-maussane,pea,1,,,,,June,July,August,September
265,carouby-de-maussane,pea,2,,,,,May,July,August,September
265,carouby-de-maussane,pea,3,,,,,May,June,July,October
265,carouby-de-maussane,pea,4,,,,,April,June,July,October
265,carouby-de-maussane,pea,5,,,,,April,May,June,November
265,carouby-de-maussane,pea,6,,,,,April,May,June,November
265,carouby-de-maussane,pea,7,,,,,March,May,June,November
265,carouby-de-maussane,pea,8,,,,,March,April,May,December
265,carouby-de-maussane,pea,9,,,,,February,March,April,December
265,carouby-de-maussane,pea,10,,,,,January,March,April,December
265,carouby-de-maussane,pea,11,,,,,January,February,March,December
265,carouby-de-maussane,pea,12,,,,,January,February,March,December
265,carouby-de-maussane,pea,13,,,,,January,February,March,December
266,sugar-baby-watermelon,melon,1,June,June,July,August,July,September,October,August
266,sugar-baby-watermelon,melon,2,May,June,July,July,July,August,October,September
266,sugar-baby-watermelon,melon,3,May,May,June,July,June,August,September,October
266,sugar-baby-watermelon,melon,4,April,May,June,June,June,July,September,October
266,sugar-baby-watermelon,melon,5,April,April,May,June,May,July,August,October
266,sugar-baby-watermelon,melon,6,April,April,May,June,May,July,August,October
266,sugar-baby-watermelon,melon,7,March,April,May,May,May,June,August,September
266,sugar-baby-watermelon,melon,8,March,March,April,May,April,June,July,September
266,sugar-baby-watermelon,melon,9,February,February,March,April,March,May,June,August
266,sugar-baby-watermelon,melon,10,January,February,March,March,March,April,June,July
266,sugar-baby-watermelon,melon,11,January,January,February,February,February,March,May,June
266,sugar-baby-watermelon,melon,12,January,January,February,February,February,March,May,June
266,sugar-baby-watermelon,melon,13,January,January,February,February,February,March,May,June
267,hale-s-best-cantaloupe,melon,1,June,June,July,August,July,September,October,August
267,hale-s-best-cantaloupe,melon,2,May,June,July,July,July,August,October,September
267,hale-s-best-cantaloupe,melon,3,May,May,June,July,June,August,September,October
267,hale-s-best-cantaloupe,melon,4,April,May,June,June,June,July,September,October
267,hale-s-best-cantaloupe,melon,5,April,April,May,June,May,July,September,October
267,hale-s-best-cantaloupe,melon,6,April,April,May,June,May,July,August,October
267,hale-s-best-cantaloupe,melon,7,March,April,May,May,May,June,August,September
267,hale-s-best-cantaloupe,melon,8,March,March,April,May,April,June,July,September
267,hale-s-best-cantaloupe,melon,9,February,February,March,April,March,May,June,August
267,hale-s-best-cantaloupe,melon,10,January,February,March,March,March,April,June,July
267,hale-s-best-cantaloupe,melon,11,January,January,February,February,February,March,May,June
267,hale-s-best-cantaloupe,melon,12,January,January,February,February,February,March,May,June
267,hale-s-best-cantaloupe,melon,13,January,January,February,February,February,March,May,June
268,honey-rock-cantaloupe,melon,1,June,June,July,August,July,September,October,August
268,honey-rock-cantaloupe,melon,2,May,June,July,July,July,August,October,September
268,honey-rock-cantaloupe,melon,3,May,May,June,July,June,August,September,October
268,honey-rock-cantaloupe,melon,4,April,May,June,June,June,July,September,October
268,honey-rock-cantaloupe,melon,5,April,April,May,June,May,July,September,October
268,honey-rock-cantaloupe,melon,6,April,April,May,June,May,July,August,October
268,honey-rock-cantaloupe,melon,7,March,April,May,May,May,June,August,September
268,honey-rock-cantaloupe,melon,8,March,March,April,May,April,June,July,September
268,honey-rock-cantaloupe,melon,9,February,February,March,April,March,May,June,August
268,honey-rock-cantaloupe,melon,10,January,February,March,March,March,April,June,July
268,honey-rock-cantaloupe,melon,11,January,January,February,February,February,March,May,June
268,honey-rock-cantaloupe,melon,12,January,January,February,February,February,March,May,June
268,honey-rock-cantaloupe,melon,13,January,January,February,February,February,March,May,June
269,crimson-sweet-watermelon,melon,1,June,June,July,August,July,September,October,August
269,crimson-sweet-watermelon,melon,2,May,June,July,July,July,August,October,September
269,crimson-sweet-watermelon,melon,3,May,May,June,July,June,August,September,October
269,crimson-sweet-watermelon,melon,4,April,May,June,June,June,July,September,October
269,crimson-sweet-watermelon,melon,5,April,April,May,June,May,July,September,October
269,crimson-sweet-watermelon,melon,6,April,April,May,June,May,July,August,October
269,crimson-sweet-watermelon,melon,7,March,April,May,May,May,June,August,September
269,crimson-sweet-watermelon,melon,8,March,March,April,May,April,June,July,September
269,crimson-sweet-watermelon,melon,9,February,February,March,April,March,May,June,August
269,crimson-sweet-watermelon,melon,10,January,February,March,March,March,April,June,July
269,crimson-sweet-watermelon,melon,11,January,January,February,February,February,March,May,June
269,crimson-sweet-watermelon,melon,12,January,January,February,February,February,March,May,June
269,crimson-sweet-watermelon,melon,13,January,January,February,February,February,March,May,June
270,charentais-cantaloupe,melon,1,June,June,July,August,July,September,October,August
270,charentais-cantaloupe,melon,2,May,June,July,July,July,August,October,September
270,charentais-cantaloupe,melon,3,May,May,June,July,June,August,September,October
270,charentais-cantaloupe,melon,4,April,May,June,June,June,July,September,October
270,charentais-cantaloupe,melon,5,April,April,May,June,May,July,August,October
270,charentais-cantaloupe,melon,6,April,April,May,June,May,July,August,October
270,charentais-cantaloupe,melon,7,March,April,May,May,May,June,August,September
270,charentais-cantaloupe,melon,8,March,March,April,May,April,June,July,September
270,charentais-cantaloupe,melon,9,February,February,March,April,March,May,June,August
270,charentais-cantaloupe,melon,10,January,February,March,March,March,April,June,July
270,charentais-cantaloupe,melon,11,January,January,February,February,February,March,May,June
270,charentais-cantaloupe,melon,12,January,January,February,February,February,March,May,June
270,charentais-cantaloupe,melon,13,January,January,February,February,February,March,May,June
271,minnesota-midget-cantaloupe,melon,1,June,June,July,August,July,September,October,August
271,minnesota-midget-cantaloupe,melon,2,May,June,July,July,July,August,September,September
271,minnesota-midget-cantaloupe,melon,3,May,May,June,July,June,August,September,October
271,minnesota-midget-cantaloupe,melon,4,April,May,June,June,June,July,September,October
271,minnesota-midget-cantaloupe,melon,5,April,April,May,June,May,July,August,October
271,minnesota-midget-cantaloupe,melon,6,April,April,May,June,May,July,August,September
271,minnesota-midget-cantaloupe,melon,7,March,April,May,May,May,June,July,September
271,minnesota-midget-cantaloupe,melon,8,March,March,April,May,April,June,July,August
271,minnesota-midget-cantaloupe,melon,9,February,February,March,April,March,May,June,July
271,minnesota-midget-cantaloupe,melon,10,January,February,March,March,March,April,May,July
271,minnesota-midget-cantaloupe,melon,11,January,January,February,February,February,March,April,June
271,minnesota-midget-cantaloupe,melon,12,January,January,February,February,February,March,April,June
271,minnesota-midget-cantaloupe,melon,13,January,January,February,February,February,March,April,June
272,blacktail-mountain-watermelon,melon,1,June,June,July,August,July,September,October,August
272,blacktail-mountain-watermelon,melon,2,May,June,July,July,July,August,September,September
272,blacktail-mountain-watermelon,melon,3,May,May,June,July,June,August,September,October
272,blacktail-mountain-watermelon,melon,4,April,May,June,June,June,July,September,October
272,blacktail-mountain-watermelon,melon,5,April,April,May,June,May,July,August,October
272,blacktail-mountain-watermelon,melon,6,April,April,May,June,May,July,August,September
272,blacktail-mountain-watermelon,melon,7,March,April,May,May,May,June,July,September
272,blacktail-mountain-watermelon,melon,8,March,March,April,May,April,June,July,August
272,blacktail-mountain-watermelon,melon,9,February,February,March,April,March,May,June,July
272,blacktail-mountain-watermelon,melon,10,January,February,March,March,March,April,May,July
272,blacktail-mountain-watermelon,melon,11,January,January,February,February,February,March,April,June
272,blacktail-mountain-watermelon,melon,12,January,January,February,February,February,March,April,June
272,blacktail-mountain-watermelon,melon,13,January,January,February,February,February,March,April,June
273,galia-melon,melon,1,June,June,July,August,July,September,November,August
273,galia-melon,melon,2,May,June,July,July,July,August,October,September
273,galia-melon,melon,3,May,May,June,July,June,August,October,October
273,galia-melon,melon,4,April,May,June,June,June,July,September,October
273,galia-melon,melon,5,April,April,May,June,May,July,September,October
273,galia-melon,melon,6,April,April,May,June,May,July,September,October
273,galia-melon,melon,7,March,April,May,May,May,June,August,October
273,galia-melon,melon,8,March,March,April,May,April,June,August,September
273,galia-melon,melon,9,February,February,March,April,March,May,July,August
273,galia-melon,melon,10,January,February,March,March,March,April,June,August
273,galia-melon,melon,11,January,January,February,February,February,March,May,July
273,galia-melon,melon,12,January,January,February,February,February,March,May,July
273,galia-melon,melon,13,January,January,February,February,February,March,May,July
274,collective-farm-woman-melon,melon,1,June,June,July,August,July,September,October,August
274,collective-farm-woman-melon,melon,2,May,June,July,July,July,August,October,September
274,collective-farm-woman-melon,melon,3,May,May,June,July,June,August,September,October
274,collective-farm-woman-melon,melon,4,April,May,June,June,June,July,September,October
274,collective-farm-woman-melon,melon,5,April,April,May,June,May,July,September,October
274,collective-farm-woman-melon,melon,6,April,April,May,June,May,July,August,October
274,collective-farm-woman-melon,melon,7,March,April,May,May,May,June,August,September
274,collective-farm-woman-melon,melon,8,March,March,April,May,April,June,July,September
274,collective-farm-woman-melon,melon,9,February,February,March,April,March,May,June,August
274,collective-farm-woman-melon,melon,10,January,February,March,March,March,April,June,July
274,collective-farm-woman-melon,melon,11,January,January,February,February,February,March,May,June
274,collective-farm-woman-melon,melon,12,January,January,February,February,February,March,May,June
274,collective-farm-woman-melon,melon,13,January,January,February,February,February,March,May,June
275,jenny-lind-melon,melon,1,June,June,July,August,July,September,October,August
275,jenny-lind-melon,melon,2,May,June,July,July,July,August,October,September
275,jenny-lind-melon,melon,3,May,May,June,July,June,August,September,October
275,jenny-lind-melon,melon,4,April,May,June,June,June,July,September,October
275,jenny-lind-melon,melon,5,April,April,May,June,May,July,August,October
275,jenny-lind-melon,melon,6,April,April,May,June,May,July,August,October
275,jenny-lind-melon,melon,7,March,April,May,May,May,June,August,September
275,jenny-lind-melon,melon,8,March,March,April,May,April,June,July,September
275,jenny-lind-melon,melon,9,February,February,March,April,March,May,June,August
275,jenny-lind-melon,melon,10,January,February,March,March,March,April,June,July
275,jenny-lind-melon,melon,11,January,January,February,February,February,March,May,June
275,jenny-lind-melon,melon,12,January,January,February,February,February,March,May,June
275,jenny-lind-melon,melon,13,January,January,February,February,February,March,May,June
276,ambrosia-cantaloupe,melon,1,June,June,July,August,July,September,October,August
276,ambrosia-cantaloupe,melon,2,May,June,July,July,July,August,October,September
276,ambrosia-cantaloupe,melon,3,May,May,June,July,June,August,September,October
276,ambrosia-cantaloupe,melon,4,April,May,June,June,June,July,September,October
276,ambrosia-cantaloupe,melon,5,April,April,May,June,May,July,September,October
276,ambrosia-cantaloupe,melon,6,April,April,May,June,May,July,August,October
276,ambrosia-cantaloupe,melon,7,March,April,May,May,May,June,August,September
276,ambrosia-cantaloupe,melon,8,March,March,April,May,April,June,July,September
276,ambrosia-cantaloupe,melon,9,February,February,March,April,March,May,June,August
276,ambrosia-cantaloupe,melon,10,January,February,March,March,March,April,June,July
276,ambrosia-cantaloupe,melon,11,January,January,February,February,February,March,May,June
276,ambrosia-cantaloupe,melon,12,January,January,February,February,February,March,May,June
276,ambrosia-cantaloupe,melon,13,January,January,February,February,February,March,May,June
277,crenshaw-melon,melon,1,June,June,July,August,July,September,December,August
277,crenshaw-melon,melon,2,May,June,July,July,July,August,November,September
277,crenshaw-melon,melon,3,May,May,June,July,June,August,November,October
277,crenshaw-melon,melon,4,April,May,June,June,June,July,October,October
277,crenshaw-melon,melon,5,April,April,May,June,May,July,October,October
277,crenshaw-melon,melon,6,April,April,May,June,May,July,October,November
277,crenshaw-melon,melon,7,March,April,May,May,May,June,September,November
277,crenshaw-melon,melon,8,March,March,April,May,April,June,September,October
277,crenshaw-melon,melon,9,February,February,March,April,March,May,August,September
277,crenshaw-melon,melon,10,January,February,March,March,March,April,July,September
277,crenshaw-melon,melon,11,January,January,February,February,February,March,June,August
277,crenshaw-melon,melon,12,January,January,February,February,February,March,June,August
277,crenshaw-melon,melon,13,January,January,February,February,February,March,June,August
278,honeydew-melon,melon,1,June,June,July,August,July,September,November,August
278,honeydew-melon,melon,2,May,June,July,July,July,August,November,September
278,honeydew-melon,melon,3,May,May,June,July,June,August,October,October
278,honeydew-melon,melon,4,April,May,June,June,June,July,October,October
278,honeydew-melon,melon,5,April,April,May,June,May,July,September,October
278,honeydew-melon,melon,6,April,April,May,June,May,July,September,November
278,honeydew-melon,melon,7,March,April,May,May,May,June,September,October
278,honeydew-melon,melon,8,March,March,April,May,April,June,August,October
278,honeydew-melon,melon,9,February,February,March,April,March,May,July,September
278,honeydew-melon,melon,10,January,February,March,March,March,April,July,August
278,honeydew-melon,melon,11,January,January,February,February,February,March,June,July
278,honeydew-melon,melon,12,January,January,February,February,February,March,June,July
278,honeydew-melon,melon,13,January,January,February,February,February,March,June,July
279,tiger-baby-watermelon,melon,1,June,June,July,August,July,September,October,August
279,tiger-baby-watermelon,melon,2,May,June,July,July,July,August,October,September
279,tiger-baby-watermelon,melon,3,May,May,June,July,June,August,September,October
279,tiger-baby-watermelon,melon,4,April,May,June,June,June,July,September,October
279,tiger-baby-watermelon,melon,5,April,April,May,June,May,July,September,October
279,tiger-baby-watermelon,melon,6,April,April,May,June,May,July,August,October
279,tiger-baby-watermelon,melon,7,March,April,May,May,May,June,August,September
279,tiger-baby-watermelon,melon,8,March,March,April,May,April,June,July,September
279,tiger-baby-watermelon,melon,9,February,February,March,April,March,May,June,August
279,tiger-baby-watermelon,melon,10,January,February,March,March,March,April,June,July
279,tiger-baby-watermelon,melon,11,January,January,February,February,February,March,May,June
279,tiger-baby-watermelon,melon,12,January,January,February,February,February,March,May,June
279,tiger-baby-watermelon,melon,13,January,January,February,February,February,March,May,June
280,moon-and-stars-watermelon,melon,1,June,June,July,August,July,September,November,August
280,moon-and-stars-watermelon,melon,2,May,June,July,July,July,August,October,September
280,moon-and-stars-watermelon,melon,3,May,May,June,July,June,August,October,October
280,moon-and-stars-watermelon,melon,4,April,May,June,June,June,July,September,October
280,moon-and-stars-watermelon,melon,5,April,April,May,June,May,July,September,October
280,moon-and-stars-watermelon,melon,6,April,April,May,June,May,July,September,October
280,moon-and-stars-watermelon,melon,7,March,April,May,May,May,June,August,October
280,moon-and-stars-watermelon,melon,8,March,March,April,May,April,June,August,September
280,moon-and-stars-watermelon,melon,9,February,February,March,April,March,May,July,August
280,moon-and-stars-watermelon,melon,10,January,February,March,March,March,April,June,August
280,moon-and-stars-watermelon,melon,11,January,January,February,February,February,March,May,July
280,moon-and-stars-watermelon,melon,12,January,January,February,February,February,March,May,July
280,moon-and-stars-watermelon,melon,13,January,January,February,February,February,March,May,July
281,cantaloupe-athena,melon,1,June,June,July,August,July,September,October,August
281,cantaloupe-athena,melon,2,May,June,July,July,July,August,October,September
281,cantaloupe-athena,melon,3,May,May,June,July,June,August,September,October
281,cantaloupe-athena,melon,4,April,May,June,June,June,July,September,October
281,cantaloupe-athena,melon,5,April,April,May,June,May,July,September,October
281,cantaloupe-athena,melon,6,April,April,May,June,May,July,August,October
281,cantaloupe-athena,melon,7,March,April,May,May,May,June,August,September
281,cantaloupe-athena,melon,8,March,March,April,May,April,June,July,September
281,cantaloupe-athena,melon,9,February,February,March,April,March,May,June,August
281,cantaloupe-athena,melon,10,January,February,March,March,March,April,June,July
281,cantaloupe-athena,melon,11,January,January,February,February,February,March,May,June
281,cantaloupe-athena,melon,12,January,January,February,February,February,March,May,June
281,cantaloupe-athena,melon,13,January,January,February,February,February,March,May,June
282,jade-dew-honeydew,melon,1,June,June,July,August,July,September,November,August
282,jade-dew-honeydew,melon,2,May,June,July,July,July,August,October,September
282,jade-dew-honeydew,melon,3,May,May,June,July,June,August,October,October
282,jade-dew-honeydew,melon,4,April,May,June,June,June,July,September,October
282,jade-dew-honeydew,melon,5,April,April,May,June,May,July,September,October
282,jade-dew-honeydew,melon,6,April,April,May,June,May,July,September,October
282,jade-dew-honeydew,melon,7,March,April,May,May,May,June,August,October
282,jade-dew-honeydew,melon,8,March,March,April,May,April,June,August,September
282,jade-dew-honeydew,melon,9,February,February,March,April,March,May,July,August
282,jade-dew-honeydew,melon,10,January,February,March,March,March,April,June,August
282,jade-dew-honeydew,melon,11,January,January,February,February,February,March,May,July
282,jade-dew-honeydew,melon,12,January,January,February,February,February,March,May,July
282,jade-dew-honeydew,melon,13,January,January,February,February,February,March,May,July
283,charleston-gray-watermelon,melon,1,June,June,July,August,July,September,October,August
283,charleston-gray-watermelon,melon,2,May,June,July,July,July,August,October,September
283,charleston-gray-watermelon,melon,3,May,May,June,July,June,August,September,October
283,charleston-gray-watermelon,melon,4,April,May,June,June,June,July,September,October
283,charleston-gray-watermelon,melon,5,April,April,May,June,May,July,September,October
283,charleston-gray-watermelon,melon,6,April,April,May,June,May,July,August,October
283,charleston-gray-watermelon,melon,7,March,April,May,May,May,June,August,September
283,charleston-gray-watermelon,melon,8,March,March,April,May,April,June,July,September
283,charleston-gray-watermelon,melon,9,February,February,March,April,March,May,June,August
283,charleston-gray-watermelon,melon,10,January,February,March,March,March,April,June,July
283,charleston-gray-watermelon,melon,11,January,January,February,February,February,March,May,June
283,charleston-gray-watermelon,melon,12,January,January,February,February,February,March,May,June
283,charleston-gray-watermelon,melon,13,January,January,February,February,February,March,May,June
284,boule-d-or-charentais,melon,1,June,June,July,August,July,September,October,August
284,boule-d-or-charentais,melon,2,May,June,July,July,July,August,October,September
284,boule-d-or-charentais,melon,3,May,May,June,July,June,August,September,October
284,boule-d-or-charentais,melon,4,April,May,June,June,June,July,September,October
284,boule-d-or-charentais,melon,5,April,April,May,June,May,July,September,October
284,boule-d-or-charentais,melon,6,April,April,May,June,May,July,August,October
284,boule-d-or-charentais,melon,7,March,April,May,May,May,June,August,September
284,boule-d-or-charentais,melon,8,March,March,April,May,April,June,July,September
284,boule-d-or-charentais,melon,9,February,February,March,April,March,May,June,August
284,boule-d-or-charentais,melon,10,January,February,March,March,March,April,June,July
284,boule-d-or-charentais,melon,11,January,January,February,February,February,March,May,June
284,boule-d-or-charentais,melon,12,January,January,February,February,February,March,May,June
284,boule-d-or-charentais,melon,13,January,January,February,February,February,March,May,June
285,ali-baba-watermelon,melon,1,June,June,July,August,July,September,November,August
285,ali-baba-watermelon,melon,2,May,June,July,July,July,August,November,September
285,ali-baba-watermelon,melon,3,May,May,June,July,June,August,October,October
285,ali-baba-watermelon,melon,4,April,May,June,June,June,July,October,October
285,ali-baba-watermelon,melon,5,April,April,May,June,May,July,September,October
285,ali-baba-watermelon,melon,6,April,April,May,June,May,July,September,November
285,ali-baba-watermelon,melon,7,March,April,May,May,May,June,September,October
285,ali-baba-watermelon,melon,8,March,March,April,May,April,June,August,October
285,ali-baba-watermelon,melon,9,February,February,March,April,March,May,July,September
285,ali-baba-watermelon,melon,10,January,February,March,March,March,April,July,August
285,ali-baba-watermelon,melon,11,January,January,February,February,February,March,June,July
285,ali-baba-watermelon,melon,12,January,January,February,February,February,March,June,July
285,ali-baba-watermelon,melon,13,January,January,February,February,February,March,June,July
286,black-beauty,eggplant,1,May,May,July,August,,,October,August
286,black-beauty,eggplant,2,April,May,June,July,,,October,September
286,black-beauty,eggplant,3,April,April,June,July,,,September,October
286,black-beauty,eggplant,4,March,April,June,June,,,September,October
286,black-beauty,eggplant,5,March,March,May,June,,,August,October
286,black-beauty,eggplant,6,March,March,May,June,,,August,October
286,black-beauty,eggplant,7,February,March,April,May,,,July,September
286,black-beauty,eggplant,8,February,February,April,May,,,July,September
286,black-beauty,eggplant,9,January,January,March,April,,,June,August
286,black-beauty,eggplant,10,January,January,February,March,,,May,July
286,black-beauty,eggplant,11,January,January,January,February,,,May,July
286,black-beauty,eggplant,12,January,January,January,February,,,May,July
286,black-beauty,eggplant,13,January,January,January,February,,,May,July
287,japanese-long,eggplant,1,May,May,July,August,,,October,August
287,japanese-long,eggplant,2,April,May,June,July,,,September,September
287,japanese-long,eggplant,3,April,April,June,July,,,September,October
287,japanese-long,eggplant,4,March,April,June,June,,,August,October
287,japanese-long,eggplant,5,March,March,May,June,,,August,October
287,japanese-long,eggplant,6,March,March,May,June,,,August,October
287,japanese-long,eggplant,7,February,March,April,May,,,July,September
287,japanese-long,eggplant,8,February,February,April,May,,,July,September
287,japanese-long,eggplant,9,January,January,March,April,,,June,August
287,japanese-long,eggplant,10,January,January,February,March,,,May,July
287,japanese-long,eggplant,11,January,January,January,February,,,April,June
287,japanese-long,eggplant,12,January,January,January,February,,,April,June
287,japanese-long,eggplant,13,January,January,January,February,,,April,June
288,ichiban,eggplant,1,May,May,July,August,,,September,August
288,ichiban,eggplant,2,April,May,June,July,,,September,September
288,ichiban,eggplant,3,April,April,June,July,,,August,October
288,ichiban,eggplant,4,March,April,June,June,,,August,October
288,ichiban,eggplant,5,March,March,May,June,,,August,October
288,ichiban,eggplant,6,March,March,May,June,,,July,September
288,ichiban,eggplant,7,February,March,April,May,,,July,September
288,ichiban,eggplant,8,February,February,April,May,,,June,August
288,ichiban,eggplant,9,January,January,March,April,,,May,July
288,ichiban,eggplant,10,January,January,February,March,,,May,July
288,ichiban,eggplant,11,January,January,January,February,,,April,June
288,ichiban,eggplant,12,January,January,January,February,,,April,June
288,ichiban,eggplant,13,January,January,January,February,,,April,June
289,rosa-bianca,eggplant,1,May,May,July,August,,,September,August
289,rosa-bianca,eggplant,2,April,May,June,July,,,September,September
289,rosa-bianca,eggplant,3,April,April,June,July,,,September,October
289,rosa-bianca,eggplant,4,March,April,June,June,,,August,October
289,rosa-bianca,eggplant,5,March,March,May,June,,,August,October
289,rosa-bianca,eggplant,6,March,March,May,June,,,August,October
289,rosa-bianca,eggplant,7,February,March,April,May,,,July,September
289,rosa-bianca,eggplant,8,February,February,April,May,,,July,September
289,rosa-bianca,eggplant,9,January,January,March,April,,,June,August
289,rosa-bianca,eggplant,10,January,January,February,March,,,May,July
289,rosa-bianca,eggplant,11,January,January,January,February,,,April,June
289,rosa-bianca,eggplant,12,January,January,January,February,,,April,June
289,rosa-bianca,eggplant,13,January,January,January,February,,,April,June
290,fairy-tale,eggplant,1,May,May,July,August,,,September,August
290,fairy-tale,eggplant,2,April,May,June,July,,,September,September
290,fairy-tale,eggplant,3,April,April,June,July,,,August,October
290,fairy-tale,eggplant,4,March,April,June,June,,,August,October
290,fairy-tale,eggplant,5,March,March,May,June,,,August,October
290,fairy-tale,eggplant,6,March,March,May,June,,,July,September
290,fairy-tale,eggplant,7,February,March,April,May,,,July,September
290,fairy-tale,eggplant,8,February,February,April,May,,,June,August
290,fairy-tale,eggplant,9,January,January,March,April,,,May,July
290,fairy-tale,eggplant,10,January,January,February,March,,,May,July
290,fairy-tale,eggplant,11,January,January,January,February,,,April,June
290,fairy-tale,eggplant,12,January,January,January,February,,,April,June
290,fairy-tale,eggplant,13,January,January,January,February,,,April,June
291,ping-tung-long,eggplant,1,May,May,July,August,,,October,August
291,ping-tung-long,eggplant,2,April,May,June,July,,,September,September
291,ping-tung-long,eggplant,3,April,April,June,July,,,September,October
291,ping-tung-long,eggplant,4,March,April,June,June,,,August,October
291,ping-tung-long,eggplant,5,March,March,May,June,,,August,October
291,ping-tung-long,eggplant,6,March,March,May,June,,,August,October
291,ping-tung-long,eggplant,7,February,March,April,May,,,July,September
291,ping-tung-long,eggplant,8,February,February,April,May,,,July,September
291,ping-tung-long,eggplant,9,January,January,March,April,,,June,August
291,ping-tung-long,eggplant,10,January,January,February,March,,,May,July
291,ping-tung-long,eggplant,11,January,January,January,February,,,April,June
291,ping-tung-long,eggplant,12,January,January,January,February,,,April,June
291,ping-tung-long,eggplant,13,January,January,January,February,,,April,June
292,little-fingers,eggplant,1,May,May,July,August,,,September,August
292,little-fingers,eggplant,2,April,May,June,July,,,September,September
292,little-fingers,eggplant,3,April,April,June,July,,,August,October
292,little-fingers,eggplant,4,March,April,June,June,,,August,October
292,little-fingers,eggplant,5,March,March,May,June,,,August,October
292,little-fingers,eggplant,6,March,March,May,June,,,July,September
292,little-fingers,eggplant,7,February,March,April,May,,,July,September
292,little-fingers,eggplant,8,February,February,April,May,,,June,August
292,little-fingers,eggplant,9,January,January,March,April,,,May,July
292,little-fingers,eggplant,10,January,January,February,March,,,May,July
292,little-fingers,eggplant,11,January,January,January,February,,,April,June
292,little-fingers,eggplant,12,January,January,January,February,,,April,June
292,little-fingers,eggplant,13,January,January,January,February,,,April,June
293,listada-de-gandia,eggplant,1,May,May,July,August,,,October,August
293,listada-de-gandia,eggplant,2,April,May,June,July,,,September,September
293,listada-de-gandia,eggplant,3,April,April,June,July,,,September,October
293,listada-de-gandia,eggplant,4,March,April,June,June,,,August,October
293,listada-de-gandia,eggplant,5,March,March,May,June,,,August,October
293,listada-de-gandia,eggplant,6,March,March,May,June,,,August,October
293,listada-de-gandia,eggplant,7,February,March,April,May,,,July,September
293,listada-de-gandia,eggplant,8,February,February,April,May,,,July,September
293,listada-de-gandia,eggplant,9,January,January,March,April,,,June,August
293,listada-de-gandia,eggplant,10,January,January,February,March,,,May,July
293,listada-de-gandia,eggplant,11,January,January,January,February,,,April,June
293,listada-de-gandia,eggplant,12,January,January,January,February,,,April,June
293,listada-de-gandia,eggplant,13,January,January,January,February,,,April,June
294,epic-f1,eggplant,1,May,May,July,August,,,September,August
294,epic-f1,eggplant,2,April,May,June,July,,,September,September
294,epic-f1,eggplant,3,April,April,June,July,,,August,October
294,epic-f1,eggplant,4,March,April,June,June,,,August,October
294,epic-f1,eggplant,5,March,March,May,June,,,August,October
294,epic-f1,eggplant,6,March,March,May,June,,,July,September
294,epic-f1,eggplant,7,February,March,April,May,,,July,September
294,epic-f1,eggplant,8,February,February,April,May,,,June,August
294,epic-f1,eggplant,9,January,January,March,April,,,May,July
294,epic-f1,eggplant,10,January,January,February,March,,,May,July
294,epic-f1,eggplant,11,January,January,January,February,,,April,June
294,epic-f1,eggplant,12,January,January,January,February,,,April,June
294,epic-f1,eggplant,13,January,January,January,February,,,April,June
295,white-egg,eggplant,1,May,May,July,August,,,October,August
295,white-egg,eggplant,2,April,May,June,July,,,September,September
295,white-egg,eggplant,3,April,April,June,July,,,September,October
295,white-egg,eggplant,4,March,April,June,June,,,August,October
295,white-egg,eggplant,5,March,March,May,June,,,August,October
295,white-egg,eggplant,6,March,March,May,June,,,August,October
295,white-egg,eggplant,7,February,March,April,May,,,July,September
295,white-egg,eggplant,8,February,February,April,May,,,July,September
295,white-egg,eggplant,9,January,January,March,April,,,June,August
295,white-egg,eggplant,10,January,January,February,March,,,May,July
295,white-egg,eggplant,11,January,January,January,February,,,April,June
295,white-egg,eggplant,12,January,January,January,February,,,April,June
295,white-egg,eggplant,13,January,January,January,February,,,April,June
296,classic,eggplant,1,May,May,July,August,,,September,August
296,classic,eggplant,2,April,May,June,July,,,September,September
296,classic,eggplant,3,April,April,June,July,,,August,October
296,classic,eggplant,4,March,April,June,June,,,August,October
296,classic,eggplant,5,March,March,May,June,,,August,October
296,classic,eggplant,6,March,March,May,June,,,July,September
296,classic,eggplant,7,February,March,April,May,,,July,September
296,classic,eggplant,8,February,February,April,May,,,June,August
296,classic,eggplant,9,January,January,March,April,,,May,July
296,classic,eggplant,10,January,January,February,March,,,May,July
296,classic,eggplant,11,January,January,January,February,,,April,June
296,classic,eggplant,12,January,January,January,February,,,April,June
296,classic,eggplant,13,January,January,January,February,,,April,June
297,thai-long-green,eggplant,1,May,May,July,August,,,September,August
297,thai-long-green,eggplant,2,April,May,June,July,,,September,September
297,thai-long-green,eggplant,3,April,April,June,July,,,August,October
297,thai-long-green,eggplant,4,March,April,June,June,,,August,October
297,thai-long-green,eggplant,5,March,March,May,June,,,August,October
297,thai-long-green,eggplant,6,March,March,May,June,,,July,September
297,thai-long-green,eggplant,7,February,March,April,May,,,July,September
297,thai-long-green,eggplant,8,February,February,April,May,,,June,August
297,thai-long-green,eggplant,9,January,January,March,April,,,May,July
297,thai-long-green,eggplant,10,January,January,February,March,,,May,July
297,thai-long-green,eggplant,11,January,January,January,February,,,April,June
297,thai-long-green,eggplant,12,January,January,January,February,,,April,June
297,thai-long-green,eggplant,13,January,January,January,February,,,April,June
298,patio-baby,eggplant,1,May,May,July,August,,,September,August
298,patio-baby,eggplant,2,April,May,June,July,,,August,September
298,patio-baby,eggplant,3,April,April,June,July,,,August,October
298,patio-baby,eggplant,4,March,April,June,June,,,July,September
298,patio-baby,eggplant,5,March,March,May,June,,,July,September
298,patio-baby,eggplant,6,March,March,May,June,,,July,September
298,patio-baby,eggplant,7,February,March,April,May,,,June,August
298,patio-baby,eggplant,8,February,February,April,May,,,June,August
298,patio-baby,eggplant,9,January,January,March,April,,,May,July
298,patio-baby,eggplant,10,January,January,February,March,,,April,June
298,patio-baby,eggplant,11,January,January,January,February,,,March,May
298,patio-baby,eggplant,12,January,January,January,February,,,March,May
298,patio-baby,eggplant,13,January,January,January,February,,,March,May
300,millionaire,eggplant,1,May,May,July,August,,,September,August
300,millionaire,eggplant,2,April,May,June,July,,,September,September
300,millionaire,eggplant,3,April,April,June,July,,,August,October
300,millionaire,eggplant,4,March,April,June,June,,,August,October
300,millionaire,eggplant,5,March,March,May,June,,,August,October
300,millionaire,eggplant,6,March,March,May,June,,,July,September
300,millionaire,eggplant,7,February,March,April,May,,,July,September
300,millionaire,eggplant,8,February,February,April,May,,,June,August
300,millionaire,eggplant,9,January,January,March,April,,,May,July
300,millionaire,eggplant,10,January,January,February,March,,,May,July
300,millionaire,eggplant,11,January,January,January,February,,,April,June
300,millionaire,eggplant,12,January,January,January,February,,,April,June
300,millionaire,eggplant,13,January,January,January,February,,,April,June
301,chinese-long,eggplant,1,May,May,July,August,,,October,August
301,chinese-long,eggplant,2,April,May,June,July,,,September,September
301,chinese-long,eggplant,3,April,April,June,July,,,September,October
301,chinese-long,eggplant,4,March,April,June,June,,,August,October
301,chinese-long,eggplant,5,March,March,May,June,,,August,October
301,chinese-long,eggplant,6,March,March,May,June,,,August,October
301,chinese-long,eggplant,7,February,March,April,May,,,July,September
301,chinese-long,eggplant,8,February,February,April,May,,,July,September
301,chinese-long,eggplant,9,January,January,March,April,,,June,August
301,chinese-long,eggplant,10,January,January,February,March,,,May,July
301,chinese-long,eggplant,11,January,January,January,February,,,April,June
301,chinese-long,eggplant,12,January,January,January,February,,,April,June
301,chinese-long,eggplant,13,January,January,January,February,,,April,June
302,dusky-f1,eggplant,1,May,May,July,August,,,September,August
302,dusky-f1,eggplant,2,April,May,June,July,,,September,September
302,dusky-f1,eggplant,3,April,April,June,July,,,August,October
302,dusky-f1,eggplant,4,March,April,June,June,,,August,October
302,dusky-f1,eggplant,5,March,March,May,June,,,August,October
302,dusky-f1,eggplant,6,March,March,May,June,,,July,September
302,dusky-f1,eggplant,7,February,March,April,May,,,July,September
302,dusky-f1,eggplant,8,February,February,April,May,,,June,August
302,dusky-f1,eggplant,9,January,January,March,April,,,May,July
302,dusky-f1,eggplant,10,January,January,February,March,,,May,July
302,dusky-f1,eggplant,11,January,January,January,February,,,April,June
302,dusky-f1,eggplant,12,January,January,January,February,,,April,June
302,dusky-f1,eggplant,13,January,January,January,February,,,April,June
303,bambino-f1,eggplant,1,May,May,July,August,,,September,August
303,bambino-f1,eggplant,2,April,May,June,July,,,August,September
303,bambino-f1,eggplant,3,April,April,June,July,,,August,October
303,bambino-f1,eggplant,4,March,April,June,June,,,July,September
303,bambino-f1,eggplant,5,March,March,May,June,,,July,September
303,bambino-f1,eggplant,6,March,March,May,June,,,July,September
303,bambino-f1,eggplant,7,February,March,April,May,,,June,August
303,bambino-f1,eggplant,8,February,February,April,May,,,June,August
303,bambino-f1,eggplant,9,January,January,March,April,,,May,July
303,bambino-f1,eggplant,10,January,January,February,March,,,April,June
303,bambino-f1,eggplant,11,January,January,January,February,,,March,May
303,bambino-f1,eggplant,12,January,January,January,February,,,March,May
303,bambino-f1,eggplant,13,January,January,January,February,,,March,May
304,graffiti-f1,eggplant,1,May,May,July,August,,,October,August
304,graffiti-f1,eggplant,2,April,May,June,July,,,September,September
304,graffiti-f1,eggplant,3,April,April,June,July,,,September,October
304,graffiti-f1,eggplant,4,March,April,June,June,,,August,October
304,graffiti-f1,eggplant,5,March,March,May,June,,,August,October
304,graffiti-f1,eggplant,6,March,March,May,June,,,August,October
304,graffiti-f1,eggplant,7,February,March,April,May,,,July,September
304,graffiti-f1,eggplant,8,February,February,April,May,,,July,September
304,graffiti-f1,eggplant,9,January,January,March,April,,,June,August
304,graffiti-f1,eggplant,10,January,January,February,March,,,May,July
304,graffiti-f1,eggplant,11,January,January,January,February,,,April,June
304,graffiti-f1,eggplant,12,January,January,January,February,,,April,June
304,graffiti-f1,eggplant,13,January,January,January,February,,,April,June
305,violette-di-firenze,eggplant,1,May,May,July,August,,,October,August
305,violette-di-firenze,eggplant,2,April,May,June,July,,,September,September
305,violette-di-firenze,eggplant,3,April,April,June,July,,,September,October
305,violette-di-firenze,eggplant,4,March,April,June,June,,,September,October
305,violette-di-firenze,eggplant,5,March,March,May,June,,,August,October
305,violette-di-firenze,eggplant,6,March,March,May,June,,,August,October
305,violette-di-firenze,eggplant,7,February,March,April,May,,,July,September
305,violette-di-firenze,eggplant,8,February,February,April,May,,,July,September
305,violette-di-firenze,eggplant,9,January,January,March,April,,,June,August
305,violette-di-firenze,eggplant,10,January,January,February,March,,,May,July
305,violette-di-firenze,eggplant,11,January,January,January,February,,,April,June
305,violette-di-firenze,eggplant,12,January,January,January,February,,,April,June
305,violette-di-firenze,eggplant,13,January,January,January,February,,,April,June
306,cherry-roma,tomato,1,May,May,July,August,,,October,August
306,cherry-roma,tomato,2,April,May,June,July,,,September,September
306,cherry-roma,tomato,3,April,April,June,July,,,September,October
306,cherry-roma,tomato,4,March,April,June,June,,,August,October
306,cherry-roma,tomato,5,March,March,May,June,,,August,October
306,cherry-roma,tomato,6,March,March,May,June,,,August,October
306,cherry-roma,tomato,7,February,March,April,May,,,July,September
306,cherry-roma,tomato,8,February,February,April,May,,,July,September
306,cherry-roma,tomato,9,January,January,March,April,,,June,August
306,cherry-roma,tomato,10,January,January,February,March,,,May,July
306,cherry-roma,tomato,11,January,January,January,February,,,April,June
306,cherry-roma,tomato,12,January,January,January,February,,,April,June
306,cherry-roma,tomato,13,January,January,January,February,,,April,June
307,jet-star,tomato,1,May,May,July,August,,,October,August
307,jet-star,tomato,2,April,May,June,July,,,September,September
307,jet-star,tomato,3,April,April,June,July,,,September,October
307,jet-star,tomato,4,March,April,June,June,,,August,October
307,jet-star,tomato,5,March,March,May,June,,,August,October
307,jet-star,tomato,6,March,March,May,June,,,August,October
307,jet-star,tomato,7,February,March,April,May,,,July,September
307,jet-star,tomato,8,February,February,April,May,,,July,September
307,jet-star,tomato,9,January,January,March,April,,,June,August
307,jet-star,tomato,10,January,January,February,March,,,May,July
307,jet-star,tomato,11,January,January,January,February,,,April,June
307,jet-star,tomato,12,January,January,January,February,,,April,June
307,jet-star,tomato,13,January,January,January,February,,,April,June
308,chocolate-stripes,tomato,1,May,May,July,August,,,October,August
308,chocolate-stripes,tomato,2,April,May,June,July,,,October,September
308,chocolate-stripes,tomato,3,April,April,June,July,,,September,October
308,chocolate-stripes,tomato,4,March,April,June,June,,,September,October
308,chocolate-stripes,tomato,5,March,March,May,June,,,August,October
308,chocolate-stripes,tomato,6,March,March,May,June,,,August,October
308,chocolate-stripes,tomato,7,February,March,April,May,,,August,October
308,chocolate-stripes,tomato,8,February,February,April,May,,,July,September
308,chocolate-stripes,tomato,9,January,January,March,April,,,June,August
308,chocolate-stripes,tomato,10,January,January,February,March,,,June,August
308,chocolate-stripes,tomato,11,January,January,January,February,,,May,July
308,chocolate-stripes,tomato,12,January,January,January,February,,,May,July
308,chocolate-stripes,tomato,13,January,January,January,February,,,May,July
309,sun-gold,tomato,1,May,May,July,August,,,September,August
309,sun-gold,tomato,2,April,May,June,July,,,August,September
309,sun-gold,tomato,3,April,April,June,July,,,August,October
309,sun-gold,tomato,4,March,April,June,June,,,August,October
309,sun-gold,tomato,5,March,March,May,June,,,July,September
309,sun-gold,tomato,6,March,March,May,June,,,July,September
309,sun-gold,tomato,7,February,March,April,May,,,June,August
309,sun-gold,tomato,8,February,February,April,May,,,June,August
309,sun-gold,tomato,9,January,January,March,April,,,May,July
309,sun-gold,tomato,10,January,January,February,March,,,April,June
309,sun-gold,tomato,11,January,January,January,February,,,March,May
309,sun-gold,tomato,12,January,January,January,February,,,March,May
309,sun-gold,tomato,13,January,January,January,February,,,March,May
310,iron-lady,tomato,1,May,May,July,August,,,October,August
310,iron-lady,tomato,2,April,May,June,July,,,September,September
310,iron-lady,tomato,3,April,April,June,July,,,September,October
310,iron-lady,tomato,4,March,April,June,June,,,August,October
310,iron-lady,tomato,5,March,March,May,June,,,August,October
310,iron-lady,tomato,6,March,March,May,June,,,August,October
310,iron-lady,tomato,7,February,March,April,May,,,July,September
310,iron-lady,tomato,8,February,February,April,May,,,July,September
310,iron-lady,tomato,9,January,January,March,April,,,June,August
310,iron-lady,tomato,10,January,January,February,March,,,May,July
310,iron-lady,tomato,11,January,January,January,February,,,April,June
310,iron-lady,tomato,12,January,January,January,February,,,April,June
310,iron-lady,tomato,13,January,January,January,February,,,April,June
311,ace-55,tomato,1,May,May,July,August,,,October,August
311,ace-55,tomato,2,April,May,June,July,,,September,September
311,ace-55,tomato,3,April,April,June,July,,,September,October
311,ace-55,tomato,4,March,April,June,June,,,September,October
311,ace-55,tomato,5,March,March,May,June,,,August,October
311,ace-55,tomato,6,March,March,May,June,,,August,October
311,ace-55,tomato,7,February,March,April,May,,,July,September
311,ace-55,tomato,8,February,February,April,May,,,July,September
311,ace-55,tomato,9,January,January,March,April,,,June,August
311,ace-55,tomato,10,January,January,February,March,,,May,July
311,ace-55,tomato,11,January,January,January,February,,,April,June
311,ace-55,tomato,12,January,January,January,February,,,April,June
311,ace-55,tomato,13,January,January,January,February,,,April,June
312,juliet,tomato,1,May,May,July,August,,,September,August
312,juliet,tomato,2,April,May,June,July,,,September,September
312,juliet,tomato,3,April,April,June,July,,,August,October
312,juliet,tomato,4,March,April,June,June,,,August,October
312,juliet,tomato,5,March,March,May,June,,,July,September
312,juliet,tomato,6,March,March,May,June,,,July,September
312,juliet,tomato,7,February,March,April,May,,,July,September
312,juliet,tomato,8,February,February,April,May,,,June,August
312,juliet,tomato,9,January,January,March,April,,,May,July
312,juliet,tomato,10,January,January,February,March,,,May,July
312,juliet,tomato,11,January,January,January,February,,,April,June
312,juliet,tomato,12,January,January,January,February,,,April,June
312,juliet,tomato,13,January,January,January,February,,,April,June
313,paul-robeson,tomato,1,May,May,July,August,,,October,August
313,paul-robeson,tomato,2,April,May,June,July,,,October,September
313,paul-robeson,tomato,3,April,April,June,July,,,September,October
313,paul-robeson,tomato,4,March,April,June,June,,,September,October
313,paul-robeson,tomato,5,March,March,May,June,,,September,October
313,paul-robeson,tomato,6,March,March,May,June,,,August,October
313,paul-robeson,tomato,7,February,March,April,May,,,August,October
313,paul-robeson,tomato,8,February,February,April,May,,,July,September
313,paul-robeson,tomato,9,January,January,March,April,,,June,August
313,paul-robeson,tomato,10,January,January,February,March,,,June,August
313,paul-robeson,tomato,11,January,January,January,February,,,May,July
313,paul-robeson,tomato,12,January,January,January,February,,,May,July
313,paul-robeson,tomato,13,January,January,January,February,,,May,July
314,patio,tomato,1,May,May,July,August,,,September,August
314,patio,tomato,2,April,May,June,July,,,August,September
314,patio,tomato,3,April,April,June,July,,,August,October
314,patio,tomato,4,March,April,June,June,,,August,October
314,patio,tomato,5,March,March,May,June,,,July,September
314,patio,tomato,6,March,March,May,June,,,July,September
314,patio,tomato,7,February,March,April,May,,,June,August
314,patio,tomato,8,February,February,April,May,,,June,August
314,patio,tomato,9,January,January,March,April,,,May,July
314,patio,tomato,10,January,January,February,March,,,April,June
314,patio,tomato,11,January,January,January,February,,,March,May
314,patio,tomato,12,January,January,January,February,,,March,May
314,patio,tomato,13,January,January,January,February,,,March,May
315,matt-s-wild-cherry,tomato,1,May,May,July,August,,,September,August
315,matt-s-wild-cherry,tomato,2,April,May,June,July,,,September,September
315,matt-s-wild-cherry,tomato,3,April,April,June,July,,,August,October
315,matt-s-wild-cherry,tomato,4,March,April,June,June,,,August,October
315,matt-s-wild-cherry,tomato,5,March,March,May,June,,,July,September
315,matt-s-wild-cherry,tomato,6,March,March,May,June,,,July,September
315,matt-s-wild-cherry,tomato,7,February,March,April,May,,,July,September
315,matt-s-wild-cherry,tomato,8,February,February,April,May,,,June,August
315,matt-s-wild-cherry,tomato,9,January,January,March,April,,,May,July
315,matt-s-wild-cherry,tomato,10,January,January,February,March,,,May,July
315,matt-s-wild-cherry,tomato,11,January,January,January,February,,,April,June
315,matt-s-wild-cherry,tomato,12,January,January,January,February,,,April,June
315,matt-s-wild-cherry,tomato,13,January,January,January,February,,,April,June
316,determinate-cherry,tomato,1,May,May,July,August,,,September,August
316,determinate-cherry,tomato,2,April,May,June,July,,,September,September
316,determinate-cherry,tomato,3,April,April,June,July,,,August,October
316,determinate-cherry,tomato,4,March,April,June,June,,,August,October
316,determinate-cherry,tomato,5,March,March,May,June,,,August,October
316,determinate-cherry,tomato,6,March,March,May,June,,,July,September
316,determinate-cherry,tomato,7,February,March,April,May,,,July,September
316,determinate-cherry,tomato,8,February,February,April,May,,,June,August
316,determinate-cherry,tomato,9,January,January,March,April,,,May,July
316,determinate-cherry,tomato,10,January,January,February,March,,,May,July
316,determinate-cherry,tomato,11,January,January,January,February,,,April,June
316,determinate-cherry,tomato,12,January,January,January,February,,,April,June
316,determinate-cherry,tomato,13,January,January,January,February,,,April,June
317,heirloom-beefsteak-mix,tomato,1,May,May,July,August,,,October,August
317,heirloom-beefsteak-mix,tomato,2,April,May,June,July,,,September,September
317,heirloom-beefsteak-mix,tomato,3,April,April,June,July,,,September,October
317,heirloom-beefsteak-mix,tomato,4,March,April,June,June,,,September,October
317,heirloom-beefsteak-mix,tomato,5,March,March,May,June,,,August,October
317,heirloom-beefsteak-mix,tomato,6,March,March,May,June,,,August,October
317,heirloom-beefsteak-mix,tomato,7,February,March,April,May,,,July,September
317,heirloom-beefsteak-mix,tomato,8,February,February,April,May,,,July,September
317,heirloom-beefsteak-mix,tomato,9,January,January,March,April,,,June,August
317,heirloom-beefsteak-mix,tomato,10,January,January,February,March,,,May,July
317,heirloom-beefsteak-mix,tomato,11,January,January,January,February,,,April,June
317,heirloom-beefsteak-mix,tomato,12,January,January,January,February,,,April,June
317,heirloom-beefsteak-mix,tomato,13,January,January,January,February,,,April,June
318,container-choice-red,tomato,1,May,May,July,August,,,September,August
318,container-choice-red,tomato,2,April,May,June,July,,,September,September
318,container-choice-red,tomato,3,April,April,June,July,,,August,October
318,container-choice-red,tomato,4,March,April,June,June,,,August,October
318,container-choice-red,tomato,5,March,March,May,June,,,August,October
318,container-choice-red,tomato,6,March,March,May,June,,,July,September
318,container-choice-red,tomato,7,February,March,April,May,,,July,September
318,container-choice-red,tomato,8,February,February,April,May,,,June,August
318,container-choice-red,tomato,9,January,January,March,April,,,May,July
318,container-choice-red,tomato,10,January,January,February,March,,,May,July
318,container-choice-red,tomato,11,January,January,January,February,,,April,June
318,container-choice-red,tomato,12,January,January,January,February,,,April,June
318,container-choice-red,tomato,13,January,January,January,February,,,April,June
319,indigo-rose,tomato,1,May,May,July,August,,,September,August
319,indigo-rose,tomato,2,April,May,June,July,,,September,September
319,indigo-rose,tomato,3,April,April,June,July,,,August,October
319,indigo-rose,tomato,4,March,April,June,June,,,August,October
319,indigo-rose,tomato,5,March,March,May,June,,,August,October
319,indigo-rose,tomato,6,March,March,May,June,,,July,September
319,indigo-rose,tomato,7,February,March,April,May,,,July,September
319,indigo-rose,tomato,8,February,February,April,May,,,June,August
319,indigo-rose,tomato,9,January,January,March,April,,,May,July
319,indigo-rose,tomato,10,January,January,February,March,,,May,July
319,indigo-rose,tomato,11,January,January,January,February,,,April,June
319,indigo-rose,tomato,12,January,January,January,February,,,April,June
319,indigo-rose,tomato,13,January,January,January,February,,,April,June
320,phoenix,tomato,1,May,May,July,August,,,September,August
320,phoenix,tomato,2,April,May,June,July,,,September,September
320,phoenix,tomato,3,April,April,June,July,,,August,October
320,phoenix,tomato,4,March,April,June,June,,,August,October
320,phoenix,tomato,5,March,March,May,June,,,August,October
320,phoenix,tomato,6,March,March,May,June,,,July,September
320,phoenix,tomato,7,February,March,April,May,,,July,September
320,phoenix,tomato,8,February,February,April,May,,,June,August
320,phoenix,tomato,9,January,January,March,April,,,May,July
320,phoenix,tomato,10,January,January,February,March,,,May,July
320,phoenix,tomato,11,January,January,January,February,,,April,June
320,phoenix,tomato,12,January,January,January,February,,,April,June
320,phoenix,tomato,13,January,January,January,February,,,April,June
321,grape-tomato,tomato,1,May,May,July,August,,,September,August
321,grape-tomato,tomato,2,April,May,June,July,,,September,September
321,grape-tomato,tomato,3,April,April,June,July,,,August,October
321,grape-tomato,tomato,4,March,April,June,June,,,August,October
321,grape-tomato,tomato,5,March,March,May,June,,,July,September
321,grape-tomato,tomato,6,March,March,May,June,,,July,September
321,grape-tomato,tomato,7,February,March,April,May,,,July,September
321,grape-tomato,tomato,8,February,February,April,May,,,June,August
321,grape-tomato,tomato,9,January,January,March,April,,,May,July
321,grape-tomato,tomato,10,January,January,February,March,,,May,July
321,grape-tomato,tomato,11,January,January,January,February,,,April,June
321,grape-tomato,tomato,12,January,January,January,February,,,April,June
321,grape-tomato,tomato,13,January,January,January,February,,,April,June
322,german-johnson,tomato,1,May,May,July,August,,,October,August
322,german-johnson,tomato,2,April,May,June,July,,,September,September
322,german-johnson,tomato,3,April,April,June,July,,,September,October
322,german-johnson,tomato,4,March,April,June,June,,,September,October
322,german-johnson,tomato,5,March,March,May,June,,,August,October
322,german-johnson,tomato,6,March,March,May,June,,,August,October
322,german-johnson,tomato,7,February,March,April,May,,,July,September
322,german-johnson,tomato,8,February,February,April,May,,,July,September
322,german-johnson,tomato,9,January,January,March,April,,,June,August
322,german-johnson,tomato,10,January,January,February,March,,,May,July
322,german-johnson,tomato,11,January,January,January,February,,,April,June
322,german-johnson,tomato,12,January,January,January,February,,,April,June
322,german-johnson,tomato,13,January,January,January,February,,,April,June
323,determinate-roma,tomato,1,May,May,July,August,,,October,August
323,determinate-roma,tomato,2,April,May,June,July,,,September,September
323,determinate-roma,tomato,3,April,April,June,July,,,September,October
323,determinate-roma,tomato,4,March,April,June,June,,,August,October
323,determinate-roma,tomato,5,March,March,May,June,,,August,October
323,determinate-roma,tomato,6,March,March,May,June,,,August,October
323,determinate-roma,tomato,7,February,March,April,May,,,July,September
323,determinate-roma,tomato,8,February,February,April,May,,,July,September
323,determinate-roma,tomato,9,January,January,March,April,,,June,August
323,determinate-roma,tomato,10,January,January,February,March,,,May,July
323,determinate-roma,tomato,11,January,January,January,February,,,April,June
323,determinate-roma,tomato,12,January,January,January,February,,,April,June
323,determinate-roma,tomato,13,January,January,January,February,,,April,June
324,taxi,tomato,1,May,May,July,August,,,September,August
324,taxi,tomato,2,April,May,June,July,,,September,September
324,taxi,tomato,3,April,April,June,July,,,August,October
324,taxi,tomato,4,March,April,June,June,,,August,October
324,taxi,tomato,5,March,March,May,June,,,August,October
324,taxi,tomato,6,March,March,May,June,,,July,September
324,taxi,tomato,7,February,March,April,May,,,July,September
324,taxi,tomato,8,February,February,April,May,,,June,August
324,taxi,tomato,9,January,January,March,April,,,May,July
324,taxi,tomato,10,January,January,February,March,,,May,July
324,taxi,tomato,11,January,January,January,February,,,April,June
324,taxi,tomato,12,January,January,January,February,,,April,June
324,taxi,tomato,13,January,January,January,February,,,April,June
326,heirloom-black-cherry,tomato,1,May,May,July,August,,,September,August
326,heirloom-black-cherry,tomato,2,April,May,June,July,,,September,September
326,heirloom-black-cherry,tomato,3,April,April,June,July,,,August,October
326,heirloom-black-cherry,tomato,4,March,April,June,June,,,August,October
326,heirloom-black-cherry,tomato,5,March,March,May,June,,,August,October
326,heirloom-black-cherry,tomato,6,March,March,May,June,,,July,September
326,heirloom-black-cherry,tomato,7,February,March,April,May,,,July,September
326,heirloom-black-cherry,tomato,8,February,February,April,May,,,June,August
326,heirloom-black-cherry,tomato,9,January,January,March,April,,,May,July
326,heirloom-black-cherry,tomato,10,January,January,February,March,,,May,July
326,heirloom-black-cherry,tomato,11,January,January,January,February,,,April,June
326,heirloom-black-cherry,tomato,12,January,January,January,February,,,April,June
326,heirloom-black-cherry,tomato,13,January,January,January,February,,,April,June
327,campari,tomato,1,May,May,July,August,,,October,August
327,campari,tomato,2,April,May,June,July,,,September,September
327,campari,tomato,3,April,April,June,July,,,September,October
327,campari,tomato,4,March,April,June,June,,,August,October
327,campari,tomato,5,March,March,May,June,,,August,October
327,campari,tomato,6,March,March,May,June,,,August,October
327,campari,tomato,7,February,March,April,May,,,July,September
327,campari,tomato,8,February,February,April,May,,,July,September
327,campari,tomato,9,January,January,March,April,,,June,August
327,campari,tomato,10,January,January,February,March,,,May,July
327,campari,tomato,11,January,January,January,February,,,April,June
327,campari,tomato,12,January,January,January,February,,,April,June
327,campari,tomato,13,January,January,January,February,,,April,June
328,german-pink,tomato,1,May,May,July,August,,,October,August
328,german-pink,tomato,2,April,May,June,July,,,October,September
328,german-pink,tomato,3,April,April,June,July,,,September,October
328,german-pink,tomato,4,March,April,June,June,,,September,October
328,german-pink,tomato,5,March,March,May,June,,,August,October
328,german-pink,tomato,6,March,March,May,June,,,August,October
328,german-pink,tomato,7,February,March,April,May,,,August,October
328,german-pink,tomato,8,February,February,April,May,,,July,September
328,german-pink,tomato,9,January,January,March,April,,,June,August
328,german-pink,tomato,10,January,January,February,March,,,June,August
328,german-pink,tomato,11,January,January,January,February,,,May,July
328,german-pink,tomato,12,January,January,January,February,,,May,July
328,german-pink,tomato,13,January,January,January,February,,,May,July
329,arkansas-traveler,tomato,1,May,May,July,August,,,October,August
329,arkansas-traveler,tomato,2,April,May,June,July,,,September,September
329,arkansas-traveler,tomato,3,April,April,June,July,,,September,October
329,arkansas-traveler,tomato,4,March,April,June,June,,,September,October
329,arkansas-traveler,tomato,5,March,March,May,June,,,August,October
329,arkansas-traveler,tomato,6,March,March,May,June,,,August,October
329,arkansas-traveler,tomato,7,February,March,April,May,,,July,September
329,arkansas-traveler,tomato,8,February,February,April,May,,,July,September
329,arkansas-traveler,tomato,9,January,January,March,April,,,June,August
329,arkansas-traveler,tomato,10,January,January,February,March,,,May,July
329,arkansas-traveler,tomato,11,January,January,January,February,,,April,June
329,arkansas-traveler,tomato,12,January,January,January,February,,,April,June
329,arkansas-traveler,tomato,13,January,January,January,February,,,April,June
330,pineapple,tomato,1,May,May,July,August,,,October,August
330,pineapple,tomato,2,April,May,June,July,,,October,September
330,pineapple,tomato,3,April,April,June,July,,,September,October
330,pineapple,tomato,4,March,April,June,June,,,September,October
330,pineapple,tomato,5,March,March,May,June,,,August,October
330,pineapple,tomato,6,March,March,May,June,,,August,October
330,pineapple,tomato,7,February,March,April,May,,,August,October
330,pineapple,tomato,8,February,February,April,May,,,July,September
330,pineapple,tomato,9,January,January,March,April,,,June,August
330,pineapple,tomato,10,January,January,February,March,,,June,August
330,pineapple,tomato,11,January,January,January,February,,,May,July
330,pineapple,tomato,12,January,January,January,February,,,May,July
330,pineapple,tomato,13,January,January,January,February,,,May,July
331,roma-vf,tomato,1,May,May,July,August,,,October,August
331,roma-vf,tomato,2,April,May,June,July,,,September,September
331,roma-vf,tomato,3,April,April,June,July,,,September,October
331,roma-vf,tomato,4,March,April,June,June,,,August,October
331,roma-vf,tomato,5,March,March,May,June,,,August,October
331,roma-vf,tomato,6,March,March,May,June,,,August,October
331,roma-vf,tomato,7,February,March,April,May,,,July,September
331,roma-vf,tomato,8,February,February,April,May,,,July,September
331,roma-vf,tomato,9,January,January,March,April,,,June,August
331,roma-vf,tomato,10,January,January,February,March,,,May,July
331,roma-vf,tomato,11,January,January,January,February,,,April,June
331,roma-vf,tomato,12,January,January,January,February,,,April,June
331,roma-vf,tomato,13,January,January,January,February,,,April,June
332,chocolate-cherry,tomato,1,May,May,July,August,,,September,August
332,chocolate-cherry,tomato,2,April,May,June,July,,,September,September
332,chocolate-cherry,tomato,3,April,April,June,July,,,August,October
332,chocolate-cherry,tomato,4,March,April,June,June,,,August,October
332,chocolate-cherry,tomato,5,March,March,May,June,,,August,October
332,chocolate-cherry,tomato,6,March,March,May,June,,,July,September
332,chocolate-cherry,tomato,7,February,March,April,May,,,July,September
332,chocolate-cherry,tomato,8,February,February,April,May,,,June,August
332,chocolate-cherry,tomato,9,January,January,March,April,,,May,July
332,chocolate-cherry,tomato,10,January,January,February,March,,,May,July
332,chocolate-cherry,tomato,11,January,January,January,February,,,April,June
332,chocolate-cherry,tomato,12,January,January,January,February,,,April,June
332,chocolate-cherry,tomato,13,January,January,January,February,,,April,June
333,black-beauty,tomato,1,May,May,July,August,,,October,August
333,black-beauty,tomato,2,April,May,June,July,,,October,September
333,black-beauty,tomato,3,April,April,June,July,,,September,October
333,black-beauty,tomato,4,March,April,June,June,,,August,October
333,black-beauty,tomato,5,March,March,May,June,,,August,October
333,black-beauty,tomato,6,March,March,May,June,,,August,October
333,black-beauty,tomato,7,February,March,April,May,,,July,September
333,black-beauty,tomato,8,February,February,April,May,,,July,September
333,black-beauty,tomato,9,January,January,March,April,,,June,August
333,black-beauty,tomato,10,January,January,February,March,,,May,July
333,black-beauty,tomato,11,January,January,January,February,,,May,July
333,black-beauty,tomato,12,January,January,January,February,,,May,July
333,black-beauty,tomato,13,January,January,January,February,,,May,July
334,red-robin,tomato,1,May,May,July,August,,,September,August
334,red-robin,tomato,2,April,May,June,July,,,September,September
334,red-robin,tomato,3,April,April,June,July,,,August,October
334,red-robin,tomato,4,March,April,June,June,,,August,October
334,red-robin,tomato,5,March,March,May,June,,,July,September
334,red-robin,tomato,6,March,March,May,June,,,July,September
334,red-robin,tomato,7,February,March,April,May,,,July,September
334,red-robin,tomato,8,February,February,April,May,,,June,August
334,red-robin,tomato,9,January,January,March,April,,,May,July
334,red-robin,tomato,10,January,January,February,March,,,May,July
334,red-robin,tomato,11,January,January,January,February,,,April,June
334,red-robin,tomato,12,January,January,January,February,,,April,June
334,red-robin,tomato,13,January,January,January,February,,,April,June
335,striped-german,tomato,1,May,May,July,August,,,October,August
335,striped-german,tomato,2,April,May,June,July,,,September,September
335,striped-german,tomato,3,April,April,June,July,,,September,October
335,striped-german,tomato,4,March,April,June,June,,,August,October
335,striped-german,tomato,5,March,March,May,June,,,August,October
335,striped-german,tomato,6,March,March,May,June,,,August,October
335,striped-german,tomato,7,February,March,April,May,,,July,September
335,striped-german,tomato,8,February,February,April,May,,,July,September
335,striped-german,tomato,9,January,January,March,April,,,June,August
335,striped-german,tomato,10,January,January,February,March,,,May,July
335,striped-german,tomato,11,January,January,January,February,,,April,June
335,striped-german,tomato,12,January,January,January,February,,,April,June
335,striped-german,tomato,13,January,January,January,February,,,April,June
336,sweet-pepper-king-arthur,pepper,1,May,May,July,August,,,September,August
336,sweet-pepper-king-arthur,pepper,2,April,May,June,July,,,September,September
336,sweet-pepper-king-arthur,pepper,3,April,April,June,July,,,August,October
336,sweet-pepper-king-arthur,pepper,4,March,April,June,June,,,August,October
336,sweet-pepper-king-arthur,pepper,5,March,March,May,June,,,August,October
336,sweet-pepper-king-arthur,pepper,6,March,March,May,June,,,July,September
336,sweet-pepper-king-arthur,pepper,7,February,March,April,May,,,July,September
336,sweet-pepper-king-arthur,pepper,8,February,February,April,May,,,June,August
336,sweet-pepper-king-arthur,pepper,9,January,January,March,April,,,May,July
336,sweet-pepper-king-arthur,pepper,10,January,January,February,March,,,May,July
336,sweet-pepper-king-arthur,pepper,11,January,January,January,February,,,April,June
336,sweet-pepper-king-arthur,pepper,12,January,January,January,February,,,April,June
336,sweet-pepper-king-arthur,pepper,13,January,January,January,February,,,April,June
338,sweet-pepper-jimmy-nardello-s,pepper,1,May,May,July,August,,,October,August
338,sweet-pepper-jimmy-nardello-s,pepper,2,April,May,June,July,,,September,September
338,sweet-pepper-jimmy-nardello-s,pepper,3,April,April,June,July,,,September,October
338,sweet-pepper-jimmy-nardello-s,pepper,4,March,April,June,June,,,September,October
338,sweet-pepper-jimmy-nardello-s,pepper,5,March,March,May,June,,,August,October
338,sweet-pepper-jimmy-nardello-s,pepper,6,March,March,May,June,,,August,October
338,sweet-pepper-jimmy-nardello-s,pepper,7,February,March,April,May,,,July,September
338,sweet-pepper-jimmy-nardello-s,pepper,8,February,February,April,May,,,July,September
338,sweet-pepper-jimmy-nardello-s,pepper,9,January,January,March,April,,,June,August
338,sweet-pepper-jimmy-nardello-s,pepper,10,January,January,February,March,,,May,July
338,sweet-pepper-jimmy-nardello-s,pepper,11,January,January,January,February,,,April,June
338,sweet-pepper-jimmy-nardello-s,pepper,12,January,January,January,February,,,April,June
338,sweet-pepper-jimmy-nardello-s,pepper,13,January,January,January,February,,,April,June
341,bell-pepper-red-beauty,pepper,1,May,May,July,August,,,October,August
341,bell-pepper-red-beauty,pepper,2,April,May,June,July,,,September,September
341,bell-pepper-red-beauty,pepper,3,April,April,June,July,,,September,October
341,bell-pepper-red-beauty,pepper,4,March,April,June,June,,,August,October
341,bell-pepper-red-beauty,pepper,5,March,March,May,June,,,August,October
341,bell-pepper-red-beauty,pepper,6,March,March,May,June,,,August,October
341,bell-pepper-red-beauty,pepper,7,February,March,April,May,,,July,September
341,bell-pepper-red-beauty,pepper,8,February,February,April,May,,,July,September
341,bell-pepper-red-beauty,pepper,9,January,January,March,April,,,June,August
341,bell-pepper-red-beauty,pepper,10,January,January,February,March,,,May,July
341,bell-pepper-red-beauty,pepper,11,January,January,January,February,,,April,June
341,bell-pepper-red-beauty,pepper,12,January,January,January,February,,,April,June
341,bell-pepper-red-beauty,pepper,13,January,January,January,February,,,April,June
345,sweet-pepper-gypsy,pepper,1,May,May,July,August,,,September,August
345,sweet-pepper-gypsy,pepper,2,April,May,June,July,,,September,September
345,sweet-pepper-gypsy,pepper,3,April,April,June,July,,,August,October
345,sweet-pepper-gypsy,pepper,4,March,April,June,June,,,August,October
345,sweet-pepper-gypsy,pepper,5,March,March,May,June,,,August,October
345,sweet-pepper-gypsy,pepper,6,March,March,May,June,,,July,September
345,sweet-pepper-gypsy,pepper,7,February,March,April,May,,,July,September
345,sweet-pepper-gypsy,pepper,8,February,February,April,May,,,June,August
345,sweet-pepper-gypsy,pepper,9,January,January,March,April,,,May,July
345,sweet-pepper-gypsy,pepper,10,January,January,February,March,,,May,July
345,sweet-pepper-gypsy,pepper,11,January,January,January,February,,,April,June
345,sweet-pepper-gypsy,pepper,12,January,January,January,February,,,April,June
345,sweet-pepper-gypsy,pepper,13,January,January,January,February,,,April,June
346,sweet-pepper-carmen,pepper,1,May,May,July,August,,,October,August
346,sweet-pepper-carmen,pepper,2,April,May,June,July,,,September,September
346,sweet-pepper-carmen,pepper,3,April,April,June,July,,,September,October
346,sweet-pepper-carmen,pepper,4,March,April,June,June,,,August,October
346,sweet-pepper-carmen,pepper,5,March,March,May,June,,,August,October
346,sweet-pepper-carmen,pepper,6,March,March,May,June,,,August,October
346,sweet-pepper-carmen,pepper,7,February,March,April,May,,,July,September
346,sweet-pepper-carmen,pepper,8,February,February,April,May,,,July,September
346,sweet-pepper-carmen,pepper,9,January,January,March,April,,,June,August
346,sweet-pepper-carmen,pepper,10,January,January,February,March,,,May,July
346,sweet-pepper-carmen,pepper,11,January,January,January,February,,,April,June
346,sweet-pepper-carmen,pepper,12,January,January,January,February,,,April,June
346,sweet-pepper-carmen,pepper,13,January,January,January,February,,,April,June
349,bell-pepper-purple-top,pepper,1,May,May,July,August,,,September,August
349,bell-pepper-purple-top,pepper,2,April,May,June,July,,,September,September
349,bell-pepper-purple-top,pepper,3,April,April,June,July,,,August,October
349,bell-pepper-purple-top,pepper,4,March,April,June,June,,,August,October
349,bell-pepper-purple-top,pepper,5,March,March,May,June,,,August,October
349,bell-pepper-purple-top,pepper,6,March,March,May,June,,,July,September
349,bell-pepper-purple-top,pepper,7,February,March,April,May,,,July,September
349,bell-pepper-purple-top,pepper,8,February,February,April,May,,,June,August
349,bell-pepper-purple-top,pepper,9,January,January,March,April,,,May,July
349,bell-pepper-purple-top,pepper,10,January,January,February,March,,,May,July
349,bell-pepper-purple-top,pepper,11,January,January,January,February,,,April,June
349,bell-pepper-purple-top,pepper,12,January,January,January,February,,,April,June
349,bell-pepper-purple-top,pepper,13,January,January,January,February,,,April,June
350,aji-dulce-venezuelan-sweet,pepper,1,May,May,July,August,,,October,August
350,aji-dulce-venezuelan-sweet,pepper,2,April,May,June,July,,,October,September
350,aji-dulce-venezuelan-sweet,pepper,3,April,April,June,July,,,September,October
350,aji-dulce-venezuelan-sweet,pepper,4,March,April,June,June,,,September,October
350,aji-dulce-venezuelan-sweet,pepper,5,March,March,May,June,,,August,October
350,aji-dulce-venezuelan-sweet,pepper,6,March,March,May,June,,,August,October
350,aji-dulce-venezuelan-sweet,pepper,7,February,March,April,May,,,August,October
350,aji-dulce-venezuelan-sweet,pepper,8,February,February,April,May,,,July,September
350,aji-dulce-venezuelan-sweet,pepper,9,January,January,March,April,,,June,August
350,aji-dulce-venezuelan-sweet,pepper,10,January,January,February,March,,,June,August
350,aji-dulce-venezuelan-sweet,pepper,11,January,January,January,February,,,May,July
350,aji-dulce-venezuelan-sweet,pepper,12,January,January,January,February,,,May,July
350,aji-dulce-venezuelan-sweet,pepper,13,January,January,January,February,,,May,July
352,bell-pepper-gourmet-gold,pepper,1,May,May,July,August,,,September,August
352,bell-pepper-gourmet-gold,pepper,2,April,May,June,July,,,September,September
352,bell-pepper-gourmet-gold,pepper,3,April,April,June,July,,,August,October
352,bell-pepper-gourmet-gold,pepper,4,March,April,June,June,,,August,October
352,bell-pepper-gourmet-gold,pepper,5,March,March,May,June,,,August,October
352,bell-pepper-gourmet-gold,pepper,6,March,March,May,June,,,July,September
352,bell-pepper-gourmet-gold,pepper,7,February,March,April,May,,,July,September
352,bell-pepper-gourmet-gold,pepper,8,February,February,April,May,,,June,August
352,bell-pepper-gourmet-gold,pepper,9,January,January,March,April,,,May,July
352,bell-pepper-gourmet-gold,pepper,10,January,January,February,March,,,May,July
352,bell-pepper-gourmet-gold,pepper,11,January,January,January,February,,,April,June
352,bell-pepper-gourmet-gold,pepper,12,January,January,January,February,,,April,June
352,bell-pepper-gourmet-gold,pepper,13,January,January,January,February,,,April,June
356,bell-pepper-big-bertha,pepper,1,May,May,July,August,,,September,August
356,bell-pepper-big-bertha,pepper,2,April,May,June,July,,,September,September
356,bell-pepper-big-bertha,pepper,3,April,April,June,July,,,August,October
356,bell-pepper-big-bertha,pepper,4,March,April,June,June,,,August,October
356,bell-pepper-big-bertha,pepper,5,March,March,May,June,,,August,October
356,bell-pepper-big-bertha,pepper,6,March,March,May,June,,,July,September
356,bell-pepper-big-bertha,pepper,7,February,March,April,May,,,July,September
356,bell-pepper-big-bertha,pepper,8,February,February,April,May,,,June,August
356,bell-pepper-big-bertha,pepper,9,January,January,March,April,,,May,July
356,bell-pepper-big-bertha,pepper,10,January,January,February,March,,,May,July
356,bell-pepper-big-bertha,pepper,11,January,January,January,February,,,April,June
356,bell-pepper-big-bertha,pepper,12,January,January,January,February,,,April,June
356,bell-pepper-big-bertha,pepper,13,January,January,January,February,,,April,June
358,sweet-pepper-mini-bell-mix,pepper,1,May,May,July,August,,,September,August
358,sweet-pepper-mini-bell-mix,pepper,2,April,May,June,July,,,September,September
358,sweet-pepper-mini-bell-mix,pepper,3,April,April,June,July,,,August,October
358,sweet-pepper-mini-bell-mix,pepper,4,March,April,June,June,,,August,October
358,sweet-pepper-mini-bell-mix,pepper,5,March,March,May,June,,,August,October
358,sweet-pepper-mini-bell-mix,pepper,6,March,March,May,June,,,July,September
358,sweet-pepper-mini-bell-mix,pepper,7,February,March,April,May,,,July,September
358,sweet-pepper-mini-bell-mix,pepper,8,February,February,April,May,,,June,August
358,sweet-pepper-mini-bell-mix,pepper,9,January,January,March,April,,,May,July
358,sweet-pepper-mini-bell-mix,pepper,10,January,January,February,March,,,May,July
358,sweet-pepper-mini-bell-mix,pepper,11,January,January,January,February,,,April,June
358,sweet-pepper-mini-bell-mix,pepper,12,January,January,January,February,,,April,June
358,sweet-pepper-mini-bell-mix,pepper,13,January,January,January,February,,,April,June
361,butterhead-boston,lettuce,1,,,,,June,July,August,September
361,butterhead-boston,lettuce,2,,,,,May,July,July,September
361,butterhead-boston,lettuce,3,,,,,May,June,July,October
361,butterhead-boston,lettuce,4,,,,,April,June,June,October
361,butterhead-boston,lettuce,5,,,,,April,May,June,November
361,butterhead-boston,lettuce,6,,,,,April,May,June,November
361,butterhead-boston,lettuce,7,,,,,March,May,May,November
361,butterhead-boston,lettuce,8,,,,,March,April,May,December
361,butterhead-boston,lettuce,9,,,,,February,March,April,December
361,butterhead-boston,lettuce,10,,,,,January,March,March,December
361,butterhead-boston,lettuce,11,,,,,January,February,February,December
361,butterhead-boston,lettuce,12,,,,,January,February,February,December
361,butterhead-boston,lettuce,13,,,,,January,February,February,December
362,salad-bowl-green,lettuce,1,,,,,June,July,July,September
362,salad-bowl-green,lettuce,2,,,,,May,July,July,September
362,salad-bowl-green,lettuce,3,,,,,May,June,June,October
362,salad-bowl-green,lettuce,4,,,,,April,June,June,October
362,salad-bowl-green,lettuce,5,,,,,April,May,June,November
362,salad-bowl-green,lettuce,6,,,,,April,May,May,November
362,salad-bowl-green,lettuce,7,,,,,March,May,May,November
362,salad-bowl-green,lettuce,8,,,,,March,April,April,December
362,salad-bowl-green,lettuce,9,,,,,February,March,March,December
362,salad-bowl-green,lettuce,10,,,,,January,March,March,December
362,salad-bowl-green,lettuce,11,,,,,January,February,February,December
362,salad-bowl-green,lettuce,12,,,,,January,February,February,December
362,salad-bowl-green,lettuce,13,,,,,January,February,February,December
363,paris-island-cos,lettuce,1,,,,,June,July,August,September
363,paris-island-cos,lettuce,2,,,,,May,July,July,September
363,paris-island-cos,lettuce,3,,,,,May,June,July,October
363,paris-island-cos,lettuce,4,,,,,April,June,July,October
363,paris-island-cos,lettuce,5,,,,,April,May,June,November
363,paris-island-cos,lettuce,6,,,,,April,May,June,November
363,paris-island-cos,lettuce,7,,,,,March,May,May,November
363,paris-island-cos,lettuce,8,,,,,March,April,May,December
363,paris-island-cos,lettuce,9,,,,,February,March,April,December
363,paris-island-cos,lettuce,10,,,,,January,March,March,December
363,paris-island-cos,lettuce,11,,,,,January,February,February,December
363,paris-island-cos,lettuce,12,,,,,January,February,February,December
363,paris-island-cos,lettuce,13,,,,,January,February,February,December
364,red-salad-bowl,lettuce,1,,,,,June,July,July,September
364,red-salad-bowl,lettuce,2,,,,,May,July,July,September
364,red-salad-bowl,lettuce,3,,,,,May,June,June,October
364,red-salad-bowl,lettuce,4,,,,,April,June,June,October
364,red-salad-bowl,lettuce,5,,,,,April,May,June,November
364,red-salad-bowl,lettuce,6,,,,,April,May,May,November
364,red-salad-bowl,lettuce,7,,,,,March,May,May,November
364,red-salad-bowl,lettuce,8,,,,,March,April,April,December
364,red-salad-bowl,lettuce,9,,,,,February,March,March,December
364,red-salad-bowl,lettuce,10,,,,,January,March,March,December
364,red-salad-bowl,lettuce,11,,,,,January,February,February,December
364,red-salad-bowl,lettuce,12,,,,,January,February,February,December
364,red-salad-bowl,lettuce,13,,,,,January,February,February,December
365,crisp-mint-romaine,lettuce,1,,,,,June,July,August,September
365,crisp-mint-romaine,lettuce,2,,,,,May,July,July,September
365,crisp-mint-romaine,lettuce,3,,,,,May,June,July,October
365,crisp-mint-romaine,lettuce,4,,,,,April,June,June,October
365,crisp-mint-romaine,lettuce,5,,,,,April,May,June,November
365,crisp-mint-romaine,lettuce,6,,,,,April,May,June,November
365,crisp-mint-romaine,lettuce,7,,,,,March,May,May,November
365,crisp-mint-romaine,lettuce,8,,,,,March,April,May,December
365,crisp-mint-romaine,lettuce,9,,,,,February,March,April,December
365,crisp-mint-romaine,lettuce,10,,,,,January,March,March,December
365,crisp-mint-romaine,lettuce,11,,,,,January,February,February,December
365,crisp-mint-romaine,lettuce,12,,,,,January,February,February,December
365,crisp-mint-romaine,lettuce,13,,,,,January,February,February,December
366,loose-leaf-green-grand-rapids,lettuce,1,,,,,June,July,July,September
366,loose-leaf-green-grand-rapids,lettuce,2,,,,,May,July,July,September
366,loose-leaf-green-grand-rapids,lettuce,3,,,,,May,June,June,October
366,loose-leaf-green-grand-rapids,lettuce,4,,,,,April,June,June,October
366,loose-leaf-green-grand-rapids,lettuce,5,,,,,April,May,June,November
366,loose-leaf-green-grand-rapids,lettuce,6,,,,,April,May,May,November
366,loose-leaf-green-grand-rapids,lettuce,7,,,,,March,May,May,November
366,loose-leaf-green-grand-rapids,lettuce,8,,,,,March,April,April,December
366,loose-leaf-green-grand-rapids,lettuce,9,,,,,February,March,March,December
366,loose-leaf-green-grand-rapids,lettuce,10,,,,,January,March,March,December
366,loose-leaf-green-grand-rapids,lettuce,11,,,,,January,February,February,December
366,loose-leaf-green-grand-rapids,lettuce,12,,,,,January,February,February,December
366,loose-leaf-green-grand-rapids,lettuce,13,,,,,January,February,February,December
367,rouge-d-hiver,lettuce,1,,,,,June,July,August,September
367,rouge-d-hiver,lettuce,2,,,,,May,July,July,September
367,rouge-d-hiver,lettuce,3,,,,,May,June,July,October
367,rouge-d-hiver,lettuce,4,,,,,April,June,June,October
367,rouge-d-hiver,lettuce,5,,,,,April,May,June,November
367,rouge-d-hiver,lettuce,6,,,,,April,May,June,November
367,rouge-d-hiver,lettuce,7,,,,,March,May,May,November
367,rouge-d-hiver,lettuce,8,,,,,March,April,May,December
367,rouge-d-hiver,lettuce,9,,,,,February,March,April,December
367,rouge-d-hiver,lettuce,10,,,,,January,March,March,December
367,rouge-d-hiver,lettuce,11,,,,,January,February,February,December
367,rouge-d-hiver,lettuce,12,,,,,January,February,February,December
367,rouge-d-hiver,lettuce,13,,,,,January,February,February,December
368,tom-thumb,lettuce,1,,,,,June,July,July,September
368,tom-thumb,lettuce,2,,,,,May,July,July,September
368,tom-thumb,lettuce,3,,,,,May,June,June,October
368,tom-thumb,lettuce,4,,,,,April,June,June,October
368,tom-thumb,lettuce,5,,,,,April,May,June,November
368,tom-thumb,lettuce,6,,,,,April,May,May,November
368,tom-thumb,lettuce,7,,,,,March,May,May,November
368,tom-thumb,lettuce,8,,,,,March,April,April,December
368,tom-thumb,lettuce,9,,,,,February,March,March,December
368,tom-thumb,lettuce,10,,,,,January,March,March,December
368,tom-thumb,lettuce,11,,,,,January,February,February,December
368,tom-thumb,lettuce,12,,,,,January,February,February,December
368,tom-thumb,lettuce,13,,,,,January,February,February,December
369,nevada,lettuce,1,,,,,June,July,July,September
369,nevada,lettuce,2,,,,,May,July,July,September
369,nevada,lettuce,3,,,,,May,June,June,October
369,nevada,lettuce,4,,,,,April,June,June,October
369,nevada,lettuce,5,,,,,April,May,June,November
369,nevada,lettuce,6,,,,,April,May,May,November
369,nevada,lettuce,7,,,,,March,May,May,November
369,nevada,lettuce,8,,,,,March,April,April,December
369,nevada,lettuce,9,,,,,February,March,March,December
369,nevada,lettuce,10,,,,,January,March,March,December
369,nevada,lettuce,11,,,,,January,February,February,December
369,nevada,lettuce,12,,,,,January,February,February,December
369,nevada,lettuce,13,,,,,January,February,February,December
370,jericho,lettuce,1,,,,,June,July,August,September
370,jericho,lettuce,2,,,,,May,July,July,September
370,jericho,lettuce,3,,,,,May,June,July,October
370,jericho,lettuce,4,,,,,April,June,June,October
370,jericho,lettuce,5,,,,,April,May,June,November
370,jericho,lettuce,6,,,,,April,May,June,November
370,jericho,lettuce,7,,,,,March,May,May,November
370,jericho,lettuce,8,,,,,March,April,May,December
370,jericho,lettuce,9,,,,,February,March,April,December
370,jericho,lettuce,10,,,,,January,March,March,December
370,jericho,lettuce,11,,,,,January,February,February,December
370,jericho,lettuce,12,,,,,January,February,February,December
370,jericho,lettuce,13,,,,,January,February,February,December
371,lolla-rossa,lettuce,1,,,,,June,July,July,September
371,lolla-rossa,lettuce,2,,,,,May,July,July,September
371,lolla-rossa,lettuce,3,,,,,May,June,June,October
371,lolla-rossa,lettuce,4,,,,,April,June,June,October
371,lolla-rossa,lettuce,5,,,,,April,May,June,November
371,lolla-rossa,lettuce,6,,,,,April,May,May,November
371,lolla-rossa,lettuce,7,,,,,March,May,May,November
371,lolla-rossa,lettuce,8,,,,,March,April,April,December
371,lolla-rossa,lettuce,9,,,,,February,March,March,December
371,lolla-rossa,lettuce,10,,,,,January,March,March,December
371,lolla-rossa,lettuce,11,,,,,January,February,February,December
371,lolla-rossa,lettuce,12,,,,,January,February,February,December
371,lolla-rossa,lettuce,13,,,,,January,February,February,December
372,deer-tongue,lettuce,1,,,,,June,July,July,September
372,deer-tongue,lettuce,2,,,,,May,July,July,September
372,deer-tongue,lettuce,3,,,,,May,June,June,October
372,deer-tongue,lettuce,4,,,,,April,June,June,October
372,deer-tongue,lettuce,5,,,,,April,May,June,November
372,deer-tongue,lettuce,6,,,,,April,May,May,November
372,deer-tongue,lettuce,7,,,,,March,May,May,November
372,deer-tongue,lettuce,8,,,,,March,April,April,December
372,deer-tongue,lettuce,9,,,,,February,March,March,December
372,deer-tongue,lettuce,10,,,,,January,March,March,December
372,deer-tongue,lettuce,11,,,,,January,February,February,December
372,deer-tongue,lettuce,12,,,,,January,February,February,December
372,deer-tongue,lettuce,13,,,,,January,February,February,December
373,salanova-green-oakleaf,lettuce,1,,,,,June,July,August,September
373,salanova-green-oakleaf,lettuce,2,,,,,May,July,July,September
373,salanova-green-oakleaf,lettuce,3,,,,,May,June,July,October
373,salanova-green-oakleaf,lettuce,4,,,,,April,June,June,October
373,salanova-green-oakleaf,lettuce,5,,,,,April,May,June,November
373,salanova-green-oakleaf,lettuce,6,,,,,April,May,June,November
373,salanova-green-oakleaf,lettuce,7,,,,,March,May,May,November
373,salanova-green-oakleaf,lettuce,8,,,,,March,April,May,December
373,salanova-green-oakleaf,lettuce,9,,,,,February,March,April,December
373,salanova-green-oakleaf,lettuce,10,,,,,January,March,March,December
373,salanova-green-oakleaf,lettuce,11,,,,,January,February,February,December
373,salanova-green-oakleaf,lettuce,12,,,,,January,February,February,December
373,salanova-green-oakleaf,lettuce,13,,,,,January,February,February,December
374,tropicana,lettuce,1,,,,,June,July,July,September
374,tropicana,lettuce,2,,,,,May,July,July,September
374,tropicana,lettuce,3,,,,,May,June,June,October
374,tropicana,lettuce,4,,,,,April,June,June,October
374,tropicana,lettuce,5,,,,,April,May,June,November
374,tropicana,lettuce,6,,,,,April,May,May,November
374,tropicana,lettuce,7,,,,,March,May,May,November
374,tropicana,lettuce,8,,,,,March,April,April,December
374,tropicana,lettuce,9,,,,,February,March,March,December
374,tropicana,lettuce,10,,,,,January,March,March,December
374,tropicana,lettuce,11,,,,,January,February,February,December
374,tropicana,lettuce,12,,,,,January,February,February,December
374,tropicana,lettuce,13,,,,,January,February,February,December
375,australian-yellow-leaf,lettuce,1,,,,,June,July,July,September
375,australian-yellow-leaf,lettuce,2,,,,,May,July,July,September
375,australian-yellow-leaf,lettuce,3,,,,,May,June,June,October
375,australian-yellow-leaf,lettuce,4,,,,,April,June,June,October
375,australian-yellow-leaf,lettuce,5,,,,,April,May,June,November
375,australian-yellow-leaf,lettuce,6,,,,,April,May,May,November
375,australian-yellow-leaf,lettuce,7,,,,,March,May,May,November
375,australian-yellow-leaf,lettuce,8,,,,,March,April,April,December
375,australian-yellow-leaf,lettuce,9,,,,,February,March,March,December
375,australian-yellow-leaf,lettuce,10,,,,,January,March,March,December
375,australian-yellow-leaf,lettuce,11,,,,,January,February,February,December
375,australian-yellow-leaf,lettuce,12,,,,,January,February,February,December
375,australian-yellow-leaf,lettuce,13,,,,,January,February,February,December
376,heirloom-marriage-cherokee-green,tomato,1,May,May,July,August,,,October,August
376,heirloom-marriage-cherokee-green,tomato,2,April,May,June,July,,,October,September
376,heirloom-marriage-cherokee-green,tomato,3,April,April,June,July,,,September,October
376,heirloom-marriage-cherokee-green,tomato,4,March,April,June,June,,,September,October
376,heirloom-marriage-cherokee-green,tomato,5,March,March,May,June,,,August,October
376,heirloom-marriage-cherokee-green,tomato,6,March,March,May,June,,,August,October
376,heirloom-marriage-cherokee-green,tomato,7,February,March,April,May,,,August,October
376,heirloom-marriage-cherokee-green,tomato,8,February,February,April,May,,,July,September
376,heirloom-marriage-cherokee-green,tomato,9,January,January,March,April,,,June,August
376,heirloom-marriage-cherokee-green,tomato,10,January,January,February,March,,,June,August
376,heirloom-marriage-cherokee-green,tomato,11,January,January,January,February,,,May,July
376,heirloom-marriage-cherokee-green,tomato,12,January,January,January,February,,,May,July
376,heirloom-marriage-cherokee-green,tomato,13,January,January,January,February,,,May,July
377,super-sweet-100,tomato,1,May,May,July,August,,,September,August
377,super-sweet-100,tomato,2,April,May,June,July,,,September,September
377,super-sweet-100,tomato,3,April,April,June,July,,,August,October
377,super-sweet-100,tomato,4,March,April,June,June,,,August,October
377,super-sweet-100,tomato,5,March,March,May,June,,,August,October
377,super-sweet-100,tomato,6,March,March,May,June,,,July,September
377,super-sweet-100,tomato,7,February,March,April,May,,,July,September
377,super-sweet-100,tomato,8,February,February,April,May,,,June,August
377,super-sweet-100,tomato,9,January,January,March,April,,,May,July
377,super-sweet-100,tomato,10,January,January,February,March,,,May,July
377,super-sweet-100,tomato,11,January,January,January,February,,,April,June
377,super-sweet-100,tomato,12,January,January,January,February,,,April,June
377,super-sweet-100,tomato,13,January,January,January,February,,,April,June
378,mortgage-lifter-pink,tomato,1,May,May,July,August,,,October,August
378,mortgage-lifter-pink,tomato,2,April,May,June,July,,,October,September
378,mortgage-lifter-pink,tomato,3,April,April,June,July,,,September,October
378,mortgage-lifter-pink,tomato,4,March,April,June,June,,,September,October
378,mortgage-lifter-pink,tomato,5,March,March,May,June,,,August,October
378,mortgage-lifter-pink,tomato,6,March,March,May,June,,,August,October
378,mortgage-lifter-pink,tomato,7,February,March,April,May,,,August,October
378,mortgage-lifter-pink,tomato,8,February,February,April,May,,,July,September
378,mortgage-lifter-pink,tomato,9,January,January,March,April,,,June,August
378,mortgage-lifter-pink,tomato,10,January,January,February,March,,,June,August
378,mortgage-lifter-pink,tomato,11,January,January,January,February,,,May,July
378,mortgage-lifter-pink,tomato,12,January,January,January,February,,,May,July
378,mortgage-lifter-pink,tomato,13,January,January,January,February,,,May,July
379,mountain-pride,tomato,1,May,May,July,August,,,October,August
379,mountain-pride,tomato,2,April,May,June,July,,,September,September
379,mountain-pride,tomato,3,April,April,June,July,,,September,October
379,mountain-pride,tomato,4,March,April,June,June,,,August,October
379,mountain-pride,tomato,5,March,March,May,June,,,August,October
379,mountain-pride,tomato,6,March,March,May,June,,,August,October
379,mountain-pride,tomato,7,February,March,April,May,,,July,September
379,mountain-pride,tomato,8,February,February,April,May,,,July,September
379,mountain-pride,tomato,9,January,January,March,April,,,June,August
379,mountain-pride,tomato,10,January,January,February,March,,,May,July
379,mountain-pride,tomato,11,January,January,January,February,,,April,June
379,mountain-pride,tomato,12,January,January,January,February,,,April,June
379,mountain-pride,tomato,13,January,January,January,February,,,April,June
380,black-cherry,tomato,1,May,May,July,August,,,September,August
380,black-cherry,tomato,2,April,May,June,July,,,September,September
380,black-cherry,tomato,3,April,April,June,July,,,August,October
380,black-cherry,tomato,4,March,April,June,June,,,August,October
380,black-cherry,tomato,5,March,March,May,June,,,August,October
380,black-cherry,tomato,6,March,March,May,June,,,July,September
380,black-cherry,tomato,7,February,March,April,May,,,July,September
380,black-cherry,tomato,8,February,February,April,May,,,June,August
380,black-cherry,tomato,9,January,January,March,April,,,May,July
380,black-cherry,tomato,10,January,January,February,March,,,May,July
380,black-cherry,tomato,11,January,January,January,February,,,April,June
380,black-cherry,tomato,12,January,January,January,February,,,April,June
380,black-cherry,tomato,13,January,January,January,February,,,April,June
382,sweet-100,tomato,1,May,May,July,August,,,September,August
382,sweet-100,tomato,2,April,May,June,July,,,September,September
382,sweet-100,tomato,3,April,April,June,July,,,August,October
382,sweet-100,tomato,4,March,April,June,June,,,August,October
382,sweet-100,tomato,5,March,March,May,June,,,July,September
382,sweet-100,tomato,6,March,March,May,June,,,July,September
382,sweet-100,tomato,7,February,March,April,May,,,July,September
382,sweet-100,tomato,8,February,February,April,May,,,June,August
382,sweet-100,tomato,9,January,January,March,April,,,May,July
382,sweet-100,tomato,10,January,January,February,March,,,May,July
382,sweet-100,tomato,11,January,January,January,February,,,April,June
382,sweet-100,tomato,12,January,January,January,February,,,April,June
382,sweet-100,tomato,13,January,January,January,February,,,April,June
383,hillbilly,tomato,1,May,May,July,August,,,October,August
383,hillbilly,tomato,2,April,May,June,July,,,September,September
383,hillbilly,tomato,3,April,April,June,July,,,September,October
383,hillbilly,tomato,4,March,April,June,June,,,September,October
383,hillbilly,tomato,5,March,March,May,June,,,August,October
383,hillbilly,tomato,6,March,March,May,June,,,August,October
383,hillbilly,tomato,7,February,March,April,May,,,July,September
383,hillbilly,tomato,8,February,February,April,May,,,July,September
383,hillbilly,tomato,9,January,January,March,April,,,June,August
383,hillbilly,tomato,10,January,January,February,March,,,May,July
383,hillbilly,tomato,11,January,January,January,February,,,April,June
383,hillbilly,tomato,12,January,January,January,February,,,April,June
383,hillbilly,tomato,13,January,January,January,February,,,April,June
384,big-boy,tomato,1,May,May,July,August,,,October,August
384,big-boy,tomato,2,April,May,June,July,,,September,September
384,big-boy,tomato,3,April,April,June,July,,,September,October
384,big-boy,tomato,4,March,April,June,June,,,September,October
384,big-boy,tomato,5,March,March,May,June,,,August,October
384,big-boy,tomato,6,March,March,May,June,,,August,October
384,big-boy,tomato,7,February,March,April,May,,,July,September
384,big-boy,tomato,8,February,February,April,May,,,July,September
384,big-boy,tomato,9,January,January,March,April,,,June,August
384,big-boy,tomato,10,January,January,February,March,,,May,July
384,big-boy,tomato,11,January,January,January,February,,,April,June
384,big-boy,tomato,12,January,January,January,February,,,April,June
384,big-boy,tomato,13,January,January,January,February,,,April,June
386,determinate-paste,tomato,1,May,May,July,August,,,October,August
386,determinate-paste,tomato,2,April,May,June,July,,,September,September
386,determinate-paste,tomato,3,April,April,June,July,,,September,October
386,determinate-paste,tomato,4,March,April,June,June,,,August,October
386,determinate-paste,tomato,5,March,March,May,June,,,August,October
386,determinate-paste,tomato,6,March,March,May,June,,,August,October
386,determinate-paste,tomato,7,February,March,April,May,,,July,September
386,determinate-paste,tomato,8,February,February,April,May,,,July,September
386,determinate-paste,tomato,9,January,January,March,April,,,June,August
386,determinate-paste,tomato,10,January,January,February,March,,,May,July
386,determinate-paste,tomato,11,January,January,January,February,,,April,June
386,determinate-paste,tomato,12,January,January,January,February,,,April,June
386,determinate-paste,tomato,13,January,January,January,February,,,April,June
387,tumbling-tom,tomato,1,May,May,July,August,,,September,August
387,tumbling-tom,tomato,2,April,May,June,July,,,September,September
387,tumbling-tom,tomato,3,April,April,June,July,,,August,October
387,tumbling-tom,tomato,4,March,April,June,June,,,August,October
387,tumbling-tom,tomato,5,March,March,May,June,,,August,October
387,tumbling-tom,tomato,6,March,March,May,June,,,July,September
387,tumbling-tom,tomato,7,February,March,April,May,,,July,September
387,tumbling-tom,tomato,8,February,February,April,May,,,June,August
387,tumbling-tom,tomato,9,January,January,March,April,,,May,July
387,tumbling-tom,tomato,10,January,January,February,March,,,May,July
387,tumbling-tom,tomato,11,January,January,January,February,,,April,June
387,tumbling-tom,tomato,12,January,January,January,February,,,April,June
387,tumbling-tom,tomato,13,January,January,January,February,,,April,June
388,garden-peach,tomato,1,May,May,July,August,,,October,August
388,garden-peach,tomato,2,April,May,June,July,,,September,September
388,garden-peach,tomato,3,April,April,June,July,,,September,October
388,garden-peach,tomato,4,March,April,June,June,,,August,October
388,garden-peach,tomato,5,March,March,May,June,,,August,October
388,garden-peach,tomato,6,March,March,May,June,,,August,October
388,garden-peach,tomato,7,February,March,April,May,,,July,September
388,garden-peach,tomato,8,February,February,April,May,,,July,September
388,garden-peach,tomato,9,January,January,March,April,,,June,August
388,garden-peach,tomato,10,January,January,February,March,,,May,July
388,garden-peach,tomato,11,January,January,January,February,,,April,June
388,garden-peach,tomato,12,January,January,January,February,,,April,June
388,garden-peach,tomato,13,January,January,January,February,,,April,June
389,valencia,tomato,1,May,May,July,August,,,October,August
389,valencia,tomato,2,April,May,June,July,,,September,September
389,valencia,tomato,3,April,April,June,July,,,September,October
389,valencia,tomato,4,March,April,June,June,,,August,October
389,valencia,tomato,5,March,March,May,June,,,August,October
389,valencia,tomato,6,March,March,May,June,,,August,October
389,valencia,tomato,7,February,March,April,May,,,July,September
389,valencia,tomato,8,February,February,April,May,,,July,September
389,valencia,tomato,9,January,January,March,April,,,June,August
389,valencia,tomato,10,January,January,February,March,,,May,July
389,valencia,tomato,11,January,January,January,February,,,April,June
389,valencia,tomato,12,January,January,January,February,,,April,June
389,valencia,tomato,13,January,January,January,February,,,April,June
390,fourth-of-july,tomato,1,May,May,July,August,,,September,August
390,fourth-of-july,tomato,2,April,May,June,July,,,August,September
390,fourth-of-july,tomato,3,April,April,June,July,,,August,October
390,fourth-of-july,tomato,4,March,April,June,June,,,August,October
390,fourth-of-july,tomato,5,March,March,May,June,,,July,September
390,fourth-of-july,tomato,6,March,March,May,June,,,July,September
390,fourth-of-july,tomato,7,February,March,April,May,,,June,August
390,fourth-of-july,tomato,8,February,February,April,May,,,June,August
390,fourth-of-july,tomato,9,January,January,March,April,,,May,July
390,fourth-of-july,tomato,10,January,January,February,March,,,April,June
390,fourth-of-july,tomato,11,January,January,January,February,,,March,May
390,fourth-of-july,tomato,12,January,January,January,February,,,March,May
390,fourth-of-july,tomato,13,January,January,January,February,,,March,May
392,marglobe,tomato,1,May,May,July,August,,,October,August
392,marglobe,tomato,2,April,May,June,July,,,September,September
392,marglobe,tomato,3,April,April,June,July,,,September,October
392,marglobe,tomato,4,March,April,June,June,,,August,October
392,marglobe,tomato,5,March,March,May,June,,,August,October
392,marglobe,tomato,6,March,March,May,June,,,August,October
392,marglobe,tomato,7,February,March,April,May,,,July,September
392,marglobe,tomato,8,February,February,April,May,,,July,September
392,marglobe,tomato,9,January,January,March,April,,,June,August
392,marglobe,tomato,10,January,January,February,March,,,May,July
392,marglobe,tomato,11,January,January,January,February,,,April,June
392,marglobe,tomato,12,January,January,January,February,,,April,June
392,marglobe,tomato,13,January,January,January,February,,,April,June
393,kellogg-s-breakfast,tomato,1,May,May,July,August,,,October,August
393,kellogg-s-breakfast,tomato,2,April,May,June,July,,,October,September
393,kellogg-s-breakfast,tomato,3,April,April,June,July,,,September,October
393,kellogg-s-breakfast,tomato,4,March,April,June,June,,,September,October
393,kellogg-s-breakfast,tomato,5,March,March,May,June,,,August,October
393,kellogg-s-breakfast,tomato,6,March,March,May,June,,,August,October
393,kellogg-s-breakfast,tomato,7,February,March,April,May,,,August,October
393,kellogg-s-breakfast,tomato,8,February,February,April,May,,,July,September
393,kellogg-s-breakfast,tomato,9,January,January,March,April,,,June,August
393,kellogg-s-breakfast,tomato,10,January,January,February,March,,,June,August
393,kellogg-s-breakfast,tomato,11,January,January,January,February,,,May,July
393,kellogg-s-breakfast,tomato,12,January,January,January,February,,,May,July
393,kellogg-s-breakfast,tomato,13,January,January,January,February,,,May,July
394,husky-gold,tomato,1,May,May,July,August,,,October,August
394,husky-gold,tomato,2,April,May,June,July,,,September,September
394,husky-gold,tomato,3,April,April,June,July,,,September,October
394,husky-gold,tomato,4,March,April,June,June,,,August,October
394,husky-gold,tomato,5,March,March,May,June,,,August,October
394,husky-gold,tomato,6,March,March,May,June,,,August,October
394,husky-gold,tomato,7,February,March,April,May,,,July,September
394,husky-gold,tomato,8,February,February,April,May,,,July,September
394,husky-gold,tomato,9,January,January,March,April,,,June,August
394,husky-gold,tomato,10,January,January,February,March,,,May,July
394,husky-gold,tomato,11,January,January,January,February,,,April,June
394,husky-gold,tomato,12,January,January,January,February,,,April,June
394,husky-gold,tomato,13,January,January,January,February,,,April,June
395,costoluto-genovese,tomato,1,May,May,July,August,,,October,August
395,costoluto-genovese,tomato,2,April,May,June,July,,,September,September
395,costoluto-genovese,tomato,3,April,April,June,July,,,September,October
395,costoluto-genovese,tomato,4,March,April,June,June,,,September,October
395,costoluto-genovese,tomato,5,March,March,May,June,,,August,October
395,costoluto-genovese,tomato,6,March,March,May,June,,,August,October
395,costoluto-genovese,tomato,7,February,March,April,May,,,July,September
395,costoluto-genovese,tomato,8,February,February,April,May,,,July,September
395,costoluto-genovese,tomato,9,January,January,March,April,,,June,August
395,costoluto-genovese,tomato,10,January,January,February,March,,,May,July
395,costoluto-genovese,tomato,11,January,January,January,February,,,April,June
395,costoluto-genovese,tomato,12,January,January,January,February,,,April,June
395,costoluto-genovese,tomato,13,January,January,January,February,,,April,June
396,burpee-s-big-boy,tomato,1,May,May,July,August,,,October,August
396,burpee-s-big-boy,tomato,2,April,May,June,July,,,September,September
396,burpee-s-big-boy,tomato,3,April,April,June,July,,,September,October
396,burpee-s-big-boy,tomato,4,March,April,June,June,,,September,October
396,burpee-s-big-boy,tomato,5,March,March,May,June,,,August,October
396,burpee-s-big-boy,tomato,6,March,March,May,June,,,August,October
396,burpee-s-big-boy,tomato,7,February,March,April,May,,,July,September
396,burpee-s-big-boy,tomato,8,February,February,April,May,,,July,September
396,burpee-s-big-boy,tomato,9,January,January,March,April,,,June,August
396,burpee-s-big-boy,tomato,10,January,January,February,March,,,May,July
396,burpee-s-big-boy,tomato,11,January,January,January,February,,,April,June
396,burpee-s-big-boy,tomato,12,January,January,January,February,,,April,June
396,burpee-s-big-boy,tomato,13,January,January,January,February,,,April,June
397,grape-tomato-red,tomato,1,May,May,July,August,,,September,August
397,grape-tomato-red,tomato,2,April,May,June,July,,,September,September
397,grape-tomato-red,tomato,3,April,April,June,July,,,August,October
397,grape-tomato-red,tomato,4,March,April,June,June,,,August,October
397,grape-tomato-red,tomato,5,March,March,May,June,,,August,October
397,grape-tomato-red,tomato,6,March,March,May,June,,,July,September
397,grape-tomato-red,tomato,7,February,March,April,May,,,July,September
397,grape-tomato-red,tomato,8,February,February,April,May,,,June,August
397,grape-tomato-red,tomato,9,January,January,March,April,,,May,July
397,grape-tomato-red,tomato,10,January,January,February,March,,,May,July
397,grape-tomato-red,tomato,11,January,January,January,February,,,April,June
397,grape-tomato-red,tomato,12,January,January,January,February,,,April,June
397,grape-tomato-red,tomato,13,January,January,January,February,,,April,June
398,homestead-24,tomato,1,May,May,July,August,,,October,August
398,homestead-24,tomato,2,April,May,June,July,,,September,September
398,homestead-24,tomato,3,April,April,June,July,,,September,October
398,homestead-24,tomato,4,March,April,June,June,,,September,October
398,homestead-24,tomato,5,March,March,May,June,,,August,October
398,homestead-24,tomato,6,March,March,May,June,,,August,October
398,homestead-24,tomato,7,February,March,April,May,,,July,September
398,homestead-24,tomato,8,February,February,April,May,,,July,September
398,homestead-24,tomato,9,January,January,March,April,,,June,August
398,homestead-24,tomato,10,January,January,February,March,,,May,July
398,homestead-24,tomato,11,January,January,January,February,,,April,June
398,homestead-24,tomato,12,January,January,January,February,,,April,June
398,homestead-24,tomato,13,January,January,January,February,,,April,June
400,oxheart,tomato,1,May,May,July,August,,,October,August
400,oxheart,tomato,2,April,May,June,July,,,October,September
400,oxheart,tomato,3,April,April,June,July,,,September,October
400,oxheart,tomato,4,March,April,June,June,,,September,October
400,oxheart,tomato,5,March,March,May,June,,,August,October
400,oxheart,tomato,6,March,March,May,June,,,August,October
400,oxheart,tomato,7,February,March,April,May,,,August,October
400,oxheart,tomato,8,February,February,April,May,,,July,September
400,oxheart,tomato,9,January,January,March,April,,,June,August
400,oxheart,tomato,10,January,January,February,March,,,June,August
400,oxheart,tomato,11,January,January,January,February,,,May,July
400,oxheart,tomato,12,January,January,January,February,,,May,July
400,oxheart,tomato,13,January,January,January,February,,,May,July
406,heirloom-marriage-genuwine,tomato,1,May,May,July,August,,,October,August
406,heirloom-marriage-genuwine,tomato,2,April,May,June,July,,,September,September
406,heirloom-marriage-genuwine,tomato,3,April,April,June,July,,,September,October
406,heirloom-marriage-genuwine,tomato,4,March,April,June,June,,,September,October
406,heirloom-marriage-genuwine,tomato,5,March,March,May,June,,,August,October
406,heirloom-marriage-genuwine,tomato,6,March,March,May,June,,,August,October
406,heirloom-marriage-genuwine,tomato,7,February,March,April,May,,,July,September
406,heirloom-marriage-genuwine,tomato,8,February,February,April,May,,,July,September
406,heirloom-marriage-genuwine,tomato,9,January,January,March,April,,,June,August
406,heirloom-marriage-genuwine,tomato,10,January,January,February,March,,,May,July
406,heirloom-marriage-genuwine,tomato,11,January,January,January,February,,,April,June
406,heirloom-marriage-genuwine,tomato,12,January,January,January,February,,,April,June
406,heirloom-marriage-genuwine,tomato,13,January,January,January,February,,,April,June
407,better-bush,tomato,1,May,May,July,August,,,September,August
407,better-bush,tomato,2,April,May,June,July,,,September,September
407,better-bush,tomato,3,April,April,June,July,,,August,October
407,better-bush,tomato,4,March,April,June,June,,,August,October
407,better-bush,tomato,5,March,March,May,June,,,August,October
407,better-bush,tomato,6,March,March,May,June,,,July,September
407,better-bush,tomato,7,February,March,April,May,,,July,September
407,better-bush,tomato,8,February,February,April,May,,,June,August
407,better-bush,tomato,9,January,January,March,April,,,May,July
407,better-bush,tomato,10,January,January,February,March,,,May,July
407,better-bush,tomato,11,January,January,January,February,,,April,June
407,better-bush,tomato,12,January,January,January,February,,,April,June
407,better-bush,tomato,13,January,January,January,February,,,April,June
408,lemon-drop,tomato,1,May,May,July,August,,,October,August
408,lemon-drop,tomato,2,April,May,June,July,,,September,September
408,lemon-drop,tomato,3,April,April,June,July,,,September,October
408,lemon-drop,tomato,4,March,April,June,June,,,August,October
408,lemon-drop,tomato,5,March,March,May,June,,,August,October
408,lemon-drop,tomato,6,March,March,May,June,,,August,October
408,lemon-drop,tomato,7,February,March,April,May,,,July,September
408,lemon-drop,tomato,8,February,February,April,May,,,July,September
408,lemon-drop,tomato,9,January,January,March,April,,,June,August
408,lemon-drop,tomato,10,January,January,February,March,,,May,July
408,lemon-drop,tomato,11,January,January,January,February,,,April,June
408,lemon-drop,tomato,12,January,January,January,February,,,April,June
408,lemon-drop,tomato,13,January,January,January,February,,,April,June
409,moskvich,tomato,1,May,May,July,August,,,September,August
409,moskvich,tomato,2,April,May,June,July,,,September,September
409,moskvich,tomato,3,April,April,June,July,,,August,October
409,moskvich,tomato,4,March,April,June,June,,,August,October
409,moskvich,tomato,5,March,March,May,June,,,July,September
409,moskvich,tomato,6,March,March,May,June,,,July,September
409,moskvich,tomato,7,February,March,April,May,,,July,September
409,moskvich,tomato,8,February,February,April,May,,,June,August
409,moskvich,tomato,9,January,January,March,April,,,May,July
409,moskvich,tomato,10,January,January,February,March,,,May,July
409,moskvich,tomato,11,January,January,January,February,,,April,June
409,moskvich,tomato,12,January,January,January,February,,,April,June
409,moskvich,tomato,13,January,January,January,February,,,April,June
410,carmello,tomato,1,May,May,July,August,,,October,August
410,carmello,tomato,2,April,May,June,July,,,September,September
410,carmello,tomato,3,April,April,June,July,,,September,October
410,carmello,tomato,4,March,April,June,June,,,August,October
410,carmello,tomato,5,March,March,May,June,,,August,October
410,carmello,tomato,6,March,March,May,June,,,August,October
410,carmello,tomato,7,February,March,April,May,,,July,September
410,carmello,tomato,8,February,February,April,May,,,July,September
410,carmello,tomato,9,January,January,March,April,,,June,August
410,carmello,tomato,10,January,January,February,March,,,May,July
410,carmello,tomato,11,January,January,January,February,,,April,June
410,carmello,tomato,12,January,January,January,February,,,April,June
410,carmello,tomato,13,January,January,January,February,,,April,June
412,brandywine-pink,tomato,1,May,May,July,August,,,October,August
412,brandywine-pink,tomato,2,April,May,June,July,,,October,September
412,brandywine-pink,tomato,3,April,April,June,July,,,September,October
412,brandywine-pink,tomato,4,March,April,June,June,,,September,October
412,brandywine-pink,tomato,5,March,March,May,June,,,September,October
412,brandywine-pink,tomato,6,March,March,May,June,,,August,October
412,brandywine-pink,tomato,7,February,March,April,May,,,August,October
412,brandywine-pink,tomato,8,February,February,April,May,,,July,September
412,brandywine-pink,tomato,9,January,January,March,April,,,June,August
412,brandywine-pink,tomato,10,January,January,February,March,,,June,August
412,brandywine-pink,tomato,11,January,January,January,February,,,May,July
412,brandywine-pink,tomato,12,January,January,January,February,,,May,July
412,brandywine-pink,tomato,13,January,January,January,February,,,May,July
413,determinate-patio,tomato,1,May,May,July,August,,,September,August
413,determinate-patio,tomato,2,April,May,June,July,,,September,September
413,determinate-patio,tomato,3,April,April,June,July,,,August,October
413,determinate-patio,tomato,4,March,April,June,June,,,August,October
413,determinate-patio,tomato,5,March,March,May,June,,,August,October
413,determinate-patio,tomato,6,March,March,May,June,,,July,September
413,determinate-patio,tomato,7,February,March,April,May,,,July,September
413,determinate-patio,tomato,8,February,February,April,May,,,June,August
413,determinate-patio,tomato,9,January,January,March,April,,,May,July
413,determinate-patio,tomato,10,January,January,February,March,,,May,July
413,determinate-patio,tomato,11,January,January,January,February,,,April,June
413,determinate-patio,tomato,12,January,January,January,February,,,April,June
413,determinate-patio,tomato,13,January,January,January,February,,,April,June
415,yellow-brandywine,tomato,1,May,May,July,August,,,October,August
415,yellow-brandywine,tomato,2,April,May,June,July,,,October,September
415,yellow-brandywine,tomato,3,April,April,June,July,,,September,October
415,yellow-brandywine,tomato,4,March,April,June,June,,,September,October
415,yellow-brandywine,tomato,5,March,March,May,June,,,August,October
415,yellow-brandywine,tomato,6,March,March,May,June,,,August,October
415,yellow-brandywine,tomato,7,February,March,April,May,,,August,October
415,yellow-brandywine,tomato,8,February,February,April,May,,,July,September
415,yellow-brandywine,tomato,9,January,January,March,April,,,June,August
415,yellow-brandywine,tomato,10,January,January,February,March,,,June,August
415,yellow-brandywine,tomato,11,January,January,January,February,,,May,July
415,yellow-brandywine,tomato,12,January,January,January,February,,,May,July
415,yellow-brandywine,tomato,13,January,January,January,February,,,May,July
416,burpee-s-big-girl,tomato,1,May,May,July,August,,,October,August
416,burpee-s-big-girl,tomato,2,April,May,June,July,,,September,September
416,burpee-s-big-girl,tomato,3,April,April,June,July,,,September,October
416,burpee-s-big-girl,tomato,4,March,April,June,June,,,September,October
416,burpee-s-big-girl,tomato,5,March,March,May,June,,,August,October
416,burpee-s-big-girl,tomato,6,March,March,May,June,,,August,October
416,burpee-s-big-girl,tomato,7,February,March,April,May,,,July,September
416,burpee-s-big-girl,tomato,8,February,February,April,May,,,July,September
416,burpee-s-big-girl,tomato,9,January,January,March,April,,,June,August
416,burpee-s-big-girl,tomato,10,January,January,February,March,,,May,July
416,burpee-s-big-girl,tomato,11,January,January,January,February,,,April,June
416,burpee-s-big-girl,tomato,12,January,January,January,February,,,April,June
416,burpee-s-big-girl,tomato,13,January,January,January,February,,,April,June
417,ace-56,tomato,1,May,May,July,August,,,September,August
417,ace-56,tomato,2,April,May,June,July,,,September,September
417,ace-56,tomato,3,April,April,June,July,,,August,October
417,ace-56,tomato,4,March,April,June,June,,,August,October
417,ace-56,tomato,5,March,March,May,June,,,August,October
417,ace-56,tomato,6,March,March,May,June,,,July,September
417,ace-56,tomato,7,February,March,April,May,,,July,September
417,ace-56,tomato,8,February,February,April,May,,,June,August
417,ace-56,tomato,9,January,January,March,April,,,May,July
417,ace-56,tomato,10,January,January,February,March,,,May,July
417,ace-56,tomato,11,January,January,January,February,,,April,June
417,ace-56,tomato,12,January,January,January,February,,,April,June
417,ace-56,tomato,13,January,January,January,February,,,April,June
418,wisconsin-55,tomato,1,May,May,July,August,,,October,August
418,wisconsin-55,tomato,2,April,May,June,July,,,September,September
418,wisconsin-55,tomato,3,April,April,June,July,,,September,October
418,wisconsin-55,tomato,4,March,April,June,June,,,August,October
418,wisconsin-55,tomato,5,March,March,May,June,,,August,October
418,wisconsin-55,tomato,6,March,March,May,June,,,August,October
418,wisconsin-55,tomato,7,February,March,April,May,,,July,September
418,wisconsin-55,tomato,8,February,February,April,May,,,July,September
418,wisconsin-55,tomato,9,January,January,March,April,,,June,August
418,wisconsin-55,tomato,10,January,January,February,March,,,May,July
418,wisconsin-55,tomato,11,January,January,January,February,,,April,June
418,wisconsin-55,tomato,12,January,January,January,February,,,April,June
418,wisconsin-55,tomato,13,January,January,January,February,,,April,June
419,sweet-million,tomato,1,May,May,July,August,,,September,August
419,sweet-million,tomato,2,April,May,June,July,,,September,September
419,sweet-million,tomato,3,April,April,June,July,,,August,October
419,sweet-million,tomato,4,March,April,June,June,,,August,October
419,sweet-million,tomato,5,March,March,May,June,,,August,October
419,sweet-million,tomato,6,March,March,May,June,,,July,September
419,sweet-million,tomato,7,February,March,April,May,,,July,September
419,sweet-million,tomato,8,February,February,April,May,,,June,August
419,sweet-million,tomato,9,January,January,March,April,,,May,July
419,sweet-million,tomato,10,January,January,February,March,,,May,July
419,sweet-million,tomato,11,January,January,January,February,,,April,June
419,sweet-million,tomato,12,January,January,January,February,,,April,June
419,sweet-million,tomato,13,January,January,January,February,,,April,June
420,german-red-strawberry,tomato,1,May,May,July,August,,,October,August
420,german-red-strawberry,tomato,2,April,May,June,July,,,September,September
420,german-red-strawberry,tomato,3,April,April,June,July,,,September,October
420,german-red-strawberry,tomato,4,March,April,June,June,,,September,October
420,german-red-strawberry,tomato,5,March,March,May,June,,,August,October
420,german-red-strawberry,tomato,6,March,March,May,June,,,August,October
420,german-red-strawberry,tomato,7,February,March,April,May,,,July,September
420,german-red-strawberry,tomato,8,February,February,April,May,,,July,September
420,german-red-strawberry,tomato,9,January,January,March,April,,,June,August
420,german-red-strawberry,tomato,10,January,January,February,March,,,May,July
420,german-red-strawberry,tomato,11,January,January,January,February,,,April,June
420,german-red-strawberry,tomato,12,January,January,January,February,,,April,June
420,german-red-strawberry,tomato,13,January,January,January,February,,,April,June
421,grape,tomato,1,May,May,July,August,,,September,August
421,grape,tomato,2,April,May,June,July,,,September,September
421,grape,tomato,3,April,April,June,July,,,August,October
421,grape,tomato,4,March,April,June,June,,,August,October
421,grape,tomato,5,March,March,May,June,,,July,September
421,grape,tomato,6,March,March,May,June,,,July,September
421,grape,tomato,7,February,March,April,May,,,July,September
421,grape,tomato,8,February,February,April,May,,,June,August
421,grape,tomato,9,January,January,March,April,,,May,July
421,grape,tomato,10,January,January,February,March,,,May,July
421,grape,tomato,11,January,January,January,February,,,April,June
421,grape,tomato,12,January,January,January,February,,,April,June
421,grape,tomato,13,January,January,January,February,,,April,June
422,atomic-grape,tomato,1,May,May,July,August,,,October,August
422,atomic-grape,tomato,2,April,May,June,July,,,September,September
422,atomic-grape,tomato,3,April,April,June,July,,,September,October
422,atomic-grape,tomato,4,March,April,June,June,,,August,October
422,atomic-grape,tomato,5,March,March,May,June,,,August,October
422,atomic-grape,tomato,6,March,March,May,June,,,August,October
422,atomic-grape,tomato,7,February,March,April,May,,,July,September
422,atomic-grape,tomato,8,February,February,April,May,,,July,September
422,atomic-grape,tomato,9,January,January,March,April,,,June,August
422,atomic-grape,tomato,10,January,January,February,March,,,May,July
422,atomic-grape,tomato,11,January,January,January,February,,,April,June
422,atomic-grape,tomato,12,January,January,January,February,,,April,June
422,atomic-grape,tomato,13,January,January,January,February,,,April,June
423,brandywine-red,tomato,1,May,May,July,August,,,October,August
423,brandywine-red,tomato,2,April,May,June,July,,,October,September
423,brandywine-red,tomato,3,April,April,June,July,,,September,October
423,brandywine-red,tomato,4,March,April,June,June,,,September,October
423,brandywine-red,tomato,5,March,March,May,June,,,September,October
423,brandywine-red,tomato,6,March,March,May,June,,,August,October
423,brandywine-red,tomato,7,February,March,April,May,,,August,October
423,brandywine-red,tomato,8,February,February,April,May,,,July,September
423,brandywine-red,tomato,9,January,January,March,April,,,June,August
423,brandywine-red,tomato,10,January,January,February,March,,,June,August
423,brandywine-red,tomato,11,January,January,January,February,,,May,July
423,brandywine-red,tomato,12,January,January,January,February,,,May,July
423,brandywine-red,tomato,13,January,January,January,February,,,May,July
425,moneymaker,tomato,1,May,May,July,August,,,October,August
425,moneymaker,tomato,2,April,May,June,July,,,September,September
425,moneymaker,tomato,3,April,April,June,July,,,September,October
425,moneymaker,tomato,4,March,April,June,June,,,August,October
425,moneymaker,tomato,5,March,March,May,June,,,August,October
425,moneymaker,tomato,6,March,March,May,June,,,August,October
425,moneymaker,tomato,7,February,March,April,May,,,July,September
425,moneymaker,tomato,8,February,February,April,May,,,July,September
425,moneymaker,tomato,9,January,January,March,April,,,June,August
425,moneymaker,tomato,10,January,January,February,March,,,May,July
425,moneymaker,tomato,11,January,January,January,February,,,April,June
425,moneymaker,tomato,12,January,January,January,February,,,April,June
425,moneymaker,tomato,13,January,January,January,February,,,April,June
426,tiny-tim,tomato,1,May,May,July,August,,,September,August
426,tiny-tim,tomato,2,April,May,June,July,,,August,September
426,tiny-tim,tomato,3,April,April,June,July,,,August,October
426,tiny-tim,tomato,4,March,April,June,June,,,August,October
426,tiny-tim,tomato,5,March,March,May,June,,,July,September
426,tiny-tim,tomato,6,March,March,May,June,,,July,September
426,tiny-tim,tomato,7,February,March,April,May,,,June,August
426,tiny-tim,tomato,8,February,February,April,May,,,June,August
426,tiny-tim,tomato,9,January,January,March,April,,,May,July
426,tiny-tim,tomato,10,January,January,February,March,,,April,June
426,tiny-tim,tomato,11,January,January,January,February,,,March,May
426,tiny-tim,tomato,12,January,January,January,February,,,March,May
426,tiny-tim,tomato,13,January,January,January,February,,,March,May
427,bell-pepper-golden-california-wonder,pepper,1,May,May,July,August,,,September,August
427,bell-pepper-golden-california-wonder,pepper,2,April,May,June,July,,,September,September
427,bell-pepper-golden-california-wonder,pepper,3,April,April,June,July,,,August,October
427,bell-pepper-golden-california-wonder,pepper,4,March,April,June,June,,,August,October
427,bell-pepper-golden-california-wonder,pepper,5,March,March,May,June,,,August,October
427,bell-pepper-golden-california-wonder,pepper,6,March,March,May,June,,,July,September
427,bell-pepper-golden-california-wonder,pepper,7,February,March,April,May,,,July,September
427,bell-pepper-golden-california-wonder,pepper,8,February,February,April,May,,,June,August
427,bell-pepper-golden-california-wonder,pepper,9,January,January,March,April,,,May,July
427,bell-pepper-golden-california-wonder,pepper,10,January,January,February,March,,,May,July
427,bell-pepper-golden-california-wonder,pepper,11,January,January,January,February,,,April,June
427,bell-pepper-golden-california-wonder,pepper,12,January,January,January,February,,,April,June
427,bell-pepper-golden-california-wonder,pepper,13,January,January,January,February,,,April,June
430,sweet-pepper-lipstick,pepper,1,May,May,July,August,,,September,August
430,sweet-pepper-lipstick,pepper,2,April,May,June,July,,,September,September
430,sweet-pepper-lipstick,pepper,3,April,April,June,July,,,August,October
430,sweet-pepper-lipstick,pepper,4,March,April,June,June,,,August,October
430,sweet-pepper-lipstick,pepper,5,March,March,May,June,,,July,September
430,sweet-pepper-lipstick,pepper,6,March,March,May,June,,,July,September
430,sweet-pepper-lipstick,pepper,7,February,March,April,May,,,July,September
430,sweet-pepper-lipstick,pepper,8,February,February,April,May,,,June,August
430,sweet-pepper-lipstick,pepper,9,January,January,March,April,,,May,July
430,sweet-pepper-lipstick,pepper,10,January,January,February,March,,,May,July
430,sweet-pepper-lipstick,pepper,11,January,January,January,February,,,April,June
430,sweet-pepper-lipstick,pepper,12,January,January,January,February,,,April,June
430,sweet-pepper-lipstick,pepper,13,January,January,January,February,,,April,June
432,bell-pepper-yellow-bell,pepper,1,May,May,July,August,,,October,August
432,bell-pepper-yellow-bell,pepper,2,April,May,June,July,,,September,September
432,bell-pepper-yellow-bell,pepper,3,April,April,June,July,,,September,October
432,bell-pepper-yellow-bell,pepper,4,March,April,June,June,,,August,October
432,bell-pepper-yellow-bell,pepper,5,March,March,May,June,,,August,October
432,bell-pepper-yellow-bell,pepper,6,March,March,May,June,,,August,October
432,bell-pepper-yellow-bell,pepper,7,February,March,April,May,,,July,September
432,bell-pepper-yellow-bell,pepper,8,February,February,April,May,,,July,September
432,bell-pepper-yellow-bell,pepper,9,January,January,March,April,,,June,August
432,bell-pepper-yellow-bell,pepper,10,January,January,February,March,,,May,July
432,bell-pepper-yellow-bell,pepper,11,January,January,January,February,,,April,June
432,bell-pepper-yellow-bell,pepper,12,January,January,January,February,,,April,June
432,bell-pepper-yellow-bell,pepper,13,January,January,January,February,,,April,June
435,sweet-pepper-chocolate-beauty,pepper,1,May,May,July,August,,,October,August
435,sweet-pepper-chocolate-beauty,pepper,2,April,May,June,July,,,September,September
435,sweet-pepper-chocolate-beauty,pepper,3,April,April,June,July,,,September,October
435,sweet-pepper-chocolate-beauty,pepper,4,March,April,June,June,,,August,October
435,sweet-pepper-chocolate-beauty,pepper,5,March,March,May,June,,,August,October
435,sweet-pepper-chocolate-beauty,pepper,6,March,March,May,June,,,August,October
435,sweet-pepper-chocolate-beauty,pepper,7,February,March,April,May,,,July,September
435,sweet-pepper-chocolate-beauty,pepper,8,February,February,April,May,,,July,September
435,sweet-pepper-chocolate-beauty,pepper,9,January,January,March,April,,,June,August
435,sweet-pepper-chocolate-beauty,pepper,10,January,January,February,March,,,May,July
435,sweet-pepper-chocolate-beauty,pepper,11,January,January,January,February,,,April,June
435,sweet-pepper-chocolate-beauty,pepper,12,January,January,January,February,,,April,June
435,sweet-pepper-chocolate-beauty,pepper,13,January,January,January,February,,,April,June
437,bell-pepper-red-knight,pepper,1,May,May,July,August,,,October,August
437,bell-pepper-red-knight,pepper,2,April,May,June,July,,,September,September
437,bell-pepper-red-knight,pepper,3,April,April,June,July,,,September,October
437,bell-pepper-red-knight,pepper,4,March,April,June,June,,,August,October
437,bell-pepper-red-knight,pepper,5,March,March,May,June,,,August,October
437,bell-pepper-red-knight,pepper,6,March,March,May,June,,,August,October
437,bell-pepper-red-knight,pepper,7,February,March,April,May,,,July,September
437,bell-pepper-red-knight,pepper,8,February,February,April,May,,,July,September
437,bell-pepper-red-knight,pepper,9,January,January,March,April,,,June,August
437,bell-pepper-red-knight,pepper,10,January,January,February,March,,,May,July
437,bell-pepper-red-knight,pepper,11,January,January,January,February,,,April,June
437,bell-pepper-red-knight,pepper,12,January,January,January,February,,,April,June
437,bell-pepper-red-knight,pepper,13,January,January,January,February,,,April,June
441,sweet-pepper-purple-flash,pepper,1,May,May,July,August,,,September,August
441,sweet-pepper-purple-flash,pepper,2,April,May,June,July,,,September,September
441,sweet-pepper-purple-flash,pepper,3,April,April,June,July,,,August,October
441,sweet-pepper-purple-flash,pepper,4,March,April,June,June,,,August,October
441,sweet-pepper-purple-flash,pepper,5,March,March,May,June,,,August,October
441,sweet-pepper-purple-flash,pepper,6,March,March,May,June,,,July,September
441,sweet-pepper-purple-flash,pepper,7,February,March,April,May,,,July,September
441,sweet-pepper-purple-flash,pepper,8,February,February,April,May,,,June,August
441,sweet-pepper-purple-flash,pepper,9,January,January,March,April,,,May,July
441,sweet-pepper-purple-flash,pepper,10,January,January,February,March,,,May,July
441,sweet-pepper-purple-flash,pepper,11,January,January,January,February,,,April,June
441,sweet-pepper-purple-flash,pepper,12,January,January,January,February,,,April,June
441,sweet-pepper-purple-flash,pepper,13,January,January,January,February,,,April,June
448,bell-pepper-sweet-chocolate,pepper,1,May,May,July,August,,,October,August
448,bell-pepper-sweet-chocolate,pepper,2,April,May,June,July,,,September,September
448,bell-pepper-sweet-chocolate,pepper,3,April,April,June,July,,,September,October
448,bell-pepper-sweet-chocolate,pepper,4,March,April,June,June,,,August,October
448,bell-pepper-sweet-chocolate,pepper,5,March,March,May,June,,,August,October
448,bell-pepper-sweet-chocolate,pepper,6,March,March,May,June,,,August,October
448,bell-pepper-sweet-chocolate,pepper,7,February,March,April,May,,,July,September
448,bell-pepper-sweet-chocolate,pepper,8,February,February,April,May,,,July,September
448,bell-pepper-sweet-chocolate,pepper,9,January,January,March,April,,,June,August
448,bell-pepper-sweet-chocolate,pepper,10,January,January,February,March,,,May,July
448,bell-pepper-sweet-chocolate,pepper,11,January,January,January,February,,,April,June
448,bell-pepper-sweet-chocolate,pepper,12,January,January,January,February,,,April,June
448,bell-pepper-sweet-chocolate,pepper,13,January,January,January,February,,,April,June
450,sweet-pepper-bull-s-horn,pepper,1,May,May,July,August,,,October,August
450,sweet-pepper-bull-s-horn,pepper,2,April,May,June,July,,,September,September
450,sweet-pepper-bull-s-horn,pepper,3,April,April,June,July,,,September,October
450,sweet-pepper-bull-s-horn,pepper,4,March,April,June,June,,,August,October
450,sweet-pepper-bull-s-horn,pepper,5,March,March,May,June,,,August,October
450,sweet-pepper-bull-s-horn,pepper,6,March,March,May,June,,,August,October
450,sweet-pepper-bull-s-horn,pepper,7,February,March,April,May,,,July,September
450,sweet-pepper-bull-s-horn,pepper,8,February,February,April,May,,,July,September
450,sweet-pepper-bull-s-horn,pepper,9,January,January,March,April,,,June,August
450,sweet-pepper-bull-s-horn,pepper,10,January,January,February,March,,,May,July
450,sweet-pepper-bull-s-horn,pepper,11,January,January,January,February,,,April,June
450,sweet-pepper-bull-s-horn,pepper,12,January,January,January,February,,,April,June
450,sweet-pepper-bull-s-horn,pepper,13,January,January,January,February,,,April,June
452,bell-pepper-rainbow-bell,pepper,1,May,May,July,August,,,October,August
452,bell-pepper-rainbow-bell,pepper,2,April,May,June,July,,,September,September
452,bell-pepper-rainbow-bell,pepper,3,April,April,June,July,,,September,October
452,bell-pepper-rainbow-bell,pepper,4,March,April,June,June,,,August,October
452,bell-pepper-rainbow-bell,pepper,5,March,March,May,June,,,August,October
452,bell-pepper-rainbow-bell,pepper,6,March,March,May,June,,,August,October
452,bell-pepper-rainbow-bell,pepper,7,February,March,April,May,,,July,September
452,bell-pepper-rainbow-bell,pepper,8,February,February,April,May,,,July,September
452,bell-pepper-rainbow-bell,pepper,9,January,January,March,April,,,June,August
452,bell-pepper-rainbow-bell,pepper,10,January,January,February,March,,,May,July
452,bell-pepper-rainbow-bell,pepper,11,January,January,January,February,,,April,June
452,bell-pepper-rainbow-bell,pepper,12,January,January,January,February,,,April,June
452,bell-pepper-rainbow-bell,pepper,13,January,January,January,February,,,April,June
457,bell-pepper-king-of-the-north,pepper,1,May,May,July,August,,,September,August
457,bell-pepper-king-of-the-north,pepper,2,April,May,June,July,,,September,September
457,bell-pepper-king-of-the-north,pepper,3,April,April,June,July,,,August,October
457,bell-pepper-king-of-the-north,pepper,4,March,April,June,June,,,August,October
457,bell-pepper-king-of-the-north,pepper,5,March,March,May,June,,,August,October
457,bell-pepper-king-of-the-north,pepper,6,March,March,May,June,,,July,September
457,bell-pepper-king-of-the-north,pepper,7,February,March,April,May,,,July,September
457,bell-pepper-king-of-the-north,pepper,8,February,February,April,May,,,June,August
457,bell-pepper-king-of-the-north,pepper,9,January,January,March,April,,,May,July
457,bell-pepper-king-of-the-north,pepper,10,January,January,February,March,,,May,July
457,bell-pepper-king-of-the-north,pepper,11,January,January,January,February,,,April,June
457,bell-pepper-king-of-the-north,pepper,12,January,January,January,February,,,April,June
457,bell-pepper-king-of-the-north,pepper,13,January,January,January,February,,,April,June
463,simpson-elite,lettuce,1,,,,,June,July,July,September
463,simpson-elite,lettuce,2,,,,,May,July,July,September
463,simpson-elite,lettuce,3,,,,,May,June,June,October
463,simpson-elite,lettuce,4,,,,,April,June,June,October
463,simpson-elite,lettuce,5,,,,,April,May,June,November
463,simpson-elite,lettuce,6,,,,,April,May,May,November
463,simpson-elite,lettuce,7,,,,,March,May,May,November
463,simpson-elite,lettuce,8,,,,,March,April,April,December
463,simpson-elite,lettuce,9,,,,,February,March,March,December
463,simpson-elite,lettuce,10,,,,,January,March,March,December
463,simpson-elite,lettuce,11,,,,,January,February,February,December
463,simpson-elite,lettuce,12,,,,,January,February,February,December
463,simpson-elite,lettuce,13,,,,,January,February,February,December
464,summertime,lettuce,1,,,,,June,July,August,September
464,summertime,lettuce,2,,,,,May,July,August,September
464,summertime,lettuce,3,,,,,May,June,July,October
464,summertime,lettuce,4,,,,,April,June,July,October
464,summertime,lettuce,5,,,,,April,May,June,November
464,summertime,lettuce,6,,,,,April,May,June,November
464,summertime,lettuce,7,,,,,March,May,June,November
464,summertime,lettuce,8,,,,,March,April,May,December
464,summertime,lettuce,9,,,,,February,March,April,December
464,summertime,lettuce,10,,,,,January,March,April,December
464,summertime,lettuce,11,,,,,January,February,March,December
464,summertime,lettuce,12,,,,,January,February,March,December
464,summertime,lettuce,13,,,,,January,February,March,December
465,mascara,lettuce,1,,,,,June,July,July,September
465,mascara,lettuce,2,,,,,May,July,July,September
465,mascara,lettuce,3,,,,,May,June,June,October
465,mascara,lettuce,4,,,,,April,June,June,October
465,mascara,lettuce,5,,,,,April,May,June,November
465,mascara,lettuce,6,,,,,April,May,May,November
465,mascara,lettuce,7,,,,,March,May,May,November
465,mascara,lettuce,8,,,,,March,April,April,December
465,mascara,lettuce,9,,,,,February,March,March,December
465,mascara,lettuce,10,,,,,January,March,March,December
465,mascara,lettuce,11,,,,,January,February,February,December
465,mascara,lettuce,12,,,,,January,February,February,December
465,mascara,lettuce,13,,,,,January,February,February,December
466,canasta,lettuce,1,,,,,June,July,August,September
466,canasta,lettuce,2,,,,,May,July,July,September
466,canasta,lettuce,3,,,,,May,June,July,October
466,canasta,lettuce,4,,,,,April,June,July,October
466,canasta,lettuce,5,,,,,April,May,June,November
466,canasta,lettuce,6,,,,,April,May,June,November
466,canasta,lettuce,7,,,,,March,May,May,November
466,canasta,lettuce,8,,,,,March,April,May,December
466,canasta,lettuce,9,,,,,February,March,April,December
466,canasta,lettuce,10,,,,,January,March,March,December
466,canasta,lettuce,11,,,,,January,February,February,December
466,canasta,lettuce,12,,,,,January,February,February,December
466,canasta,lettuce,13,,,,,January,February,February,December
467,red-romaine,lettuce,1,,,,,June,July,August,September
467,red-romaine,lettuce,2,,,,,May,July,August,September
467,red-romaine,lettuce,3,,,,,May,June,July,October
467,red-romaine,lettuce,4,,,,,April,June,July,October
467,red-romaine,lettuce,5,,,,,April,May,June,November
467,red-romaine,lettuce,6,,,,,April,May,June,November
467,red-romaine,lettuce,7,,,,,March,May,June,November
467,red-romaine,lettuce,8,,,,,March,April,May,December
467,red-romaine,lettuce,9,,,,,February,March,April,December
467,red-romaine,lettuce,10,,,,,January,March,April,December
467,red-romaine,lettuce,11,,,,,January,February,March,December
467,red-romaine,lettuce,12,,,,,January,February,March,December
467,red-romaine,lettuce,13,,,,,January,February,March,December
468,freckles,lettuce,1,,,,,June,July,July,September
468,freckles,lettuce,2,,,,,May,July,July,September
468,freckles,lettuce,3,,,,,May,June,June,October
468,freckles,lettuce,4,,,,,April,June,June,October
468,freckles,lettuce,5,,,,,April,May,June,November
468,freckles,lettuce,6,,,,,April,May,May,November
468,freckles,lettuce,7,,,,,March,May,May,November
468,freckles,lettuce,8,,,,,March,April,April,December
468,freckles,lettuce,9,,,,,February,March,March,December
468,freckles,lettuce,10,,,,,January,March,March,December
468,freckles,lettuce,11,,,,,January,February,February,December
468,freckles,lettuce,12,,,,,January,February,February,December
468,freckles,lettuce,13,,,,,January,February,February,December
469,waldmann-s-green,lettuce,1,,,,,June,July,July,September
469,waldmann-s-green,lettuce,2,,,,,May,July,July,September
469,waldmann-s-green,lettuce,3,,,,,May,June,June,October
469,waldmann-s-green,lettuce,4,,,,,April,June,June,October
469,waldmann-s-green,lettuce,5,,,,,April,May,June,November
469,waldmann-s-green,lettuce,6,,,,,April,May,May,November
469,waldmann-s-green,lettuce,7,,,,,March,May,May,November
469,waldmann-s-green,lettuce,8,,,,,March,April,April,December
469,waldmann-s-green,lettuce,9,,,,,February,March,March,December
469,waldmann-s-green,lettuce,10,,,,,January,March,March,December
469,waldmann-s-green,lettuce,11,,,,,January,February,February,December
469,waldmann-s-green,lettuce,12,,,,,January,February,February,December
469,waldmann-s-green,lettuce,13,,,,,January,February,February,December
470,muir,lettuce,1,,,,,June,July,July,September
470,muir,lettuce,2,,,,,May,July,July,September
470,muir,lettuce,3,,,,,May,June,July,October
470,muir,lettuce,4,,,,,April,June,July,October
470,muir,lettuce,5,,,,,April,May,June,November
470,muir,lettuce,6,,,,,April,May,June,November
470,muir,lettuce,7,,,,,March,May,May,November
470,muir,lettuce,8,,,,,March,April,May,December
470,muir,lettuce,9,,,,,February,March,April,December
470,muir,lettuce,10,,,,,January,March,March,December
470,muir,lettuce,11,,,,,January,February,February,December
470,muir,lettuce,12,,,,,January,February,February,December
470,muir,lettuce,13,,,,,January,February,February,December
471,red-express-cos,lettuce,1,,,,,June,July,July,September
471,red-express-cos,lettuce,2,,,,,May,July,July,September
471,red-express-cos,lettuce,3,,,,,May,June,June,October
471,red-express-cos,lettuce,4,,,,,April,June,June,October
471,red-express-cos,lettuce,5,,,,,April,May,June,November
471,red-express-cos,lettuce,6,,,,,April,May,May,November
471,red-express-cos,lettuce,7,,,,,March,May,May,November
471,red-express-cos,lettuce,8,,,,,March,April,April,December
471,red-express-cos,lettuce,9,,,,,February,March,March,December
471,red-express-cos,lettuce,10,,,,,January,March,March,December
471,red-express-cos,lettuce,11,,,,,January,February,February,December
471,red-express-cos,lettuce,12,,,,,January,February,February,December
471,red-express-cos,lettuce,13,,,,,January,February,February,December
473,grand-rapids,lettuce,1,,,,,June,July,July,September
473,grand-rapids,lettuce,2,,,,,May,July,July,September
473,grand-rapids,lettuce,3,,,,,May,June,June,October
473,grand-rapids,lettuce,4,,,,,April,June,June,October
473,grand-rapids,lettuce,5,,,,,April,May,June,November
473,grand-rapids,lettuce,6,,,,,April,May,May,November
473,grand-rapids,lettuce,7,,,,,March,May,May,November
473,grand-rapids,lettuce,8,,,,,March,April,April,December
473,grand-rapids,lettuce,9,,,,,February,March,March,December
473,grand-rapids,lettuce,10,,,,,January,March,March,December
473,grand-rapids,lettuce,11,,,,,January,February,February,December
473,grand-rapids,lettuce,12,,,,,January,February,February,December
473,grand-rapids,lettuce,13,,,,,January,February,February,December
474,prizehead,lettuce,1,,,,,June,July,July,September
474,prizehead,lettuce,2,,,,,May,July,July,September
474,prizehead,lettuce,3,,,,,May,June,June,October
474,prizehead,lettuce,4,,,,,April,June,June,October
474,prizehead,lettuce,5,,,,,April,May,June,November
474,prizehead,lettuce,6,,,,,April,May,May,November
474,prizehead,lettuce,7,,,,,March,May,May,November
474,prizehead,lettuce,8,,,,,March,April,April,December
474,prizehead,lettuce,9,,,,,February,March,March,December
474,prizehead,lettuce,10,,,,,January,March,March,December
474,prizehead,lettuce,11,,,,,January,February,February,December
474,prizehead,lettuce,12,,,,,January,February,February,December
474,prizehead,lettuce,13,,,,,January,February,February,December
475,lollo-rosso,lettuce,1,,,,,June,July,July,September
475,lollo-rosso,lettuce,2,,,,,May,July,July,September
475,lollo-rosso,lettuce,3,,,,,May,June,June,October
475,lollo-rosso,lettuce,4,,,,,April,June,June,October
475,lollo-rosso,lettuce,5,,,,,April,May,June,November
475,lollo-rosso,lettuce,6,,,,,April,May,May,November
475,lollo-rosso,lettuce,7,,,,,March,May,May,November
475,lollo-rosso,lettuce,8,,,,,March,April,April,December
475,lollo-rosso,lettuce,9,,,,,February,March,March,December
475,lollo-rosso,lettuce,10,,,,,January,March,March,December
475,lollo-rosso,lettuce,11,,,,,January,February,February,December
475,lollo-rosso,lettuce,12,,,,,January,February,February,December
475,lollo-rosso,lettuce,13,,,,,January,February,February,December
476,parris-island-cos,lettuce,1,,,,,June,July,August,September
476,parris-island-cos,lettuce,2,,,,,May,July,July,September
476,parris-island-cos,lettuce,3,,,,,May,June,July,October
476,parris-island-cos,lettuce,4,,,,,April,June,July,October
476,parris-island-cos,lettuce,5,,,,,April,May,June,November
476,parris-island-cos,lettuce,6,,,,,April,May,June,November
476,parris-island-cos,lettuce,7,,,,,March,May,May,November
476,parris-island-cos,lettuce,8,,,,,March,April,May,December
476,parris-island-cos,lettuce,9,,,,,February,March,April,December
476,parris-island-cos,lettuce,10,,,,,January,March,March,December
476,parris-island-cos,lettuce,11,,,,,January,February,February,December
476,parris-island-cos,lettuce,12,,,,,January,February,February,December
476,parris-island-cos,lettuce,13,,,,,January,February,February,December
477,buttercrunch-bibb,lettuce,1,,,,,June,July,August,September
477,buttercrunch-bibb,lettuce,2,,,,,May,July,July,September
477,buttercrunch-bibb,lettuce,3,,,,,May,June,July,October
477,buttercrunch-bibb,lettuce,4,,,,,April,June,July,October
477,buttercrunch-bibb,lettuce,5,,,,,April,May,June,November
477,buttercrunch-bibb,lettuce,6,,,,,April,May,June,November
477,buttercrunch-bibb,lettuce,7,,,,,March,May,May,November
477,buttercrunch-bibb,lettuce,8,,,,,March,April,May,December
477,buttercrunch-bibb,lettuce,9,,,,,February,March,April,December
477,buttercrunch-bibb,lettuce,10,,,,,January,March,March,December
477,buttercrunch-bibb,lettuce,11,,,,,January,February,February,December
477,buttercrunch-bibb,lettuce,12,,,,,January,February,February,December
477,buttercrunch-bibb,lettuce,13,,,,,January,February,February,December
478,cimmaron-romaine,lettuce,1,,,,,June,July,August,September
478,cimmaron-romaine,lettuce,2,,,,,May,July,July,September
478,cimmaron-romaine,lettuce,3,,,,,May,June,July,October
478,cimmaron-romaine,lettuce,4,,,,,April,June,June,October
478,cimmaron-romaine,lettuce,5,,,,,April,May,June,November
478,cimmaron-romaine,lettuce,6,,,,,April,May,June,November
478,cimmaron-romaine,lettuce,7,,,,,March,May,May,November
478,cimmaron-romaine,lettuce,8,,,,,March,April,May,December
478,cimmaron-romaine,lettuce,9,,,,,February,March,April,December
478,cimmaron-romaine,lettuce,10,,,,,January,March,March,December
478,cimmaron-romaine,lettuce,11,,,,,January,February,February,December
478,cimmaron-romaine,lettuce,12,,,,,January,February,February,December
478,cimmaron-romaine,lettuce,13,,,,,January,February,February,December
479,skyphos,lettuce,1,,,,,June,July,July,September
479,skyphos,lettuce,2,,,,,May,July,July,September
479,skyphos,lettuce,3,,,,,May,June,June,October
479,skyphos,lettuce,4,,,,,April,June,June,October
479,skyphos,lettuce,5,,,,,April,May,May,November
479,skyphos,lettuce,6,,,,,April,May,May,November
479,skyphos,lettuce,7,,,,,March,May,May,November
479,skyphos,lettuce,8,,,,,March,April,April,December
479,skyphos,lettuce,9,,,,,February,March,March,December
479,skyphos,lettuce,10,,,,,January,March,March,December
479,skyphos,lettuce,11,,,,,January,February,February,December
479,skyphos,lettuce,12,,,,,January,February,February,December
479,skyphos,lettuce,13,,,,,January,February,February,December
480,concept,lettuce,1,,,,,June,July,July,September
480,concept,lettuce,2,,,,,May,July,July,September
480,concept,lettuce,3,,,,,May,June,June,October
480,concept,lettuce,4,,,,,April,June,June,October
480,concept,lettuce,5,,,,,April,May,June,November
480,concept,lettuce,6,,,,,April,May,May,November
480,concept,lettuce,7,,,,,March,May,May,November
480,concept,lettuce,8,,,,,March,April,April,December
480,concept,lettuce,9,,,,,February,March,March,December
480,concept,lettuce,10,,,,,January,March,March,December
480,concept,lettuce,11,,,,,January,February,February,December
480,concept,lettuce,12,,,,,January,February,February,December
480,concept,lettuce,13,,,,,January,February,February,December
481,coastal-star,lettuce,1,,,,,June,July,July,September
481,coastal-star,lettuce,2,,,,,May,July,July,September
481,coastal-star,lettuce,3,,,,,May,June,July,October
481,coastal-star,lettuce,4,,,,,April,June,June,October
481,coastal-star,lettuce,5,,,,,April,May,June,November
481,coastal-star,lettuce,6,,,,,April,May,June,November
481,coastal-star,lettuce,7,,,,,March,May,May,November
481,coastal-star,lettuce,8,,,,,March,April,May,December
481,coastal-star,lettuce,9,,,,,February,March,April,December
481,coastal-star,lettuce,10,,,,,January,March,March,December
481,coastal-star,lettuce,11,,,,,January,February,February,December
481,coastal-star,lettuce,12,,,,,January,February,February,December
481,coastal-star,lettuce,13,,,,,January,February,February,December
482,rosemary,herb,6,March,April,May,June,,,June,November
482,rosemary,herb,7,February,March,April,June,,,June,November
482,rosemary,herb,8,February,March,April,May,,,May,December
482,rosemary,herb,9,January,February,March,April,,,April,December
482,rosemary,herb,10,January,January,February,April,,,April,December
483,spearmint,herb,4,March,April,June,July,,,July,October
483,spearmint,herb,5,March,April,May,June,,,June,October
483,spearmint,herb,6,March,April,May,June,,,June,November
483,spearmint,herb,7,February,March,April,June,,,June,November
483,spearmint,herb,8,February,March,April,May,,,May,December
483,spearmint,herb,9,January,February,March,April,,,April,December
491,cardinal-basil,herb,10,January,January,February,April,,,April,December
493,holy-basil,herb,3,April,May,June,July,,,July,October
493,holy-basil,herb,4,March,April,June,July,,,July,October
493,holy-basil,herb,5,March,April,May,June,,,June,October
493,holy-basil,herb,6,March,April,May,June,,,June,November
493,holy-basil,herb,7,February,March,April,June,,,June,November
493,holy-basil,herb,8,February,March,April,May,,,May,December
493,holy-basil,herb,9,January,February,March,April,,,April,December
493,holy-basil,herb,10,January,January,February,April,,,April,December
493,holy-basil,herb,11,January,January,January,March,,,March,December
497,cinnamon-basil,herb,10,January,January,February,April,,,April,December
498,orange-mint,herb,2,April,May,June,August,,,August,September
498,orange-mint,herb,3,April,May,June,July,,,July,October
498,orange-mint,herb,4,March,April,June,July,,,July,October
498,orange-mint,herb,5,March,April,May,June,,,June,October
498,orange-mint,herb,6,March,April,May,June,,,June,November
498,orange-mint,herb,7,February,March,April,June,,,June,November
498,orange-mint,herb,8,February,March,April,May,,,May,December
498,orange-mint,herb,9,January,February,March,April,,,April,December
498,orange-mint,herb,10,January,January,February,April,,,April,December
498,orange-mint,herb,11,January,January,January,March,,,March,December
500,lemon-thyme,herb,2,April,May,June,August,,,August,September
500,lemon-thyme,herb,3,April,May,June,July,,,July,October
500,lemon-thyme,herb,4,March,April,June,July,,,July,October
500,lemon-thyme,herb,5,March,April,May,June,,,June,October
500,lemon-thyme,herb,6,March,April,May,June,,,June,November
500,lemon-thyme,herb,7,February,March,April,June,,,June,November
500,lemon-thyme,herb,8,February,March,April,May,,,May,December
500,lemon-thyme,herb,9,January,February,March,April,,,April,December
500,lemon-thyme,herb,10,January,January,February,April,,,April,December
500,lemon-thyme,herb,11,January,January,January,March,,,March,December
501,thai-basil,herb,10,January,January,February,April,,,April,December
503,lime-basil,herb,9,January,February,March,April,,,April,December
503,lime-basil,herb,10,January,January,February,April,,,April,December
503,lime-basil,herb,11,January,January,January,March,,,March,December
506,chocolate-basil,herb,2,April,May,June,August,,,August,September
506,chocolate-basil,herb,3,April,May,June,July,,,July,October
506,chocolate-basil,herb,4,March,April,June,July,,,July,October
506,chocolate-basil,herb,5,March,April,May,June,,,June,October
506,chocolate-basil,herb,6,March,April,May,June,,,June,November
506,chocolate-basil,herb,7,February,March,April,June,,,June,November
506,chocolate-basil,herb,8,February,March,April,May,,,May,December
506,chocolate-basil,herb,9,January,February,March,April,,,April,December
506,chocolate-basil,herb,10,January,January,February,April,,,April,December
506,chocolate-basil,herb,11,January,January,January,March,,,March,December
516,fennel-bronze,herb,4,March,April,June,July,,,July,October
516,fennel-bronze,herb,5,March,April,May,June,,,June,October
516,fennel-bronze,herb,6,March,April,May,June,,,June,November
516,fennel-bronze,herb,7,February,March,April,June,,,June,November
516,fennel-bronze,herb,8,February,March,April,May,,,May,December
516,fennel-bronze,herb,9,January,February,March,April,,,April,December
517,moroccan-mint,herb,4,March,April,June,July,,,July,October
517,moroccan-mint,herb,5,March,April,May,June,,,June,October
517,moroccan-mint,herb,6,March,April,May,June,,,June,November
517,moroccan-mint,herb,7,February,March,April,June,,,June,November
517,moroccan-mint,herb,8,February,March,April,May,,,May,December
517,moroccan-mint,herb,9,January,February,March,April,,,April,December
518,german-thyme,herb,5,March,April,May,June,,,June,October
518,german-thyme,herb,6,March,April,May,June,,,June,November
518,german-thyme,herb,7,February,March,April,June,,,June,November
518,german-thyme,herb,8,February,March,April,May,,,May,December
518,german-thyme,herb,9,January,February,March,April,,,April,December
529,petroselinum-crispum-forest-green,herb,2,April,May,June,August,,,August,September
529,petroselinum-crispum-forest-green,herb,3,April,May,June,July,,,July,October
529,petroselinum-crispum-forest-green,herb,4,March,April,June,July,,,July,October
529,petroselinum-crispum-forest-green,herb,5,March,April,May,June,,,June,October
529,petroselinum-crispum-forest-green,herb,6,March,April,May,June,,,June,November
529,petroselinum-crispum-forest-green,herb,7,February,March,April,June,,,June,November
529,petroselinum-crispum-forest-green,herb,8,February,March,April,May,,,May,December
529,petroselinum-crispum-forest-green,herb,9,January,February,March,April,,,April,December
529,petroselinum-crispum-forest-green,herb,10,January,January,February,April,,,April,December
529,petroselinum-crispum-forest-green,herb,11,January,January,January,March,,,March,December
533,apple-mint,herb,7,February,March,April,June,,,June,November
533,apple-mint,herb,8,February,March,April,May,,,May,December
533,apple-mint,herb,9,January,February,March,April,,,April,December
533,apple-mint,herb,10,January,January,February,April,,,April,December
537,cherokee-purple-bean,bean,1,,,,,July,August,October,August
537,cherokee-purple-bean,bean,2,,,,,June,August,September,September
537,cherokee-purple-bean,bean,3,,,,,June,July,August,October
537,cherokee-purple-bean,bean,4,,,,,June,July,August,October
537,cherokee-purple-bean,bean,5,,,,,May,June,August,September
537,cherokee-purple-bean,bean,6,,,,,May,June,July,September
537,cherokee-purple-bean,bean,7,,,,,April,June,July,August
537,cherokee-purple-bean,bean,8,,,,,April,May,June,August
537,cherokee-purple-bean,bean,9,,,,,March,April,May,July
537,cherokee-purple-bean,bean,10,,,,,February,April,May,June
537,cherokee-purple-bean,bean,11,,,,,January,March,April,June
537,cherokee-purple-bean,bean,12,,,,,January,March,April,June
537,cherokee-purple-bean,bean,13,,,,,January,March,April,June
538,gold-rush-bush-bean,bean,1,,,,,July,August,September,August
538,gold-rush-bush-bean,bean,2,,,,,June,August,September,September
538,gold-rush-bush-bean,bean,3,,,,,June,July,August,October
538,gold-rush-bush-bean,bean,4,,,,,June,July,August,October
538,gold-rush-bush-bean,bean,5,,,,,May,June,August,September
538,gold-rush-bush-bean,bean,6,,,,,May,June,July,September
538,gold-rush-bush-bean,bean,7,,,,,April,June,July,August
538,gold-rush-bush-bean,bean,8,,,,,April,May,June,August
538,gold-rush-bush-bean,bean,9,,,,,March,April,May,July
538,gold-rush-bush-bean,bean,10,,,,,February,April,May,June
538,gold-rush-bush-bean,bean,11,,,,,January,March,April,May
538,gold-rush-bush-bean,bean,12,,,,,January,March,April,May
538,gold-rush-bush-bean,bean,13,,,,,January,March,April,May
539,purple-podded-pole-bean,bean,1,,,,,July,August,October,August
539,purple-podded-pole-bean,bean,2,,,,,June,August,September,September
539,purple-podded-pole-bean,bean,3,,,,,June,July,September,October
539,purple-podded-pole-bean,bean,4,,,,,June,July,August,October
539,purple-podded-pole-bean,bean,5,,,,,May,June,August,October
539,purple-podded-pole-bean,bean,6,,,,,May,June,August,September
539,purple-podded-pole-bean,bean,7,,,,,April,June,July,September
539,purple-podded-pole-bean,bean,8,,,,,April,May,July,August
539,purple-podded-pole-bean,bean,9,,,,,March,April,June,July
539,purple-podded-pole-bean,bean,10,,,,,February,April,May,July
539,purple-podded-pole-bean,bean,11,,,,,January,March,April,June
539,purple-podded-pole-bean,bean,12,,,,,January,March,April,June
539,purple-podded-pole-bean,bean,13,,,,,January,March,April,June
540,black-valentine-bush-bean,bean,1,,,,,July,August,September,August
540,black-valentine-bush-bean,bean,2,,,,,June,August,September,September
540,black-valentine-bush-bean,bean,3,,,,,June,July,August,October
540,black-valentine-bush-bean,bean,4,,,,,June,July,August,October
540,black-valentine-bush-bean,bean,5,,,,,May,June,August,September
540,black-valentine-bush-bean,bean,6,,,,,May,June,July,September
540,black-valentine-bush-bean,bean,7,,,,,April,June,July,August
540,black-valentine-bush-bean,bean,8,,,,,April,May,June,August
540,black-valentine-bush-bean,bean,9,,,,,March,April,May,July
540,black-valentine-bush-bean,bean,10,,,,,February,April,May,June
540,black-valentine-bush-bean,bean,11,,,,,January,March,April,May
540,black-valentine-bush-bean,bean,12,,,,,January,March,April,May
540,black-valentine-bush-bean,bean,13,,,,,January,March,April,May
541,yellow-romano-pole-bean,bean,1,,,,,July,August,October,August
541,yellow-romano-pole-bean,bean,2,,,,,June,August,September,September
541,yellow-romano-pole-bean,bean,3,,,,,June,July,September,October
541,yellow-romano-pole-bean,bean,4,,,,,June,July,August,October
541,yellow-romano-pole-bean,bean,5,,,,,May,June,August,October
541,yellow-romano-pole-bean,bean,6,,,,,May,June,August,September
541,yellow-romano-pole-bean,bean,7,,,,,April,June,July,September
541,yellow-romano-pole-bean,bean,8,,,,,April,May,July,August
541,yellow-romano-pole-bean,bean,9,,,,,March,April,June,July
541,yellow-romano-pole-bean,bean,10,,,,,February,April,May,July
541,yellow-romano-pole-bean,bean,11,,,,,January,March,April,June
541,yellow-romano-pole-bean,bean,12,,,,,January,March,April,June
541,yellow-romano-pole-bean,bean,13,,,,,January,March,April,June
542,bush-kentucky-wonder,bean,1,,,,,July,August,October,August
542,bush-kentucky-wonder,bean,2,,,,,June,August,September,September
542,bush-kentucky-wonder,bean,3,,,,,June,July,September,October
542,bush-kentucky-wonder,bean,4,,,,,June,July,August,October
542,bush-kentucky-wonder,bean,5,,,,,May,June,August,September
542,bush-kentucky-wonder,bean,6,,,,,May,June,August,September
542,bush-kentucky-wonder,bean,7,,,,,April,June,July,September
542,bush-kentucky-wonder,bean,8,,,,,April,May,July,August
542,bush-kentucky-wonder,bean,9,,,,,March,April,June,July
542,bush-kentucky-wonder,bean,10,,,,,February,April,May,July
542,bush-kentucky-wonder,bean,11,,,,,January,March,April,June
542,bush-kentucky-wonder,bean,12,,,,,January,March,April,June
542,bush-kentucky-wonder,bean,13,,,,,January,March,April,June
543,henderson-lima-bush,bean,1,,,,,July,August,October,August
543,henderson-lima-bush,bean,2,,,,,June,August,September,September
543,henderson-lima-bush,bean,3,,,,,June,July,September,October
543,henderson-lima-bush,bean,4,,,,,June,July,September,October
543,henderson-lima-bush,bean,5,,,,,May,June,August,October
543,henderson-lima-bush,bean,6,,,,,May,June,August,September
543,henderson-lima-bush,bean,7,,,,,April,June,July,September
543,henderson-lima-bush,bean,8,,,,,April,May,July,August
543,henderson-lima-bush,bean,9,,,,,March,April,June,July
543,henderson-lima-bush,bean,10,,,,,February,April,May,July
543,henderson-lima-bush,bean,11,,,,,January,March,April,June
543,henderson-lima-bush,bean,12,,,,,January,March,April,June
543,henderson-lima-bush,bean,13,,,,,January,March,April,June
544,tendercrop-bush-bean,bean,1,,,,,July,August,September,August
544,tendercrop-bush-bean,bean,2,,,,,June,August,September,September
544,tendercrop-bush-bean,bean,3,,,,,June,July,August,October
544,tendercrop-bush-bean,bean,4,,,,,June,July,August,October
544,tendercrop-bush-bean,bean,5,,,,,May,June,August,September
544,tendercrop-bush-bean,bean,6,,,,,May,June,July,September
544,tendercrop-bush-bean,bean,7,,,,,April,June,July,August
544,tendercrop-bush-bean,bean,8,,,,,April,May,June,August
544,tendercrop-bush-bean,bean,9,,,,,March,April,May,July
544,tendercrop-bush-bean,bean,10,,,,,February,April,May,June
544,tendercrop-bush-bean,bean,11,,,,,January,March,April,May
544,tendercrop-bush-bean,bean,12,,,,,January,March,April,May
544,tendercrop-bush-bean,bean,13,,,,,January,March,April,May
545,yard-long-bean,bean,1,,,,,July,August,October,August
545,yard-long-bean,bean,2,,,,,June,August,October,September
545,yard-long-bean,bean,3,,,,,June,July,September,October
545,yard-long-bean,bean,4,,,,,June,July,September,October
545,yard-long-bean,bean,5,,,,,May,June,September,October
545,yard-long-bean,bean,6,,,,,May,June,August,October
545,yard-long-bean,bean,7,,,,,April,June,August,September
545,yard-long-bean,bean,8,,,,,April,May,July,September
545,yard-long-bean,bean,9,,,,,March,April,June,August
545,yard-long-bean,bean,10,,,,,February,April,June,July
545,yard-long-bean,bean,11,,,,,January,March,May,June
545,yard-long-bean,bean,12,,,,,January,March,May,June
545,yard-long-bean,bean,13,,,,,January,March,May,June
546,french-filet-bean-maxibel,bean,1,,,,,July,August,October,August
546,french-filet-bean-maxibel,bean,2,,,,,June,August,September,September
546,french-filet-bean-maxibel,bean,3,,,,,June,July,September,October
546,french-filet-bean-maxibel,bean,4,,,,,June,July,August,October
546,french-filet-bean-maxibel,bean,5,,,,,May,June,August,October
546,french-filet-bean-maxibel,bean,6,,,,,May,June,August,September
546,french-filet-bean-maxibel,bean,7,,,,,April,June,July,September
546,french-filet-bean-maxibel,bean,8,,,,,April,May,July,August
546,french-filet-bean-maxibel,bean,9,,,,,March,April,June,July
546,french-filet-bean-maxibel,bean,10,,,,,February,April,May,July
546,french-filet-bean-maxibel,bean,11,,,,,January,March,April,June
546,french-filet-bean-maxibel,bean,12,,,,,January,March,April,June
546,french-filet-bean-maxibel,bean,13,,,,,January,March,April,June
547,black-turtle-bush-bean,bean,1,,,,,July,August,November,August
547,black-turtle-bush-bean,bean,2,,,,,June,August,October,September
547,black-turtle-bush-bean,bean,3,,,,,June,July,October,October
547,black-turtle-bush-bean,bean,4,,,,,June,July,September,October
547,black-turtle-bush-bean,bean,5,,,,,May,June,September,October
547,black-turtle-bush-bean,bean,6,,,,,May,June,September,October
547,black-turtle-bush-bean,bean,7,,,,,April,June,August,October
547,black-turtle-bush-bean,bean,8,,,,,April,May,August,September
547,black-turtle-bush-bean,bean,9,,,,,March,April,July,August
547,black-turtle-bush-bean,bean,10,,,,,February,April,June,August
547,black-turtle-bush-bean,bean,11,,,,,January,March,May,July
547,black-turtle-bush-bean,bean,12,,,,,January,March,May,July
547,black-turtle-bush-bean,bean,13,,,,,January,March,May,July
548,early-contender-bush-bean,bean,1,,,,,July,August,September,August
548,early-contender-bush-bean,bean,2,,,,,June,August,September,September
548,early-contender-bush-bean,bean,3,,,,,June,July,August,October
548,early-contender-bush-bean,bean,4,,,,,June,July,August,October
548,early-contender-bush-bean,bean,5,,,,,May,June,August,September
548,early-contender-bush-bean,bean,6,,,,,May,June,July,September
548,early-contender-bush-bean,bean,7,,,,,April,June,July,August
548,early-contender-bush-bean,bean,8,,,,,April,May,June,August
548,early-contender-bush-bean,bean,9,,,,,March,April,May,July
548,early-contender-bush-bean,bean,10,,,,,February,April,May,June
548,early-contender-bush-bean,bean,11,,,,,January,March,April,May
548,early-contender-bush-bean,bean,12,,,,,January,March,April,May
548,early-contender-bush-bean,bean,13,,,,,January,March,April,May
549,lima-king-of-the-garden-pole,bean,1,,,,,July,August,November,August
549,lima-king-of-the-garden-pole,bean,2,,,,,June,August,October,September
549,lima-king-of-the-garden-pole,bean,3,,,,,June,July,October,October
549,lima-king-of-the-garden-pole,bean,4,,,,,June,July,September,October
549,lima-king-of-the-garden-pole,bean,5,,,,,May,June,September,October
549,lima-king-of-the-garden-pole,bean,6,,,,,May,June,September,October
549,lima-king-of-the-garden-pole,bean,7,,,,,April,June,August,October
549,lima-king-of-the-garden-pole,bean,8,,,,,April,May,August,September
549,lima-king-of-the-garden-pole,bean,9,,,,,March,April,July,August
549,lima-king-of-the-garden-pole,bean,10,,,,,February,April,June,August
549,lima-king-of-the-garden-pole,bean,11,,,,,January,March,May,July
549,lima-king-of-the-garden-pole,bean,12,,,,,January,March,May,July
549,lima-king-of-the-garden-pole,bean,13,,,,,January,March,May,July
550,jacob-s-cattle-bush-bean,bean,1,,,,,July,August,November,August
550,jacob-s-cattle-bush-bean,bean,2,,,,,June,August,October,September
550,jacob-s-cattle-bush-bean,bean,3,,,,,June,July,October,October
550,jacob-s-cattle-bush-bean,bean,4,,,,,June,July,September,October
550,jacob-s-cattle-bush-bean,bean,5,,,,,May,June,September,October
550,jacob-s-cattle-bush-bean,bean,6,,,,,May,June,September,October
550,jacob-s-cattle-bush-bean,bean,7,,,,,April,June,August,October
550,jacob-s-cattle-bush-bean,bean,8,,,,,April,May,August,September
550,jacob-s-cattle-bush-bean,bean,9,,,,,March,April,July,August
550,jacob-s-cattle-bush-bean,bean,10,,,,,February,April,June,August
550,jacob-s-cattle-bush-bean,bean,11,,,,,January,March,May,July
550,jacob-s-cattle-bush-bean,bean,12,,,,,January,March,May,July
550,jacob-s-cattle-bush-bean,bean,13,,,,,January,March,May,July
551,provider-green-bush-bean,bean,1,,,,,July,August,September,August
551,provider-green-bush-bean,bean,2,,,,,June,August,September,September
551,provider-green-bush-bean,bean,3,,,,,June,July,August,October
551,provider-green-bush-bean,bean,4,,,,,June,July,August,October
551,provider-green-bush-bean,bean,5,,,,,May,June,August,September
551,provider-green-bush-bean,bean,6,,,,,May,June,July,September
551,provider-green-bush-bean,bean,7,,,,,April,June,July,August
551,provider-green-bush-bean,bean,8,,,,,April,May,June,August
551,provider-green-bush-bean,bean,9,,,,,March,April,May,July
551,provider-green-bush-bean,bean,10,,,,,February,April,May,June
551,provider-green-bush-bean,bean,11,,,,,January,March,April,May
551,provider-green-bush-bean,bean,12,,,,,January,March,April,May
551,provider-green-bush-bean,bean,13,,,,,January,March,April,May
552,blue-lake-pole-bean,bean,1,,,,,July,August,October,August
552,blue-lake-pole-bean,bean,2,,,,,June,August,September,September
552,blue-lake-pole-bean,bean,3,,,,,June,July,September,October
552,blue-lake-pole-bean,bean,4,,,,,June,July,August,October
552,blue-lake-pole-bean,bean,5,,,,,May,June,August,October
552,blue-lake-pole-bean,bean,6,,,,,May,June,August,September
552,blue-lake-pole-bean,bean,7,,,,,April,June,July,September
552,blue-lake-pole-bean,bean,8,,,,,April,May,July,August
552,blue-lake-pole-bean,bean,9,,,,,March,April,June,July
552,blue-lake-pole-bean,bean,10,,,,,February,April,May,July
552,blue-lake-pole-bean,bean,11,,,,,January,March,April,June
552,blue-lake-pole-bean,bean,12,,,,,January,March,April,June
552,blue-lake-pole-bean,bean,13,,,,,January,March,April,June
554,roma-ii-bush-bean,bean,1,,,,,July,August,September,August
554,roma-ii-bush-bean,bean,2,,,,,June,August,September,September
554,roma-ii-bush-bean,bean,3,,,,,June,July,August,October
554,roma-ii-bush-bean,bean,4,,,,,June,July,August,October
554,roma-ii-bush-bean,bean,5,,,,,May,June,August,September
554,roma-ii-bush-bean,bean,6,,,,,May,June,July,September
554,roma-ii-bush-bean,bean,7,,,,,April,June,July,August
554,roma-ii-bush-bean,bean,8,,,,,April,May,June,August
554,roma-ii-bush-bean,bean,9,,,,,March,April,May,July
554,roma-ii-bush-bean,bean,10,,,,,February,April,May,June
554,roma-ii-bush-bean,bean,11,,,,,January,March,April,May
554,roma-ii-bush-bean,bean,12,,,,,January,March,April,May
554,roma-ii-bush-bean,bean,13,,,,,January,March,April,May
555,bush-lake-bean,bean,1,,,,,July,August,September,August
555,bush-lake-bean,bean,2,,,,,June,August,September,September
555,bush-lake-bean,bean,3,,,,,June,July,August,October
555,bush-lake-bean,bean,4,,,,,June,July,August,October
555,bush-lake-bean,bean,5,,,,,May,June,August,September
555,bush-lake-bean,bean,6,,,,,May,June,July,September
555,bush-lake-bean,bean,7,,,,,April,June,July,August
555,bush-lake-bean,bean,8,,,,,April,May,June,August
555,bush-lake-bean,bean,9,,,,,March,April,May,July
555,bush-lake-bean,bean,10,,,,,February,April,May,June
555,bush-lake-bean,bean,11,,,,,January,March,April,May
555,bush-lake-bean,bean,12,,,,,January,March,April,May
555,bush-lake-bean,bean,13,,,,,January,March,April,May
556,pencil-pod-black-wax-bean,bean,1,,,,,July,August,September,August
556,pencil-pod-black-wax-bean,bean,2,,,,,June,August,September,September
556,pencil-pod-black-wax-bean,bean,3,,,,,June,July,August,October
556,pencil-pod-black-wax-bean,bean,4,,,,,June,July,August,October
556,pencil-pod-black-wax-bean,bean,5,,,,,May,June,August,September
556,pencil-pod-black-wax-bean,bean,6,,,,,May,June,July,September
556,pencil-pod-black-wax-bean,bean,7,,,,,April,June,July,August
556,pencil-pod-black-wax-bean,bean,8,,,,,April,May,June,August
556,pencil-pod-black-wax-bean,bean,9,,,,,March,April,May,July
556,pencil-pod-black-wax-bean,bean,10,,,,,February,April,May,June
556,pencil-pod-black-wax-bean,bean,11,,,,,January,March,April,May
556,pencil-pod-black-wax-bean,bean,12,,,,,January,March,April,May
556,pencil-pod-black-wax-bean,bean,13,,,,,January,March,April,May
557,topcrop-bush-bean,bean,1,,,,,July,August,September,August
557,topcrop-bush-bean,bean,2,,,,,June,August,September,September
557,topcrop-bush-bean,bean,3,,,,,June,July,August,October
557,topcrop-bush-bean,bean,4,,,,,June,July,August,October
557,topcrop-bush-bean,bean,5,,,,,May,June,August,September
557,topcrop-bush-bean,bean,6,,,,,May,June,July,September
557,topcrop-bush-bean,bean,7,,,,,April,June,July,August
557,topcrop-bush-bean,bean,8,,,,,April,May,June,August
557,topcrop-bush-bean,bean,9,,,,,March,April,May,July
557,topcrop-bush-bean,bean,10,,,,,February,April,May,June
557,topcrop-bush-bean,bean,11,,,,,January,March,April,May
557,topcrop-bush-bean,bean,12,,,,,January,March,April,May
557,topcrop-bush-bean,bean,13,,,,,January,March,April,May
558,detroit-dark-red-bush-bean,bean,1,,,,,July,August,September,August
558,detroit-dark-red-bush-bean,bean,2,,,,,June,August,September,September
558,detroit-dark-red-bush-bean,bean,3,,,,,June,July,August,October
558,detroit-dark-red-bush-bean,bean,4,,,,,June,July,August,October
558,detroit-dark-red-bush-bean,bean,5,,,,,May,June,August,September
558,detroit-dark-red-bush-bean,bean,6,,,,,May,June,July,September
558,detroit-dark-red-bush-bean,bean,7,,,,,April,June,July,August
558,detroit-dark-red-bush-bean,bean,8,,,,,April,May,June,August
558,detroit-dark-red-bush-bean,bean,9,,,,,March,April,May,July
558,detroit-dark-red-bush-bean,bean,10,,,,,February,April,May,June
558,detroit-dark-red-bush-bean,bean,11,,,,,January,March,April,May
558,detroit-dark-red-bush-bean,bean,12,,,,,January,March,April,May
558,detroit-dark-red-bush-bean,bean,13,,,,,January,March,April,May
559,lazy-housewife-pole-bean,bean,1,,,,,July,August,October,August
559,lazy-housewife-pole-bean,bean,2,,,,,June,August,October,September
559,lazy-housewife-pole-bean,bean,3,,,,,June,July,September,October
559,lazy-housewife-pole-bean,bean,4,,,,,June,July,September,October
559,lazy-housewife-pole-bean,bean,5,,,,,May,June,August,October
559,lazy-housewife-pole-bean,bean,6,,,,,May,June,August,October
559,lazy-housewife-pole-bean,bean,7,,,,,April,June,August,September
559,lazy-housewife-pole-bean,bean,8,,,,,April,May,July,September
559,lazy-housewife-pole-bean,bean,9,,,,,March,April,June,August
559,lazy-housewife-pole-bean,bean,10,,,,,February,April,June,July
559,lazy-housewife-pole-bean,bean,11,,,,,January,March,May,June
559,lazy-housewife-pole-bean,bean,12,,,,,January,March,May,June
559,lazy-housewife-pole-bean,bean,13,,,,,January,March,May,June
560,bountiful-bush-bean,bean,1,,,,,July,August,September,August
560,bountiful-bush-bean,bean,2,,,,,June,August,September,September
560,bountiful-bush-bean,bean,3,,,,,June,July,August,October
560,bountiful-bush-bean,bean,4,,,,,June,July,August,October
560,bountiful-bush-bean,bean,5,,,,,May,June,August,September
560,bountiful-bush-bean,bean,6,,,,,May,June,July,September
560,bountiful-bush-bean,bean,7,,,,,April,June,July,August
560,bountiful-bush-bean,bean,8,,,,,April,May,June,August
560,bountiful-bush-bean,bean,9,,,,,March,April,May,July
560,bountiful-bush-bean,bean,10,,,,,February,April,May,June
560,bountiful-bush-bean,bean,11,,,,,January,March,April,May
560,bountiful-bush-bean,bean,12,,,,,January,March,April,May
560,bountiful-bush-bean,bean,13,,,,,January,March,April,May
561,gold-marie-vining-bean,bean,1,,,,,July,August,October,August
561,gold-marie-vining-bean,bean,2,,,,,June,August,September,September
561,gold-marie-vining-bean,bean,3,,,,,June,July,September,October
561,gold-marie-vining-bean,bean,4,,,,,June,July,September,October
561,gold-marie-vining-bean,bean,5,,,,,May,June,August,October
561,gold-marie-vining-bean,bean,6,,,,,May,June,August,September
561,gold-marie-vining-bean,bean,7,,,,,April,June,July,September
561,gold-marie-vining-bean,bean,8,,,,,April,May,July,August
561,gold-marie-vining-bean,bean,9,,,,,March,April,June,July
561,gold-marie-vining-bean,bean,10,,,,,February,April,May,July
561,gold-marie-vining-bean,bean,11,,,,,January,March,April,June
561,gold-marie-vining-bean,bean,12,,,,,January,March,April,June
561,gold-marie-vining-bean,bean,13,,,,,January,March,April,June
563,purple-top-bush-bean,bean,1,,,,,July,August,September,August
563,purple-top-bush-bean,bean,2,,,,,June,August,September,September
563,purple-top-bush-bean,bean,3,,,,,June,July,August,October
563,purple-top-bush-bean,bean,4,,,,,June,July,August,October
563,purple-top-bush-bean,bean,5,,,,,May,June,August,September
563,purple-top-bush-bean,bean,6,,,,,May,June,July,September
563,purple-top-bush-bean,bean,7,,,,,April,June,July,August
563,purple-top-bush-bean,bean,8,,,,,April,May,June,August
563,purple-top-bush-bean,bean,9,,,,,March,April,May,July
563,purple-top-bush-bean,bean,10,,,,,February,April,May,June
563,purple-top-bush-bean,bean,11,,,,,January,March,April,May
563,purple-top-bush-bean,bean,12,,,,,January,March,April,May
563,purple-top-bush-bean,bean,13,,,,,January,March,April,May
564,king-of-the-garden-lima-pole,bean,1,,,,,July,August,November,August
564,king-of-the-garden-lima-pole,bean,2,,,,,June,August,October,September
564,king-of-the-garden-lima-pole,bean,3,,,,,June,July,October,October
564,king-of-the-garden-lima-pole,bean,4,,,,,June,July,September,October
564,king-of-the-garden-lima-pole,bean,5,,,,,May,June,September,October
564,king-of-the-garden-lima-pole,bean,6,,,,,May,June,September,October
564,king-of-the-garden-lima-pole,bean,7,,,,,April,June,August,October
564,king-of-the-garden-lima-pole,bean,8,,,,,April,May,August,September
564,king-of-the-garden-lima-pole,bean,9,,,,,March,April,July,August
564,king-of-the-garden-lima-pole,bean,10,,,,,February,April,June,August
564,king-of-the-garden-lima-pole,bean,11,,,,,January,March,May,July
564,king-of-the-garden-lima-pole,bean,12,,,,,January,March,May,July
564,king-of-the-garden-lima-pole,bean,13,,,,,January,March,May,July
565,golden-wax-bush-bean,bean,1,,,,,July,August,September,August
565,golden-wax-bush-bean,bean,2,,,,,June,August,September,September
565,golden-wax-bush-bean,bean,3,,,,,June,July,August,October
565,golden-wax-bush-bean,bean,4,,,,,June,July,August,October
565,golden-wax-bush-bean,bean,5,,,,,May,June,August,September
565,golden-wax-bush-bean,bean,6,,,,,May,June,July,September
565,golden-wax-bush-bean,bean,7,,,,,April,June,July,August
565,golden-wax-bush-bean,bean,8,,,,,April,May,June,August
565,golden-wax-bush-bean,bean,9,,,,,March,April,May,July
565,golden-wax-bush-bean,bean,10,,,,,February,April,May,June
565,golden-wax-bush-bean,bean,11,,,,,January,March,April,May
565,golden-wax-bush-bean,bean,12,,,,,January,March,April,May
565,golden-wax-bush-bean,bean,13,,,,,January,March,April,May
566,borlotto-bush-bean,bean,1,,,,,July,August,October,August
566,borlotto-bush-bean,bean,2,,,,,June,August,September,September
566,borlotto-bush-bean,bean,3,,,,,June,July,September,October
566,borlotto-bush-bean,bean,4,,,,,June,July,August,October
566,borlotto-bush-bean,bean,5,,,,,May,June,August,October
566,borlotto-bush-bean,bean,6,,,,,May,June,August,September
566,borlotto-bush-bean,bean,7,,,,,April,June,July,September
566,borlotto-bush-bean,bean,8,,,,,April,May,July,August
566,borlotto-bush-bean,bean,9,,,,,March,April,June,July
566,borlotto-bush-bean,bean,10,,,,,February,April,May,July
566,borlotto-bush-bean,bean,11,,,,,January,March,April,June
566,borlotto-bush-bean,bean,12,,,,,January,March,April,June
566,borlotto-bush-bean,bean,13,,,,,January,March,April,June
567,bush-romano-italian,bean,1,,,,,July,August,September,August
567,bush-romano-italian,bean,2,,,,,June,August,September,September
567,bush-romano-italian,bean,3,,,,,June,July,August,October
567,bush-romano-italian,bean,4,,,,,June,July,August,October
567,bush-romano-italian,bean,5,,,,,May,June,August,September
567,bush-romano-italian,bean,6,,,,,May,June,July,September
567,bush-romano-italian,bean,7,,,,,April,June,July,August
567,bush-romano-italian,bean,8,,,,,April,May,June,August
567,bush-romano-italian,bean,9,,,,,March,April,May,July
567,bush-romano-italian,bean,10,,,,,February,April,May,June
567,bush-romano-italian,bean,11,,,,,January,March,April,May
567,bush-romano-italian,bean,12,,,,,January,March,April,May
567,bush-romano-italian,bean,13,,,,,January,March,April,May
568,fordhook-242-lima-bush,bean,1,,,,,July,August,October,August
568,fordhook-242-lima-bush,bean,2,,,,,June,August,October,September
568,fordhook-242-lima-bush,bean,3,,,,,June,July,September,October
568,fordhook-242-lima-bush,bean,4,,,,,June,July,September,October
568,fordhook-242-lima-bush,bean,5,,,,,May,June,September,October
568,fordhook-242-lima-bush,bean,6,,,,,May,June,August,October
568,fordhook-242-lima-bush,bean,7,,,,,April,June,August,September
568,fordhook-242-lima-bush,bean,8,,,,,April,May,July,September
568,fordhook-242-lima-bush,bean,9,,,,,March,April,June,August
568,fordhook-242-lima-bush,bean,10,,,,,February,April,June,July
568,fordhook-242-lima-bush,bean,11,,,,,January,March,May,June
568,fordhook-242-lima-bush,bean,12,,,,,January,March,May,June
568,fordhook-242-lima-bush,bean,13,,,,,January,March,May,June
569,red-noodle-long-bean,bean,1,,,,,July,August,October,August
569,red-noodle-long-bean,bean,2,,,,,June,August,September,September
569,red-noodle-long-bean,bean,3,,,,,June,July,September,October
569,red-noodle-long-bean,bean,4,,,,,June,July,August,October
569,red-noodle-long-bean,bean,5,,,,,May,June,August,October
569,red-noodle-long-bean,bean,6,,,,,May,June,August,September
569,red-noodle-long-bean,bean,7,,,,,April,June,July,September
569,red-noodle-long-bean,bean,8,,,,,April,May,July,August
569,red-noodle-long-bean,bean,9,,,,,March,April,June,July
569,red-noodle-long-bean,bean,10,,,,,February,April,May,July
569,red-noodle-long-bean,bean,11,,,,,January,March,April,June
569,red-noodle-long-bean,bean,12,,,,,January,March,April,June
569,red-noodle-long-bean,bean,13,,,,,January,March,April,June
570,top-notch-golden-wax,bean,1,,,,,July,August,September,August
570,top-notch-golden-wax,bean,2,,,,,June,August,September,September
570,top-notch-golden-wax,bean,3,,,,,June,July,August,October
570,top-notch-golden-wax,bean,4,,,,,June,July,August,October
570,top-notch-golden-wax,bean,5,,,,,May,June,August,September
570,top-notch-golden-wax,bean,6,,,,,May,June,July,September
570,top-notch-golden-wax,bean,7,,,,,April,June,July,August
570,top-notch-golden-wax,bean,8,,,,,April,May,June,August
570,top-notch-golden-wax,bean,9,,,,,March,April,May,July
570,top-notch-golden-wax,bean,10,,,,,February,April,May,June
570,top-notch-golden-wax,bean,11,,,,,January,March,April,May
570,top-notch-golden-wax,bean,12,,,,,January,March,April,May
570,top-notch-golden-wax,bean,13,,,,,January,March,April,May
571,purple-podded-bush-bean,bean,1,,,,,July,August,September,August
571,purple-podded-bush-bean,bean,2,,,,,June,August,September,September
571,purple-podded-bush-bean,bean,3,,,,,June,July,August,October
571,purple-podded-bush-bean,bean,4,,,,,June,July,August,October
571,purple-podded-bush-bean,bean,5,,,,,May,June,August,September
571,purple-podded-bush-bean,bean,6,,,,,May,June,July,September
571,purple-podded-bush-bean,bean,7,,,,,April,June,July,August
571,purple-podded-bush-bean,bean,8,,,,,April,May,June,August
571,purple-podded-bush-bean,bean,9,,,,,March,April,May,July
571,purple-podded-bush-bean,bean,10,,,,,February,April,May,June
571,purple-podded-bush-bean,bean,11,,,,,January,March,April,May
571,purple-podded-bush-bean,bean,12,,,,,January,March,April,May
571,purple-podded-bush-bean,bean,13,,,,,January,March,April,May
572,calypso-bush-bean,bean,1,,,,,July,August,November,August
572,calypso-bush-bean,bean,2,,,,,June,August,October,September
572,calypso-bush-bean,bean,3,,,,,June,July,October,October
572,calypso-bush-bean,bean,4,,,,,June,July,October,October
572,calypso-bush-bean,bean,5,,,,,May,June,September,October
572,calypso-bush-bean,bean,6,,,,,May,June,September,October
572,calypso-bush-bean,bean,7,,,,,April,June,August,October
572,calypso-bush-bean,bean,8,,,,,April,May,August,September
572,calypso-bush-bean,bean,9,,,,,March,April,July,August
572,calypso-bush-bean,bean,10,,,,,February,April,June,August
572,calypso-bush-bean,bean,11,,,,,January,March,May,July
572,calypso-bush-bean,bean,12,,,,,January,March,May,July
572,calypso-bush-bean,bean,13,,,,,January,March,May,July
573,cherokee-pink-bean,bean,1,,,,,July,August,November,August
573,cherokee-pink-bean,bean,2,,,,,June,August,October,September
573,cherokee-pink-bean,bean,3,,,,,June,July,October,October
573,cherokee-pink-bean,bean,4,,,,,June,July,September,October
573,cherokee-pink-bean,bean,5,,,,,May,June,September,October
573,cherokee-pink-bean,bean,6,,,,,May,June,September,October
573,cherokee-pink-bean,bean,7,,,,,April,June,August,October
573,cherokee-pink-bean,bean,8,,,,,April,May,August,September
573,cherokee-pink-bean,bean,9,,,,,March,April,July,August
573,cherokee-pink-bean,bean,10,,,,,February,April,June,August
573,cherokee-pink-bean,bean,11,,,,,January,March,May,July
573,cherokee-pink-bean,bean,12,,,,,January,March,May,July
573,cherokee-pink-bean,bean,13,,,,,January,March,May,July
574,pole-lima-speckled-christmas,bean,1,,,,,July,August,November,August
574,pole-lima-speckled-christmas,bean,2,,,,,June,August,October,September
574,pole-lima-speckled-christmas,bean,3,,,,,June,July,October,October
574,pole-lima-speckled-christmas,bean,4,,,,,June,July,September,October
574,pole-lima-speckled-christmas,bean,5,,,,,May,June,September,October
574,pole-lima-speckled-christmas,bean,6,,,,,May,June,September,October
574,pole-lima-speckled-christmas,bean,7,,,,,April,June,August,October
574,pole-lima-speckled-christmas,bean,8,,,,,April,May,August,September
574,pole-lima-speckled-christmas,bean,9,,,,,March,April,July,August
574,pole-lima-speckled-christmas,bean,10,,,,,February,April,June,August
574,pole-lima-speckled-christmas,bean,11,,,,,January,March,May,July
574,pole-lima-speckled-christmas,bean,12,,,,,January,March,May,July
574,pole-lima-speckled-christmas,bean,13,,,,,January,March,May,July
575,jacob-s-cattle-pole-bean,bean,1,,,,,July,August,November,August
575,jacob-s-cattle-pole-bean,bean,2,,,,,June,August,October,September
575,jacob-s-cattle-pole-bean,bean,3,,,,,June,July,October,October
575,jacob-s-cattle-pole-bean,bean,4,,,,,June,July,September,October
575,jacob-s-cattle-pole-bean,bean,5,,,,,May,June,September,October
575,jacob-s-cattle-pole-bean,bean,6,,,,,May,June,September,October
575,jacob-s-cattle-pole-bean,bean,7,,,,,April,June,August,October
575,jacob-s-cattle-pole-bean,bean,8,,,,,April,May,August,September
575,jacob-s-cattle-pole-bean,bean,9,,,,,March,April,July,August
575,jacob-s-cattle-pole-bean,bean,10,,,,,February,April,June,August
575,jacob-s-cattle-pole-bean,bean,11,,,,,January,March,May,July
575,jacob-s-cattle-pole-bean,bean,12,,,,,January,March,May,July
575,jacob-s-cattle-pole-bean,bean,13,,,,,January,March,May,July
576,vermont-cranberry-bush-bean,bean,1,,,,,July,August,October,August
576,vermont-cranberry-bush-bean,bean,2,,,,,June,August,October,September
576,vermont-cranberry-bush-bean,bean,3,,,,,June,July,September,October
576,vermont-cranberry-bush-bean,bean,4,,,,,June,July,September,October
576,vermont-cranberry-bush-bean,bean,5,,,,,May,June,September,October
576,vermont-cranberry-bush-bean,bean,6,,,,,May,June,August,October
576,vermont-cranberry-bush-bean,bean,7,,,,,April,June,August,September
576,vermont-cranberry-bush-bean,bean,8,,,,,April,May,July,September
576,vermont-cranberry-bush-bean,bean,9,,,,,March,April,June,August
576,vermont-cranberry-bush-bean,bean,10,,,,,February,April,June,July
576,vermont-cranberry-bush-bean,bean,11,,,,,January,March,May,June
576,vermont-cranberry-bush-bean,bean,12,,,,,January,March,May,June
576,vermont-cranberry-bush-bean,bean,13,,,,,January,March,May,June
577,green-zucchini-black-beauty-type,squash,1,,,,,July,August,September,August
577,green-zucchini-black-beauty-type,squash,2,,,,,June,August,September,September
577,green-zucchini-black-beauty-type,squash,3,,,,,June,July,August,October
577,green-zucchini-black-beauty-type,squash,4,,,,,June,July,August,October
577,green-zucchini-black-beauty-type,squash,5,,,,,May,June,August,September
577,green-zucchini-black-beauty-type,squash,6,,,,,May,June,July,September
577,green-zucchini-black-beauty-type,squash,7,,,,,April,June,July,August
577,green-zucchini-black-beauty-type,squash,8,,,,,April,May,June,August
577,green-zucchini-black-beauty-type,squash,9,,,,,March,April,May,July
577,green-zucchini-black-beauty-type,squash,10,,,,,February,April,May,June
577,green-zucchini-black-beauty-type,squash,11,,,,,January,March,April,May
577,green-zucchini-black-beauty-type,squash,12,,,,,January,March,April,May
577,green-zucchini-black-beauty-type,squash,13,,,,,January,March,April,May
578,blue-hubbard-squash,squash,1,,,,,July,August,November,August
578,blue-hubbard-squash,squash,2,,,,,June,August,October,September
578,blue-hubbard-squash,squash,3,,,,,June,July,October,October
578,blue-hubbard-squash,squash,4,,,,,June,July,October,October
578,blue-hubbard-squash,squash,5,,,,,May,June,October,October
578,blue-hubbard-squash,squash,6,,,,,May,June,September,November
578,blue-hubbard-squash,squash,7,,,,,April,June,September,October
578,blue-hubbard-squash,squash,8,,,,,April,May,August,October
578,blue-hubbard-squash,squash,9,,,,,March,April,July,September
578,blue-hubbard-squash,squash,10,,,,,February,April,July,August
578,blue-hubbard-squash,squash,11,,,,,January,March,May,July
578,blue-hubbard-squash,squash,12,,,,,January,March,May,July
578,blue-hubbard-squash,squash,13,,,,,January,March,May,July
579,golden-acorn-squash,squash,1,,,,,July,August,November,August
579,golden-acorn-squash,squash,2,,,,,June,August,October,September
579,golden-acorn-squash,squash,3,,,,,June,July,October,October
579,golden-acorn-squash,squash,4,,,,,June,July,September,October
579,golden-acorn-squash,squash,5,,,,,May,June,September,October
579,golden-acorn-squash,squash,6,,,,,May,June,September,October
579,golden-acorn-squash,squash,7,,,,,April,June,August,October
579,golden-acorn-squash,squash,8,,,,,April,May,August,September
579,golden-acorn-squash,squash,9,,,,,March,April,July,August
579,golden-acorn-squash,squash,10,,,,,February,April,June,August
579,golden-acorn-squash,squash,11,,,,,January,March,May,July
579,golden-acorn-squash,squash,12,,,,,January,March,May,July
579,golden-acorn-squash,squash,13,,,,,January,March,May,July
580,costata-romanesco-zucchini,squash,1,,,,,July,August,September,August
580,costata-romanesco-zucchini,squash,2,,,,,June,August,September,September
580,costata-romanesco-zucchini,squash,3,,,,,June,July,August,October
580,costata-romanesco-zucchini,squash,4,,,,,June,July,August,October
580,costata-romanesco-zucchini,squash,5,,,,,May,June,August,September
580,costata-romanesco-zucchini,squash,6,,,,,May,June,July,September
580,costata-romanesco-zucchini,squash,7,,,,,April,June,July,August
580,costata-romanesco-zucchini,squash,8,,,,,April,May,June,August
580,costata-romanesco-zucchini,squash,9,,,,,March,April,May,July
580,costata-romanesco-zucchini,squash,10,,,,,February,April,May,June
580,costata-romanesco-zucchini,squash,11,,,,,January,March,April,May
580,costata-romanesco-zucchini,squash,12,,,,,January,March,April,May
580,costata-romanesco-zucchini,squash,13,,,,,January,March,April,May
582,zucchini-eight-ball,squash,1,,,,,July,August,September,August
582,zucchini-eight-ball,squash,2,,,,,June,August,September,September
582,zucchini-eight-ball,squash,3,,,,,June,July,August,October
582,zucchini-eight-ball,squash,4,,,,,June,July,August,October
582,zucchini-eight-ball,squash,5,,,,,May,June,August,September
582,zucchini-eight-ball,squash,6,,,,,May,June,July,September
582,zucchini-eight-ball,squash,7,,,,,April,June,July,August
582,zucchini-eight-ball,squash,8,,,,,April,May,June,August
582,zucchini-eight-ball,squash,9,,,,,March,April,May,July
582,zucchini-eight-ball,squash,10,,,,,February,April,May,June
582,zucchini-eight-ball,squash,11,,,,,January,March,April,May
582,zucchini-eight-ball,squash,12,,,,,January,March,April,May
582,zucchini-eight-ball,squash,13,,,,,January,March,April,May
583,turban-squash,squash,1,,,,,July,August,November,August
583,turban-squash,squash,2,,,,,June,August,November,September
583,turban-squash,squash,3,,,,,June,July,October,October
583,turban-squash,squash,4,,,,,June,July,October,October
583,turban-squash,squash,5,,,,,May,June,October,October
583,turban-squash,squash,6,,,,,May,June,September,November
583,turban-squash,squash,7,,,,,April,June,September,October
583,turban-squash,squash,8,,,,,April,May,August,October
583,turban-squash,squash,9,,,,,March,April,July,September
583,turban-squash,squash,10,,,,,February,April,July,August
583,turban-squash,squash,11,,,,,January,March,June,July
583,turban-squash,squash,12,,,,,January,March,June,July
583,turban-squash,squash,13,,,,,January,March,June,July
585,red-kuri-squash,squash,1,,,,,July,August,November,August
585,red-kuri-squash,squash,2,,,,,June,August,October,September
585,red-kuri-squash,squash,3,,,,,June,July,October,October
585,red-kuri-squash,squash,4,,,,,June,July,October,October
585,red-kuri-squash,squash,5,,,,,May,June,September,October
585,red-kuri-squash,squash,6,,,,,May,June,September,October
585,red-kuri-squash,squash,7,,,,,April,June,August,October
585,red-kuri-squash,squash,8,,,,,April,May,August,September
585,red-kuri-squash,squash,9,,,,,March,April,July,August
585,red-kuri-squash,squash,10,,,,,February,April,June,August
585,red-kuri-squash,squash,11,,,,,January,March,May,July
585,red-kuri-squash,squash,12,,,,,January,March,May,July
585,red-kuri-squash,squash,13,,,,,January,March,May,July
587,zucchini-dark-green,squash,1,,,,,July,August,September,August
587,zucchini-dark-green,squash,2,,,,,June,August,September,September
587,zucchini-dark-green,squash,3,,,,,June,July,August,October
587,zucchini-dark-green,squash,4,,,,,June,July,August,October
587,zucchini-dark-green,squash,5,,,,,May,June,August,September
587,zucchini-dark-green,squash,6,,,,,May,June,July,September
587,zucchini-dark-green,squash,7,,,,,April,June,July,August
587,zucchini-dark-green,squash,8,,,,,April,May,June,August
587,zucchini-dark-green,squash,9,,,,,March,April,May,July
587,zucchini-dark-green,squash,10,,,,,February,April,May,June
587,zucchini-dark-green,squash,11,,,,,January,March,April,May
587,zucchini-dark-green,squash,12,,,,,January,March,April,May
587,zucchini-dark-green,squash,13,,,,,January,March,April,May
588,butterscotch-winter-squash,squash,1,,,,,July,August,November,August
588,butterscotch-winter-squash,squash,2,,,,,June,August,November,September
588,butterscotch-winter-squash,squash,3,,,,,June,July,October,October
588,butterscotch-winter-squash,squash,4,,,,,June,July,October,October
588,butterscotch-winter-squash,squash,5,,,,,May,June,September,October
588,butterscotch-winter-squash,squash,6,,,,,May,June,September,November
588,butterscotch-winter-squash,squash,7,,,,,April,June,September,October
588,butterscotch-winter-squash,squash,8,,,,,April,May,August,October
588,butterscotch-winter-squash,squash,9,,,,,March,April,July,September
588,butterscotch-winter-squash,squash,10,,,,,February,April,July,August
588,butterscotch-winter-squash,squash,11,,,,,January,March,June,July
588,butterscotch-winter-squash,squash,12,,,,,January,March,June,July
588,butterscotch-winter-squash,squash,13,,,,,January,March,June,July
589,benning-s-green-tint-pattypan,squash,1,,,,,July,August,September,August
589,benning-s-green-tint-pattypan,squash,2,,,,,June,August,September,September
589,benning-s-green-tint-pattypan,squash,3,,,,,June,July,August,October
589,benning-s-green-tint-pattypan,squash,4,,,,,June,July,August,October
589,benning-s-green-tint-pattypan,squash,5,,,,,May,June,August,September
589,benning-s-green-tint-pattypan,squash,6,,,,,May,June,July,September
589,benning-s-green-tint-pattypan,squash,7,,,,,April,June,July,August
589,benning-s-green-tint-pattypan,squash,8,,,,,April,May,June,August
589,benning-s-green-tint-pattypan,squash,9,,,,,March,April,May,July
589,benning-s-green-tint-pattypan,squash,10,,,,,February,April,May,June
589,benning-s-green-tint-pattypan,squash,11,,,,,January,March,April,May
589,benning-s-green-tint-pattypan,squash,12,,,,,January,March,April,May
589,benning-s-green-tint-pattypan,squash,13,,,,,January,March,April,May
590,cushaw-green-striped,squash,1,,,,,July,August,November,August
590,cushaw-green-striped,squash,2,,,,,June,August,November,September
590,cushaw-green-striped,squash,3,,,,,June,July,October,October
590,cushaw-green-striped,squash,4,,,,,June,July,October,October
590,cushaw-green-striped,squash,5,,,,,May,June,October,October
590,cushaw-green-striped,squash,6,,,,,May,June,September,November
590,cushaw-green-striped,squash,7,,,,,April,June,September,October
590,cushaw-green-striped,squash,8,,,,,April,May,August,October
590,cushaw-green-striped,squash,9,,,,,March,April,July,September
590,cushaw-green-striped,squash,10,,,,,February,April,July,August
590,cushaw-green-striped,squash,11,,,,,January,March,June,July
590,cushaw-green-striped,squash,12,,,,,January,March,June,July
590,cushaw-green-striped,squash,13,,,,,January,March,June,July
591,sweet-dumpling-winter-squash,squash,1,,,,,July,August,November,August
591,sweet-dumpling-winter-squash,squash,2,,,,,June,August,October,September
591,sweet-dumpling-winter-squash,squash,3,,,,,June,July,October,October
591,sweet-dumpling-winter-squash,squash,4,,,,,June,July,October,October
591,sweet-dumpling-winter-squash,squash,5,,,,,May,June,September,October
591,sweet-dumpling-winter-squash,squash,6,,,,,May,June,September,October
591,sweet-dumpling-winter-squash,squash,7,,,,,April,June,August,October
591,sweet-dumpling-winter-squash,squash,8,,,,,April,May,August,September
591,sweet-dumpling-winter-squash,squash,9,,,,,March,April,July,August
591,sweet-dumpling-winter-squash,squash,10,,,,,February,April,June,August
591,sweet-dumpling-winter-squash,squash,11,,,,,January,March,May,July
591,sweet-dumpling-winter-squash,squash,12,,,,,January,March,May,July
591,sweet-dumpling-winter-squash,squash,13,,,,,January,March,May,July
592,zucchini-green-machine,squash,1,,,,,July,August,September,August
592,zucchini-green-machine,squash,2,,,,,June,August,September,September
592,zucchini-green-machine,squash,3,,,,,June,July,August,October
592,zucchini-green-machine,squash,4,,,,,June,July,August,October
592,zucchini-green-machine,squash,5,,,,,May,June,August,September
592,zucchini-green-machine,squash,6,,,,,May,June,July,September
592,zucchini-green-machine,squash,7,,,,,April,June,July,August
592,zucchini-green-machine,squash,8,,,,,April,May,June,August
592,zucchini-green-machine,squash,9,,,,,March,April,May,July
592,zucchini-green-machine,squash,10,,,,,February,April,May,June
592,zucchini-green-machine,squash,11,,,,,January,March,April,May
592,zucchini-green-machine,squash,12,,,,,January,March,April,May
592,zucchini-green-machine,squash,13,,,,,January,March,April,May
593,lakota-winter-squash,squash,1,,,,,July,August,November,August
593,lakota-winter-squash,squash,2,,,,,June,August,November,September
593,lakota-winter-squash,squash,3,,,,,June,July,October,October
593,lakota-winter-squash,squash,4,,,,,June,July,October,October
593,lakota-winter-squash,squash,5,,,,,May,June,September,October
593,lakota-winter-squash,squash,6,,,,,May,June,September,November
593,lakota-winter-squash,squash,7,,,,,April,June,September,October
593,lakota-winter-squash,squash,8,,,,,April,May,August,October
593,lakota-winter-squash,squash,9,,,,,March,April,July,September
593,lakota-winter-squash,squash,10,,,,,February,April,July,August
593,lakota-winter-squash,squash,11,,,,,January,March,June,July
593,lakota-winter-squash,squash,12,,,,,January,March,June,July
593,lakota-winter-squash,squash,13,,,,,January,March,June,July
594,romanesco-zucchini,squash,1,,,,,July,August,November,August
594,romanesco-zucchini,squash,2,,,,,June,August,October,September
594,romanesco-zucchini,squash,3,,,,,June,July,October,October
594,romanesco-zucchini,squash,4,,,,,June,July,September,October
594,romanesco-zucchini,squash,5,,,,,May,June,September,October
594,romanesco-zucchini,squash,6,,,,,May,June,September,October
594,romanesco-zucchini,squash,7,,,,,April,June,August,October
594,romanesco-zucchini,squash,8,,,,,April,May,August,September
594,romanesco-zucchini,squash,9,,,,,March,April,July,August
594,romanesco-zucchini,squash,10,,,,,February,April,June,August
594,romanesco-zucchini,squash,11,,,,,January,March,May,July
594,romanesco-zucchini,squash,12,,,,,January,March,May,July
594,romanesco-zucchini,squash,13,,,,,January,March,May,July
595,buttercup-squash-burgess-strain,squash,1,,,,,July,August,November,August
595,buttercup-squash-burgess-strain,squash,2,,,,,June,August,November,September
595,buttercup-squash-burgess-strain,squash,3,,,,,June,July,October,October
595,buttercup-squash-burgess-strain,squash,4,,,,,June,July,October,October
595,buttercup-squash-burgess-strain,squash,5,,,,,May,June,October,October
595,buttercup-squash-burgess-strain,squash,6,,,,,May,June,September,November
595,buttercup-squash-burgess-strain,squash,7,,,,,April,June,September,October
595,buttercup-squash-burgess-strain,squash,8,,,,,April,May,August,October
595,buttercup-squash-burgess-strain,squash,9,,,,,March,April,July,September
595,buttercup-squash-burgess-strain,squash,10,,,,,February,April,July,August
595,buttercup-squash-burgess-strain,squash,11,,,,,January,March,June,July
595,buttercup-squash-burgess-strain,squash,12,,,,,January,March,June,July
595,buttercup-squash-burgess-strain,squash,13,,,,,January,March,June,July
596,yellow-pattypan-squash-sunburst,squash,1,,,,,July,August,September,August
596,yellow-pattypan-squash-sunburst,squash,2,,,,,June,August,September,September
596,yellow-pattypan-squash-sunburst,squash,3,,,,,June,July,August,October
596,yellow-pattypan-squash-sunburst,squash,4,,,,,June,July,August,October
596,yellow-pattypan-squash-sunburst,squash,5,,,,,May,June,August,September
596,yellow-pattypan-squash-sunburst,squash,6,,,,,May,June,July,September
596,yellow-pattypan-squash-sunburst,squash,7,,,,,April,June,July,August
596,yellow-pattypan-squash-sunburst,squash,8,,,,,April,May,June,August
596,yellow-pattypan-squash-sunburst,squash,9,,,,,March,April,May,July
596,yellow-pattypan-squash-sunburst,squash,10,,,,,February,April,May,June
596,yellow-pattypan-squash-sunburst,squash,11,,,,,January,March,April,May
596,yellow-pattypan-squash-sunburst,squash,12,,,,,January,March,April,May
596,yellow-pattypan-squash-sunburst,squash,13,,,,,January,March,April,May
597,zucchini-costata-romanesco,squash,1,,,,,July,August,September,August
597,zucchini-costata-romanesco,squash,2,,,,,June,August,September,September
597,zucchini-costata-romanesco,squash,3,,,,,June,July,August,October
597,zucchini-costata-romanesco,squash,4,,,,,June,July,August,October
597,zucchini-costata-romanesco,squash,5,,,,,May,June,August,September
597,zucchini-costata-romanesco,squash,6,,,,,May,June,July,September
597,zucchini-costata-romanesco,squash,7,,,,,April,June,July,August
597,zucchini-costata-romanesco,squash,8,,,,,April,May,June,August
597,zucchini-costata-romanesco,squash,9,,,,,March,April,May,July
597,zucchini-costata-romanesco,squash,10,,,,,February,April,May,June
597,zucchini-costata-romanesco,squash,11,,,,,January,March,April,May
597,zucchini-costata-romanesco,squash,12,,,,,January,March,April,May
597,zucchini-costata-romanesco,squash,13,,,,,January,March,April,May
598,buttercup-squash,squash,1,,,,,July,August,November,August
598,buttercup-squash,squash,2,,,,,June,August,November,September
598,buttercup-squash,squash,3,,,,,June,July,October,October
598,buttercup-squash,squash,4,,,,,June,July,October,October
598,buttercup-squash,squash,5,,,,,May,June,October,October
598,buttercup-squash,squash,6,,,,,May,June,September,November
598,buttercup-squash,squash,7,,,,,April,June,September,October
598,buttercup-squash,squash,8,,,,,April,May,August,October
598,buttercup-squash,squash,9,,,,,March,April,July,September
598,buttercup-squash,squash,10,,,,,February,April,July,August
598,buttercup-squash,squash,11,,,,,January,March,June,July
598,buttercup-squash,squash,12,,,,,January,March,June,July
598,buttercup-squash,squash,13,,,,,January,March,June,July
599,yellow-scallop-pattypan,squash,1,,,,,July,August,September,August
599,yellow-scallop-pattypan,squash,2,,,,,June,August,September,September
599,yellow-scallop-pattypan,squash,3,,,,,June,July,August,October
599,yellow-scallop-pattypan,squash,4,,,,,June,July,August,October
599,yellow-scallop-pattypan,squash,5,,,,,May,June,August,September
599,yellow-scallop-pattypan,squash,6,,,,,May,June,July,September
599,yellow-scallop-pattypan,squash,7,,,,,April,June,July,August
599,yellow-scallop-pattypan,squash,8,,,,,April,May,June,August
599,yellow-scallop-pattypan,squash,9,,,,,March,April,May,July
599,yellow-scallop-pattypan,squash,10,,,,,February,April,May,June
599,yellow-scallop-pattypan,squash,11,,,,,January,March,April,May
599,yellow-scallop-pattypan,squash,12,,,,,January,March,April,May
599,yellow-scallop-pattypan,squash,13,,,,,January,March,April,May
602,zucchini-grey,squash,1,,,,,July,August,September,August
602,zucchini-grey,squash,2,,,,,June,August,September,September
602,zucchini-grey,squash,3,,,,,June,July,August,October
602,zucchini-grey,squash,4,,,,,June,July,August,October
602,zucchini-grey,squash,5,,,,,May,June,August,September
602,zucchini-grey,squash,6,,,,,May,June,July,September
602,zucchini-grey,squash,7,,,,,April,June,July,August
602,zucchini-grey,squash,8,,,,,April,May,June,August
602,zucchini-grey,squash,9,,,,,March,April,May,July
602,zucchini-grey,squash,10,,,,,February,April,May,June
602,zucchini-grey,squash,11,,,,,January,March,April,May
602,zucchini-grey,squash,12,,,,,January,March,April,May
602,zucchini-grey,squash,13,,,,,January,March,April,May
603,zucchini-partenon,squash,1,,,,,July,August,September,August
603,zucchini-partenon,squash,2,,,,,June,August,September,September
603,zucchini-partenon,squash,3,,,,,June,July,August,October
603,zucchini-partenon,squash,4,,,,,June,July,August,September
603,zucchini-partenon,squash,5,,,,,May,June,August,September
603,zucchini-partenon,squash,6,,,,,May,June,July,September
603,zucchini-partenon,squash,7,,,,,April,June,July,August
603,zucchini-partenon,squash,8,,,,,April,May,June,August
603,zucchini-partenon,squash,9,,,,,March,April,May,July
603,zucchini-partenon,squash,10,,,,,February,April,May,June
603,zucchini-partenon,squash,11,,,,,January,March,April,May
603,zucchini-partenon,squash,12,,,,,January,March,April,May
603,zucchini-partenon,squash,13,,,,,January,March,April,May
604,zucchini-rampicante,squash,1,,,,,July,August,October,August
604,zucchini-rampicante,squash,2,,,,,June,August,September,September
604,zucchini-rampicante,squash,3,,,,,June,July,September,October
604,zucchini-rampicante,squash,4,,,,,June,July,August,October
604,zucchini-rampicante,squash,5,,,,,May,June,August,October
604,zucchini-rampicante,squash,6,,,,,May,June,August,September
604,zucchini-rampicante,squash,7,,,,,April,June,July,September
604,zucchini-rampicante,squash,8,,,,,April,May,July,August
604,zucchini-rampicante,squash,9,,,,,March,April,June,July
604,zucchini-rampicante,squash,10,,,,,February,April,May,July
604,zucchini-rampicante,squash,11,,,,,January,March,April,June
604,zucchini-rampicante,squash,12,,,,,January,March,April,June
604,zucchini-rampicante,squash,13,,,,,January,March,April,June
605,buttercup-maxima,squash,1,,,,,July,August,November,August
605,buttercup-maxima,squash,2,,,,,June,August,October,September
605,buttercup-maxima,squash,3,,,,,June,July,October,October
605,buttercup-maxima,squash,4,,,,,June,July,October,October
605,buttercup-maxima,squash,5,,,,,May,June,September,October
605,buttercup-maxima,squash,6,,,,,May,June,September,October
605,buttercup-maxima,squash,7,,,,,April,June,August,October
605,buttercup-maxima,squash,8,,,,,April,May,August,September
605,buttercup-maxima,squash,9,,,,,March,April,July,August
605,buttercup-maxima,squash,10,,,,,February,April,June,August
605,buttercup-maxima,squash,11,,,,,January,March,May,July
605,buttercup-maxima,squash,12,,,,,January,March,May,July
605,buttercup-maxima,squash,13,,,,,January,March,May,July
606,marina-di-chioggia-pumpkin,squash,1,,,,,July,August,November,August
606,marina-di-chioggia-pumpkin,squash,2,,,,,June,August,October,September
606,marina-di-chioggia-pumpkin,squash,3,,,,,June,July,October,October
606,marina-di-chioggia-pumpkin,squash,4,,,,,June,July,October,October
606,marina-di-chioggia-pumpkin,squash,5,,,,,May,June,September,October
606,marina-di-chioggia-pumpkin,squash,6,,,,,May,June,September,October
606,marina-di-chioggia-pumpkin,squash,7,,,,,April,June,August,October
606,marina-di-chioggia-pumpkin,squash,8,,,,,April,May,August,September
606,marina-di-chioggia-pumpkin,squash,9,,,,,March,April,July,August
606,marina-di-chioggia-pumpkin,squash,10,,,,,February,April,June,August
606,marina-di-chioggia-pumpkin,squash,11,,,,,January,March,May,July
606,marina-di-chioggia-pumpkin,squash,12,,,,,January,March,May,July
606,marina-di-chioggia-pumpkin,squash,13,,,,,January,March,May,July
607,zucchini-ambassador,squash,1,,,,,July,August,September,August
607,zucchini-ambassador,squash,2,,,,,June,August,September,September
607,zucchini-ambassador,squash,3,,,,,June,July,August,October
607,zucchini-ambassador,squash,4,,,,,June,July,August,October
607,zucchini-ambassador,squash,5,,,,,May,June,August,September
607,zucchini-ambassador,squash,6,,,,,May,June,July,September
607,zucchini-ambassador,squash,7,,,,,April,June,July,August
607,zucchini-ambassador,squash,8,,,,,April,May,June,August
607,zucchini-ambassador,squash,9,,,,,March,April,May,July
607,zucchini-ambassador,squash,10,,,,,February,April,May,June
607,zucchini-ambassador,squash,11,,,,,January,March,April,May
607,zucchini-ambassador,squash,12,,,,,January,March,April,May
607,zucchini-ambassador,squash,13,,,,,January,March,April,May
608,connecticut-field-pumpkin,squash,1,,,,,July,August,November,August
608,connecticut-field-pumpkin,squash,2,,,,,June,August,November,September
608,connecticut-field-pumpkin,squash,3,,,,,June,July,October,October
608,connecticut-field-pumpkin,squash,4,,,,,June,July,October,October
608,connecticut-field-pumpkin,squash,5,,,,,May,June,October,October
608,connecticut-field-pumpkin,squash,6,,,,,May,June,September,November
608,connecticut-field-pumpkin,squash,7,,,,,April,June,September,October
608,connecticut-field-pumpkin,squash,8,,,,,April,May,August,October
608,connecticut-field-pumpkin,squash,9,,,,,March,April,July,September
608,connecticut-field-pumpkin,squash,10,,,,,February,April,July,August
608,connecticut-field-pumpkin,squash,11,,,,,January,March,June,July
608,connecticut-field-pumpkin,squash,12,,,,,January,March,June,July
608,connecticut-field-pumpkin,squash,13,,,,,January,March,June,July
609,fordhook-acorn-squash,squash,1,,,,,July,August,November,August
609,fordhook-acorn-squash,squash,2,,,,,June,August,October,September
609,fordhook-acorn-squash,squash,3,,,,,June,July,October,October
609,fordhook-acorn-squash,squash,4,,,,,June,July,September,October
609,fordhook-acorn-squash,squash,5,,,,,May,June,September,October
609,fordhook-acorn-squash,squash,6,,,,,May,June,September,October
609,fordhook-acorn-squash,squash,7,,,,,April,June,August,October
609,fordhook-acorn-squash,squash,8,,,,,April,May,August,September
609,fordhook-acorn-squash,squash,9,,,,,March,April,July,August
609,fordhook-acorn-squash,squash,10,,,,,February,April,June,August
609,fordhook-acorn-squash,squash,11,,,,,January,March,May,July
609,fordhook-acorn-squash,squash,12,,,,,January,March,May,July
609,fordhook-acorn-squash,squash,13,,,,,January,March,May,July
610,gem-squash,squash,1,,,,,July,August,October,August
610,gem-squash,squash,2,,,,,June,August,October,September
610,gem-squash,squash,3,,,,,June,July,September,October
610,gem-squash,squash,4,,,,,June,July,September,October
610,gem-squash,squash,5,,,,,May,June,September,October
610,gem-squash,squash,6,,,,,May,June,August,October
610,gem-squash,squash,7,,,,,April,June,August,September
610,gem-squash,squash,8,,,,,April,May,July,September
610,gem-squash,squash,9,,,,,March,April,June,August
610,gem-squash,squash,10,,,,,February,April,June,July
610,gem-squash,squash,11,,,,,January,March,May,June
610,gem-squash,squash,12,,,,,January,March,May,June
610,gem-squash,squash,13,,,,,January,March,May,June
612,cosmic-purple-carrot,root-vegetable,1,,,,,June,July,August,September
612,cosmic-purple-carrot,root-vegetable,2,,,,,May,July,August,September
612,cosmic-purple-carrot,root-vegetable,3,,,,,May,June,July,October
612,cosmic-purple-carrot,root-vegetable,4,,,,,April,June,July,October
612,cosmic-purple-carrot,root-vegetable,5,,,,,April,May,June,November
612,cosmic-purple-carrot,root-vegetable,6,,,,,April,May,June,November
612,cosmic-purple-carrot,root-vegetable,7,,,,,March,May,June,November
612,cosmic-purple-carrot,root-vegetable,8,,,,,March,April,May,December
612,cosmic-purple-carrot,root-vegetable,9,,,,,February,March,April,December
612,cosmic-purple-carrot,root-vegetable,10,,,,,January,March,April,December
612,cosmic-purple-carrot,root-vegetable,11,,,,,January,February,March,December
612,cosmic-purple-carrot,root-vegetable,12,,,,,January,February,March,December
612,cosmic-purple-carrot,root-vegetable,13,,,,,January,February,March,December
613,easter-egg-radish,root-vegetable,1,,,,,June,July,July,September
613,easter-egg-radish,root-vegetable,2,,,,,May,July,June,September
613,easter-egg-radish,root-vegetable,3,,,,,May,June,June,October
613,easter-egg-radish,root-vegetable,4,,,,,April,June,May,October
613,easter-egg-radish,root-vegetable,5,,,,,April,May,May,November
613,easter-egg-radish,root-vegetable,6,,,,,April,May,May,November
613,easter-egg-radish,root-vegetable,7,,,,,March,May,April,November
613,easter-egg-radish,root-vegetable,8,,,,,March,April,April,December
613,easter-egg-radish,root-vegetable,9,,,,,February,March,March,December
613,easter-egg-radish,root-vegetable,10,,,,,January,March,February,December
613,easter-egg-radish,root-vegetable,11,,,,,January,February,January,December
613,easter-egg-radish,root-vegetable,12,,,,,January,February,January,December
613,easter-egg-radish,root-vegetable,13,,,,,January,February,January,December
614,all-seasons-white-daikon,root-vegetable,1,,,,,June,July,August,September
614,all-seasons-white-daikon,root-vegetable,2,,,,,May,July,July,September
614,all-seasons-white-daikon,root-vegetable,3,,,,,May,June,July,October
614,all-seasons-white-daikon,root-vegetable,4,,,,,April,June,June,October
614,all-seasons-white-daikon,root-vegetable,5,,,,,April,May,June,November
614,all-seasons-white-daikon,root-vegetable,6,,,,,April,May,June,November
614,all-seasons-white-daikon,root-vegetable,7,,,,,March,May,May,November
614,all-seasons-white-daikon,root-vegetable,8,,,,,March,April,May,December
614,all-seasons-white-daikon,root-vegetable,9,,,,,February,March,April,December
614,all-seasons-white-daikon,root-vegetable,10,,,,,January,March,March,December
614,all-seasons-white-daikon,root-vegetable,11,,,,,January,February,February,December
614,all-seasons-white-daikon,root-vegetable,12,,,,,January,February,February,December
614,all-seasons-white-daikon,root-vegetable,13,,,,,January,February,February,December
615,nero-tondo-black-spanish-round-radish,root-vegetable,1,,,,,June,July,August,September
615,nero-tondo-black-spanish-round-radish,root-vegetable,2,,,,,May,July,July,September
615,nero-tondo-black-spanish-round-radish,root-vegetable,3,,,,,May,June,July,October
615,nero-tondo-black-spanish-round-radish,root-vegetable,4,,,,,April,June,June,October
615,nero-tondo-black-spanish-round-radish,root-vegetable,5,,,,,April,May,June,November
615,nero-tondo-black-spanish-round-radish,root-vegetable,6,,,,,April,May,June,November
615,nero-tondo-black-spanish-round-radish,root-vegetable,7,,,,,March,May,May,November
615,nero-tondo-black-spanish-round-radish,root-vegetable,8,,,,,March,April,May,December
615,nero-tondo-black-spanish-round-radish,root-vegetable,9,,,,,February,March,April,December
615,nero-tondo-black-spanish-round-radish,root-vegetable,10,,,,,January,March,March,December
615,nero-tondo-black-spanish-round-radish,root-vegetable,11,,,,,January,February,February,December
615,nero-tondo-black-spanish-round-radish,root-vegetable,12,,,,,January,February,February,December
615,nero-tondo-black-spanish-round-radish,root-vegetable,13,,,,,January,February,February,December
616,mokum-carrot,root-vegetable,1,,,,,June,July,July,September
616,mokum-carrot,root-vegetable,2,,,,,May,July,July,September
616,mokum-carrot,root-vegetable,3,,,,,May,June,June,October
616,mokum-carrot,root-vegetable,4,,,,,April,June,June,October
616,mokum-carrot,root-vegetable,5,,,,,April,May,June,November
616,mokum-carrot,root-vegetable,6,,,,,April,May,May,November
616,mokum-carrot,root-vegetable,7,,,,,March,May,May,November
616,mokum-carrot,root-vegetable,8,,,,,March,April,April,December
616,mokum-carrot,root-vegetable,9,,,,,February,March,March,December
616,mokum-carrot,root-vegetable,10,,,,,January,March,March,December
616,mokum-carrot,root-vegetable,11,,,,,January,February,February,December
616,mokum-carrot,root-vegetable,12,,,,,January,February,February,December
616,mokum-carrot,root-vegetable,13,,,,,January,February,February,December
617,atomic-red-carrot,root-vegetable,1,,,,,June,July,August,September
617,atomic-red-carrot,root-vegetable,2,,,,,May,July,July,September
617,atomic-red-carrot,root-vegetable,3,,,,,May,June,July,October
617,atomic-red-carrot,root-vegetable,4,,,,,April,June,July,October
617,atomic-red-carrot,root-vegetable,5,,,,,April,May,June,November
617,atomic-red-carrot,root-vegetable,6,,,,,April,May,June,November
617,atomic-red-carrot,root-vegetable,7,,,,,March,May,May,November
617,atomic-red-carrot,root-vegetable,8,,,,,March,April,May,December
617,atomic-red-carrot,root-vegetable,9,,,,,February,March,April,December
617,atomic-red-carrot,root-vegetable,10,,,,,January,March,March,December
617,atomic-red-carrot,root-vegetable,11,,,,,January,February,February,December
617,atomic-red-carrot,root-vegetable,12,,,,,January,February,February,December
617,atomic-red-carrot,root-vegetable,13,,,,,January,February,February,December
618,cherry-belle-radish,root-vegetable,1,,,,,June,July,June,September
618,cherry-belle-radish,root-vegetable,2,,,,,May,July,June,September
618,cherry-belle-radish,root-vegetable,3,,,,,May,June,May,October
618,cherry-belle-radish,root-vegetable,4,,,,,April,June,May,October
618,cherry-belle-radish,root-vegetable,5,,,,,April,May,May,November
618,cherry-belle-radish,root-vegetable,6,,,,,April,May,April,November
618,cherry-belle-radish,root-vegetable,7,,,,,March,May,April,November
618,cherry-belle-radish,root-vegetable,8,,,,,March,April,March,December
618,cherry-belle-radish,root-vegetable,9,,,,,February,March,February,December
618,cherry-belle-radish,root-vegetable,10,,,,,January,March,February,December
618,cherry-belle-radish,root-vegetable,11,,,,,January,February,January,December
618,cherry-belle-radish,root-vegetable,12,,,,,January,February,January,December
618,cherry-belle-radish,root-vegetable,13,,,,,January,February,January,December
619,yukon-gold-potato,root-vegetable,1,,,,,June,July,August,September
619,yukon-gold-potato,root-vegetable,2,,,,,May,July,August,September
619,yukon-gold-potato,root-vegetable,3,,,,,May,June,July,October
619,yukon-gold-potato,root-vegetable,4,,,,,April,June,July,October
619,yukon-gold-potato,root-vegetable,5,,,,,April,May,July,November
619,yukon-gold-potato,root-vegetable,6,,,,,April,May,June,November
619,yukon-gold-potato,root-vegetable,7,,,,,March,May,June,November
619,yukon-gold-potato,root-vegetable,8,,,,,March,April,May,December
619,yukon-gold-potato,root-vegetable,9,,,,,February,March,April,December
619,yukon-gold-potato,root-vegetable,10,,,,,January,March,April,December
619,yukon-gold-potato,root-vegetable,11,,,,,January,February,March,December
619,yukon-gold-potato,root-vegetable,12,,,,,January,February,March,December
619,yukon-gold-potato,root-vegetable,13,,,,,January,February,March,December
620,long-black-spanish-radish,root-vegetable,1,,,,,June,July,July,September
620,long-black-spanish-radish,root-vegetable,2,,,,,May,July,July,September
620,long-black-spanish-radish,root-vegetable,3,,,,,May,June,June,October
620,long-black-spanish-radish,root-vegetable,4,,,,,April,June,June,October
620,long-black-spanish-radish,root-vegetable,5,,,,,April,May,June,November
620,long-black-spanish-radish,root-vegetable,6,,,,,April,May,May,November
620,long-black-spanish-radish,root-vegetable,7,,,,,March,May,May,November
620,long-black-spanish-radish,root-vegetable,8,,,,,March,April,April,December
620,long-black-spanish-radish,root-vegetable,9,,,,,February,March,March,December
620,long-black-spanish-radish,root-vegetable,10,,,,,January,March,March,December
620,long-black-spanish-radish,root-vegetable,11,,,,,January,February,February,December
620,long-black-spanish-radish,root-vegetable,12,,,,,January,February,February,December
620,long-black-spanish-radish,root-vegetable,13,,,,,January,February,February,December
621,tendersweet-orange-carrot,root-vegetable,1,,,,,June,July,August,September
621,tendersweet-orange-carrot,root-vegetable,2,,,,,May,July,August,September
621,tendersweet-orange-carrot,root-vegetable,3,,,,,May,June,July,October
621,tendersweet-orange-carrot,root-vegetable,4,,,,,April,June,July,October
621,tendersweet-orange-carrot,root-vegetable,5,,,,,April,May,July,November
621,tendersweet-orange-carrot,root-vegetable,6,,,,,April,May,June,November
621,tendersweet-orange-carrot,root-vegetable,7,,,,,March,May,June,November
621,tendersweet-orange-carrot,root-vegetable,8,,,,,March,April,May,December
621,tendersweet-orange-carrot,root-vegetable,9,,,,,February,March,April,December
621,tendersweet-orange-carrot,root-vegetable,10,,,,,January,March,April,December
621,tendersweet-orange-carrot,root-vegetable,11,,,,,January,February,March,December
621,tendersweet-orange-carrot,root-vegetable,12,,,,,January,February,March,December
621,tendersweet-orange-carrot,root-vegetable,13,,,,,January,February,March,December
622,imperator-58-carrot,root-vegetable,1,,,,,June,July,August,September
622,imperator-58-carrot,root-vegetable,2,,,,,May,July,July,September
622,imperator-58-carrot,root-vegetable,3,,,,,May,June,July,October
622,imperator-58-carrot,root-vegetable,4,,,,,April,June,July,October
622,imperator-58-carrot,root-vegetable,5,,,,,April,May,June,November
622,imperator-58-carrot,root-vegetable,6,,,,,April,May,June,November
622,imperator-58-carrot,root-vegetable,7,,,,,March,May,May,November
622,imperator-58-carrot,root-vegetable,8,,,,,March,April,May,December
622,imperator-58-carrot,root-vegetable,9,,,,,February,March,April,December
622,imperator-58-carrot,root-vegetable,10,,,,,January,March,March,December
622,imperator-58-carrot,root-vegetable,11,,,,,January,February,February,December
622,imperator-58-carrot,root-vegetable,12,,,,,January,February,February,December
622,imperator-58-carrot,root-vegetable,13,,,,,January,February,February,December
623,thumbelina-carrot,root-vegetable,1,,,,,June,July,August,September
623,thumbelina-carrot,root-vegetable,2,,,,,May,July,July,September
623,thumbelina-carrot,root-vegetable,3,,,,,May,June,July,October
623,thumbelina-carrot,root-vegetable,4,,,,,April,June,July,October
623,thumbelina-carrot,root-vegetable,5,,,,,April,May,June,November
623,thumbelina-carrot,root-vegetable,6,,,,,April,May,June,November
623,thumbelina-carrot,root-vegetable,7,,,,,March,May,May,November
623,thumbelina-carrot,root-vegetable,8,,,,,March,April,May,December
623,thumbelina-carrot,root-vegetable,9,,,,,February,March,April,December
623,thumbelina-carrot,root-vegetable,10,,,,,January,March,March,December
623,thumbelina-carrot,root-vegetable,11,,,,,January,February,February,December
623,thumbelina-carrot,root-vegetable,12,,,,,January,February,February,December
623,thumbelina-carrot,root-vegetable,13,,,,,January,February,February,December
624,german-giant-radish,root-vegetable,1,,,,,June,July,July,September
624,german-giant-radish,root-vegetable,2,,,,,May,July,July,September
624,german-giant-radish,root-vegetable,3,,,,,May,June,June,October
624,german-giant-radish,root-vegetable,4,,,,,April,June,June,October
624,german-giant-radish,root-vegetable,5,,,,,April,May,June,November
624,german-giant-radish,root-vegetable,6,,,,,April,May,May,November
624,german-giant-radish,root-vegetable,7,,,,,March,May,May,November
624,german-giant-radish,root-vegetable,8,,,,,March,April,April,December
624,german-giant-radish,root-vegetable,9,,,,,February,March,March,December
624,german-giant-radish,root-vegetable,10,,,,,January,March,March,December
624,german-giant-radish,root-vegetable,11,,,,,January,February,February,December
624,german-giant-radish,root-vegetable,12,,,,,January,February,February,December
624,german-giant-radish,root-vegetable,13,,,,,January,February,February,December
625,red-norland-potato,root-vegetable,1,,,,,June,July,August,September
625,red-norland-potato,root-vegetable,2,,,,,May,July,July,September
625,red-norland-potato,root-vegetable,3,,,,,May,June,July,October
625,red-norland-potato,root-vegetable,4,,,,,April,June,July,October
625,red-norland-potato,root-vegetable,5,,,,,April,May,June,November
625,red-norland-potato,root-vegetable,6,,,,,April,May,June,November
625,red-norland-potato,root-vegetable,7,,,,,March,May,May,November
625,red-norland-potato,root-vegetable,8,,,,,March,April,May,December
625,red-norland-potato,root-vegetable,9,,,,,February,March,April,December
625,red-norland-potato,root-vegetable,10,,,,,January,March,March,December
625,red-norland-potato,root-vegetable,11,,,,,January,February,February,December
625,red-norland-potato,root-vegetable,12,,,,,January,February,February,December
625,red-norland-potato,root-vegetable,13,,,,,January,February,February,December
629,pontiac-red-potato,root-vegetable,1,,,,,June,July,August,September
629,pontiac-red-potato,root-vegetable,2,,,,,May,July,August,September
629,pontiac-red-potato,root-vegetable,3,,,,,May,June,July,October
629,pontiac-red-potato,root-vegetable,4,,,,,April,June,July,October
629,pontiac-red-potato,root-vegetable,5,,,,,April,May,July,November
629,pontiac-red-potato,root-vegetable,6,,,,,April,May,June,November
629,pontiac-red-potato,root-vegetable,7,,,,,March,May,June,November
629,pontiac-red-potato,root-vegetable,8,,,,,March,April,May,December
629,pontiac-red-potato,root-vegetable,9,,,,,February,March,April,December
629,pontiac-red-potato,root-vegetable,10,,,,,January,March,April,December
629,pontiac-red-potato,root-vegetable,11,,,,,January,February,March,December
629,pontiac-red-potato,root-vegetable,12,,,,,January,February,March,December
629,pontiac-red-potato,root-vegetable,13,,,,,January,February,March,December
630,german-butterball-potato,root-vegetable,1,,,,,June,July,September,September
630,german-butterball-potato,root-vegetable,2,,,,,May,July,September,September
630,german-butterball-potato,root-vegetable,3,,,,,May,June,August,October
630,german-butterball-potato,root-vegetable,4,,,,,April,June,August,October
630,german-butterball-potato,root-vegetable,5,,,,,April,May,July,November
630,german-butterball-potato,root-vegetable,6,,,,,April,May,July,November
630,german-butterball-potato,root-vegetable,7,,,,,March,May,July,November
630,german-butterball-potato,root-vegetable,8,,,,,March,April,June,December
630,german-butterball-potato,root-vegetable,9,,,,,February,March,May,December
630,german-butterball-potato,root-vegetable,10,,,,,January,March,May,December
630,german-butterball-potato,root-vegetable,11,,,,,January,February,April,December
630,german-butterball-potato,root-vegetable,12,,,,,January,February,April,December
630,german-butterball-potato,root-vegetable,13,,,,,January,February,April,December
631,scarlet-queen-turnip,root-vegetable,1,,,,,June,July,July,September
631,scarlet-queen-turnip,root-vegetable,2,,,,,May,July,June,September
631,scarlet-queen-turnip,root-vegetable,3,,,,,May,June,June,October
631,scarlet-queen-turnip,root-vegetable,4,,,,,April,June,June,October
631,scarlet-queen-turnip,root-vegetable,5,,,,,April,May,May,November
631,scarlet-queen-turnip,root-vegetable,6,,,,,April,May,May,November
631,scarlet-queen-turnip,root-vegetable,7,,,,,March,May,April,November
631,scarlet-queen-turnip,root-vegetable,8,,,,,March,April,April,December
631,scarlet-queen-turnip,root-vegetable,9,,,,,February,March,March,December
631,scarlet-queen-turnip,root-vegetable,10,,,,,January,March,February,December
631,scarlet-queen-turnip,root-vegetable,11,,,,,January,February,January,December
631,scarlet-queen-turnip,root-vegetable,12,,,,,January,February,January,December
631,scarlet-queen-turnip,root-vegetable,13,,,,,January,February,January,December
632,purple-carrot-cosmic-purple,root-vegetable,1,,,,,June,July,August,September
632,purple-carrot-cosmic-purple,root-vegetable,2,,,,,May,July,August,September
632,purple-carrot-cosmic-purple,root-vegetable,3,,,,,May,June,July,October
632,purple-carrot-cosmic-purple,root-vegetable,4,,,,,April,June,July,October
632,purple-carrot-cosmic-purple,root-vegetable,5,,,,,April,May,June,November
632,purple-carrot-cosmic-purple,root-vegetable,6,,,,,April,May,June,November
632,purple-carrot-cosmic-purple,root-vegetable,7,,,,,March,May,June,November
632,purple-carrot-cosmic-purple,root-vegetable,8,,,,,March,April,May,December
632,purple-carrot-cosmic-purple,root-vegetable,9,,,,,February,March,April,December
632,purple-carrot-cosmic-purple,root-vegetable,10,,,,,January,March,April,December
632,purple-carrot-cosmic-purple,root-vegetable,11,,,,,January,February,March,December
632,purple-carrot-cosmic-purple,root-vegetable,12,,,,,January,February,March,December
632,purple-carrot-cosmic-purple,root-vegetable,13,,,,,January,February,March,December
633,kennebec-potato,root-vegetable,1,,,,,June,July,September,September
633,kennebec-potato,root-vegetable,2,,,,,May,July,August,September
633,kennebec-potato,root-vegetable,3,,,,,May,June,August,October
633,kennebec-potato,root-vegetable,4,,,,,April,June,July,October
633,kennebec-potato,root-vegetable,5,,,,,April,May,July,November
633,kennebec-potato,root-vegetable,6,,,,,April,May,July,November
633,kennebec-potato,root-vegetable,7,,,,,March,May,June,November
633,kennebec-potato,root-vegetable,8,,,,,March,April,June,December
633,kennebec-potato,root-vegetable,9,,,,,February,March,May,December
633,kennebec-potato,root-vegetable,10,,,,,January,March,April,December
633,kennebec-potato,root-vegetable,11,,,,,January,February,March,December
633,kennebec-potato,root-vegetable,12,,,,,January,February,March,December
633,kennebec-potato,root-vegetable,13,,,,,January,February,March,December
634,black-spanish-round-radish,root-vegetable,1,,,,,June,July,August,September
634,black-spanish-round-radish,root-vegetable,2,,,,,May,July,July,September
634,black-spanish-round-radish,root-vegetable,3,,,,,May,June,July,October
634,black-spanish-round-radish,root-vegetable,4,,,,,April,June,June,October
634,black-spanish-round-radish,root-vegetable,5,,,,,April,May,June,November
634,black-spanish-round-radish,root-vegetable,6,,,,,April,May,June,November
634,black-spanish-round-radish,root-vegetable,7,,,,,March,May,May,November
634,black-spanish-round-radish,root-vegetable,8,,,,,March,April,May,December
634,black-spanish-round-radish,root-vegetable,9,,,,,February,March,April,December
634,black-spanish-round-radish,root-vegetable,10,,,,,January,March,March,December
634,black-spanish-round-radish,root-vegetable,11,,,,,January,February,February,December
634,black-spanish-round-radish,root-vegetable,12,,,,,January,February,February,December
634,black-spanish-round-radish,root-vegetable,13,,,,,January,February,February,December
636,touchon-carrot,root-vegetable,1,,,,,June,July,August,September
636,touchon-carrot,root-vegetable,2,,,,,May,July,July,September
636,touchon-carrot,root-vegetable,3,,,,,May,June,July,October
636,touchon-carrot,root-vegetable,4,,,,,April,June,July,October
636,touchon-carrot,root-vegetable,5,,,,,April,May,June,November
636,touchon-carrot,root-vegetable,6,,,,,April,May,June,November
636,touchon-carrot,root-vegetable,7,,,,,March,May,May,November
636,touchon-carrot,root-vegetable,8,,,,,March,April,May,December
636,touchon-carrot,root-vegetable,9,,,,,February,March,April,December
636,touchon-carrot,root-vegetable,10,,,,,January,March,March,December
636,touchon-carrot,root-vegetable,11,,,,,January,February,February,December
636,touchon-carrot,root-vegetable,12,,,,,January,February,February,December
636,touchon-carrot,root-vegetable,13,,,,,January,February,February,December
637,calabrese-broccoli,brassica,1,April,May,June,July,June,July,August,September
637,calabrese-broccoli,brassica,2,April,May,June,July,May,July,August,September
637,calabrese-broccoli,brassica,3,March,April,May,June,May,June,July,October
637,calabrese-broccoli,brassica,4,March,April,May,June,April,June,July,October
637,calabrese-broccoli,brassica,5,February,March,April,May,April,May,June,November
637,calabrese-broccoli,brassica,6,February,March,April,May,April,May,June,November
637,calabrese-broccoli,brassica,7,February,March,April,May,March,May,June,November
637,calabrese-broccoli,brassica,8,January,February,March,April,March,April,May,December
637,calabrese-broccoli,brassica,9,January,January,February,March,February,March,April,December
637,calabrese-broccoli,brassica,10,January,January,February,March,January,March,April,December
637,calabrese-broccoli,brassica,11,January,January,January,February,January,February,March,December
637,calabrese-broccoli,brassica,12,January,January,January,February,January,February,March,December
637,calabrese-broccoli,brassica,13,January,January,January,February,January,February,March,December
639,dwarf-blue-curled-kale,brassica,1,April,May,June,July,June,July,August,September
639,dwarf-blue-curled-kale,brassica,2,April,May,June,July,May,July,July,September
639,dwarf-blue-curled-kale,brassica,3,March,April,May,June,May,June,July,October
639,dwarf-blue-curled-kale,brassica,4,March,April,May,June,April,June,June,October
639,dwarf-blue-curled-kale,brassica,5,February,March,April,May,April,May,June,November
639,dwarf-blue-curled-kale,brassica,6,February,March,April,May,April,May,June,November
639,dwarf-blue-curled-kale,brassica,7,February,March,April,May,March,May,May,November
639,dwarf-blue-curled-kale,brassica,8,January,February,March,April,March,April,May,December
639,dwarf-blue-curled-kale,brassica,9,January,January,February,March,February,March,April,December
639,dwarf-blue-curled-kale,brassica,10,January,January,February,March,January,March,March,December
639,dwarf-blue-curled-kale,brassica,11,January,January,January,February,January,February,February,December
639,dwarf-blue-curled-kale,brassica,12,January,January,January,February,January,February,February,December
639,dwarf-blue-curled-kale,brassica,13,January,January,January,February,January,February,February,December
642,dinosaur-kale,brassica,1,April,May,June,July,June,July,October,September
642,dinosaur-kale,brassica,2,April,May,June,July,May,July,September,September
642,dinosaur-kale,brassica,3,March,April,May,June,May,June,September,October
642,dinosaur-kale,brassica,4,March,April,May,June,April,June,August,October
642,dinosaur-kale,brassica,5,February,March,April,May,April,May,August,November
642,dinosaur-kale,brassica,6,February,March,April,May,April,May,August,November
642,dinosaur-kale,brassica,7,February,March,April,May,March,May,July,November
642,dinosaur-kale,brassica,8,January,February,March,April,March,April,July,December
642,dinosaur-kale,brassica,9,January,January,February,March,February,March,June,December
642,dinosaur-kale,brassica,10,January,January,February,March,January,March,May,December
642,dinosaur-kale,brassica,11,January,January,January,February,January,February,April,December
642,dinosaur-kale,brassica,12,January,January,January,February,January,February,April,December
642,dinosaur-kale,brassica,13,January,January,January,February,January,February,April,December
643,copenhagen-market-cabbage,brassica,1,April,May,June,July,June,July,August,September
643,copenhagen-market-cabbage,brassica,2,April,May,June,July,May,July,July,September
643,copenhagen-market-cabbage,brassica,3,March,April,May,June,May,June,July,October
643,copenhagen-market-cabbage,brassica,4,March,April,May,June,April,June,July,October
643,copenhagen-market-cabbage,brassica,5,February,March,April,May,April,May,June,November
643,copenhagen-market-cabbage,brassica,6,February,March,April,May,April,May,June,November
643,copenhagen-market-cabbage,brassica,7,February,March,April,May,March,May,May,November
643,copenhagen-market-cabbage,brassica,8,January,February,March,April,March,April,May,December
643,copenhagen-market-cabbage,brassica,9,January,January,February,March,February,March,April,December
643,copenhagen-market-cabbage,brassica,10,January,January,February,March,January,March,March,December
643,copenhagen-market-cabbage,brassica,11,January,January,January,February,January,February,February,December
643,copenhagen-market-cabbage,brassica,12,January,January,January,February,January,February,February,December
643,copenhagen-market-cabbage,brassica,13,January,January,January,February,January,February,February,December
645,waltham-29-broccoli,brassica,1,April,May,June,July,June,July,August,September
645,waltham-29-broccoli,brassica,2,April,May,June,July,May,July,July,September
645,waltham-29-broccoli,brassica,3,March,April,May,June,May,June,July,October
645,waltham-29-broccoli,brassica,4,March,April,May,June,April,June,July,October
645,waltham-29-broccoli,brassica,5,February,March,April,May,April,May,June,November
645,waltham-29-broccoli,brassica,6,February,March,April,May,April,May,June,November
645,waltham-29-broccoli,brassica,7,February,March,April,May,March,May,May,November
645,waltham-29-broccoli,brassica,8,January,February,March,April,March,April,May,December
645,waltham-29-broccoli,brassica,9,January,January,February,March,February,March,April,December
645,waltham-29-broccoli,brassica,10,January,January,February,March,January,March,March,December
645,waltham-29-broccoli,brassica,11,January,January,January,February,January,February,February,December
645,waltham-29-broccoli,brassica,12,January,January,January,February,January,February,February,December
645,waltham-29-broccoli,brassica,13,January,January,January,February,January,February,February,December
647,burpee-hybrid-broccoli,brassica,1,April,May,June,July,June,July,August,September
647,burpee-hybrid-broccoli,brassica,2,April,May,June,July,May,July,August,September
647,burpee-hybrid-broccoli,brassica,3,March,April,May,June,May,June,July,October
647,burpee-hybrid-broccoli,brassica,4,March,April,May,June,April,June,July,October
647,burpee-hybrid-broccoli,brassica,5,February,March,April,May,April,May,June,November
647,burpee-hybrid-broccoli,brassica,6,February,March,April,May,April,May,June,November
647,burpee-hybrid-broccoli,brassica,7,February,March,April,May,March,May,June,November
647,burpee-hybrid-broccoli,brassica,8,January,February,March,April,March,April,May,December
647,burpee-hybrid-broccoli,brassica,9,January,January,February,March,February,March,April,December
647,burpee-hybrid-broccoli,brassica,10,January,January,February,March,January,March,April,December
647,burpee-hybrid-broccoli,brassica,11,January,January,January,February,January,February,March,December
647,burpee-hybrid-broccoli,brassica,12,January,January,January,February,January,February,March,December
647,burpee-hybrid-broccoli,brassica,13,January,January,January,February,January,February,March,December
648,winterbor-kale,brassica,1,April,May,June,July,June,July,August,September
648,winterbor-kale,brassica,2,April,May,June,July,May,July,July,September
648,winterbor-kale,brassica,3,March,April,May,June,May,June,July,October
648,winterbor-kale,brassica,4,March,April,May,June,April,June,June,October
648,winterbor-kale,brassica,5,February,March,April,May,April,May,June,November
648,winterbor-kale,brassica,6,February,March,April,May,April,May,June,November
648,winterbor-kale,brassica,7,February,March,April,May,March,May,May,November
648,winterbor-kale,brassica,8,January,February,March,April,March,April,May,December
648,winterbor-kale,brassica,9,January,January,February,March,February,March,April,December
648,winterbor-kale,brassica,10,January,January,February,March,January,March,March,December
648,winterbor-kale,brassica,11,January,January,January,February,January,February,February,December
648,winterbor-kale,brassica,12,January,January,January,February,January,February,February,December
648,winterbor-kale,brassica,13,January,January,January,February,January,February,February,December
649,early-flat-dutch-cabbage,brassica,1,April,May,June,July,June,July,September,September
649,early-flat-dutch-cabbage,brassica,2,April,May,June,July,May,July,September,September
649,early-flat-dutch-cabbage,brassica,3,March,April,May,June,May,June,August,October
649,early-flat-dutch-cabbage,brassica,4,March,April,May,June,April,June,August,October
649,early-flat-dutch-cabbage,brassica,5,February,March,April,May,April,May,July,November
649,early-flat-dutch-cabbage,brassica,6,February,March,April,May,April,May,July,November
649,early-flat-dutch-cabbage,brassica,7,February,March,April,May,March,May,July,November
649,early-flat-dutch-cabbage,brassica,8,January,February,March,April,March,April,June,December
649,early-flat-dutch-cabbage,brassica,9,January,January,February,March,February,March,May,December
649,early-flat-dutch-cabbage,brassica,10,January,January,February,March,January,March,May,December
649,early-flat-dutch-cabbage,brassica,11,January,January,January,February,January,February,April,December
649,early-flat-dutch-cabbage,brassica,12,January,January,January,February,January,February,April,December
649,early-flat-dutch-cabbage,brassica,13,January,January,January,February,January,February,April,December
655,cabbage-stonehead,brassica,1,April,May,June,July,June,July,August,September
655,cabbage-stonehead,brassica,2,April,May,June,July,May,July,August,September
655,cabbage-stonehead,brassica,3,March,April,May,June,May,June,July,October
655,cabbage-stonehead,brassica,4,March,April,May,June,April,June,July,October
655,cabbage-stonehead,brassica,5,February,March,April,May,April,May,June,November
655,cabbage-stonehead,brassica,6,February,March,April,May,April,May,June,November
655,cabbage-stonehead,brassica,7,February,March,April,May,March,May,June,November
655,cabbage-stonehead,brassica,8,January,February,March,April,March,April,May,December
655,cabbage-stonehead,brassica,9,January,January,February,March,February,March,April,December
655,cabbage-stonehead,brassica,10,January,January,February,March,January,March,April,December
655,cabbage-stonehead,brassica,11,January,January,January,February,January,February,March,December
655,cabbage-stonehead,brassica,12,January,January,January,February,January,February,March,December
655,cabbage-stonehead,brassica,13,January,January,January,February,January,February,March,December
657,green-goliath-broccoli,brassica,1,April,May,June,July,June,July,August,September
657,green-goliath-broccoli,brassica,2,April,May,June,July,May,July,July,September
657,green-goliath-broccoli,brassica,3,March,April,May,June,May,June,July,October
657,green-goliath-broccoli,brassica,4,March,April,May,June,April,June,June,October
657,green-goliath-broccoli,brassica,5,February,March,April,May,April,May,June,November
657,green-goliath-broccoli,brassica,6,February,March,April,May,April,May,June,November
657,green-goliath-broccoli,brassica,7,February,March,April,May,March,May,May,November
657,green-goliath-broccoli,brassica,8,January,February,March,April,March,April,May,December
657,green-goliath-broccoli,brassica,9,January,January,February,March,February,March,April,December
657,green-goliath-broccoli,brassica,10,January,January,February,March,January,March,March,December
657,green-goliath-broccoli,brassica,11,January,January,January,February,January,February,February,December
657,green-goliath-broccoli,brassica,12,January,January,January,February,January,February,February,December
657,green-goliath-broccoli,brassica,13,January,January,January,February,January,February,February,December
658,red-acre-cabbage,brassica,1,April,May,June,July,June,July,August,September
658,red-acre-cabbage,brassica,2,April,May,June,July,May,July,August,September
658,red-acre-cabbage,brassica,3,March,April,May,June,May,June,July,October
658,red-acre-cabbage,brassica,4,March,April,May,June,April,June,July,October
658,red-acre-cabbage,brassica,5,February,March,April,May,April,May,July,November
658,red-acre-cabbage,brassica,6,February,March,April,May,April,May,June,November
658,red-acre-cabbage,brassica,7,February,March,April,May,March,May,June,November
658,red-acre-cabbage,brassica,8,January,February,March,April,March,April,May,December
658,red-acre-cabbage,brassica,9,January,January,February,March,February,March,April,December
658,red-acre-cabbage,brassica,10,January,January,February,March,January,March,April,December
658,red-acre-cabbage,brassica,11,January,January,January,February,January,February,March,December
658,red-acre-cabbage,brassica,12,January,January,January,February,January,February,March,December
658,red-acre-cabbage,brassica,13,January,January,January,February,January,February,March,December
659,vates-dwarf-blue-curled-kale,brassica,1,April,May,June,July,June,July,July,September
659,vates-dwarf-blue-curled-kale,brassica,2,April,May,June,July,May,July,July,September
659,vates-dwarf-blue-curled-kale,brassica,3,March,April,May,June,May,June,June,October
659,vates-dwarf-blue-curled-kale,brassica,4,March,April,May,June,April,June,June,October
659,vates-dwarf-blue-curled-kale,brassica,5,February,March,April,May,April,May,June,November
659,vates-dwarf-blue-curled-kale,brassica,6,February,March,April,May,April,May,May,November
659,vates-dwarf-blue-curled-kale,brassica,7,February,March,April,May,March,May,May,November
659,vates-dwarf-blue-curled-kale,brassica,8,January,February,March,April,March,April,April,December
659,vates-dwarf-blue-curled-kale,brassica,9,January,January,February,March,February,March,March,December
659,vates-dwarf-blue-curled-kale,brassica,10,January,January,February,March,January,March,March,December
659,vates-dwarf-blue-curled-kale,brassica,11,January,January,January,February,January,February,February,December
659,vates-dwarf-blue-curled-kale,brassica,12,January,January,January,February,January,February,February,December
659,vates-dwarf-blue-curled-kale,brassica,13,January,January,January,February,January,February,February,December
662,purple-sprouting-broccoli-early-purple-sprouting,brassica,1,April,May,June,July,June,July,December,September
662,purple-sprouting-broccoli-early-purple-sprouting,brassica,2,April,May,June,July,May,July,December,September
662,purple-sprouting-broccoli-early-purple-sprouting,brassica,3,March,April,May,June,May,June,December,October
662,purple-sprouting-broccoli-early-purple-sprouting,brassica,4,March,April,May,June,April,June,December,October
662,purple-sprouting-broccoli-early-purple-sprouting,brassica,5,February,March,April,May,April,May,December,November
662,purple-sprouting-broccoli-early-purple-sprouting,brassica,6,February,March,April,May,April,May,November,November
662,purple-sprouting-broccoli-early-purple-sprouting,brassica,7,February,March,April,May,March,May,November,November
662,purple-sprouting-broccoli-early-purple-sprouting,brassica,8,January,February,March,April,March,April,October,December
662,purple-sprouting-broccoli-early-purple-sprouting,brassica,9,January,January,February,March,February,March,September,December
662,purple-sprouting-broccoli-early-purple-sprouting,brassica,10,January,January,February,March,January,March,September,December
662,purple-sprouting-broccoli-early-purple-sprouting,brassica,11,January,January,January,February,January,February,August,December
662,purple-sprouting-broccoli-early-purple-sprouting,brassica,12,January,January,January,February,January,February,August,December
662,purple-sprouting-broccoli-early-purple-sprouting,brassica,13,January,January,January,February,January,February,August,December
663,cabbage-red-express,brassica,1,April,May,June,July,June,July,August,September
663,cabbage-red-express,brassica,2,April,May,June,July,May,July,August,September
663,cabbage-red-express,brassica,3,March,April,May,June,May,June,July,October
663,cabbage-red-express,brassica,4,March,April,May,June,April,June,July,October
663,cabbage-red-express,brassica,5,February,March,April,May,April,May,July,November
663,cabbage-red-express,brassica,6,February,March,April,May,April,May,June,November
663,cabbage-red-express,brassica,7,February,March,April,May,March,May,June,November
663,cabbage-red-express,brassica,8,January,February,March,April,March,April,May,December
663,cabbage-red-express,brassica,9,January,January,February,March,February,March,April,December
663,cabbage-red-express,brassica,10,January,January,February,March,January,March,April,December
663,cabbage-red-express,brassica,11,January,January,January,February,January,February,March,December
663,cabbage-red-express,brassica,12,January,January,January,February,January,February,March,December
663,cabbage-red-express,brassica,13,January,January,January,February,January,February,March,December
664,kale-winterbor-f1,brassica,1,April,May,June,July,June,July,August,September
664,kale-winterbor-f1,brassica,2,April,May,June,July,May,July,July,September
664,kale-winterbor-f1,brassica,3,March,April,May,June,May,June,July,October
664,kale-winterbor-f1,brassica,4,March,April,May,June,April,June,June,October
664,kale-winterbor-f1,brassica,5,February,March,April,May,April,May,June,November
664,kale-winterbor-f1,brassica,6,February,March,April,May,April,May,June,November
664,kale-winterbor-f1,brassica,7,February,March,April,May,March,May,May,November
664,kale-winterbor-f1,brassica,8,January,February,March,April,March,April,May,December
664,kale-winterbor-f1,brassica,9,January,January,February,March,February,March,April,December
664,kale-winterbor-f1,brassica,10,January,January,February,March,January,March,March,December
664,kale-winterbor-f1,brassica,11,January,January,January,February,January,February,February,December
664,kale-winterbor-f1,brassica,12,January,January,January,February,January,February,February,December
664,kale-winterbor-f1,brassica,13,January,January,January,February,January,February,February,December
687,ailsa-craig-sweet-onion,allium,1,,,,,June,July,September,September
687,ailsa-craig-sweet-onion,allium,2,,,,,May,July,September,September
687,ailsa-craig-sweet-onion,allium,3,,,,,May,June,August,October
687,ailsa-craig-sweet-onion,allium,4,,,,,April,June,August,October
687,ailsa-craig-sweet-onion,allium,5,,,,,April,May,August,November
687,ailsa-craig-sweet-onion,allium,6,,,,,April,May,July,November
687,ailsa-craig-sweet-onion,allium,7,,,,,March,May,July,November
687,ailsa-craig-sweet-onion,allium,8,,,,,March,April,June,December
687,ailsa-craig-sweet-onion,allium,9,,,,,February,March,May,December
687,ailsa-craig-sweet-onion,allium,10,,,,,January,March,May,December
687,ailsa-craig-sweet-onion,allium,11,,,,,January,February,April,December
687,ailsa-craig-sweet-onion,allium,12,,,,,January,February,April,December
687,ailsa-craig-sweet-onion,allium,13,,,,,January,February,April,December
688,red-burgundy-onion,allium,1,,,,,June,July,September,September
688,red-burgundy-onion,allium,2,,,,,May,July,September,September
688,red-burgundy-onion,allium,3,,,,,May,June,August,October
688,red-burgundy-onion,allium,4,,,,,April,June,August,October
688,red-burgundy-onion,allium,5,,,,,April,May,July,November
688,red-burgundy-onion,allium,6,,,,,April,May,July,November
688,red-burgundy-onion,allium,7,,,,,March,May,July,November
688,red-burgundy-onion,allium,8,,,,,March,April,June,December
688,red-burgundy-onion,allium,9,,,,,February,March,May,December
688,red-burgundy-onion,allium,10,,,,,January,March,May,December
688,red-burgundy-onion,allium,11,,,,,January,February,April,December
688,red-burgundy-onion,allium,12,,,,,January,February,April,December
688,red-burgundy-onion,allium,13,,,,,January,February,April,December
689,elephant-garlic,allium,1,,,,,June,July,December,September
689,elephant-garlic,allium,2,,,,,May,July,December,September
689,elephant-garlic,allium,3,,,,,May,June,December,October
689,elephant-garlic,allium,4,,,,,April,June,December,October
689,elephant-garlic,allium,5,,,,,April,May,December,November
689,elephant-garlic,allium,6,,,,,April,May,December,November
689,elephant-garlic,allium,7,,,,,March,May,December,November
689,elephant-garlic,allium,8,,,,,March,April,November,December
689,elephant-garlic,allium,9,,,,,February,March,October,December
689,elephant-garlic,allium,10,,,,,January,March,October,December
689,elephant-garlic,allium,11,,,,,January,February,September,December
689,elephant-garlic,allium,12,,,,,January,February,September,December
689,elephant-garlic,allium,13,,,,,January,February,September,December
692,yellow-granex-onion,allium,1,,,,,June,July,September,September
692,yellow-granex-onion,allium,2,,,,,May,July,September,September
692,yellow-granex-onion,allium,3,,,,,May,June,August,October
692,yellow-granex-onion,allium,4,,,,,April,June,August,October
692,yellow-granex-onion,allium,5,,,,,April,May,August,November
692,yellow-granex-onion,allium,6,,,,,April,May,July,November
692,yellow-granex-onion,allium,7,,,,,March,May,July,November
692,yellow-granex-onion,allium,8,,,,,March,April,June,December
692,yellow-granex-onion,allium,9,,,,,February,March,May,December
692,yellow-granex-onion,allium,10,,,,,January,March,May,December
692,yellow-granex-onion,allium,11,,,,,January,February,April,December
692,yellow-granex-onion,allium,12,,,,,January,February,April,December
692,yellow-granex-onion,allium,13,,,,,January,February,April,December
693,copra-onion,allium,1,,,,,June,July,September,September
693,copra-onion,allium,2,,,,,May,July,September,September
693,copra-onion,allium,3,,,,,May,June,August,October
693,copra-onion,allium,4,,,,,April,June,August,October
693,copra-onion,allium,5,,,,,April,May,July,November
693,copra-onion,allium,6,,,,,April,May,July,November
693,copra-onion,allium,7,,,,,March,May,July,November
693,copra-onion,allium,8,,,,,March,April,June,December
693,copra-onion,allium,9,,,,,February,March,May,December
693,copra-onion,allium,10,,,,,January,March,May,December
693,copra-onion,allium,11,,,,,January,February,April,December
693,copra-onion,allium,12,,,,,January,February,April,December
693,copra-onion,allium,13,,,,,January,February,April,December
694,purple-de-lautrec-shallot,allium,1,,,,,June,July,September,September
694,purple-de-lautrec-shallot,allium,2,,,,,May,July,August,September
694,purple-de-lautrec-shallot,allium,3,,,,,May,June,August,October
694,purple-de-lautrec-shallot,allium,4,,,,,April,June,August,October
694,purple-de-lautrec-shallot,allium,5,,,,,April,May,July,November
694,purple-de-lautrec-shallot,allium,6,,,,,April,May,July,November
694,purple-de-lautrec-shallot,allium,7,,,,,March,May,June,November
694,purple-de-lautrec-shallot,allium,8,,,,,March,April,June,December
694,purple-de-lautrec-shallot,allium,9,,,,,February,March,May,December
694,purple-de-lautrec-shallot,allium,10,,,,,January,March,April,December
694,purple-de-lautrec-shallot,allium,11,,,,,January,February,March,December
694,purple-de-lautrec-shallot,allium,12,,,,,January,February,March,December
694,purple-de-lautrec-shallot,allium,13,,,,,January,February,March,December
695,spanish-roja-garlic,allium,1,,,,,June,July,December,September
695,spanish-roja-garlic,allium,2,,,,,May,July,December,September
695,spanish-roja-garlic,allium,3,,,,,May,June,December,October
695,spanish-roja-garlic,allium,4,,,,,April,June,December,October
695,spanish-roja-garlic,allium,5,,,,,April,May,December,November
695,spanish-roja-garlic,allium,6,,,,,April,May,December,November
695,spanish-roja-garlic,allium,7,,,,,March,May,December,November
695,spanish-roja-garlic,allium,8,,,,,March,April,November,December
695,spanish-roja-garlic,allium,9,,,,,February,March,October,December
695,spanish-roja-garlic,allium,10,,,,,January,March,October,December
695,spanish-roja-garlic,allium,11,,,,,January,February,September,December
695,spanish-roja-garlic,allium,12,,,,,January,February,September,December
695,spanish-roja-garlic,allium,13,,,,,January,February,September,December
696,red-burgundy-shallot,allium,1,,,,,June,July,September,September
696,red-burgundy-shallot,allium,2,,,,,May,July,August,September
696,red-burgundy-shallot,allium,3,,,,,May,June,August,October
696,red-burgundy-shallot,allium,4,,,,,April,June,August,October
696,red-burgundy-shallot,allium,5,,,,,April,May,July,November
696,red-burgundy-shallot,allium,6,,,,,April,May,July,November
696,red-burgundy-shallot,allium,7,,,,,March,May,June,November
696,red-burgundy-shallot,allium,8,,,,,March,April,June,December
696,red-burgundy-shallot,allium,9,,,,,February,March,May,December
696,red-burgundy-shallot,allium,10,,,,,January,March,April,December
696,red-burgundy-shallot,allium,11,,,,,January,February,March,December
696,red-burgundy-shallot,allium,12,,,,,January,February,March,December
696,red-burgundy-shallot,allium,13,,,,,January,February,March,December
697,walla-walla-sweet-onion,allium,1,,,,,June,July,October,September
697,walla-walla-sweet-onion,allium,2,,,,,May,July,September,September
697,walla-walla-sweet-onion,allium,3,,,,,May,June,September,October
697,walla-walla-sweet-onion,allium,4,,,,,April,June,September,October
697,walla-walla-sweet-onion,allium,5,,,,,April,May,August,November
697,walla-walla-sweet-onion,allium,6,,,,,April,May,August,November
697,walla-walla-sweet-onion,allium,7,,,,,March,May,July,November
697,walla-walla-sweet-onion,allium,8,,,,,March,April,July,December
697,walla-walla-sweet-onion,allium,9,,,,,February,March,June,December
697,walla-walla-sweet-onion,allium,10,,,,,January,March,May,December
697,walla-walla-sweet-onion,allium,11,,,,,January,February,April,December
697,walla-walla-sweet-onion,allium,12,,,,,January,February,April,December
697,walla-walla-sweet-onion,allium,13,,,,,January,February,April,December
698,red-wing-storage-onion,allium,1,,,,,June,July,September,September
698,red-wing-storage-onion,allium,2,,,,,May,July,September,September
698,red-wing-storage-onion,allium,3,,,,,May,June,August,October
698,red-wing-storage-onion,allium,4,,,,,April,June,August,October
698,red-wing-storage-onion,allium,5,,,,,April,May,August,November
698,red-wing-storage-onion,allium,6,,,,,April,May,July,November
698,red-wing-storage-onion,allium,7,,,,,March,May,July,November
698,red-wing-storage-onion,allium,8,,,,,March,April,June,December
698,red-wing-storage-onion,allium,9,,,,,February,March,May,December
698,red-wing-storage-onion,allium,10,,,,,January,March,May,December
698,red-wing-storage-onion,allium,11,,,,,January,February,April,December
698,red-wing-storage-onion,allium,12,,,,,January,February,April,December
698,red-wing-storage-onion,allium,13,,,,,January,February,April,December
700,common-chives,allium,1,,,,,June,July,August,September
700,common-chives,allium,2,,,,,May,July,August,September
700,common-chives,allium,3,,,,,May,June,July,October
700,common-chives,allium,4,,,,,April,June,July,October
700,common-chives,allium,5,,,,,April,May,July,November
700,common-chives,allium,6,,,,,April,May,June,November
700,common-chives,allium,7,,,,,March,May,June,November
700,common-chives,allium,8,,,,,March,April,May,December
700,common-chives,allium,9,,,,,February,March,April,December
700,common-chives,allium,10,,,,,January,March,April,December
700,common-chives,allium,11,,,,,January,February,March,December
700,common-chives,allium,12,,,,,January,February,March,December
700,common-chives,allium,13,,,,,January,February,March,December
701,inchelium-red-softneck-garlic,allium,1,,,,,June,July,December,September
701,inchelium-red-softneck-garlic,allium,2,,,,,May,July,December,September
701,inchelium-red-softneck-garlic,allium,3,,,,,May,June,December,October
701,inchelium-red-softneck-garlic,allium,4,,,,,April,June,December,October
701,inchelium-red-softneck-garlic,allium,5,,,,,April,May,December,November
701,inchelium-red-softneck-garlic,allium,6,,,,,April,May,December,November
701,inchelium-red-softneck-garlic,allium,7,,,,,March,May,December,November
701,inchelium-red-softneck-garlic,allium,8,,,,,March,April,November,December
701,inchelium-red-softneck-garlic,allium,9,,,,,February,March,October,December
701,inchelium-red-softneck-garlic,allium,10,,,,,January,March,October,December
701,inchelium-red-softneck-garlic,allium,11,,,,,January,February,September,December
701,inchelium-red-softneck-garlic,allium,12,,,,,January,February,September,December
701,inchelium-red-softneck-garlic,allium,13,,,,,January,February,September,December
719,anne-golden-raspberry,berry,4,,,June,July,,,June,September
719,anne-golden-raspberry,berry,5,,,May,July,,,June,October
719,anne-golden-raspberry,berry,6,,,May,July,,,June,October
719,anne-golden-raspberry,berry,7,,,May,June,,,June,October
719,anne-golden-raspberry,berry,8,,,April,June,,,June,November
725,fall-gold-everbearing-raspberry,berry,4,,,June,July,,,August,September
725,fall-gold-everbearing-raspberry,berry,5,,,May,July,,,August,October
725,fall-gold-everbearing-raspberry,berry,6,,,May,July,,,July,October
725,fall-gold-everbearing-raspberry,berry,7,,,May,June,,,July,October
725,fall-gold-everbearing-raspberry,berry,8,,,April,June,,,June,November
728,boyne-red-raspberry,berry,4,,,June,July,,,June,September
728,boyne-red-raspberry,berry,5,,,May,July,,,June,October
728,boyne-red-raspberry,berry,6,,,May,July,,,June,October
728,boyne-red-raspberry,berry,7,,,May,June,,,June,October
728,boyne-red-raspberry,berry,8,,,April,June,,,June,November
734,caroline-red-raspberry,berry,4,,,June,July,,,June,September
734,caroline-red-raspberry,berry,5,,,May,July,,,June,October
734,caroline-red-raspberry,berry,6,,,May,July,,,June,October
734,caroline-red-raspberry,berry,7,,,May,June,,,June,October
734,caroline-red-raspberry,berry,8,,,April,June,,,June,November
739,royalty-purple-raspberry,berry,4,,,June,July,,,August,September
739,royalty-purple-raspberry,berry,5,,,May,July,,,August,October
739,royalty-purple-raspberry,berry,6,,,May,July,,,July,October
739,royalty-purple-raspberry,berry,7,,,May,June,,,July,October
739,royalty-purple-raspberry,berry,8,,,April,June,,,June,November
747,sugar-daddy,pea,1,,,,,June,July,August,September
747,sugar-daddy,pea,2,,,,,May,July,July,September
747,sugar-daddy,pea,3,,,,,May,June,July,October
747,sugar-daddy,pea,4,,,,,April,June,July,October
747,sugar-daddy,pea,5,,,,,April,May,June,November
747,sugar-daddy,pea,6,,,,,April,May,June,November
747,sugar-daddy,pea,7,,,,,March,May,May,November
747,sugar-daddy,pea,8,,,,,March,April,May,December
747,sugar-daddy,pea,9,,,,,February,March,April,December
747,sugar-daddy,pea,10,,,,,January,March,March,December
747,sugar-daddy,pea,11,,,,,January,February,February,December
747,sugar-daddy,pea,12,,,,,January,February,February,December
747,sugar-daddy,pea,13,,,,,January,February,February,December
748,maestro,pea,1,,,,,June,July,August,September
748,maestro,pea,2,,,,,May,July,July,September
748,maestro,pea,3,,,,,May,June,July,October
748,maestro,pea,4,,,,,April,June,June,October
748,maestro,pea,5,,,,,April,May,June,November
748,maestro,pea,6,,,,,April,May,June,November
748,maestro,pea,7,,,,,March,May,May,November
748,maestro,pea,8,,,,,March,April,May,December
748,maestro,pea,9,,,,,February,March,April,December
748,maestro,pea,10,,,,,January,March,March,December
748,maestro,pea,11,,,,,January,February,February,December
748,maestro,pea,12,,,,,January,February,February,December
748,maestro,pea,13,,,,,January,February,February,December
749,blue-podded-blauwschokker,pea,1,,,,,June,July,August,September
749,blue-podded-blauwschokker,pea,2,,,,,May,July,August,September
749,blue-podded-blauwschokker,pea,3,,,,,May,June,July,October
749,blue-podded-blauwschokker,pea,4,,,,,April,June,July,October
749,blue-podded-blauwschokker,pea,5,,,,,April,May,June,November
749,blue-podded-blauwschokker,pea,6,,,,,April,May,June,November
749,blue-podded-blauwschokker,pea,7,,,,,March,May,June,November
749,blue-podded-blauwschokker,pea,8,,,,,March,April,May,December
749,blue-podded-blauwschokker,pea,9,,,,,February,March,April,December
749,blue-podded-blauwschokker,pea,10,,,,,January,March,April,December
749,blue-podded-blauwschokker,pea,11,,,,,January,February,March,December
749,blue-podded-blauwschokker,pea,12,,,,,January,February,March,December
749,blue-podded-blauwschokker,pea,13,,,,,January,February,March,December
750,super-sugar-snap,pea,1,,,,,June,July,August,September
750,super-sugar-snap,pea,2,,,,,May,July,July,September
750,super-sugar-snap,pea,3,,,,,May,June,July,October
750,super-sugar-snap,pea,4,,,,,April,June,June,October
750,super-sugar-snap,pea,5,,,,,April,May,June,November
750,super-sugar-snap,pea,6,,,,,April,May,June,November
750,super-sugar-snap,pea,7,,,,,March,May,May,November
750,super-sugar-snap,pea,8,,,,,March,April,May,December
750,super-sugar-snap,pea,9,,,,,February,March,April,December
750,super-sugar-snap,pea,10,,,,,January,March,March,December
750,super-sugar-snap,pea,11,,,,,January,February,February,December
750,super-sugar-snap,pea,12,,,,,January,February,February,December
750,super-sugar-snap,pea,13,,,,,January,February,February,December
751,provider,pea,1,,,,,June,July,July,September
751,provider,pea,2,,,,,May,July,July,September
751,provider,pea,3,,,,,May,June,June,October
751,provider,pea,4,,,,,April,June,June,October
751,provider,pea,5,,,,,April,May,June,November
751,provider,pea,6,,,,,April,May,May,November
751,provider,pea,7,,,,,March,May,May,November
751,provider,pea,8,,,,,March,April,April,December
751,provider,pea,9,,,,,February,March,March,December
751,provider,pea,10,,,,,January,March,March,December
751,provider,pea,11,,,,,January,February,February,December
751,provider,pea,12,,,,,January,February,February,December
751,provider,pea,13,,,,,January,February,February,December
752,sugar-baron,pea,1,,,,,June,July,August,September
752,sugar-baron,pea,2,,,,,May,July,July,September
752,sugar-baron,pea,3,,,,,May,June,July,October
752,sugar-baron,pea,4,,,,,April,June,June,October
752,sugar-baron,pea,5,,,,,April,May,June,November
752,sugar-baron,pea,6,,,,,April,May,June,November
752,sugar-baron,pea,7,,,,,March,May,May,November
752,sugar-baron,pea,8,,,,,March,April,May,December
752,sugar-baron,pea,9,,,,,February,March,April,December
752,sugar-baron,pea,10,,,,,January,March,March,December
752,sugar-baron,pea,11,,,,,January,February,February,December
752,sugar-baron,pea,12,,,,,January,February,February,December
752,sugar-baron,pea,13,,,,,January,February,February,December
753,tall-telephone,pea,1,,,,,June,July,August,September
753,tall-telephone,pea,2,,,,,May,July,July,September
753,tall-telephone,pea,3,,,,,May,June,July,October
753,tall-telephone,pea,4,,,,,April,June,July,October
753,tall-telephone,pea,5,,,,,April,May,June,November
753,tall-telephone,pea,6,,,,,April,May,June,November
753,tall-telephone,pea,7,,,,,March,May,May,November
753,tall-telephone,pea,8,,,,,March,April,May,December
753,tall-telephone,pea,9,,,,,February,March,April,December
753,tall-telephone,pea,10,,,,,January,March,March,December
753,tall-telephone,pea,11,,,,,January,February,February,December
753,tall-telephone,pea,12,,,,,January,February,February,December
753,tall-telephone,pea,13,,,,,January,February,February,December
754,knight,pea,1,,,,,June,July,September,September
754,knight,pea,2,,,,,May,July,August,September
754,knight,pea,3,,,,,May,June,August,October
754,knight,pea,4,,,,,April,June,July,October
754,knight,pea,5,,,,,April,May,July,November
754,knight,pea,6,,,,,April,May,July,November
754,knight,pea,7,,,,,March,May,June,November
754,knight,pea,8,,,,,March,April,June,December
754,knight,pea,9,,,,,February,March,May,December
754,knight,pea,10,,,,,January,March,April,December
754,knight,pea,11,,,,,January,February,March,December
754,knight,pea,12,,,,,January,February,March,December
754,knight,pea,13,,,,,January,February,March,December
755,snowbird,pea,1,,,,,June,July,August,September
755,snowbird,pea,2,,,,,May,July,July,September
755,snowbird,pea,3,,,,,May,June,July,October
755,snowbird,pea,4,,,,,April,June,June,October
755,snowbird,pea,5,,,,,April,May,June,November
755,snowbird,pea,6,,,,,April,May,June,November
755,snowbird,pea,7,,,,,March,May,May,November
755,snowbird,pea,8,,,,,March,April,May,December
755,snowbird,pea,9,,,,,February,March,April,December
755,snowbird,pea,10,,,,,January,March,March,December
755,snowbird,pea,11,,,,,January,February,February,December
755,snowbird,pea,12,,,,,January,February,February,December
755,snowbird,pea,13,,,,,January,February,February,December
756,mr-big,pea,1,,,,,June,July,August,September
756,mr-big,pea,2,,,,,May,July,July,September
756,mr-big,pea,3,,,,,May,June,July,October
756,mr-big,pea,4,,,,,April,June,June,October
756,mr-big,pea,5,,,,,April,May,June,November
756,mr-big,pea,6,,,,,April,May,June,November
756,mr-big,pea,7,,,,,March,May,May,November
756,mr-big,pea,8,,,,,March,April,May,December
756,mr-big,pea,9,,,,,February,March,April,December
756,mr-big,pea,10,,,,,January,March,March,December
756,mr-big,pea,11,,,,,January,February,February,December
756,mr-big,pea,12,,,,,January,February,February,December
756,mr-big,pea,13,,,,,January,February,February,December
757,laxton-s-progress-no-1,pea,1,,,,,June,July,August,September
757,laxton-s-progress-no-1,pea,2,,,,,May,July,July,September
757,laxton-s-progress-no-1,pea,3,,,,,May,June,July,October
757,laxton-s-progress-no-1,pea,4,,,,,April,June,June,October
757,laxton-s-progress-no-1,pea,5,,,,,April,May,June,November
757,laxton-s-progress-no-1,pea,6,,,,,April,May,June,November
757,laxton-s-progress-no-1,pea,7,,,,,March,May,May,November
757,laxton-s-progress-no-1,pea,8,,,,,March,April,May,December
757,laxton-s-progress-no-1,pea,9,,,,,February,March,April,December
757,laxton-s-progress-no-1,pea,10,,,,,January,March,March,December
757,laxton-s-progress-no-1,pea,11,,,,,January,February,February,December
757,laxton-s-progress-no-1,pea,12,,,,,January,February,February,December
757,laxton-s-progress-no-1,pea,13,,,,,January,February,February,December
758,survivor,pea,1,,,,,June,July,August,September
758,survivor,pea,2,,,,,May,July,July,September
758,survivor,pea,3,,,,,May,June,July,October
758,survivor,pea,4,,,,,April,June,July,October
758,survivor,pea,5,,,,,April,May,June,November
758,survivor,pea,6,,,,,April,May,June,November
758,survivor,pea,7,,,,,March,May,May,November
758,survivor,pea,8,,,,,March,April,May,December
758,survivor,pea,9,,,,,February,March,April,December
758,survivor,pea,10,,,,,January,March,March,December
758,survivor,pea,11,,,,,January,February,February,December
758,survivor,pea,12,,,,,January,February,February,December
758,survivor,pea,13,,,,,January,February,February,December
759,tom-thumb,pea,1,,,,,June,July,July,September
759,tom-thumb,pea,2,,,,,May,July,July,September
759,tom-thumb,pea,3,,,,,May,June,June,October
759,tom-thumb,pea,4,,,,,April,June,June,October
759,tom-thumb,pea,5,,,,,April,May,June,November
759,tom-thumb,pea,6,,,,,April,May,May,November
759,tom-thumb,pea,7,,,,,March,May,May,November
759,tom-thumb,pea,8,,,,,March,April,April,December
759,tom-thumb,pea,9,,,,,February,March,March,December
759,tom-thumb,pea,10,,,,,January,March,March,December
759,tom-thumb,pea,11,,,,,January,February,February,December
759,tom-thumb,pea,12,,,,,January,February,February,December
759,tom-thumb,pea,13,,,,,January,February,February,December
760,snap-pea-cascadia,pea,1,,,,,June,July,August,September
760,snap-pea-cascadia,pea,2,,,,,May,July,July,September
760,snap-pea-cascadia,pea,3,,,,,May,June,July,October
760,snap-pea-cascadia,pea,4,,,,,April,June,June,October
760,snap-pea-cascadia,pea,5,,,,,April,May,June,November
760,snap-pea-cascadia,pea,6,,,,,April,May,June,November
760,snap-pea-cascadia,pea,7,,,,,March,May,May,November
760,snap-pea-cascadia,pea,8,,,,,March,April,May,December
760,snap-pea-cascadia,pea,9,,,,,February,March,April,December
760,snap-pea-cascadia,pea,10,,,,,January,March,March,December
760,snap-pea-cascadia,pea,11,,,,,January,February,February,December
760,snap-pea-cascadia,pea,12,,,,,January,February,February,December
760,snap-pea-cascadia,pea,13,,,,,January,February,February,December
761,purple-podded,pea,1,,,,,June,July,August,September
761,purple-podded,pea,2,,,,,May,July,July,September
761,purple-podded,pea,3,,,,,May,June,July,October
761,purple-podded,pea,4,,,,,April,June,July,October
761,purple-podded,pea,5,,,,,April,May,June,November
761,purple-podded,pea,6,,,,,April,May,June,November
761,purple-podded,pea,7,,,,,March,May,May,November
761,purple-podded,pea,8,,,,,March,April,May,December
761,purple-podded,pea,9,,,,,February,March,April,December
761,purple-podded,pea,10,,,,,January,March,March,December
761,purple-podded,pea,11,,,,,January,February,February,December
761,purple-podded,pea,12,,,,,January,February,February,December
761,purple-podded,pea,13,,,,,January,February,February,December
762,cantaloupe-burpee-hybrid,melon,1,June,June,July,August,July,September,October,August
762,cantaloupe-burpee-hybrid,melon,2,May,June,July,July,July,August,October,September
762,cantaloupe-burpee-hybrid,melon,3,May,May,June,July,June,August,September,October
762,cantaloupe-burpee-hybrid,melon,4,April,May,June,June,June,July,September,October
762,cantaloupe-burpee-hybrid,melon,5,April,April,May,June,May,July,September,October
762,cantaloupe-burpee-hybrid,melon,6,April,April,May,June,May,July,August,October
762,cantaloupe-burpee-hybrid,melon,7,March,April,May,May,May,June,August,September
762,cantaloupe-burpee-hybrid,melon,8,March,March,April,May,April,June,July,September
762,cantaloupe-burpee-hybrid,melon,9,February,February,March,April,March,May,June,August
762,cantaloupe-burpee-hybrid,melon,10,January,February,March,March,March,April,June,July
762,cantaloupe-burpee-hybrid,melon,11,January,January,February,February,February,March,May,June
762,cantaloupe-burpee-hybrid,melon,12,January,January,February,February,February,March,May,June
762,cantaloupe-burpee-hybrid,melon,13,January,January,February,February,February,March,May,June
763,casaba-golden-beauty,melon,1,June,June,July,August,July,September,November,August
763,casaba-golden-beauty,melon,2,May,June,July,July,July,August,November,September
763,casaba-golden-beauty,melon,3,May,May,June,July,June,August,October,October
763,casaba-golden-beauty,melon,4,April,May,June,June,June,July,October,October
763,casaba-golden-beauty,melon,5,April,April,May,June,May,July,October,October
763,casaba-golden-beauty,melon,6,April,April,May,June,May,July,September,November
763,casaba-golden-beauty,melon,7,March,April,May,May,May,June,September,October
763,casaba-golden-beauty,melon,8,March,March,April,May,April,June,August,October
763,casaba-golden-beauty,melon,9,February,February,March,April,March,May,July,September
763,casaba-golden-beauty,melon,10,January,February,March,March,March,April,July,August
763,casaba-golden-beauty,melon,11,January,January,February,February,February,March,June,July
763,casaba-golden-beauty,melon,12,January,January,February,February,February,March,June,July
763,casaba-golden-beauty,melon,13,January,January,February,February,February,March,June,July
764,watermelon-picnic,melon,1,June,June,July,August,July,September,November,August
764,watermelon-picnic,melon,2,May,June,July,July,July,August,October,September
764,watermelon-picnic,melon,3,May,May,June,July,June,August,October,October
764,watermelon-picnic,melon,4,April,May,June,June,June,July,September,October
764,watermelon-picnic,melon,5,April,April,May,June,May,July,September,October
764,watermelon-picnic,melon,6,April,April,May,June,May,July,September,October
764,watermelon-picnic,melon,7,March,April,May,May,May,June,August,October
764,watermelon-picnic,melon,8,March,March,April,May,April,June,August,September
764,watermelon-picnic,melon,9,February,February,March,April,March,May,July,August
764,watermelon-picnic,melon,10,January,February,March,March,March,April,June,August
764,watermelon-picnic,melon,11,January,January,February,February,February,March,May,July
764,watermelon-picnic,melon,12,January,January,February,February,February,March,May,July
764,watermelon-picnic,melon,13,January,January,February,February,February,March,May,July
765,sprite-melon,melon,1,June,June,July,August,July,September,October,August
765,sprite-melon,melon,2,May,June,July,July,July,August,October,September
765,sprite-melon,melon,3,May,May,June,July,June,August,September,October
765,sprite-melon,melon,4,April,May,June,June,June,July,September,October
765,sprite-melon,melon,5,April,April,May,June,May,July,September,October
765,sprite-melon,melon,6,April,April,May,June,May,July,August,October
765,sprite-melon,melon,7,March,April,May,May,May,June,August,September
765,sprite-melon,melon,8,March,March,April,May,April,June,July,September
765,sprite-melon,melon,9,February,February,March,April,March,May,June,August
765,sprite-melon,melon,10,January,February,March,March,March,April,June,July
765,sprite-melon,melon,11,January,January,February,February,February,March,May,June
765,sprite-melon,melon,12,January,January,February,February,February,March,May,June
765,sprite-melon,melon,13,January,January,February,February,February,March,May,June
766,banana-melon,melon,1,June,June,July,August,July,September,November,August
766,banana-melon,melon,2,May,June,July,July,July,August,October,September
766,banana-melon,melon,3,May,May,June,July,June,August,October,October
766,banana-melon,melon,4,April,May,June,June,June,July,September,October
766,banana-melon,melon,5,April,April,May,June,May,July,September,October
766,banana-melon,melon,6,April,April,May,June,May,July,September,October
766,banana-melon,melon,7,March,April,May,May,May,June,August,October
766,banana-melon,melon,8,March,March,April,May,April,June,August,September
766,banana-melon,melon,9,February,February,March,April,March,May,July,August
766,banana-melon,melon,10,January,February,March,March,March,April,June,August
766,banana-melon,melon,11,January,January,February,February,February,March,May,July
766,banana-melon,melon,12,January,January,February,February,February,March,May,July
766,banana-melon,melon,13,January,January,February,February,February,March,May,July
767,cantaloup-charentais,melon,1,June,June,July,August,July,September,October,August
767,cantaloup-charentais,melon,2,May,June,July,July,July,August,October,September
767,cantaloup-charentais,melon,3,May,May,June,July,June,August,September,October
767,cantaloup-charentais,melon,4,April,May,June,June,June,July,September,October
767,cantaloup-charentais,melon,5,April,April,May,June,May,July,September,October
767,cantaloup-charentais,melon,6,April,April,May,June,May,July,August,October
767,cantaloup-charentais,melon,7,March,April,May,May,May,June,August,September
767,cantaloup-charentais,melon,8,March,March,April,May,April,June,July,September
767,cantaloup-charentais,melon,9,February,February,March,April,March,May,June,August
767,cantaloup-charentais,melon,10,January,February,March,March,March,April,June,July
767,cantaloup-charentais,melon,11,January,January,February,February,February,March,May,June
767,cantaloup-charentais,melon,12,January,January,February,February,February,March,May,June
767,cantaloup-charentais,melon,13,January,January,February,February,February,March,May,June
768,burpee-ambrosia-hybrid-cantaloupe,melon,1,June,June,July,August,July,September,October,August
768,burpee-ambrosia-hybrid-cantaloupe,melon,2,May,June,July,July,July,August,October,September
768,burpee-ambrosia-hybrid-cantaloupe,melon,3,May,May,June,July,June,August,September,October
768,burpee-ambrosia-hybrid-cantaloupe,melon,4,April,May,June,June,June,July,September,October
768,burpee-ambrosia-hybrid-cantaloupe,melon,5,April,April,May,June,May,July,September,October
768,burpee-ambrosia-hybrid-cantaloupe,melon,6,April,April,May,June,May,July,August,October
768,burpee-ambrosia-hybrid-cantaloupe,melon,7,March,April,May,May,May,June,August,September
768,burpee-ambrosia-hybrid-cantaloupe,melon,8,March,March,April,May,April,June,July,September
768,burpee-ambrosia-hybrid-cantaloupe,melon,9,February,February,March,April,March,May,June,August
768,burpee-ambrosia-hybrid-cantaloupe,melon,10,January,February,March,March,March,April,June,July
768,burpee-ambrosia-hybrid-cantaloupe,melon,11,January,January,February,February,February,March,May,June
768,burpee-ambrosia-hybrid-cantaloupe,melon,12,January,January,February,February,February,March,May,June
768,burpee-ambrosia-hybrid-cantaloupe,melon,13,January,January,February,February,February,March,May,June
769,hearts-of-gold-cantaloupe,melon,1,June,June,July,August,July,September,October,August
769,hearts-of-gold-cantaloupe,melon,2,May,June,July,July,July,August,October,September
769,hearts-of-gold-cantaloupe,melon,3,May,May,June,July,June,August,September,October
769,hearts-of-gold-cantaloupe,melon,4,April,May,June,June,June,July,September,October
769,hearts-of-gold-cantaloupe,melon,5,April,April,May,June,May,July,August,October
769,hearts-of-gold-cantaloupe,melon,6,April,April,May,June,May,July,August,October
769,hearts-of-gold-cantaloupe,melon,7,March,April,May,May,May,June,August,September
769,hearts-of-gold-cantaloupe,melon,8,March,March,April,May,April,June,July,September
769,hearts-of-gold-cantaloupe,melon,9,February,February,March,April,March,May,June,August
769,hearts-of-gold-cantaloupe,melon,10,January,February,March,March,March,April,June,July
769,hearts-of-gold-cantaloupe,melon,11,January,January,February,February,February,March,May,June
769,hearts-of-gold-cantaloupe,melon,12,January,January,February,February,February,March,May,June
769,hearts-of-gold-cantaloupe,melon,13,January,January,February,February,February,March,May,June
771,orange-honeydew-melon,melon,1,June,June,July,August,July,September,November,August
771,orange-honeydew-melon,melon,2,May,June,July,July,July,August,October,September
771,orange-honeydew-melon,melon,3,May,May,June,July,June,August,October,October
771,orange-honeydew-melon,melon,4,April,May,June,June,June,July,September,October
771,orange-honeydew-melon,melon,5,April,April,May,June,May,July,September,October
771,orange-honeydew-melon,melon,6,April,April,May,June,May,July,September,October
771,orange-honeydew-melon,melon,7,March,April,May,May,May,June,August,October
771,orange-honeydew-melon,melon,8,March,March,April,May,April,June,August,September
771,orange-honeydew-melon,melon,9,February,February,March,April,March,May,July,August
771,orange-honeydew-melon,melon,10,January,February,March,March,March,April,June,August
771,orange-honeydew-melon,melon,11,January,January,February,February,February,March,May,July
771,orange-honeydew-melon,melon,12,January,January,February,February,February,March,May,July
771,orange-honeydew-melon,melon,13,January,January,February,February,February,March,May,July
772,cantaloupe-minnesota-midget,melon,1,June,June,July,August,July,September,October,August
772,cantaloupe-minnesota-midget,melon,2,May,June,July,July,July,August,September,September
772,cantaloupe-minnesota-midget,melon,3,May,May,June,July,June,August,September,October
772,cantaloupe-minnesota-midget,melon,4,April,May,June,June,June,July,August,October
772,cantaloupe-minnesota-midget,melon,5,April,April,May,June,May,July,August,October
772,cantaloupe-minnesota-midget,melon,6,April,April,May,June,May,July,August,September
772,cantaloupe-minnesota-midget,melon,7,March,April,May,May,May,June,July,September
772,cantaloupe-minnesota-midget,melon,8,March,March,April,May,April,June,July,August
772,cantaloupe-minnesota-midget,melon,9,February,February,March,April,March,May,June,July
772,cantaloupe-minnesota-midget,melon,10,January,February,March,March,March,April,May,July
772,cantaloupe-minnesota-midget,melon,11,January,January,February,February,February,March,April,June
772,cantaloupe-minnesota-midget,melon,12,January,January,February,February,February,March,April,June
772,cantaloupe-minnesota-midget,melon,13,January,January,February,February,February,March,April,June
773,watermelon-crimson-sweet,melon,1,June,June,July,August,July,September,November,August
773,watermelon-crimson-sweet,melon,2,May,June,July,July,July,August,October,September
773,watermelon-crimson-sweet,melon,3,May,May,June,July,June,August,October,October
773,watermelon-crimson-sweet,melon,4,April,May,June,June,June,July,September,October
773,watermelon-crimson-sweet,melon,5,April,April,May,June,May,July,September,October
773,watermelon-crimson-sweet,melon,6,April,April,May,June,May,July,September,October
773,watermelon-crimson-sweet,melon,7,March,April,May,May,May,June,August,October
773,watermelon-crimson-sweet,melon,8,March,March,April,May,April,June,August,September
773,watermelon-crimson-sweet,melon,9,February,February,March,April,March,May,July,August
773,watermelon-crimson-sweet,melon,10,January,February,March,March,March,April,June,August
773,watermelon-crimson-sweet,melon,11,January,January,February,February,February,March,May,July
773,watermelon-crimson-sweet,melon,12,January,January,February,February,February,March,May,July
773,watermelon-crimson-sweet,melon,13,January,January,February,February,February,March,May,July
774,cantaloupe-hales-best,melon,1,June,June,July,August,July,September,October,August
774,cantaloupe-hales-best,melon,2,May,June,July,July,July,August,October,September
774,cantaloupe-hales-best,melon,3,May,May,June,July,June,August,September,October
774,cantaloupe-hales-best,melon,4,April,May,June,June,June,July,September,October
774,cantaloupe-hales-best,melon,5,April,April,May,June,May,July,September,October
774,cantaloupe-hales-best,melon,6,April,April,May,June,May,July,August,October
774,cantaloupe-hales-best,melon,7,March,April,May,May,May,June,August,September
774,cantaloupe-hales-best,melon,8,March,March,April,May,April,June,July,September
774,cantaloupe-hales-best,melon,9,February,February,March,April,March,May,June,August
774,cantaloupe-hales-best,melon,10,January,February,March,March,March,April,June,July
774,cantaloupe-hales-best,melon,11,January,January,February,February,February,March,May,June
774,cantaloupe-hales-best,melon,12,January,January,February,February,February,March,May,June
774,cantaloupe-hales-best,melon,13,January,January,February,February,February,March,May,June
775,watermelon-charleston-gray,melon,1,June,June,July,August,July,September,November,August
775,watermelon-charleston-gray,melon,2,May,June,July,July,July,August,October,September
775,watermelon-charleston-gray,melon,3,May,May,June,July,June,August,October,October
775,watermelon-charleston-gray,melon,4,April,May,June,June,June,July,September,October
775,watermelon-charleston-gray,melon,5,April,April,May,June,May,July,September,October
775,watermelon-charleston-gray,melon,6,April,April,May,June,May,July,September,October
775,watermelon-charleston-gray,melon,7,March,April,May,May,May,June,August,October
775,watermelon-charleston-gray,melon,8,March,March,April,May,April,June,August,September
775,watermelon-charleston-gray,melon,9,February,February,March,April,March,May,July,August
775,watermelon-charleston-gray,melon,10,January,February,March,March,March,April,June,August
775,watermelon-charleston-gray,melon,11,January,January,February,February,February,March,May,July
775,watermelon-charleston-gray,melon,12,January,January,February,February,February,March,May,July
775,watermelon-charleston-gray,melon,13,January,January,February,February,February,March,May,July
777,burpee-hybrid-cantaloupe,melon,1,June,June,July,August,July,September,October,August
777,burpee-hybrid-cantaloupe,melon,2,May,June,July,July,July,August,October,September
777,burpee-hybrid-cantaloupe,melon,3,May,May,June,July,June,August,September,October
777,burpee-hybrid-cantaloupe,melon,4,April,May,June,June,June,July,September,October
777,burpee-hybrid-cantaloupe,melon,5,April,April,May,June,May,July,September,October
777,burpee-hybrid-cantaloupe,melon,6,April,April,May,June,May,July,August,October
777,burpee-hybrid-cantaloupe,melon,7,March,April,May,May,May,June,August,September
777,burpee-hybrid-cantaloupe,melon,8,March,March,April,May,April,June,July,September
777,burpee-hybrid-cantaloupe,melon,9,February,February,March,April,March,May,June,August
777,burpee-hybrid-cantaloupe,melon,10,January,February,March,March,March,April,June,July
777,burpee-hybrid-cantaloupe,melon,11,January,January,February,February,February,March,May,June
777,burpee-hybrid-cantaloupe,melon,12,January,January,February,February,February,March,May,June
777,burpee-hybrid-cantaloupe,melon,13,January,January,February,February,February,March,May,June
778,cantaloupe-iroquois,melon,1,June,June,July,August,July,September,October,August
778,cantaloupe-iroquois,melon,2,May,June,July,July,July,August,October,September
778,cantaloupe-iroquois,melon,3,May,May,June,July,June,August,September,October
778,cantaloupe-iroquois,melon,4,April,May,June,June,June,July,September,October
778,cantaloupe-iroquois,melon,5,April,April,May,June,May,July,September,October
778,cantaloupe-iroquois,melon,6,April,April,May,June,May,July,August,October
778,cantaloupe-iroquois,melon,7,March,April,May,May,May,June,August,September
778,cantaloupe-iroquois,melon,8,March,March,April,May,April,June,July,September
778,cantaloupe-iroquois,melon,9,February,February,March,April,March,May,June,August
778,cantaloupe-iroquois,melon,10,January,February,March,March,March,April,June,July
778,cantaloupe-iroquois,melon,11,January,January,February,February,February,March,May,June
778,cantaloupe-iroquois,melon,12,January,January,February,February,February,March,May,June
778,cantaloupe-iroquois,melon,13,January,January,February,February,February,March,May,June
779,orange-flesh-honeydew,melon,1,June,June,July,August,July,September,November,August
779,orange-flesh-honeydew,melon,2,May,June,July,July,July,August,November,September
779,orange-flesh-honeydew,melon,3,May,May,June,July,June,August,October,October
779,orange-flesh-honeydew,melon,4,April,May,June,June,June,July,October,October
779,orange-flesh-honeydew,melon,5,April,April,May,June,May,July,September,October
779,orange-flesh-honeydew,melon,6,April,April,May,June,May,July,September,November
779,orange-flesh-honeydew,melon,7,March,April,May,May,May,June,September,October
779,orange-flesh-honeydew,melon,8,March,March,April,May,April,June,August,October
779,orange-flesh-honeydew,melon,9,February,February,March,April,March,May,July,September
779,orange-flesh-honeydew,melon,10,January,February,March,March,March,April,July,August
779,orange-flesh-honeydew,melon,11,January,January,February,February,February,March,June,July
779,orange-flesh-honeydew,melon,12,January,January,February,February,February,March,June,July
779,orange-flesh-honeydew,melon,13,January,January,February,February,February,March,June,July
780,delicious-51-cantaloupe,melon,1,June,June,July,August,July,September,November,August
780,delicious-51-cantaloupe,melon,2,May,June,July,July,July,August,October,September
780,delicious-51-cantaloupe,melon,3,May,May,June,July,June,August,October,October
780,delicious-51-cantaloupe,melon,4,April,May,June,June,June,July,September,October
780,delicious-51-cantaloupe,melon,5,April,April,May,June,May,July,September,October
780,delicious-51-cantaloupe,melon,6,April,April,May,June,May,July,September,October
780,delicious-51-cantaloupe,melon,7,March,April,May,May,May,June,August,October
780,delicious-51-cantaloupe,melon,8,March,March,April,May,April,June,August,September
780,delicious-51-cantaloupe,melon,9,February,February,March,April,March,May,July,August
780,delicious-51-cantaloupe,melon,10,January,February,March,March,March,April,June,August
780,delicious-51-cantaloupe,melon,11,January,January,February,February,February,March,May,July
780,delicious-51-cantaloupe,melon,12,January,January,February,February,February,March,May,July
780,delicious-51-cantaloupe,melon,13,January,January,February,February,February,March,May,July
781,early-dew-honeydew,melon,1,June,June,July,August,July,September,November,August
781,early-dew-honeydew,melon,2,May,June,July,July,July,August,October,September
781,early-dew-honeydew,melon,3,May,May,June,July,June,August,October,October
781,early-dew-honeydew,melon,4,April,May,June,June,June,July,September,October
781,early-dew-honeydew,melon,5,April,April,May,June,May,July,September,October
781,early-dew-honeydew,melon,6,April,April,May,June,May,July,September,October
781,early-dew-honeydew,melon,7,March,April,May,May,May,June,August,October
781,early-dew-honeydew,melon,8,March,March,April,May,April,June,August,September
781,early-dew-honeydew,melon,9,February,February,March,April,March,May,July,August
781,early-dew-honeydew,melon,10,January,February,March,March,March,April,June,August
781,early-dew-honeydew,melon,11,January,January,February,February,February,March,May,July
781,early-dew-honeydew,melon,12,January,January,February,February,February,March,May,July
781,early-dew-honeydew,melon,13,January,January,February,February,February,March,May,July
782,japanese-long-purple,eggplant,1,May,May,July,August,,,October,August
782,japanese-long-purple,eggplant,2,April,May,June,July,,,September,September
782,japanese-long-purple,eggplant,3,April,April,June,July,,,September,October
782,japanese-long-purple,eggplant,4,March,April,June,June,,,August,October
782,japanese-long-purple,eggplant,5,March,March,May,June,,,August,October
782,japanese-long-purple,eggplant,6,March,March,May,June,,,August,October
782,japanese-long-purple,eggplant,7,February,March,April,May,,,July,September
782,japanese-long-purple,eggplant,8,February,February,April,May,,,July,September
782,japanese-long-purple,eggplant,9,January,January,March,April,,,June,August
782,japanese-long-purple,eggplant,10,January,January,February,March,,,May,July
782,japanese-long-purple,eggplant,11,January,January,January,February,,,April,June
782,japanese-long-purple,eggplant,12,January,January,January,February,,,April,June
782,japanese-long-purple,eggplant,13,January,January,January,February,,,April,June
783,purple-top,eggplant,1,May,May,July,August,,,August,August
783,purple-top,eggplant,2,April,May,June,July,,,August,September
783,purple-top,eggplant,3,April,April,June,July,,,July,September
783,purple-top,eggplant,4,March,April,June,June,,,July,September
783,purple-top,eggplant,5,March,March,May,June,,,July,September
783,purple-top,eggplant,6,March,March,May,June,,,June,August
783,purple-top,eggplant,7,February,March,April,May,,,June,August
783,purple-top,eggplant,8,February,February,April,May,,,May,July
783,purple-top,eggplant,9,January,January,March,April,,,April,June
783,purple-top,eggplant,10,January,January,February,March,,,April,June
783,purple-top,eggplant,11,January,January,January,February,,,March,May
783,purple-top,eggplant,12,January,January,January,February,,,March,May
783,purple-top,eggplant,13,January,January,January,February,,,March,May
784,slim-jim,eggplant,1,May,May,July,August,,,September,August
784,slim-jim,eggplant,2,April,May,June,July,,,September,September
784,slim-jim,eggplant,3,April,April,June,July,,,August,October
784,slim-jim,eggplant,4,March,April,June,June,,,August,October
784,slim-jim,eggplant,5,March,March,May,June,,,August,October
784,slim-jim,eggplant,6,March,March,May,June,,,July,September
784,slim-jim,eggplant,7,February,March,April,May,,,July,September
784,slim-jim,eggplant,8,February,February,April,May,,,June,August
784,slim-jim,eggplant,9,January,January,March,April,,,May,July
784,slim-jim,eggplant,10,January,January,February,March,,,May,July
784,slim-jim,eggplant,11,January,January,January,February,,,April,June
784,slim-jim,eggplant,12,January,January,January,February,,,April,June
784,slim-jim,eggplant,13,January,January,January,February,,,April,June
785,turkish-orange,eggplant,1,May,May,July,August,,,October,August
785,turkish-orange,eggplant,2,April,May,June,July,,,September,September
785,turkish-orange,eggplant,3,April,April,June,July,,,September,October
785,turkish-orange,eggplant,4,March,April,June,June,,,August,October
785,turkish-orange,eggplant,5,March,March,May,June,,,August,October
785,turkish-orange,eggplant,6,March,March,May,June,,,August,October
785,turkish-orange,eggplant,7,February,March,April,May,,,July,September
785,turkish-orange,eggplant,8,February,February,April,May,,,July,September
785,turkish-orange,eggplant,9,January,January,March,April,,,June,August
785,turkish-orange,eggplant,10,January,January,February,March,,,May,July
785,turkish-orange,eggplant,11,January,January,January,February,,,April,June
785,turkish-orange,eggplant,12,January,January,January,February,,,April,June
785,turkish-orange,eggplant,13,January,January,January,February,,,April,June
786,calliope,eggplant,1,May,May,July,August,,,September,August
786,calliope,eggplant,2,April,May,June,July,,,September,September
786,calliope,eggplant,3,April,April,June,July,,,August,October
786,calliope,eggplant,4,March,April,June,June,,,August,October
786,calliope,eggplant,5,March,March,May,June,,,August,October
786,calliope,eggplant,6,March,March,May,June,,,July,September
786,calliope,eggplant,7,February,March,April,May,,,July,September
786,calliope,eggplant,8,February,February,April,May,,,June,August
786,calliope,eggplant,9,January,January,March,April,,,May,July
786,calliope,eggplant,10,January,January,February,March,,,May,July
786,calliope,eggplant,11,January,January,January,February,,,April,June
786,calliope,eggplant,12,January,January,January,February,,,April,June
786,calliope,eggplant,13,January,January,January,February,,,April,June
787,japanese-purple-pickling,eggplant,1,May,May,July,August,,,September,August
787,japanese-purple-pickling,eggplant,2,April,May,June,July,,,September,September
787,japanese-purple-pickling,eggplant,3,April,April,June,July,,,August,October
787,japanese-purple-pickling,eggplant,4,March,April,June,June,,,August,October
787,japanese-purple-pickling,eggplant,5,March,March,May,June,,,August,October
787,japanese-purple-pickling,eggplant,6,March,March,May,June,,,July,September
787,japanese-purple-pickling,eggplant,7,February,March,April,May,,,July,September
787,japanese-purple-pickling,eggplant,8,February,February,April,May,,,June,August
787,japanese-purple-pickling,eggplant,9,January,January,March,April,,,May,July
787,japanese-purple-pickling,eggplant,10,January,January,February,March,,,May,July
787,japanese-purple-pickling,eggplant,11,January,January,January,February,,,April,June
787,japanese-purple-pickling,eggplant,12,January,January,January,February,,,April,June
787,japanese-purple-pickling,eggplant,13,January,January,January,February,,,April,June
788,diamond-f1,eggplant,1,May,May,July,August,,,October,August
788,diamond-f1,eggplant,2,April,May,June,July,,,September,September
788,diamond-f1,eggplant,3,April,April,June,July,,,September,October
788,diamond-f1,eggplant,4,March,April,June,June,,,August,October
788,diamond-f1,eggplant,5,March,March,May,June,,,August,October
788,diamond-f1,eggplant,6,March,March,May,June,,,August,October
788,diamond-f1,eggplant,7,February,March,April,May,,,July,September
788,diamond-f1,eggplant,8,February,February,April,May,,,July,September
788,diamond-f1,eggplant,9,January,January,March,April,,,June,August
788,diamond-f1,eggplant,10,January,January,February,March,,,May,July
788,diamond-f1,eggplant,11,January,January,January,February,,,April,June
788,diamond-f1,eggplant,12,January,January,January,February,,,April,June
788,diamond-f1,eggplant,13,January,January,January,February,,,April,June
789,hansel-f1,eggplant,1,May,May,July,August,,,September,August
789,hansel-f1,eggplant,2,April,May,June,July,,,September,September
789,hansel-f1,eggplant,3,April,April,June,July,,,August,October
789,hansel-f1,eggplant,4,March,April,June,June,,,August,October
789,hansel-f1,eggplant,5,March,March,May,June,,,July,September
789,hansel-f1,eggplant,6,March,March,May,June,,,July,September
789,hansel-f1,eggplant,7,February,March,April,May,,,July,September
789,hansel-f1,eggplant,8,February,February,April,May,,,June,August
789,hansel-f1,eggplant,9,January,January,March,April,,,May,July
789,hansel-f1,eggplant,10,January,January,February,March,,,May,July
789,hansel-f1,eggplant,11,January,January,January,February,,,April,June
789,hansel-f1,eggplant,12,January,January,January,February,,,April,June
789,hansel-f1,eggplant,13,January,January,January,February,,,April,June
790,long-purple,eggplant,1,May,May,July,August,,,October,August
790,long-purple,eggplant,2,April,May,June,July,,,September,September
790,long-purple,eggplant,3,April,April,June,July,,,September,October
790,long-purple,eggplant,4,March,April,June,June,,,August,October
790,long-purple,eggplant,5,March,March,May,June,,,August,October
790,long-purple,eggplant,6,March,March,May,June,,,August,October
790,long-purple,eggplant,7,February,March,April,May,,,July,September
790,long-purple,eggplant,8,February,February,April,May,,,July,September
790,long-purple,eggplant,9,January,January,March,April,,,June,August
790,long-purple,eggplant,10,January,January,February,March,,,May,July
790,long-purple,eggplant,11,January,January,January,February,,,April,June
790,long-purple,eggplant,12,January,January,January,February,,,April,June
790,long-purple,eggplant,13,January,January,January,February,,,April,June
791,beatrice-f1,eggplant,1,May,May,July,August,,,September,August
791,beatrice-f1,eggplant,2,April,May,June,July,,,September,September
791,beatrice-f1,eggplant,3,April,April,June,July,,,August,October
791,beatrice-f1,eggplant,4,March,April,June,June,,,August,October
791,beatrice-f1,eggplant,5,March,March,May,June,,,August,October
791,beatrice-f1,eggplant,6,March,March,May,June,,,July,September
791,beatrice-f1,eggplant,7,February,March,April,May,,,July,September
791,beatrice-f1,eggplant,8,February,February,April,May,,,June,August
791,beatrice-f1,eggplant,9,January,January,March,April,,,May,July
791,beatrice-f1,eggplant,10,January,January,February,March,,,May,July
791,beatrice-f1,eggplant,11,January,January,January,February,,,April,June
791,beatrice-f1,eggplant,12,January,January,January,February,,,April,June
791,beatrice-f1,eggplant,13,January,January,January,February,,,April,June
792,marketmore-76,cucumber,1,June,June,July,August,July,September,September,August
792,marketmore-76,cucumber,2,May,June,July,July,July,August,September,September
792,marketmore-76,cucumber,3,May,May,June,July,June,August,August,October
792,marketmore-76,cucumber,4,April,May,June,June,June,July,August,October
792,marketmore-76,cucumber,5,April,April,May,June,May,July,August,September
792,marketmore-76,cucumber,6,April,April,May,June,May,July,July,September
792,marketmore-76,cucumber,7,March,April,May,May,May,June,July,August
792,marketmore-76,cucumber,8,March,March,April,May,April,June,June,August
792,marketmore-76,cucumber,9,February,February,March,April,March,May,May,July
792,marketmore-76,cucumber,10,January,February,March,March,March,April,May,June
792,marketmore-76,cucumber,11,January,January,February,February,February,March,April,May
792,marketmore-76,cucumber,12,January,January,February,February,February,March,April,May
792,marketmore-76,cucumber,13,January,January,February,February,February,March,April,May
793,boston-pickling,cucumber,1,June,June,July,August,July,September,September,August
793,boston-pickling,cucumber,2,May,June,July,July,July,August,September,September
793,boston-pickling,cucumber,3,May,May,June,July,June,August,August,October
793,boston-pickling,cucumber,4,April,May,June,June,June,July,August,October
793,boston-pickling,cucumber,5,April,April,May,June,May,July,August,September
793,boston-pickling,cucumber,6,April,April,May,June,May,July,July,September
793,boston-pickling,cucumber,7,March,April,May,May,May,June,July,August
793,boston-pickling,cucumber,8,March,March,April,May,April,June,June,August
793,boston-pickling,cucumber,9,February,February,March,April,March,May,May,July
793,boston-pickling,cucumber,10,January,February,March,March,March,April,May,June
793,boston-pickling,cucumber,11,January,January,February,February,February,March,April,May
793,boston-pickling,cucumber,12,January,January,February,February,February,March,April,May
793,boston-pickling,cucumber,13,January,January,February,February,February,March,April,May
794,suyo-long,cucumber,1,June,June,July,August,July,September,October,August
794,suyo-long,cucumber,2,May,June,July,July,July,August,September,September
794,suyo-long,cucumber,3,May,May,June,July,June,August,September,October
794,suyo-long,cucumber,4,April,May,June,June,June,July,August,October
794,suyo-long,cucumber,5,April,April,May,June,May,July,August,September
794,suyo-long,cucumber,6,April,April,May,June,May,July,August,September
794,suyo-long,cucumber,7,March,April,May,May,May,June,July,September
794,suyo-long,cucumber,8,March,March,April,May,April,June,July,August
794,suyo-long,cucumber,9,February,February,March,April,March,May,June,July
794,suyo-long,cucumber,10,January,February,March,March,March,April,May,July
794,suyo-long,cucumber,11,January,January,February,February,February,March,April,June
794,suyo-long,cucumber,12,January,January,February,February,February,March,April,June
794,suyo-long,cucumber,13,January,January,February,February,February,March,April,June
795,spacemaster-80,cucumber,1,June,June,July,August,July,September,October,August
795,spacemaster-80,cucumber,2,May,June,July,July,July,August,September,September
795,spacemaster-80,cucumber,3,May,May,June,July,June,August,September,October
795,spacemaster-80,cucumber,4,April,May,June,June,June,July,August,October
795,spacemaster-80,cucumber,5,April,April,May,June,May,July,August,September
795,spacemaster-80,cucumber,6,April,April,May,June,May,July,August,September
795,spacemaster-80,cucumber,7,March,April,May,May,May,June,July,September
795,spacemaster-80,cucumber,8,March,March,April,May,April,June,July,August
795,spacemaster-80,cucumber,9,February,February,March,April,March,May,June,July
795,spacemaster-80,cucumber,10,January,February,March,March,March,April,May,July
795,spacemaster-80,cucumber,11,January,January,February,February,February,March,April,June
795,spacemaster-80,cucumber,12,January,January,February,February,February,March,April,June
795,spacemaster-80,cucumber,13,January,January,February,February,February,March,April,June
796,japanese-climbing,cucumber,1,June,June,July,August,July,September,October,August
796,japanese-climbing,cucumber,2,May,June,July,July,July,August,September,September
796,japanese-climbing,cucumber,3,May,May,June,July,June,August,September,October
796,japanese-climbing,cucumber,4,April,May,June,June,June,July,August,October
796,japanese-climbing,cucumber,5,April,April,May,June,May,July,August,September
796,japanese-climbing,cucumber,6,April,April,May,June,May,July,August,September
796,japanese-climbing,cucumber,7,March,April,May,May,May,June,July,September
796,japanese-climbing,cucumber,8,March,March,April,May,April,June,July,August
796,japanese-climbing,cucumber,9,February,February,March,April,March,May,June,July
796,japanese-climbing,cucumber,10,January,February,March,March,March,April,May,July
796,japanese-climbing,cucumber,11,January,January,February,February,February,March,April,June
796,japanese-climbing,cucumber,12,January,January,February,February,February,March,April,June
796,japanese-climbing,cucumber,13,January,January,February,February,February,March,April,June
797,straight-eight,cucumber,1,June,June,July,August,July,September,October,August
797,straight-eight,cucumber,2,May,June,July,July,July,August,September,September
797,straight-eight,cucumber,3,May,May,June,July,June,August,September,October
797,straight-eight,cucumber,4,April,May,June,June,June,July,August,October
797,straight-eight,cucumber,5,April,April,May,June,May,July,August,September
797,straight-eight,cucumber,6,April,April,May,June,May,July,August,September
797,straight-eight,cucumber,7,March,April,May,May,May,June,July,September
797,straight-eight,cucumber,8,March,March,April,May,April,June,July,August
797,straight-eight,cucumber,9,February,February,March,April,March,May,June,July
797,straight-eight,cucumber,10,January,February,March,March,March,April,May,July
797,straight-eight,cucumber,11,January,January,February,February,February,March,April,June
797,straight-eight,cucumber,12,January,January,February,February,February,March,April,June
797,straight-eight,cucumber,13,January,January,February,February,February,March,April,June
798,burpless-beauty,cucumber,1,June,June,July,August,July,September,October,August
798,burpless-beauty,cucumber,2,May,June,July,July,July,August,September,September
798,burpless-beauty,cucumber,3,May,May,June,July,June,August,September,October
798,burpless-beauty,cucumber,4,April,May,June,June,June,July,August,October
798,burpless-beauty,cucumber,5,April,April,May,June,May,July,August,October
798,burpless-beauty,cucumber,6,April,April,May,June,May,July,August,September
798,burpless-beauty,cucumber,7,March,April,May,May,May,June,July,September
798,burpless-beauty,cucumber,8,March,March,April,May,April,June,July,August
798,burpless-beauty,cucumber,9,February,February,March,April,March,May,June,July
798,burpless-beauty,cucumber,10,January,February,March,March,March,April,May,July
798,burpless-beauty,cucumber,11,January,January,February,February,February,March,April,June
798,burpless-beauty,cucumber,12,January,January,February,February,February,March,April,June
798,burpless-beauty,cucumber,13,January,January,February,February,February,March,April,June
799,lemon-cucumber,cucumber,1,June,June,July,August,July,September,October,August
799,lemon-cucumber,cucumber,2,May,June,July,July,July,August,September,September
799,lemon-cucumber,cucumber,3,May,May,June,July,June,August,September,October
799,lemon-cucumber,cucumber,4,April,May,June,June,June,July,August,October
799,lemon-cucumber,cucumber,5,April,April,May,June,May,July,August,October
799,lemon-cucumber,cucumber,6,April,April,May,June,May,July,August,September
799,lemon-cucumber,cucumber,7,March,April,May,May,May,June,July,September
799,lemon-cucumber,cucumber,8,March,March,April,May,April,June,July,August
799,lemon-cucumber,cucumber,9,February,February,March,April,March,May,June,July
799,lemon-cucumber,cucumber,10,January,February,March,March,March,April,May,July
799,lemon-cucumber,cucumber,11,January,January,February,February,February,March,April,June
799,lemon-cucumber,cucumber,12,January,January,February,February,February,March,April,June
799,lemon-cucumber,cucumber,13,January,January,February,February,February,March,April,June
800,diva,cucumber,1,June,June,July,August,July,September,September,August
800,diva,cucumber,2,May,June,July,July,July,August,September,September
800,diva,cucumber,3,May,May,June,July,June,August,August,October
800,diva,cucumber,4,April,May,June,June,June,July,August,October
800,diva,cucumber,5,April,April,May,June,May,July,August,September
800,diva,cucumber,6,April,April,May,June,May,July,July,September
800,diva,cucumber,7,March,April,May,May,May,June,July,August
800,diva,cucumber,8,March,March,April,May,April,June,June,August
800,diva,cucumber,9,February,February,March,April,March,May,May,July
800,diva,cucumber,10,January,February,March,March,March,April,May,June
800,diva,cucumber,11,January,January,February,February,February,March,April,May
800,diva,cucumber,12,January,January,February,February,February,March,April,May
800,diva,cucumber,13,January,January,February,February,February,March,April,May
801,national-pickling,cucumber,1,June,June,July,August,July,September,September,August
801,national-pickling,cucumber,2,May,June,July,July,July,August,September,September
801,national-pickling,cucumber,3,May,May,June,July,June,August,August,October
801,national-pickling,cucumber,4,April,May,June,June,June,July,August,October
801,national-pickling,cucumber,5,April,April,May,June,May,July,August,September
801,national-pickling,cucumber,6,April,April,May,June,May,July,July,September
801,national-pickling,cucumber,7,March,April,May,May,May,June,July,August
801,national-pickling,cucumber,8,March,March,April,May,April,June,June,August
801,national-pickling,cucumber,9,February,February,March,April,March,May,May,July
801,national-pickling,cucumber,10,January,February,March,March,March,April,May,June
801,national-pickling,cucumber,11,January,January,February,February,February,March,April,May
801,national-pickling,cucumber,12,January,January,February,February,February,March,April,May
801,national-pickling,cucumber,13,January,January,February,February,February,March,April,May
802,beit-alpha,cucumber,1,June,June,July,August,July,September,September,August
802,beit-alpha,cucumber,2,May,June,July,July,July,August,September,September
802,beit-alpha,cucumber,3,May,May,June,July,June,August,August,October
802,beit-alpha,cucumber,4,April,May,June,June,June,July,August,October
802,beit-alpha,cucumber,5,April,April,May,June,May,July,August,September
802,beit-alpha,cucumber,6,April,April,May,June,May,July,July,September
802,beit-alpha,cucumber,7,March,April,May,May,May,June,July,August
802,beit-alpha,cucumber,8,March,March,April,May,April,June,June,August
802,beit-alpha,cucumber,9,February,February,March,April,March,May,May,July
802,beit-alpha,cucumber,10,January,February,March,March,March,April,May,June
802,beit-alpha,cucumber,11,January,January,February,February,February,March,April,May
802,beit-alpha,cucumber,12,January,January,February,February,February,March,April,May
802,beit-alpha,cucumber,13,January,January,February,February,February,March,April,May
803,homemade-pickles,cucumber,1,June,June,July,August,July,September,September,August
803,homemade-pickles,cucumber,2,May,June,July,July,July,August,September,September
803,homemade-pickles,cucumber,3,May,May,June,July,June,August,August,October
803,homemade-pickles,cucumber,4,April,May,June,June,June,July,August,October
803,homemade-pickles,cucumber,5,April,April,May,June,May,July,August,September
803,homemade-pickles,cucumber,6,April,April,May,June,May,July,July,September
803,homemade-pickles,cucumber,7,March,April,May,May,May,June,July,August
803,homemade-pickles,cucumber,8,March,March,April,May,April,June,June,August
803,homemade-pickles,cucumber,9,February,February,March,April,March,May,May,July
803,homemade-pickles,cucumber,10,January,February,March,March,March,April,May,June
803,homemade-pickles,cucumber,11,January,January,February,February,February,March,April,May
803,homemade-pickles,cucumber,12,January,January,February,February,February,March,April,May
803,homemade-pickles,cucumber,13,January,January,February,February,February,March,April,May
804,marketmore-80,cucumber,1,June,June,July,August,July,September,October,August
804,marketmore-80,cucumber,2,May,June,July,July,July,August,September,September
804,marketmore-80,cucumber,3,May,May,June,July,June,August,September,October
804,marketmore-80,cucumber,4,April,May,June,June,June,July,September,October
804,marketmore-80,cucumber,5,April,April,May,June,May,July,August,October
804,marketmore-80,cucumber,6,April,April,May,June,May,July,August,September
804,marketmore-80,cucumber,7,March,April,May,May,May,June,July,September
804,marketmore-80,cucumber,8,March,March,April,May,April,June,July,August
804,marketmore-80,cucumber,9,February,February,March,April,March,May,June,July
804,marketmore-80,cucumber,10,January,February,March,March,March,April,May,July
804,marketmore-80,cucumber,11,January,January,February,February,February,March,April,June
804,marketmore-80,cucumber,12,January,January,February,February,February,March,April,June
804,marketmore-80,cucumber,13,January,January,February,February,February,March,April,June
805,poona-kheera,cucumber,1,June,June,July,August,July,September,October,August
805,poona-kheera,cucumber,2,May,June,July,July,July,August,September,September
805,poona-kheera,cucumber,3,May,May,June,July,June,August,September,October
805,poona-kheera,cucumber,4,April,May,June,June,June,July,August,October
805,poona-kheera,cucumber,5,April,April,May,June,May,July,August,October
805,poona-kheera,cucumber,6,April,April,May,June,May,July,August,September
805,poona-kheera,cucumber,7,March,April,May,May,May,June,July,September
805,poona-kheera,cucumber,8,March,March,April,May,April,June,July,August
805,poona-kheera,cucumber,9,February,February,March,April,March,May,June,July
805,poona-kheera,cucumber,10,January,February,March,March,March,April,May,July
805,poona-kheera,cucumber,11,January,January,February,February,February,March,April,June
805,poona-kheera,cucumber,12,January,January,February,February,February,March,April,June
805,poona-kheera,cucumber,13,January,January,February,February,February,March,April,June
806,tasty-jade,cucumber,1,June,June,July,August,July,September,September,August
806,tasty-jade,cucumber,2,May,June,July,July,July,August,September,September
806,tasty-jade,cucumber,3,May,May,June,July,June,August,August,October
806,tasty-jade,cucumber,4,April,May,June,June,June,July,August,October
806,tasty-jade,cucumber,5,April,April,May,June,May,July,August,September
806,tasty-jade,cucumber,6,April,April,May,June,May,July,July,September
806,tasty-jade,cucumber,7,March,April,May,May,May,June,July,August
806,tasty-jade,cucumber,8,March,March,April,May,April,June,June,August
806,tasty-jade,cucumber,9,February,February,March,April,March,May,May,July
806,tasty-jade,cucumber,10,January,February,March,March,March,April,May,June
806,tasty-jade,cucumber,11,January,January,February,February,February,March,April,May
806,tasty-jade,cucumber,12,January,January,February,February,February,March,April,May
806,tasty-jade,cucumber,13,January,January,February,February,February,March,April,May
807,armenian-cucumber,cucumber,1,June,June,July,August,July,September,October,August
807,armenian-cucumber,cucumber,2,May,June,July,July,July,August,October,September
807,armenian-cucumber,cucumber,3,May,May,June,July,June,August,September,October
807,armenian-cucumber,cucumber,4,April,May,June,June,June,July,September,October
807,armenian-cucumber,cucumber,5,April,April,May,June,May,July,August,October
807,armenian-cucumber,cucumber,6,April,April,May,June,May,July,August,October
807,armenian-cucumber,cucumber,7,March,April,May,May,May,June,August,September
807,armenian-cucumber,cucumber,8,March,March,April,May,April,June,July,September
807,armenian-cucumber,cucumber,9,February,February,March,April,March,May,June,August
807,armenian-cucumber,cucumber,10,January,February,March,March,March,April,June,July
807,armenian-cucumber,cucumber,11,January,January,February,February,February,March,May,June
807,armenian-cucumber,cucumber,12,January,January,February,February,February,March,May,June
807,armenian-cucumber,cucumber,13,January,January,February,February,February,March,May,June
808,parisian-pickling-gherkin,cucumber,1,June,June,July,August,July,September,September,August
808,parisian-pickling-gherkin,cucumber,2,May,June,July,July,July,August,September,September
808,parisian-pickling-gherkin,cucumber,3,May,May,June,July,June,August,August,October
808,parisian-pickling-gherkin,cucumber,4,April,May,June,June,June,July,August,October
808,parisian-pickling-gherkin,cucumber,5,April,April,May,June,May,July,August,September
808,parisian-pickling-gherkin,cucumber,6,April,April,May,June,May,July,July,September
808,parisian-pickling-gherkin,cucumber,7,March,April,May,May,May,June,July,August
808,parisian-pickling-gherkin,cucumber,8,March,March,April,May,April,June,June,August
808,parisian-pickling-gherkin,cucumber,9,February,February,March,April,March,May,May,July
808,parisian-pickling-gherkin,cucumber,10,January,February,March,March,March,April,May,June
808,parisian-pickling-gherkin,cucumber,11,January,January,February,February,February,March,April,May
808,parisian-pickling-gherkin,cucumber,12,January,January,February,February,February,March,April,May
808,parisian-pickling-gherkin,cucumber,13,January,January,February,February,February,March,April,May
809,muncher-cucumber,cucumber,1,June,June,July,August,July,September,October,August
809,muncher-cucumber,cucumber,2,May,June,July,July,July,August,September,September
809,muncher-cucumber,cucumber,3,May,May,June,July,June,August,September,October
809,muncher-cucumber,cucumber,4,April,May,June,June,June,July,August,October
809,muncher-cucumber,cucumber,5,April,April,May,June,May,July,August,October
809,muncher-cucumber,cucumber,6,April,April,May,June,May,July,August,September
809,muncher-cucumber,cucumber,7,March,April,May,May,May,June,July,September
809,muncher-cucumber,cucumber,8,March,March,April,May,April,June,July,August
809,muncher-cucumber,cucumber,9,February,February,March,April,March,May,June,July
809,muncher-cucumber,cucumber,10,January,February,March,March,March,April,May,July
809,muncher-cucumber,cucumber,11,January,January,February,February,February,March,April,June
809,muncher-cucumber,cucumber,12,January,January,February,February,February,March,April,June
809,muncher-cucumber,cucumber,13,January,January,February,February,February,March,April,June
810,painted-serpent-cucumber,cucumber,1,June,June,July,August,July,September,October,August
810,painted-serpent-cucumber,cucumber,2,May,June,July,July,July,August,September,September
810,painted-serpent-cucumber,cucumber,3,May,May,June,July,June,August,September,October
810,painted-serpent-cucumber,cucumber,4,April,May,June,June,June,July,September,October
810,painted-serpent-cucumber,cucumber,5,April,April,May,June,May,July,August,October
810,painted-serpent-cucumber,cucumber,6,April,April,May,June,May,July,August,September
810,painted-serpent-cucumber,cucumber,7,March,April,May,May,May,June,July,September
810,painted-serpent-cucumber,cucumber,8,March,March,April,May,April,June,July,August
810,painted-serpent-cucumber,cucumber,9,February,February,March,April,March,May,June,July
810,painted-serpent-cucumber,cucumber,10,January,February,March,March,March,April,May,July
810,painted-serpent-cucumber,cucumber,11,January,January,February,February,February,March,April,June
810,painted-serpent-cucumber,cucumber,12,January,January,February,February,February,March,April,June
810,painted-serpent-cucumber,cucumber,13,January,January,February,February,February,March,April,June
811,telegraph-improved,cucumber,1,June,June,July,August,July,September,October,August
811,telegraph-improved,cucumber,2,May,June,July,July,July,August,September,September
811,telegraph-improved,cucumber,3,May,May,June,July,June,August,September,October
811,telegraph-improved,cucumber,4,April,May,June,June,June,July,September,October
811,telegraph-improved,cucumber,5,April,April,May,June,May,July,August,October
811,telegraph-improved,cucumber,6,April,April,May,June,May,July,August,September
811,telegraph-improved,cucumber,7,March,April,May,May,May,June,July,September
811,telegraph-improved,cucumber,8,March,March,April,May,April,June,July,August
811,telegraph-improved,cucumber,9,February,February,March,April,March,May,June,July
811,telegraph-improved,cucumber,10,January,February,March,March,March,April,May,July
811,telegraph-improved,cucumber,11,January,January,February,February,February,March,April,June
811,telegraph-improved,cucumber,12,January,January,February,February,February,March,April,June
811,telegraph-improved,cucumber,13,January,January,February,February,February,March,April,June
812,ashley-cucumber,cucumber,1,June,June,July,August,July,September,October,August
812,ashley-cucumber,cucumber,2,May,June,July,July,July,August,September,September
812,ashley-cucumber,cucumber,3,May,May,June,July,June,August,September,October
812,ashley-cucumber,cucumber,4,April,May,June,June,June,July,September,October
812,ashley-cucumber,cucumber,5,April,April,May,June,May,July,August,October
812,ashley-cucumber,cucumber,6,April,April,May,June,May,July,August,September
812,ashley-cucumber,cucumber,7,March,April,May,May,May,June,July,September
812,ashley-cucumber,cucumber,8,March,March,April,May,April,June,July,August
812,ashley-cucumber,cucumber,9,February,February,March,April,March,May,June,July
812,ashley-cucumber,cucumber,10,January,February,March,March,March,April,May,July
812,ashley-cucumber,cucumber,11,January,January,February,February,February,March,April,June
812,ashley-cucumber,cucumber,12,January,January,February,February,February,March,April,June
812,ashley-cucumber,cucumber,13,January,January,February,February,February,March,April,June
813,palace-king-cucumber,cucumber,1,June,June,July,August,July,September,October,August
813,palace-king-cucumber,cucumber,2,May,June,July,July,July,August,September,September
813,palace-king-cucumber,cucumber,3,May,May,June,July,June,August,September,October
813,palace-king-cucumber,cucumber,4,April,May,June,June,June,July,August,October
813,palace-king-cucumber,cucumber,5,April,April,May,June,May,July,August,October
813,palace-king-cucumber,cucumber,6,April,April,May,June,May,July,August,September
813,palace-king-cucumber,cucumber,7,March,April,May,May,May,June,July,September
813,palace-king-cucumber,cucumber,8,March,March,April,May,April,June,July,August
813,palace-king-cucumber,cucumber,9,February,February,March,April,March,May,June,July
813,palace-king-cucumber,cucumber,10,January,February,March,March,March,April,May,July
813,palace-king-cucumber,cucumber,11,January,January,February,February,February,March,April,June
813,palace-king-cucumber,cucumber,12,January,January,February,February,February,March,April,June
813,palace-king-cucumber,cucumber,13,January,January,February,February,February,March,April,June
814,picklebush-cucumber,cucumber,1,June,June,July,August,July,September,September,August
814,picklebush-cucumber,cucumber,2,May,June,July,July,July,August,September,September
814,picklebush-cucumber,cucumber,3,May,May,June,July,June,August,August,October
814,picklebush-cucumber,cucumber,4,April,May,June,June,June,July,August,October
814,picklebush-cucumber,cucumber,5,April,April,May,June,May,July,August,September
814,picklebush-cucumber,cucumber,6,April,April,May,June,May,July,July,September
814,picklebush-cucumber,cucumber,7,March,April,May,May,May,June,July,August
814,picklebush-cucumber,cucumber,8,March,March,April,May,April,June,June,August
814,picklebush-cucumber,cucumber,9,February,February,March,April,March,May,May,July
814,picklebush-cucumber,cucumber,10,January,February,March,March,March,April,May,June
814,picklebush-cucumber,cucumber,11,January,January,February,February,February,March,April,May
814,picklebush-cucumber,cucumber,12,January,January,February,February,February,March,April,May
814,picklebush-cucumber,cucumber,13,January,January,February,February,February,March,April,May
815,tendergreen-burpless-cucumber,cucumber,1,June,June,July,August,July,September,October,August
815,tendergreen-burpless-cucumber,cucumber,2,May,June,July,July,July,August,September,September
815,tendergreen-burpless-cucumber,cucumber,3,May,May,June,July,June,August,September,October
815,tendergreen-burpless-cucumber,cucumber,4,April,May,June,June,June,July,September,October
815,tendergreen-burpless-cucumber,cucumber,5,April,April,May,June,May,July,August,October
815,tendergreen-burpless-cucumber,cucumber,6,April,April,May,June,May,July,August,September
815,tendergreen-burpless-cucumber,cucumber,7,March,April,May,May,May,June,July,September
815,tendergreen-burpless-cucumber,cucumber,8,March,March,April,May,April,June,July,August
815,tendergreen-burpless-cucumber,cucumber,9,February,February,March,April,March,May,June,July
815,tendergreen-burpless-cucumber,cucumber,10,January,February,March,March,March,April,May,July
815,tendergreen-burpless-cucumber,cucumber,11,January,January,February,February,February,March,April,June
815,tendergreen-burpless-cucumber,cucumber,12,January,January,February,February,February,March,April,June
815,tendergreen-burpless-cucumber,cucumber,13,January,January,February,February,February,March,April,June
816,crystal-apple-cucumber,cucumber,1,June,June,July,August,July,September,October,August
816,crystal-apple-cucumber,cucumber,2,May,June,July,July,July,August,September,September
816,crystal-apple-cucumber,cucumber,3,May,May,June,July,June,August,September,October
816,crystal-apple-cucumber,cucumber,4,April,May,June,June,June,July,September,October
816,crystal-apple-cucumber,cucumber,5,April,April,May,June,May,July,August,October
816,crystal-apple-cucumber,cucumber,6,April,April,May,June,May,July,August,September
816,crystal-apple-cucumber,cucumber,7,March,April,May,May,May,June,July,September
816,crystal-apple-cucumber,cucumber,8,March,March,April,May,April,June,July,August
816,crystal-apple-cucumber,cucumber,9,February,February,March,April,March,May,June,July
816,crystal-apple-cucumber,cucumber,10,January,February,March,March,March,April,May,July
816,crystal-apple-cucumber,cucumber,11,January,January,February,February,February,March,April,June
816,crystal-apple-cucumber,cucumber,12,January,January,February,February,February,March,April,June
816,crystal-apple-cucumber,cucumber,13,January,January,February,February,February,March,April,June
817,kirby-cucumber,cucumber,1,June,June,July,August,July,September,September,August
817,kirby-cucumber,cucumber,2,May,June,July,July,July,August,September,September
817,kirby-cucumber,cucumber,3,May,May,June,July,June,August,August,October
817,kirby-cucumber,cucumber,4,April,May,June,June,June,July,August,October
817,kirby-cucumber,cucumber,5,April,April,May,June,May,July,August,September
817,kirby-cucumber,cucumber,6,April,April,May,June,May,July,July,September
817,kirby-cucumber,cucumber,7,March,April,May,May,May,June,July,August
817,kirby-cucumber,cucumber,8,March,March,April,May,April,June,June,August
817,kirby-cucumber,cucumber,9,February,February,March,April,March,May,May,July
817,kirby-cucumber,cucumber,10,January,February,March,March,March,April,May,June
817,kirby-cucumber,cucumber,11,January,January,February,February,February,March,April,May
817,kirby-cucumber,cucumber,12,January,January,February,February,February,March,April,May
817,kirby-cucumber,cucumber,13,January,January,February,February,February,March,April,May
818,english-telegraph,cucumber,1,June,June,July,August,July,September,October,August
818,english-telegraph,cucumber,2,May,June,July,July,July,August,September,September
818,english-telegraph,cucumber,3,May,May,June,July,June,August,September,October
818,english-telegraph,cucumber,4,April,May,June,June,June,July,September,October
818,english-telegraph,cucumber,5,April,April,May,June,May,July,August,October
818,english-telegraph,cucumber,6,April,April,May,June,May,July,August,September
818,english-telegraph,cucumber,7,March,April,May,May,May,June,July,September
818,english-telegraph,cucumber,8,March,March,April,May,April,June,July,August
818,english-telegraph,cucumber,9,February,February,March,April,March,May,June,July
818,english-telegraph,cucumber,10,January,February,March,March,March,April,May,July
818,english-telegraph,cucumber,11,January,January,February,February,February,March,April,June
818,english-telegraph,cucumber,12,January,January,February,February,February,March,April,June
818,english-telegraph,cucumber,13,January,January,February,February,February,March,April,June
819,mexican-sour-gherkin,cucumber,1,June,June,July,August,July,September,October,August
819,mexican-sour-gherkin,cucumber,2,May,June,July,July,July,August,September,September
819,mexican-sour-gherkin,cucumber,3,May,May,June,July,June,August,September,October
819,mexican-sour-gherkin,cucumber,4,April,May,June,June,June,July,September,October
819,mexican-sour-gherkin,cucumber,5,April,April,May,June,May,July,August,October
819,mexican-sour-gherkin,cucumber,6,April,April,May,June,May,July,August,September
819,mexican-sour-gherkin,cucumber,7,March,April,May,May,May,June,July,September
819,mexican-sour-gherkin,cucumber,8,March,March,April,May,April,June,July,August
819,mexican-sour-gherkin,cucumber,9,February,February,March,April,March,May,June,July
819,mexican-sour-gherkin,cucumber,10,January,February,March,March,March,April,May,July
819,mexican-sour-gherkin,cucumber,11,January,January,February,February,February,March,April,June
819,mexican-sour-gherkin,cucumber,12,January,January,February,February,February,March,April,June
819,mexican-sour-gherkin,cucumber,13,January,January,February,February,February,March,April,June
820,salad-bush,cucumber,1,June,June,July,August,July,September,September,August
820,salad-bush,cucumber,2,May,June,July,July,July,August,September,September
820,salad-bush,cucumber,3,May,May,June,July,June,August,August,October
820,salad-bush,cucumber,4,April,May,June,June,June,July,August,October
820,salad-bush,cucumber,5,April,April,May,June,May,July,August,September
820,salad-bush,cucumber,6,April,April,May,June,May,July,July,September
820,salad-bush,cucumber,7,March,April,May,May,May,June,July,August
820,salad-bush,cucumber,8,March,March,April,May,April,June,June,August
820,salad-bush,cucumber,9,February,February,March,April,March,May,May,July
820,salad-bush,cucumber,10,January,February,March,March,March,April,May,June
820,salad-bush,cucumber,11,January,January,February,February,February,March,April,May
820,salad-bush,cucumber,12,January,January,February,February,February,March,April,May
820,salad-bush,cucumber,13,January,January,February,February,February,March,April,May
821,chicago-pickling,cucumber,1,June,June,July,August,July,September,October,August
821,chicago-pickling,cucumber,2,May,June,July,July,July,August,September,September
821,chicago-pickling,cucumber,3,May,May,June,July,June,August,September,October
821,chicago-pickling,cucumber,4,April,May,June,June,June,July,August,October
821,chicago-pickling,cucumber,5,April,April,May,June,May,July,August,September
821,chicago-pickling,cucumber,6,April,April,May,June,May,July,August,September
821,chicago-pickling,cucumber,7,March,April,May,May,May,June,July,September
821,chicago-pickling,cucumber,8,March,March,April,May,April,June,July,August
821,chicago-pickling,cucumber,9,February,February,March,April,March,May,June,July
821,chicago-pickling,cucumber,10,January,February,March,March,March,April,May,July
821,chicago-pickling,cucumber,11,January,January,February,February,February,March,April,June
821,chicago-pickling,cucumber,12,January,January,February,February,February,March,April,June
821,chicago-pickling,cucumber,13,January,January,February,February,February,March,April,June
883,nasturtium-alaska-mix,flower,1,May,June,July,August,July,September,,
883,nasturtium-alaska-mix,flower,2,April,May,June,July,June,August,,
883,nasturtium-alaska-mix,flower,3,April,May,June,July,June,August,,
883,nasturtium-alaska-mix,flower,4,March,April,June,June,June,July,,
883,nasturtium-alaska-mix,flower,5,March,April,May,June,May,July,,
883,nasturtium-alaska-mix,flower,6,March,April,May,June,May,July,,
883,nasturtium-alaska-mix,flower,7,February,March,April,May,April,June,,
883,nasturtium-alaska-mix,flower,8,February,March,April,May,April,June,,
883,nasturtium-alaska-mix,flower,9,January,February,March,April,March,May,,
883,nasturtium-alaska-mix,flower,10,January,January,February,March,February,April,,
883,nasturtium-alaska-mix,flower,11,January,January,January,February,January,March,,
883,nasturtium-alaska-mix,flower,12,January,January,January,February,January,March,,
883,nasturtium-alaska-mix,flower,13,January,January,January,February,January,March,,
1298,little-leaf-cucumber,cucumber,1,June,June,July,August,July,September,September,August
1298,little-leaf-cucumber,cucumber,2,May,June,July,July,July,August,September,September
1298,little-leaf-cucumber,cucumber,3,,,June,August,,,,
1298,little-leaf-cucumber,cucumber,4,,,June,July,,,,
1298,little-leaf-cucumber,cucumber,5,,,May,July,,,,
1298,little-leaf-cucumber,cucumber,6,,,May,July,,,,
1298,little-leaf-cucumber,cucumber,7,,,May,June,,,,
1298,little-leaf-cucumber,cucumber,8,,,April,June,,,,
1298,little-leaf-cucumber,cucumber,9,,,March,May,,,,
1298,little-leaf-cucumber,cucumber,10,,,March,April,,,,
1298,little-leaf-cucumber,cucumber,11,January,January,February,February,February,March,April,May
1298,little-leaf-cucumber,cucumber,12,January,January,February,February,February,March,April,May
1298,little-leaf-cucumber,cucumber,13,January,January,February,February,February,March,April,May
1300,jack-be-little-pumpkin,squash,1,,,,,July,August,November,August
1300,jack-be-little-pumpkin,squash,2,,,,,June,August,October,September
1300,jack-be-little-pumpkin,squash,3,,,June,August,,,,
1300,jack-be-little-pumpkin,squash,4,,,June,July,,,,
1300,jack-be-little-pumpkin,squash,5,,,May,July,,,,
1300,jack-be-little-pumpkin,squash,6,,,May,July,,,,
1300,jack-be-little-pumpkin,squash,7,,,May,June,,,,
1300,jack-be-little-pumpkin,squash,8,,,April,June,,,,
1300,jack-be-little-pumpkin,squash,9,,,March,May,,,,
1300,jack-be-little-pumpkin,squash,10,,,March,April,,,,
1300,jack-be-little-pumpkin,squash,11,,,,,January,March,May,July
1300,jack-be-little-pumpkin,squash,12,,,,,January,March,May,July
1300,jack-be-little-pumpkin,squash,13,,,,,January,March,May,July
1305,piccolo-grape-tomato,tomato,1,May,May,July,August,,,September,August
1305,piccolo-grape-tomato,tomato,2,April,May,June,July,,,September,September
1305,piccolo-grape-tomato,tomato,10,,,March,April,,,,
1305,piccolo-grape-tomato,tomato,11,January,January,January,February,,,April,June
1305,piccolo-grape-tomato,tomato,12,January,January,January,February,,,April,June
1305,piccolo-grape-tomato,tomato,13,January,January,January,February,,,April,June
1450,provider,bean,1,,,,,July,August,September,August
1450,provider,bean,2,,,,,June,August,September,September
1450,provider,bean,3,,,,,June,July,August,October
1450,provider,bean,4,,,,,June,July,August,September
1450,provider,bean,5,,,,,May,June,August,September
1450,provider,bean,6,,,,,May,June,July,September
1450,provider,bean,7,,,,,April,June,July,August
1450,provider,bean,8,,,,,April,May,June,August
1450,provider,bean,9,,,,,March,April,May,July
1450,provider,bean,10,,,,,February,April,May,June
1450,provider,bean,11,,,,,January,March,April,May
1450,provider,bean,12,,,,,January,March,April,May
1450,provider,bean,13,,,,,January,March,April,May
1451,maxibel,bean,1,,,,,July,August,September,August
1451,maxibel,bean,2,,,,,June,August,September,September
1451,maxibel,bean,3,,,,,June,July,August,October
1451,maxibel,bean,4,,,,,June,July,August,September
1451,maxibel,bean,5,,,,,May,June,August,September
1451,maxibel,bean,6,,,,,May,June,July,September
1451,maxibel,bean,7,,,,,April,June,July,August
1451,maxibel,bean,8,,,,,April,May,June,August
1451,maxibel,bean,9,,,,,March,April,May,July
1451,maxibel,bean,10,,,,,February,April,May,June
1451,maxibel,bean,11,,,,,January,March,April,May
1451,maxibel,bean,12,,,,,January,March,April,May
1451,maxibel,bean,13,,,,,January,March,April,May
1452,fortex,bean,1,,,,,July,August,October,August
1452,fortex,bean,2,,,,,June,August,September,September
1452,fortex,bean,3,,,,,June,July,September,October
1452,fortex,bean,4,,,,,June,July,August,October
1452,fortex,bean,5,,,,,May,June,August,September
1452,fortex,bean,6,,,,,May,June,August,September
1452,fortex,bean,7,,,,,April,June,July,September
1452,fortex,bean,8,,,,,April,May,July,August
1452,fortex,bean,9,,,,,March,April,June,July
1452,fortex,bean,10,,,,,February,April,May,July
1452,fortex,bean,11,,,,,January,March,April,June
1452,fortex,bean,12,,,,,January,March,April,June
1452,fortex,bean,13,,,,,January,March,April,June
1453,fordhook-242,bean,1,,,,,July,August,October,August
1453,fordhook-242,bean,2,,,,,June,August,October,September
1453,fordhook-242,bean,3,,,,,June,July,September,October
1453,fordhook-242,bean,4,,,,,June,July,September,October
1453,fordhook-242,bean,5,,,,,May,June,September,October
1453,fordhook-242,bean,6,,,,,May,June,August,October
1453,fordhook-242,bean,7,,,,,April,June,August,September
1453,fordhook-242,bean,8,,,,,April,May,July,September
1453,fordhook-242,bean,9,,,,,March,April,June,August
1453,fordhook-242,bean,10,,,,,February,April,June,July
1453,fordhook-242,bean,11,,,,,January,March,May,June
1453,fordhook-242,bean,12,,,,,January,March,May,June
1453,fordhook-242,bean,13,,,,,January,March,May,June
1458,jade,bean,1,,,,,July,August,September,August
1458,jade,bean,2,,,,,June,August,September,September
1458,jade,bean,3,,,,,June,July,August,October
1458,jade,bean,4,,,,,June,July,August,October
1458,jade,bean,5,,,,,May,June,August,September
1458,jade,bean,6,,,,,May,June,July,September
1458,jade,bean,7,,,,,April,June,July,August
1458,jade,bean,8,,,,,April,May,June,August
1458,jade,bean,9,,,,,March,April,May,July
1458,jade,bean,10,,,,,February,April,May,June
1458,jade,bean,11,,,,,January,March,April,May
1458,jade,bean,12,,,,,January,March,April,May
1458,jade,bean,13,,,,,January,March,April,May
1460,tavera,bean,1,,,,,July,August,September,August
1460,tavera,bean,2,,,,,June,August,September,September
1460,tavera,bean,3,,,,,June,July,August,October
1460,tavera,bean,4,,,,,June,July,August,October
1460,tavera,bean,5,,,,,May,June,August,September
1460,tavera,bean,6,,,,,May,June,July,September
1460,tavera,bean,7,,,,,April,June,July,August
1460,tavera,bean,8,,,,,April,May,June,August
1460,tavera,bean,9,,,,,March,April,May,July
1460,tavera,bean,10,,,,,February,April,May,June
1460,tavera,bean,11,,,,,January,March,April,May
1460,tavera,bean,12,,,,,January,March,April,May
1460,tavera,bean,13,,,,,January,March,April,May
1465,rocdor,bean,1,,,,,July,August,September,August
1465,rocdor,bean,2,,,,,June,August,September,September
1465,rocdor,bean,3,,,,,June,July,August,October
1465,rocdor,bean,4,,,,,June,July,August,October
1465,rocdor,bean,5,,,,,May,June,August,September
1465,rocdor,bean,6,,,,,May,June,July,September
1465,rocdor,bean,7,,,,,April,June,July,August
1465,rocdor,bean,8,,,,,April,May,June,August
1465,rocdor,bean,9,,,,,March,April,May,July
1465,rocdor,bean,10,,,,,February,April,May,June
1465,rocdor,bean,11,,,,,January,March,April,May
1465,rocdor,bean,12,,,,,January,March,April,May
1465,rocdor,bean,13,,,,,January,March,April,May
1469,sorrel,lettuce,1,,,,,June,July,July,September
1469,sorrel,lettuce,2,,,,,May,July,June,September
1469,sorrel,lettuce,3,,,,,May,June,June,October
1469,sorrel,lettuce,4,,,,,April,June,June,October
1469,sorrel,lettuce,5,,,,,April,May,May,November
1469,sorrel,lettuce,6,,,,,April,May,May,November
1469,sorrel,lettuce,7,,,,,March,May,April,November
1469,sorrel,lettuce,8,,,,,March,April,April,December
1469,sorrel,lettuce,9,,,,,February,March,March,December
1469,sorrel,lettuce,10,,,,,January,March,February,December
1469,sorrel,lettuce,11,,,,,January,February,January,December
1469,sorrel,lettuce,12,,,,,January,February,January,December
1469,sorrel,lettuce,13,,,,,January,February,January,December
1473,northeaster,bean,1,,,,,July,August,September,August
1473,northeaster,bean,2,,,,,June,August,September,September
1473,northeaster,bean,3,,,,,June,July,August,October
1473,northeaster,bean,4,,,,,June,July,August,October
1473,northeaster,bean,5,,,,,May,June,August,September
1473,northeaster,bean,6,,,,,May,June,July,September
1473,northeaster,bean,7,,,,,April,June,July,August
1473,northeaster,bean,8,,,,,April,May,June,August
1473,northeaster,bean,9,,,,,March,April,May,July
1473,northeaster,bean,10,,,,,February,April,May,June
1473,northeaster,bean,11,,,,,January,March,April,May
1473,northeaster,bean,12,,,,,January,March,April,May
1473,northeaster,bean,13,,,,,January,March,April,May
1478,summer-cross-no-3,root-vegetable,1,,,,,June,July,July,September
1478,summer-cross-no-3,root-vegetable,2,,,,,May,July,July,September
1478,summer-cross-no-3,root-vegetable,3,,,,,May,June,June,October
1478,summer-cross-no-3,root-vegetable,4,,,,,April,June,June,October
1478,summer-cross-no-3,root-vegetable,5,,,,,April,May,June,November
1478,summer-cross-no-3,root-vegetable,6,,,,,April,May,May,November
1478,summer-cross-no-3,root-vegetable,7,,,,,March,May,May,November
1478,summer-cross-no-3,root-vegetable,8,,,,,March,April,April,December
1478,summer-cross-no-3,root-vegetable,9,,,,,February,March,March,December
1478,summer-cross-no-3,root-vegetable,10,,,,,January,March,March,December
1478,summer-cross-no-3,root-vegetable,11,,,,,January,February,February,December
1478,summer-cross-no-3,root-vegetable,12,,,,,January,February,February,December
1478,summer-cross-no-3,root-vegetable,13,,,,,January,February,February,December
1479,miyashige,root-vegetable,1,,,,,June,July,July,September
1479,miyashige,root-vegetable,2,,,,,May,July,July,September
1479,miyashige,root-vegetable,3,,,,,May,June,June,October
1479,miyashige,root-vegetable,4,,,,,April,June,June,October
1479,miyashige,root-vegetable,5,,,,,April,May,June,November
1479,miyashige,root-vegetable,6,,,,,April,May,May,November
1479,miyashige,root-vegetable,7,,,,,March,May,May,November
1479,miyashige,root-vegetable,8,,,,,March,April,April,December
1479,miyashige,root-vegetable,9,,,,,February,March,March,December
1479,miyashige,root-vegetable,10,,,,,January,March,March,December
1479,miyashige,root-vegetable,11,,,,,January,February,February,December
1479,miyashige,root-vegetable,12,,,,,January,February,February,December
1479,miyashige,root-vegetable,13,,,,,January,February,February,December
1481,arat,herb,1,May,June,July,August,,,August,August
1481,arat,herb,2,April,May,June,August,,,August,September
1481,arat,herb,3,April,May,June,July,,,July,October
1481,arat,herb,4,March,April,June,July,,,July,October
1481,arat,herb,5,March,April,May,June,,,June,October
1481,arat,herb,6,March,April,May,June,,,June,November
1481,arat,herb,7,February,March,April,June,,,June,November
1481,arat,herb,8,February,March,April,May,,,May,December
1481,arat,herb,9,January,February,March,April,,,April,December
1481,arat,herb,10,January,January,February,April,,,April,December
1481,arat,herb,11,January,January,January,March,,,March,December
1482,premium-greens-mix,lettuce,1,,,,,June,July,June,September
1482,premium-greens-mix,lettuce,2,,,,,May,July,June,September
1482,premium-greens-mix,lettuce,3,,,,,May,June,May,October
1482,premium-greens-mix,lettuce,4,,,,,April,June,May,October
1482,premium-greens-mix,lettuce,5,,,,,April,May,May,November
1482,premium-greens-mix,lettuce,6,,,,,April,May,April,November
1482,premium-greens-mix,lettuce,7,,,,,March,May,April,November
1482,premium-greens-mix,lettuce,8,,,,,March,April,March,December
1482,premium-greens-mix,lettuce,9,,,,,February,March,February,December
1482,premium-greens-mix,lettuce,10,,,,,January,March,February,December
1482,premium-greens-mix,lettuce,11,,,,,January,February,January,December
1482,premium-greens-mix,lettuce,12,,,,,January,February,January,December
1482,premium-greens-mix,lettuce,13,,,,,January,February,January,December
1483,elegance-greens-mix,lettuce,1,,,,,June,July,June,September
1483,elegance-greens-mix,lettuce,2,,,,,May,July,June,September
1483,elegance-greens-mix,lettuce,3,,,,,May,June,May,October
1483,elegance-greens-mix,lettuce,4,,,,,April,June,May,October
1483,elegance-greens-mix,lettuce,5,,,,,April,May,May,November
1483,elegance-greens-mix,lettuce,6,,,,,April,May,April,November
1483,elegance-greens-mix,lettuce,7,,,,,March,May,April,November
1483,elegance-greens-mix,lettuce,8,,,,,March,April,March,December
1483,elegance-greens-mix,lettuce,9,,,,,February,March,February,December
1483,elegance-greens-mix,lettuce,10,,,,,January,March,February,December
1483,elegance-greens-mix,lettuce,11,,,,,January,February,January,December
1483,elegance-greens-mix,lettuce,12,,,,,January,February,January,December
1483,elegance-greens-mix,lettuce,13,,,,,January,February,January,December
1484,alexandria,berry,3,,,June,August,,,September,September
1484,alexandria,berry,4,,,June,July,,,August,September
1484,alexandria,berry,5,,,May,July,,,August,October
1484,alexandria,berry,6,,,May,July,,,August,October
1484,alexandria,berry,7,,,May,June,,,July,October
1484,alexandria,berry,8,,,April,June,,,July,November
1484,alexandria,berry,9,,,March,May,,,June,December
1484,alexandria,berry,10,,,March,April,,,May,December
1485,ruby-red-or-rhubarb-chard,brassica,1,April,May,June,July,June,July,July,September
1485,ruby-red-or-rhubarb-chard,brassica,2,April,May,June,July,May,July,June,September
1485,ruby-red-or-rhubarb-chard,brassica,3,March,April,May,June,May,June,June,October
1485,ruby-red-or-rhubarb-chard,brassica,4,March,April,May,June,April,June,May,October
1485,ruby-red-or-rhubarb-chard,brassica,5,February,March,April,May,April,May,May,November
1485,ruby-red-or-rhubarb-chard,brassica,6,February,March,April,May,April,May,May,November
1485,ruby-red-or-rhubarb-chard,brassica,7,February,March,April,May,March,May,April,November
1485,ruby-red-or-rhubarb-chard,brassica,8,January,February,March,April,March,April,April,December
1485,ruby-red-or-rhubarb-chard,brassica,9,January,January,February,March,February,March,March,December
1485,ruby-red-or-rhubarb-chard,brassica,10,January,January,February,March,January,March,February,December
1485,ruby-red-or-rhubarb-chard,brassica,11,January,January,January,February,January,February,January,December
1485,ruby-red-or-rhubarb-chard,brassica,12,January,January,January,February,January,February,January,December
1485,ruby-red-or-rhubarb-chard,brassica,13,January,January,January,February,January,February,January,December
1487,mrs-burns-lemon,herb,3,April,May,June,July,,,July,October
1487,mrs-burns-lemon,herb,4,March,April,June,July,,,July,October
1487,mrs-burns-lemon,herb,5,March,April,May,June,,,June,October
1487,mrs-burns-lemon,herb,6,March,April,May,June,,,June,November
1487,mrs-burns-lemon,herb,7,February,March,April,June,,,June,November
1487,mrs-burns-lemon,herb,8,February,March,April,May,,,May,December
1487,mrs-burns-lemon,herb,9,January,February,March,April,,,April,December
1487,mrs-burns-lemon,herb,10,January,January,February,April,,,April,December
1488,bronze,herb,3,April,May,June,July,,,July,October
1488,bronze,herb,4,March,April,June,July,,,July,October
1488,bronze,herb,5,March,April,May,June,,,June,October
1488,bronze,herb,6,March,April,May,June,,,June,November
1488,bronze,herb,7,February,March,April,June,,,June,November
1488,bronze,herb,8,February,March,April,May,,,May,December
1488,bronze,herb,9,January,February,March,April,,,April,December
1488,bronze,herb,10,January,January,February,April,,,April,December
1489,toma-verde,tomato,1,May,May,July,August,,,September,August
1489,toma-verde,tomato,2,April,May,June,July,,,September,September
1489,toma-verde,tomato,3,April,April,June,July,,,August,October
1489,toma-verde,tomato,4,March,April,June,June,,,August,October
1489,toma-verde,tomato,5,March,March,May,June,,,July,September
1489,toma-verde,tomato,6,March,March,May,June,,,July,September
1489,toma-verde,tomato,7,February,March,April,May,,,July,September
1489,toma-verde,tomato,8,February,February,April,May,,,June,August
1489,toma-verde,tomato,9,January,January,March,April,,,May,July
1489,toma-verde,tomato,10,January,January,February,March,,,May,July
1489,toma-verde,tomato,11,January,January,January,February,,,April,June
1489,toma-verde,tomato,12,January,January,January,February,,,April,June
1489,toma-verde,tomato,13,January,January,January,February,,,April,June
1491,common-mint,herb,3,April,May,June,July,,,July,October
1491,common-mint,herb,4,March,April,June,July,,,July,October
1491,common-mint,herb,5,March,April,May,June,,,June,October
1491,common-mint,herb,6,March,April,May,June,,,June,November
1491,common-mint,herb,7,February,March,April,June,,,June,November
1491,common-mint,herb,8,February,March,April,May,,,May,December
1491,common-mint,herb,9,January,February,March,April,,,April,December
1491,common-mint,herb,10,January,January,February,April,,,April,December
1494,spicy-bush,herb,3,April,May,June,July,,,July,October
1494,spicy-bush,herb,4,March,April,June,July,,,July,October
1494,spicy-bush,herb,5,March,April,May,June,,,June,October
1494,spicy-bush,herb,6,March,April,May,June,,,June,November
1494,spicy-bush,herb,7,February,March,April,June,,,June,November
1494,spicy-bush,herb,8,February,March,April,May,,,May,December
1494,spicy-bush,herb,9,January,February,March,April,,,April,December
1494,spicy-bush,herb,10,January,January,February,April,,,April,December
1498,cutting-celery,herb,3,April,May,June,July,,,July,October
1498,cutting-celery,herb,4,March,April,June,July,,,July,October
1498,cutting-celery,herb,5,March,April,May,June,,,June,October
1498,cutting-celery,herb,6,March,April,May,June,,,June,November
1498,cutting-celery,herb,7,February,March,April,June,,,June,November
1498,cutting-celery,herb,8,February,March,April,May,,,May,December
1498,cutting-celery,herb,9,January,February,March,April,,,April,December
1498,cutting-celery,herb,10,January,January,February,April,,,April,December
1501,creeping,herb,3,April,May,June,July,,,July,October
1501,creeping,herb,4,March,April,June,July,,,July,October
1501,creeping,herb,5,March,April,May,June,,,June,October
1501,creeping,herb,6,March,April,May,June,,,June,November
1501,creeping,herb,7,February,March,April,June,,,June,November
1501,creeping,herb,8,February,March,April,May,,,May,December
1501,creeping,herb,9,January,February,March,April,,,April,December
1501,creeping,herb,10,January,January,February,April,,,April,December
1523,trailing-nasturtium-mix,flower,1,May,June,July,August,July,September,,
1523,trailing-nasturtium-mix,flower,2,April,May,June,July,June,August,,
1523,trailing-nasturtium-mix,flower,3,April,May,June,July,June,August,,
1523,trailing-nasturtium-mix,flower,4,March,April,June,June,June,July,,
1523,trailing-nasturtium-mix,flower,5,March,April,May,June,May,July,,
1523,trailing-nasturtium-mix,flower,6,March,April,May,June,May,July,,
1523,trailing-nasturtium-mix,flower,7,February,March,April,May,April,June,,
1523,trailing-nasturtium-mix,flower,8,February,March,April,May,April,June,,
1523,trailing-nasturtium-mix,flower,9,January,February,March,April,March,May,,
1523,trailing-nasturtium-mix,flower,10,January,January,February,March,February,April,,
1523,trailing-nasturtium-mix,flower,11,January,January,January,February,January,March,,
1523,trailing-nasturtium-mix,flower,12,January,January,January,February,January,March,,
1523,trailing-nasturtium-mix,flower,13,January,January,January,February,January,March,,
1524,alaska-mix,flower,1,May,June,July,August,July,September,,
1524,alaska-mix,flower,2,April,May,June,July,June,August,,
1524,alaska-mix,flower,3,April,May,June,July,June,August,,
1524,alaska-mix,flower,4,March,April,June,June,June,July,,
1524,alaska-mix,flower,5,March,April,May,June,May,July,,
1524,alaska-mix,flower,6,March,April,May,June,May,July,,
1524,alaska-mix,flower,7,February,March,April,May,April,June,,
1524,alaska-mix,flower,8,February,March,April,May,April,June,,
1524,alaska-mix,flower,9,January,February,March,April,March,May,,
1524,alaska-mix,flower,10,January,January,February,March,February,April,,
1524,alaska-mix,flower,11,January,January,January,February,January,March,,
1524,alaska-mix,flower,12,January,January,January,February,January,March,,
1524,alaska-mix,flower,13,January,January,January,February,January,March,,
1558,jewel-mix,flower,1,May,June,July,August,July,September,,
1558,jewel-mix,flower,2,April,May,June,July,June,August,,
1558,jewel-mix,flower,3,April,May,June,July,June,August,,
1558,jewel-mix,flower,4,March,April,June,June,June,July,,
1558,jewel-mix,flower,5,March,April,May,June,May,July,,
1558,jewel-mix,flower,6,March,April,May,June,May,July,,
1558,jewel-mix,flower,7,February,March,April,May,April,June,,
1558,jewel-mix,flower,8,February,March,April,May,April,June,,
1558,jewel-mix,flower,9,January,February,March,April,March,May,,
1558,jewel-mix,flower,10,January,January,February,March,February,April,,
1558,jewel-mix,flower,11,January,January,January,February,January,March,,
1558,jewel-mix,flower,12,January,January,January,February,January,March,,
1558,jewel-mix,flower,13,January,January,January,February,January,March,,
1658,bandit,allium,1,,,,,June,July,October,September
1658,bandit,allium,2,,,,,May,July,September,September
1658,bandit,allium,3,,,,,May,June,September,October
1658,bandit,allium,4,,,,,April,June,August,October
1658,bandit,allium,5,,,,,April,May,August,November
1658,bandit,allium,6,,,,,April,May,August,November
1658,bandit,allium,7,,,,,March,May,July,November
1658,bandit,allium,8,,,,,March,April,July,December
1658,bandit,allium,9,,,,,February,March,June,December
1658,bandit,allium,10,,,,,January,March,May,December
1658,bandit,allium,11,,,,,January,February,April,December
1658,bandit,allium,12,,,,,January,February,April,December
1658,bandit,allium,13,,,,,January,February,April,December
1672,de-milpa,tomato,1,May,May,July,August,,,September,August
1672,de-milpa,tomato,2,April,May,June,July,,,September,September
1672,de-milpa,tomato,3,April,April,June,July,,,August,October
1672,de-milpa,tomato,4,March,April,June,June,,,August,October
1672,de-milpa,tomato,5,March,March,May,June,,,August,October
1672,de-milpa,tomato,6,March,March,May,June,,,July,September
1672,de-milpa,tomato,7,February,March,April,May,,,July,September
1672,de-milpa,tomato,8,February,February,April,May,,,June,August
1672,de-milpa,tomato,9,January,January,March,April,,,May,July
1672,de-milpa,tomato,10,January,January,February,March,,,May,July
1672,de-milpa,tomato,11,January,January,January,February,,,April,June
1672,de-milpa,tomato,12,January,January,January,February,,,April,June
1672,de-milpa,tomato,13,January,January,January,February,,,April,June
1679,marvel-of-venice,bean,1,,,,,July,August,September,August
1679,marvel-of-venice,bean,2,,,,,June,August,September,September
1679,marvel-of-venice,bean,3,,,,,June,July,August,October
1679,marvel-of-venice,bean,4,,,,,June,July,August,October
1679,marvel-of-venice,bean,5,,,,,May,June,August,September
1679,marvel-of-venice,bean,6,,,,,May,June,July,September
1679,marvel-of-venice,bean,7,,,,,April,June,July,August
1679,marvel-of-venice,bean,8,,,,,April,May,June,August
1679,marvel-of-venice,bean,9,,,,,March,April,May,July
1679,marvel-of-venice,bean,10,,,,,February,April,May,June
1679,marvel-of-venice,bean,11,,,,,January,March,April,May
1679,marvel-of-venice,bean,12,,,,,January,March,April,May
1679,marvel-of-venice,bean,13,,,,,January,March,April,May
1680,giant-of-italy,herb,3,April,May,June,July,,,July,October
1680,giant-of-italy,herb,4,March,April,June,July,,,July,October
1680,giant-of-italy,herb,5,March,April,May,June,,,June,October
1680,giant-of-italy,herb,6,March,April,May,June,,,June,November
1680,giant-of-italy,herb,7,February,March,April,June,,,June,November
1680,giant-of-italy,herb,8,February,March,April,May,,,May,December
1680,giant-of-italy,herb,9,January,February,March,April,,,April,December
1680,giant-of-italy,herb,10,January,January,February,April,,,April,December
1680,giant-of-italy,herb,11,January,January,January,March,,,March,December
1681,grosfruchtiger,herb,3,April,May,June,July,,,July,October
1681,grosfruchtiger,herb,4,March,April,June,July,,,July,October
1681,grosfruchtiger,herb,5,March,April,May,June,,,June,October
1681,grosfruchtiger,herb,6,March,April,May,June,,,June,November
1681,grosfruchtiger,herb,7,February,March,April,June,,,June,November
1681,grosfruchtiger,herb,8,February,March,April,May,,,May,December
1681,grosfruchtiger,herb,9,January,February,March,April,,,April,December
1681,grosfruchtiger,herb,10,January,January,February,April,,,April,December
1685,alpine,root-vegetable,1,,,,,June,July,July,September
1685,alpine,root-vegetable,2,,,,,May,July,July,September
1685,alpine,root-vegetable,3,,,,,May,June,June,October
1685,alpine,root-vegetable,4,,,,,April,June,June,October
1685,alpine,root-vegetable,5,,,,,April,May,June,November
1685,alpine,root-vegetable,6,,,,,April,May,May,November
1685,alpine,root-vegetable,7,,,,,March,May,May,November
1685,alpine,root-vegetable,8,,,,,March,April,April,December
1685,alpine,root-vegetable,9,,,,,February,March,March,December
1685,alpine,root-vegetable,10,,,,,January,March,March,December
1685,alpine,root-vegetable,11,,,,,January,February,February,December
1685,alpine,root-vegetable,12,,,,,January,February,February,December
1685,alpine,root-vegetable,13,,,,,January,February,February,December
1688,tohya,bean,1,,,,,July,August,October,August
1688,tohya,bean,2,,,,,June,August,October,September
1688,tohya,bean,3,,,,,June,July,September,October
1688,tohya,bean,4,,,,,June,July,September,October
1688,tohya,bean,5,,,,,May,June,September,October
1688,tohya,bean,6,,,,,May,June,August,October
1688,tohya,bean,7,,,,,April,June,August,September
1688,tohya,bean,8,,,,,April,May,July,September
1688,tohya,bean,9,,,,,March,April,June,August
1688,tohya,bean,10,,,,,February,April,June,July
1688,tohya,bean,11,,,,,January,March,May,June
1688,tohya,bean,12,,,,,January,March,May,June
1688,tohya,bean,13,,,,,January,March,May,June
1690,velour,bean,1,,,,,July,August,September,August
1690,velour,bean,2,,,,,June,August,September,September
1690,velour,bean,3,,,,,June,July,August,October
1690,velour,bean,4,,,,,June,July,August,October
1690,velour,bean,5,,,,,May,June,August,September
1690,velour,bean,6,,,,,May,June,July,September
1690,velour,bean,7,,,,,April,June,July,August
1690,velour,bean,8,,,,,April,May,June,August
1690,velour,bean,9,,,,,March,April,May,July
1690,velour,bean,10,,,,,February,April,May,June
1690,velour,bean,11,,,,,January,March,April,May
1690,velour,bean,12,,,,,January,March,April,May
1690,velour,bean,13,,,,,January,March,April,May
1693,megaton,allium,1,,,,,June,July,September,September
1693,megaton,allium,2,,,,,May,July,August,September
1693,megaton,allium,3,,,,,May,June,August,October
1693,megaton,allium,4,,,,,April,June,July,October
1693,megaton,allium,5,,,,,April,May,July,November
1693,megaton,allium,6,,,,,April,May,July,November
1693,megaton,allium,7,,,,,March,May,June,November
1693,megaton,allium,8,,,,,March,April,June,December
1693,megaton,allium,9,,,,,February,March,May,December
1693,megaton,allium,10,,,,,January,March,April,December
1693,megaton,allium,11,,,,,January,February,March,December
1693,megaton,allium,12,,,,,January,February,March,December
1693,megaton,allium,13,,,,,January,February,March,December
1694,red-noodle,bean,1,,,,,July,August,October,August
1694,red-noodle,bean,2,,,,,June,August,October,September
1694,red-noodle,bean,3,,,,,June,July,September,October
1694,red-noodle,bean,4,,,,,June,July,September,October
1694,red-noodle,bean,5,,,,,May,June,September,October
1694,red-noodle,bean,6,,,,,May,June,August,October
1694,red-noodle,bean,7,,,,,April,June,August,September
1694,red-noodle,bean,8,,,,,April,May,July,September
1694,red-noodle,bean,9,,,,,March,April,June,August
1694,red-noodle,bean,10,,,,,February,April,June,July
1694,red-noodle,bean,11,,,,,January,March,May,June
1694,red-noodle,bean,12,,,,,January,March,May,June
1694,red-noodle,bean,13,,,,,January,March,May,June
1698,conservor,allium,1,,,,,June,July,September,September
1698,conservor,allium,2,,,,,May,July,September,September
1698,conservor,allium,3,,,,,May,June,August,October
1698,conservor,allium,4,,,,,April,June,August,October
1698,conservor,allium,5,,,,,April,May,August,November
1698,conservor,allium,6,,,,,April,May,July,November
1698,conservor,allium,7,,,,,March,May,July,November
1698,conservor,allium,8,,,,,March,April,June,December
1698,conservor,allium,9,,,,,February,March,May,December
1698,conservor,allium,10,,,,,January,March,May,December
1698,conservor,allium,11,,,,,January,February,April,December
1698,conservor,allium,12,,,,,January,February,April,December
1698,conservor,allium,13,,,,,January,February,April,December
1703,red-veined-sorrel,lettuce,1,,,,,June,July,July,September
1703,red-veined-sorrel,lettuce,2,,,,,May,July,July,September
1703,red-veined-sorrel,lettuce,3,,,,,May,June,June,October
1703,red-veined-sorrel,lettuce,4,,,,,April,June,June,October
1703,red-veined-sorrel,lettuce,5,,,,,April,May,June,November
1703,red-veined-sorrel,lettuce,6,,,,,April,May,May,November
1703,red-veined-sorrel,lettuce,7,,,,,March,May,May,November
1703,red-veined-sorrel,lettuce,8,,,,,March,April,April,December
1703,red-veined-sorrel,lettuce,9,,,,,February,March,March,December
1703,red-veined-sorrel,lettuce,10,,,,,January,March,March,December
1703,red-veined-sorrel,lettuce,11,,,,,January,February,February,December
1703,red-veined-sorrel,lettuce,12,,,,,January,February,February,December
1703,red-veined-sorrel,lettuce,13,,,,,January,February,February,December
1708,orange-thyme,herb,3,April,May,June,July,,,July,October
1708,orange-thyme,herb,4,March,April,June,July,,,July,October
1708,orange-thyme,herb,5,March,April,May,June,,,June,October
1708,orange-thyme,herb,6,March,April,May,June,,,June,November
1708,orange-thyme,herb,7,February,March,April,June,,,June,November
1708,orange-thyme,herb,8,February,March,April,May,,,May,December
1708,orange-thyme,herb,9,January,February,March,April,,,April,December
1708,orange-thyme,herb,10,January,January,February,April,,,April,December
1714,amethyst,bean,1,,,,,July,August,September,August
1714,amethyst,bean,2,,,,,June,August,September,September
1714,amethyst,bean,3,,,,,June,July,August,October
1714,amethyst,bean,4,,,,,June,July,August,October
1714,amethyst,bean,5,,,,,May,June,August,September
1714,amethyst,bean,6,,,,,May,June,July,September
1714,amethyst,bean,7,,,,,April,June,July,August
1714,amethyst,bean,8,,,,,April,May,June,August
1714,amethyst,bean,9,,,,,March,April,May,July
1714,amethyst,bean,10,,,,,February,April,May,June
1714,amethyst,bean,11,,,,,January,March,April,May
1714,amethyst,bean,12,,,,,January,March,April,May
1714,amethyst,bean,13,,,,,January,March,April,May
1719,autumn-colors-cushaw,squash,1,,,,,July,August,November,August
1719,autumn-colors-cushaw,squash,2,,,,,June,August,November,September
1719,autumn-colors-cushaw,squash,3,,,,,June,July,October,October
1719,autumn-colors-cushaw,squash,4,,,,,June,July,October,October
1719,autumn-colors-cushaw,squash,5,,,,,May,June,September,October
1719,autumn-colors-cushaw,squash,6,,,,,May,June,September,November
1719,autumn-colors-cushaw,squash,7,,,,,April,June,September,October
1719,autumn-colors-cushaw,squash,8,,,,,April,May,August,October
1719,autumn-colors-cushaw,squash,9,,,,,March,April,July,September
1719,autumn-colors-cushaw,squash,10,,,,,February,April,July,August
1719,autumn-colors-cushaw,squash,11,,,,,January,March,June,July
1719,autumn-colors-cushaw,squash,12,,,,,January,March,June,July
1719,autumn-colors-cushaw,squash,13,,,,,January,March,June,July
1725,monte-gusto,bean,1,,,,,July,August,September,August
1725,monte-gusto,bean,2,,,,,June,August,September,September
1725,monte-gusto,bean,3,,,,,June,July,August,October
1725,monte-gusto,bean,4,,,,,June,July,August,October
1725,monte-gusto,bean,5,,,,,May,June,August,September
1725,monte-gusto,bean,6,,,,,May,June,July,September
1725,monte-gusto,bean,7,,,,,April,June,July,August
1725,monte-gusto,bean,8,,,,,April,May,June,August
1725,monte-gusto,bean,9,,,,,March,April,May,July
1725,monte-gusto,bean,10,,,,,February,April,May,June
1725,monte-gusto,bean,11,,,,,January,March,April,May
1725,monte-gusto,bean,12,,,,,January,March,April,May
1725,monte-gusto,bean,13,,,,,January,March,April,May
1726,carminat,bean,1,,,,,July,August,October,August
1726,carminat,bean,2,,,,,June,August,September,September
1726,carminat,bean,3,,,,,June,July,September,October
1726,carminat,bean,4,,,,,June,July,August,October
1726,carminat,bean,5,,,,,May,June,August,September
1726,carminat,bean,6,,,,,May,June,August,September
1726,carminat,bean,7,,,,,April,June,July,September
1726,carminat,bean,8,,,,,April,May,July,August
1726,carminat,bean,9,,,,,March,April,June,July
1726,carminat,bean,10,,,,,February,April,May,July
1726,carminat,bean,11,,,,,January,March,April,June
1726,carminat,bean,12,,,,,January,March,April,June
1726,carminat,bean,13,,,,,January,March,April,June
1727,vroma,bean,1,,,,,July,August,October,August
1727,vroma,bean,2,,,,,June,August,October,September
1727,vroma,bean,3,,,,,June,July,September,October
1727,vroma,bean,4,,,,,June,July,September,October
1727,vroma,bean,5,,,,,May,June,August,October
1727,vroma,bean,6,,,,,May,June,August,October
1727,vroma,bean,7,,,,,April,June,August,September
1727,vroma,bean,8,,,,,April,May,July,September
1727,vroma,bean,9,,,,,March,April,June,August
1727,vroma,bean,10,,,,,February,April,June,July
1727,vroma,bean,11,,,,,January,March,May,June
1727,vroma,bean,12,,,,,January,March,May,June
1727,vroma,bean,13,,,,,January,March,May,June
1728,dragon-s-tongue,bean,1,,,,,July,August,September,August
1728,dragon-s-tongue,bean,2,,,,,June,August,September,September
1728,dragon-s-tongue,bean,3,,,,,June,July,August,October
1728,dragon-s-tongue,bean,4,,,,,June,July,August,October
1728,dragon-s-tongue,bean,5,,,,,May,June,August,September
1728,dragon-s-tongue,bean,6,,,,,May,June,July,September
1728,dragon-s-tongue,bean,7,,,,,April,June,July,August
1728,dragon-s-tongue,bean,8,,,,,April,May,June,August
1728,dragon-s-tongue,bean,9,,,,,March,April,May,July
1728,dragon-s-tongue,bean,10,,,,,February,April,May,June
1728,dragon-s-tongue,bean,11,,,,,January,March,April,May
1728,dragon-s-tongue,bean,12,,,,,January,March,April,May
1728,dragon-s-tongue,bean,13,,,,,January,March,April,May
1733,orazio,herb,3,April,May,June,July,,,July,October
1733,orazio,herb,4,March,April,June,July,,,July,October
1733,orazio,herb,5,March,April,May,June,,,June,October
1733,orazio,herb,6,March,April,May,June,,,June,November
1733,orazio,herb,7,February,March,April,June,,,June,November
1733,orazio,herb,8,February,March,April,May,,,May,December
1733,orazio,herb,9,January,February,March,April,,,April,December
1733,orazio,herb,10,January,January,February,April,,,April,December
1734,wega,herb,3,April,May,June,July,,,July,October
1734,wega,herb,4,March,April,June,July,,,July,October
1734,wega,herb,5,March,April,May,June,,,June,October
1734,wega,herb,6,March,April,May,June,,,June,November
1734,wega,herb,7,February,March,April,June,,,June,November
1734,wega,herb,8,February,March,April,May,,,May,December
1734,wega,herb,9,January,February,March,April,,,April,December
1734,wega,herb,10,January,January,February,April,,,April,December
1734,wega,herb,11,January,January,January,March,,,March,December
1735,dulcina,bean,1,,,,,July,August,September,August
1735,dulcina,bean,2,,,,,June,August,September,September
1735,dulcina,bean,3,,,,,June,July,August,October
1735,dulcina,bean,4,,,,,June,July,August,October
1735,dulcina,bean,5,,,,,May,June,August,September
1735,dulcina,bean,6,,,,,May,June,July,September
1735,dulcina,bean,7,,,,,April,June,July,August
1735,dulcina,bean,8,,,,,April,May,June,August
1735,dulcina,bean,9,,,,,March,April,May,July
1735,dulcina,bean,10,,,,,February,April,May,June
1735,dulcina,bean,11,,,,,January,March,April,May
1735,dulcina,bean,12,,,,,January,March,April,May
1735,dulcina,bean,13,,,,,January,March,April,May
1759,mini-mak,root-vegetable,1,,,,,June,July,July,September
1759,mini-mak,root-vegetable,2,,,,,May,July,July,September
1759,mini-mak,root-vegetable,3,,,,,May,June,June,October
1759,mini-mak,root-vegetable,4,,,,,April,June,June,October
1759,mini-mak,root-vegetable,5,,,,,April,May,June,November
1759,mini-mak,root-vegetable,6,,,,,April,May,May,November
1759,mini-mak,root-vegetable,7,,,,,March,May,May,November
1759,mini-mak,root-vegetable,8,,,,,March,April,April,December
1759,mini-mak,root-vegetable,9,,,,,February,March,March,December
1759,mini-mak,root-vegetable,10,,,,,January,March,March,December
1759,mini-mak,root-vegetable,11,,,,,January,February,February,December
1759,mini-mak,root-vegetable,12,,,,,January,February,February,December
1759,mini-mak,root-vegetable,13,,,,,January,February,February,December
1795,darki-green,herb,3,April,May,June,July,,,July,October
1795,darki-green,herb,4,March,April,June,July,,,July,October
1795,darki-green,herb,5,March,April,May,June,,,June,October
1795,darki-green,herb,6,March,April,May,June,,,June,November
1795,darki-green,herb,7,February,March,April,June,,,June,November
1795,darki-green,herb,8,February,March,April,May,,,May,December
1795,darki-green,herb,9,January,February,March,April,,,April,December
1795,darki-green,herb,10,January,January,February,April,,,April,December
1795,darki-green,herb,11,January,January,January,March,,,March,December
1802,affirmed,bean,1,,,,,July,August,September,August
1802,affirmed,bean,2,,,,,June,August,September,September
1802,affirmed,bean,3,,,,,June,July,August,October
1802,affirmed,bean,4,,,,,June,July,August,October
1802,affirmed,bean,5,,,,,May,June,August,September
1802,affirmed,bean,6,,,,,May,June,July,September
1802,affirmed,bean,7,,,,,April,June,July,August
1802,affirmed,bean,8,,,,,April,May,June,August
1802,affirmed,bean,9,,,,,March,April,May,July
1802,affirmed,bean,10,,,,,February,April,May,June
1802,affirmed,bean,11,,,,,January,March,April,May
1802,affirmed,bean,12,,,,,January,March,April,May
1802,affirmed,bean,13,,,,,January,March,April,May
1803,karikachi,bean,1,,,,,July,August,October,August
1803,karikachi,bean,2,,,,,June,August,October,September
1803,karikachi,bean,3,,,,,June,July,September,October
1803,karikachi,bean,4,,,,,June,July,September,October
1803,karikachi,bean,5,,,,,May,June,September,October
1803,karikachi,bean,6,,,,,May,June,August,October
1803,karikachi,bean,7,,,,,April,June,August,September
1803,karikachi,bean,8,,,,,April,May,July,September
1803,karikachi,bean,9,,,,,March,April,June,August
1803,karikachi,bean,10,,,,,February,April,June,July
1803,karikachi,bean,11,,,,,January,March,May,June
1803,karikachi,bean,12,,,,,January,March,May,June
1803,karikachi,bean,13,,,,,January,March,May,June
1804,tetsukabuto,squash,1,,,,,July,August,November,August
1804,tetsukabuto,squash,2,,,,,June,August,October,September
1804,tetsukabuto,squash,3,,,,,June,July,October,October
1804,tetsukabuto,squash,4,,,,,June,July,October,October
1804,tetsukabuto,squash,5,,,,,May,June,September,October
1804,tetsukabuto,squash,6,,,,,May,June,September,October
1804,tetsukabuto,squash,7,,,,,April,June,August,October
1804,tetsukabuto,squash,8,,,,,April,May,August,September
1804,tetsukabuto,squash,9,,,,,March,April,July,August
1804,tetsukabuto,squash,10,,,,,February,April,June,August
1804,tetsukabuto,squash,11,,,,,January,March,May,July
1804,tetsukabuto,squash,12,,,,,January,March,May,July
1804,tetsukabuto,squash,13,,,,,January,March,May,July
1844,capitano,bean,1,,,,,July,August,September,August
1844,capitano,bean,2,,,,,June,August,September,September
1844,capitano,bean,3,,,,,June,July,August,October
1844,capitano,bean,4,,,,,June,July,August,October
1844,capitano,bean,5,,,,,May,June,August,September
1844,capitano,bean,6,,,,,May,June,July,September
1844,capitano,bean,7,,,,,April,June,July,August
1844,capitano,bean,8,,,,,April,May,June,August
1844,capitano,bean,9,,,,,March,April,May,July
1844,capitano,bean,10,,,,,February,April,May,June
1844,capitano,bean,11,,,,,January,March,April,May
1844,capitano,bean,12,,,,,January,March,April,May
1844,capitano,bean,13,,,,,January,March,April,May
1850,flambo,bean,1,,,,,July,August,October,August
1850,flambo,bean,2,,,,,June,August,October,September
1850,flambo,bean,3,,,,,June,July,September,October
1850,flambo,bean,4,,,,,June,July,September,October
1850,flambo,bean,5,,,,,May,June,August,October
1850,flambo,bean,6,,,,,May,June,August,October
1850,flambo,bean,7,,,,,April,June,August,September
1850,flambo,bean,8,,,,,April,May,July,September
1850,flambo,bean,9,,,,,March,April,June,August
1850,flambo,bean,10,,,,,February,April,June,July
1850,flambo,bean,11,,,,,January,March,May,June
1850,flambo,bean,12,,,,,January,March,May,June
1850,flambo,bean,13,,,,,January,March,May,June
1867,kn-bravo,root-vegetable,1,,,,,June,July,July,September
1867,kn-bravo,root-vegetable,2,,,,,May,July,July,September
1867,kn-bravo,root-vegetable,3,,,,,May,June,June,October
1867,kn-bravo,root-vegetable,4,,,,,April,June,June,October
1867,kn-bravo,root-vegetable,5,,,,,April,May,June,November
1867,kn-bravo,root-vegetable,6,,,,,April,May,May,November
1867,kn-bravo,root-vegetable,7,,,,,March,May,May,November
1867,kn-bravo,root-vegetable,8,,,,,March,April,April,December
1867,kn-bravo,root-vegetable,9,,,,,February,March,March,December
1867,kn-bravo,root-vegetable,10,,,,,January,March,March,December
1867,kn-bravo,root-vegetable,11,,,,,January,February,February,December
1867,kn-bravo,root-vegetable,12,,,,,January,February,February,December
1867,kn-bravo,root-vegetable,13,,,,,January,February,February,December
1869,elan,berry,3,,,June,August,,,September,September
1869,elan,berry,4,,,June,July,,,August,September
1869,elan,berry,5,,,May,July,,,August,October
1869,elan,berry,6,,,May,July,,,August,October
1869,elan,berry,7,,,May,June,,,July,October
1869,elan,berry,8,,,April,June,,,July,November
1869,elan,berry,9,,,March,May,,,June,December
1869,elan,berry,10,,,March,April,,,May,December
1873,comanche,allium,1,,,,,June,July,September,September
1873,comanche,allium,2,,,,,May,July,September,September
1873,comanche,allium,3,,,,,May,June,August,October
1873,comanche,allium,4,,,,,April,June,August,October
1873,comanche,allium,5,,,,,April,May,July,November
1873,comanche,allium,6,,,,,April,May,July,November
1873,comanche,allium,7,,,,,March,May,July,November
1873,comanche,allium,8,,,,,March,April,June,December
1873,comanche,allium,9,,,,,February,March,May,December
1873,comanche,allium,10,,,,,January,March,May,December
1873,comanche,allium,11,,,,,January,February,April,December
1873,comanche,allium,12,,,,,January,February,April,December
1873,comanche,allium,13,,,,,January,February,April,December
1875,bloody-mary,flower,1,May,June,July,August,July,September,,
1875,bloody-mary,flower,2,April,May,June,July,June,August,,
1875,bloody-mary,flower,3,April,May,June,July,June,August,,
1875,bloody-mary,flower,4,March,April,June,June,June,July,,
1875,bloody-mary,flower,5,March,April,May,June,May,July,,
1875,bloody-mary,flower,6,March,April,May,June,May,July,,
1875,bloody-mary,flower,7,February,March,April,May,April,June,,
1875,bloody-mary,flower,8,February,March,April,May,April,June,,
1875,bloody-mary,flower,9,January,February,March,April,March,May,,
1875,bloody-mary,flower,10,January,January,February,March,February,April,,
1875,bloody-mary,flower,11,January,January,January,February,January,March,,
1875,bloody-mary,flower,12,January,January,January,February,January,March,,
1875,bloody-mary,flower,13,January,January,January,February,January,March,,
1884,jumper,allium,1,,,,,June,July,September,September
1884,jumper,allium,2,,,,,May,July,August,September
1884,jumper,allium,3,,,,,May,June,August,October
1884,jumper,allium,4,,,,,April,June,July,October
1884,jumper,allium,5,,,,,April,May,July,November
1884,jumper,allium,6,,,,,April,May,July,November
1884,jumper,allium,7,,,,,March,May,June,November
1884,jumper,allium,8,,,,,March,April,June,December
1884,jumper,allium,9,,,,,February,March,May,December
1884,jumper,allium,10,,,,,January,March,April,December
1884,jumper,allium,11,,,,,January,February,March,December
1884,jumper,allium,12,,,,,January,February,March,December
1884,jumper,allium,13,,,,,January,February,March,December
1888,king-richard,allium,1,,,,,June,July,August,September
1888,king-richard,allium,2,,,,,May,July,August,September
1888,king-richard,allium,3,,,,,May,June,July,October
1888,king-richard,allium,4,,,,,April,June,July,October
1888,king-richard,allium,5,,,,,April,May,June,November
1888,king-richard,allium,6,,,,,April,May,June,November
1888,king-richard,allium,7,,,,,March,May,June,November
1888,king-richard,allium,8,,,,,March,April,May,December
1888,king-richard,allium,9,,,,,February,March,April,December
1888,king-richard,allium,10,,,,,January,March,April,December
1888,king-richard,allium,11,,,,,January,February,March,December
1888,king-richard,allium,12,,,,,January,February,March,December
1888,king-richard,allium,13,,,,,January,February,March,December
1889,red-king-2,root-vegetable,1,,,,,June,July,July,September
1889,red-king-2,root-vegetable,2,,,,,May,July,July,September
1889,red-king-2,root-vegetable,3,,,,,May,June,June,October
1889,red-king-2,root-vegetable,4,,,,,April,June,June,October
1889,red-king-2,root-vegetable,5,,,,,April,May,June,November
1889,red-king-2,root-vegetable,6,,,,,April,May,May,November
1889,red-king-2,root-vegetable,7,,,,,March,May,May,November
1889,red-king-2,root-vegetable,8,,,,,March,April,April,December
1889,red-king-2,root-vegetable,9,,,,,February,March,March,December
1889,red-king-2,root-vegetable,10,,,,,January,March,March,December
1889,red-king-2,root-vegetable,11,,,,,January,February,February,December
1889,red-king-2,root-vegetable,12,,,,,January,February,February,December
1889,red-king-2,root-vegetable,13,,,,,January,February,February,December
1891,kelvin,herb,3,April,May,June,July,,,July,October
1891,kelvin,herb,4,March,April,June,July,,,July,October
1891,kelvin,herb,5,March,April,May,June,,,June,October
1891,kelvin,herb,6,March,April,May,June,,,June,November
1891,kelvin,herb,7,February,March,April,June,,,June,November
1891,kelvin,herb,8,February,March,April,May,,,May,December
1891,kelvin,herb,9,January,February,March,April,,,April,December
1891,kelvin,herb,10,January,January,February,April,,,April,December
1926,summit,root-vegetable,1,,,,,June,July,July,September
1926,summit,root-vegetable,2,,,,,May,July,July,September
1926,summit,root-vegetable,3,,,,,May,June,June,October
1926,summit,root-vegetable,4,,,,,April,June,June,October
1926,summit,root-vegetable,5,,,,,April,May,June,November
1926,summit,root-vegetable,6,,,,,April,May,May,November
1926,summit,root-vegetable,7,,,,,March,May,May,November
1926,summit,root-vegetable,8,,,,,March,April,April,December
1926,summit,root-vegetable,9,,,,,February,March,March,December
1926,summit,root-vegetable,10,,,,,January,March,March,December
1926,summit,root-vegetable,11,,,,,January,February,February,December
1926,summit,root-vegetable,12,,,,,January,February,February,December
1926,summit,root-vegetable,13,,,,,January,February,February,December
1927,bamako,bean,1,,,,,July,August,September,August
1927,bamako,bean,2,,,,,June,August,September,September
1927,bamako,bean,3,,,,,June,July,August,October
1927,bamako,bean,4,,,,,June,July,August,October
1927,bamako,bean,5,,,,,May,June,August,September
1927,bamako,bean,6,,,,,May,June,July,September
1927,bamako,bean,7,,,,,April,June,July,August
1927,bamako,bean,8,,,,,April,May,June,August
1927,bamako,bean,9,,,,,March,April,May,July
1927,bamako,bean,10,,,,,February,April,May,June
1927,bamako,bean,11,,,,,January,March,April,May
1927,bamako,bean,12,,,,,January,March,April,May
1927,bamako,bean,13,,,,,January,March,April,May
1932,goldilocks,bean,1,,,,,July,August,September,August
1932,goldilocks,bean,2,,,,,June,August,September,September
1932,goldilocks,bean,3,,,,,June,July,August,October
1932,goldilocks,bean,4,,,,,June,July,August,October
1932,goldilocks,bean,5,,,,,May,June,August,September
1932,goldilocks,bean,6,,,,,May,June,July,September
1932,goldilocks,bean,7,,,,,April,June,July,August
1932,goldilocks,bean,8,,,,,April,May,June,August
1932,goldilocks,bean,9,,,,,March,April,May,July
1932,goldilocks,bean,10,,,,,February,April,May,June
1932,goldilocks,bean,11,,,,,January,March,April,May
1932,goldilocks,bean,12,,,,,January,March,April,May
1932,goldilocks,bean,13,,,,,January,March,April,May
1962,python,bean,1,,,,,July,August,October,August
1962,python,bean,2,,,,,June,August,October,September
1962,python,bean,3,,,,,June,July,September,October
1962,python,bean,4,,,,,June,July,September,October
1962,python,bean,5,,,,,May,June,September,October
1962,python,bean,6,,,,,May,June,August,October
1962,python,bean,7,,,,,April,June,August,September
1962,python,bean,8,,,,,April,May,July,September
1962,python,bean,9,,,,,March,April,June,August
1962,python,bean,10,,,,,February,April,June,July
1962,python,bean,11,,,,,January,March,May,June
1962,python,bean,12,,,,,January,March,May,June
1962,python,bean,13,,,,,January,March,May,June
1968,menuette,herb,3,April,May,June,July,,,July,October
1968,menuette,herb,4,March,April,June,July,,,July,October
1968,menuette,herb,5,March,April,May,June,,,June,October
1968,menuette,herb,6,March,April,May,June,,,June,November
1968,menuette,herb,7,February,March,April,June,,,June,November
1968,menuette,herb,8,February,March,April,May,,,May,December
1968,menuette,herb,9,January,February,March,April,,,April,December
1968,menuette,herb,10,January,January,February,April,,,April,December
1968,menuette,herb,11,January,January,January,March,,,March,December
1979,innovator,allium,1,,,,,June,July,September,September
1979,innovator,allium,2,,,,,May,July,September,September
1979,innovator,allium,3,,,,,May,June,August,October
1979,innovator,allium,4,,,,,April,June,August,October
1979,innovator,allium,5,,,,,April,May,August,November
1979,innovator,allium,6,,,,,April,May,July,November
1979,innovator,allium,7,,,,,March,May,July,November
1979,innovator,allium,8,,,,,March,April,June,December
1979,innovator,allium,9,,,,,February,March,May,December
1979,innovator,allium,10,,,,,January,March,May,December
1979,innovator,allium,11,,,,,January,February,April,December
1979,innovator,allium,12,,,,,January,February,April,December
1979,innovator,allium,13,,,,,January,February,April,December
2031,cobra,bean,1,,,,,July,August,September,August
2031,cobra,bean,2,,,,,June,August,September,September
2031,cobra,bean,3,,,,,June,July,August,October
2031,cobra,bean,4,,,,,June,July,August,October
2031,cobra,bean,5,,,,,May,June,August,September
2031,cobra,bean,6,,,,,May,June,July,September
2031,cobra,bean,7,,,,,April,June,July,August
2031,cobra,bean,8,,,,,April,May,June,August
2031,cobra,bean,9,,,,,March,April,May,July
2031,cobra,bean,10,,,,,February,April,May,June
2031,cobra,bean,11,,,,,January,March,April,May
2031,cobra,bean,12,,,,,January,March,April,May
2031,cobra,bean,13,,,,,January,March,April,May
2037,biker,allium,1,,,,,June,July,September,September
2037,biker,allium,2,,,,,May,July,August,September
2037,biker,allium,3,,,,,May,June,August,October
2037,biker,allium,4,,,,,April,June,July,October
2037,biker,allium,5,,,,,April,May,July,November
2037,biker,allium,6,,,,,April,May,July,November
2037,biker,allium,7,,,,,March,May,June,November
2037,biker,allium,8,,,,,March,April,June,December
2037,biker,allium,9,,,,,February,March,May,December
2037,biker,allium,10,,,,,January,March,April,December
2037,biker,allium,11,,,,,January,February,March,December
2037,biker,allium,12,,,,,January,February,March,December
2037,biker,allium,13,,,,,January,February,March,December
2062,katinka,herb,3,April,May,June,July,,,July,October
2062,katinka,herb,4,March,April,June,July,,,July,October
2062,katinka,herb,5,March,April,May,June,,,June,October
2062,katinka,herb,6,March,April,May,June,,,June,November
2062,katinka,herb,7,February,March,April,June,,,June,November
2062,katinka,herb,8,February,March,April,May,,,May,December
2062,katinka,herb,9,January,February,March,April,,,April,December
2062,katinka,herb,10,January,January,February,April,,,April,December
2062,katinka,herb,11,January,January,January,March,,,March,December
2063,topit,herb,3,April,May,June,July,,,July,October
2063,topit,herb,4,March,April,June,July,,,July,October
2063,topit,herb,5,March,April,May,June,,,June,October
2063,topit,herb,6,March,April,May,June,,,June,November
2063,topit,herb,7,February,March,April,June,,,June,November
2063,topit,herb,8,February,March,April,May,,,May,December
2063,topit,herb,9,January,February,March,April,,,April,December
2063,topit,herb,10,January,January,February,April,,,April,December
2063,topit,herb,11,January,January,January,March,,,March,December
2107,summer-breeze-cherry-blossom,berry,3,,,June,August,,,August,September
2107,summer-breeze-cherry-blossom,berry,4,,,June,July,,,August,September
2107,summer-breeze-cherry-blossom,berry,5,,,May,July,,,August,October
2107,summer-breeze-cherry-blossom,berry,6,,,May,July,,,July,October
2107,summer-breeze-cherry-blossom,berry,7,,,May,June,,,July,October
2107,summer-breeze-cherry-blossom,berry,8,,,April,June,,,June,November
2107,summer-breeze-cherry-blossom,berry,9,,,March,May,,,May,December
2107,summer-breeze-cherry-blossom,berry,10,,,March,April,,,May,December
2189,kapoor-tulsi-holy-basil,herb,3,April,May,June,July,,,July,October
2189,kapoor-tulsi-holy-basil,herb,4,March,April,June,July,,,July,October
2189,kapoor-tulsi-holy-basil,herb,5,March,April,May,June,,,June,October
2189,kapoor-tulsi-holy-basil,herb,6,March,April,May,June,,,June,November
2189,kapoor-tulsi-holy-basil,herb,7,February,March,April,June,,,June,November
2189,kapoor-tulsi-holy-basil,herb,8,February,March,April,May,,,May,December
2189,kapoor-tulsi-holy-basil,herb,9,January,February,March,April,,,April,December
2189,kapoor-tulsi-holy-basil,herb,10,January,January,February,April,,,April,December
