id,category,name,slug,scientific_name,description,days_to_harvest,days_to_germination,plant_height,plant_spacing,sun_requirement,water_requirement,soil_type,soil_ph,growing_difficulty,is_container_friendly,growing_season,sowing_method,color,size,shape,flavor_profile,culinary_uses,is_heirloom,is_hybrid,usda_zone_min,usda_zone_max,disease_resistance,common_pests,common_diseases,source_database,url
1,tomato,Cherokee Purple,cherokee-purple,Solanum lycopersicum,"Famously rich flavor and texture make this a colorful favorite among heirloom enthusiasts. Medium-large, flattened globe, 8-12 oz. fruits. Color is dusky pink with dark shoulders. Multilocular interior ranges from purple to brown to green. Relatively short vines. Indeterminate.",72,7-14,1-10 feet,24-36 inches,Full sun (6+ hours),High — consistent moisture needed,"Rich, well-drained loam with plenty of organic matter",6.2-6.8,Moderate,false,Warm season annual,Start indoors 6-8 weeks before last frost date. Transplant after all danger of frost has passed and soil is at least 60°F.,Dark purple-pink with green shoulders,8-12 oz.,Indeterminate,"Rich, sweet, and smoky with complex earthy undertones","Fresh slicing, sandwiches, salads, BLTs. Not ideal for canning due to low acidity.",true,false,10,11,Limited disease resistance typical of heirlooms. Susceptible to late blight and cracking.,"Tomato hornworm, aphids, whiteflies, flea beetles","Late blight, early blight, fusarium wilt, blossom end rot",usda+ncstate+johnnys,https://plants.windrivergreens.com/tomato/cherokee-purple
2,tomato,Better Boy,better-boy,Solanum lycopersicum 'Better Boy',"One of the most popular hybrid tomatoes for good reason - this reliable performer produces heavy yields of large, flavorful fruits with excellent disease resistance. Perfect for beginner gardeners who want guaranteed success and experienced growers who appreciate consistent performance. The classic red slicing tomato that delivers on both quantity and quality.",70-75,7-14,1-10 feet,24-30 inches,Full sun (6+ hours),High — consistent moisture needed,Well-drained garden soil with moderate organic content,6.0-7.0,Easy,false,Year Round,Start indoors 6-8 weeks before last frost date. Transplant outdoors when soil temperature reaches 60°F.,Classic bright red,8-16 oz,"Globe-shaped, uniform and smooth",Balanced sweet-tart flavor with classic tomato taste,"Versatile for slicing, sandwiches, salads, cooking, and canning",false,true,10,11,"Excellent resistance to Verticillium wilt, Fusarium wilt, and Nematodes (VFN)","Tomato hornworm, cutworms, aphids","Late blight, early blight, bacterial spot",usda+ncstate,https://plants.windrivergreens.com/tomato/better-boy
3,tomato,San Marzano,san-marzano,Solanum lycopersicum,"San Marzano tomatoes are a heritage Italian plum variety prized for sauce production. These elongated, deep red fruits mature in approximately 60 days and feature distinctly few seeds and thin walls—ideal characteristics for canning and paste-making. Known for their sweet flavor profile with notably low acidity and intense, concentrated tomato taste, San Marzanos are the traditional choice for authentic Italian sauces. While classified as hybrid here, true San Marzano varieties are often open-pollinated heirlooms. The plants require full sun and rich, well-drained soil, with moderate to difficult cultivation demands.",60,7-14,1-10 feet,24-36 inches,Full sun (6+ hours),High — consistent moisture needed,"Rich, well-drained soil with high organic matter content",6.0-6.8,Moderate to Difficult,false,Warm season annual,Start indoors 8-10 weeks before last frost. Requires warm soil (65°F+) for transplanting.,Deep red when fully ripe,"2-2 1/4""",Indeterminate,"Sweet with low acidity, intense tomato flavor, minimal seeds","Premium sauce making, paste, canning, pizza sauce, marinara",false,true,10,11,Early Blight (Intermediate); Late Blight (Intermediate),"Tomato hornworm, aphids, spider mites, whiteflies","Late blight, early blight, fusarium wilt, bacterial canker",usda+ncstate+johnnys,https://plants.windrivergreens.com/tomato/san-marzano
4,tomato,Celebrity,celebrity,Solanum lycopersicum,"Celebrity is a classic hybrid tomato that matures in 60 days, producing large, deep red, globe-shaped fruits ideal for slicing and general-purpose use. Known for its dependable yields and disease resistance, Celebrity has been a home gardener favorite for decades. The fruit offers a well-balanced, classic tomato flavor with pleasant acidity, making it excellent for fresh eating, salads, and cooking. Its vigorous plant habit and consistent performance in full sun conditions make it a reliable choice for both beginners and experienced growers seeking tried-and-true productivity.",60,6-12,1-10 feet,18-24 inches,Full sun (6+ hours),High — consistent moisture needed,"Well-drained garden soil, adapts to various soil types",6.0-7.0,Easy,true,Warm season annual,Start indoors 6-8 weeks before last frost. Transplant after soil warms to 60°F.,Bright red,"2-2 1/4""",Indeterminate,"Well-balanced, classic tomato flavor with good acidity","Excellent for slicing, salads, sandwiches, and general cooking",false,true,10,11,Early Blight (Intermediate); Late Blight (Intermediate),"Hornworms, cutworms, flea beetles","Late blight, bacterial spot, blossom end rot",usda+ncstate+johnnys,https://plants.windrivergreens.com/tomato/celebrity
5,tomato,Brandywine,brandywine,Solanum lycopersicum,"We describe Brandywine's luscious, heirloom flavor as ""very rich, loud, and distinctively spicy."" The large fruits, often over 1 lb., have a deep pink skin and smooth red flesh. The medium-tall, potato-leaf plant is best staked or caged. Our 'Quisenberry' strain is considered among the best. Indeterminate.",78,7-14,1-10 feet,36-48 inches,Full sun (6+ hours),High — consistent moisture needed,"Rich, deep, well-drained soil with abundant organic matter",6.2-6.8,Difficult,false,Warm season annual,Start indoors 8-10 weeks before last frost. Requires strong support system due to large fruit size.,Pink to rose-pink with some yellow shoulders,1 lb.,Indeterminate,"Intensely sweet, rich, and complex with perfect acid balance","Premium fresh eating, slicing for special occasions, not suitable for canning",true,false,10,10,"Very limited disease resistance, requires preventive care","Tomato hornworm, aphids, spider mites, cutworms","Late blight, early blight, fusarium wilt, cracking, blossom end rot",usda+ncstate+johnnys,https://plants.windrivergreens.com/tomato/brandywine
8,tomato,Roma,roma,Solanum lycopersicum 'Roma',"Roma is a classic heirloom paste tomato prized for its dense, meaty flesh and concentrated flavor. The plant produces elongated, plum-shaped fruits that mature in 60-65 days with minimal seeds and low acidity. Known for its mild, sweet taste, Roma excels in fresh sauces, pastes, and cooking applications where robust texture matters. This reliable, easy-to-grow variety tolerates less fertile soil and requires minimal maintenance. Its naturally rich flavor develops without excessive acidity, making it ideal for traditional Italian tomato preparations.",60-65,6-14,12-24 inches,18-24 inches,Full sun to partial shade (4-6+ hours),High — consistent moisture needed,"Well-drained soil, tolerates less fertile conditions",6.0-6.8,Easy,true,Perennial,Start seeds indoors 6-8 weeks before last frost date. Direct sow in warm climates when soil reaches 65°F.,Deep red,2-3 oz,Elongated plum or pear shape,"Concentrated, less acidic, mild and sweet","Ideal for sauces, paste, canning, drying, and cooking. Can be eaten fresh but bred for processing.",true,false,4,9,Moderate resistance to common tomato diseases. Less susceptible to cracking than slicing varieties.,"Tomato hornworm, aphids, whiteflies","Early blight, late blight, fusarium wilt",ncstate+johnnys,https://plants.windrivergreens.com/tomato/roma
9,tomato,Cherry Belle,cherry-belle,Solanum lycopersicum 'Cherry Belle',"A prolific cherry tomato that produces hundreds of sweet, bite-sized fruits throughout the growing season. These vigorous indeterminate plants are perfect for snacking straight from the garden and add color to salads and appetizers. Kids love picking and eating these candy-like tomatoes right off the vine.",65-70,5-10,1-10 feet,24-36 inches,Full sun (6+ hours),High — consistent moisture needed,"Well-drained, fertile soil with good organic content",6.2-6.8,Easy,true,Year Round,Start indoors 6-8 weeks before last frost. Can direct sow in warm climates 2-3 weeks after last frost date.,Bright red,0.5-1 oz,"Small, perfectly round cherry","Very sweet with bright, intense tomato flavor and slight tartness","Perfect for snacking, salads, garnishes, roasting whole, and preserving. Great for kids' gardens.",false,true,10,11,Good resistance to cracking and splitting. Moderate disease resistance typical of cherry varieties.,"Birds, tomato hornworm, aphids, spider mites","Late blight, early blight, powdery mildew",usda+ncstate,https://plants.windrivergreens.com/tomato/cherry-belle
11,tomato,Early Girl,early-girl,Solanum lycopersicum,"A longtime early favorite, Early Girl produces heavy yields of full-flavored, 4-6 oz. tomatoes. One of the first varieties to ripen each year. Also prized for its performance as a ""dry-farmed"" tomato, owing to its extreme tolerance to drought and blossom end rot. Indeterminate.",60,5-10,1-10 feet,24-36 inches,Full sun (6+ hours),High — consistent moisture needed,"Well-drained, fertile soil with organic matter",6.0-6.8,Easy,true,Year Round,Start indoors 6-8 weeks before last frost. Transplant when soil reaches 60°F and night temperatures stay above 50°F.,Classic bright red,4-6 oz.,Indeterminate,Well-balanced sweet-tart flavor with good acidity,"Excellent for slicing, sandwiches, salads, and general cooking. Good for canning and sauces.",false,true,10,11,"Fusarium Wilt races 1, 2 (High); Verticillium Wilt (High)","Tomato hornworm, aphids, cutworms, spider mites","Early blight, late blight, bacterial speck, blossom end rot",usda+ncstate+johnnys,https://plants.windrivergreens.com/tomato/early-girl
12,tomato,Big Beef,big-beef,Solanum lycopersicum,"Still unsurpassed as the top choice for fresh market beefsteak tomatoes. Large, avg. 10-12 oz., mostly blemish-free, globe-shaped red fruit. They have full flavor - among the best - and ripen early for their size. Broad disease resistance package. AAS Winner. Indeterminate.",70,6-12,1-10 feet,30-36 inches,Full sun (6+ hours),High — consistent moisture needed,"Rich, well-drained loam with high organic content",6.2-6.8,Moderate,false,Warm season annual,Start seeds indoors 6-8 weeks before last frost date. Transplant outdoors when soil temperature reaches 65°F.,Deep red with slight pink undertones,10-12 oz.,Indeterminate,"Rich, full-bodied tomato flavor with perfect sweet-acid balance",Premium slicing tomato for sandwiches and fresh eating. Excellent for stuffing and grilling.,false,true,10,11,"Alternaria Stem Canker (High); Fusarium Wilt races 1, 2 (High); Gray Leaf Spot (High); Nematodes (High); Tobacco Mosaic Virus (High); Verticillium Wilt (High)","Tomato hornworm, aphids, whiteflies, spider mites","Late blight, bacterial spot, septoria leaf spot",usda+ncstate+johnnys,https://plants.windrivergreens.com/tomato/big-beef
15,tomato,Green Zebra,green-zebra,Solanum lycopersicum,"A delicious, tangy salad tomato, ripe just as the green fruit develops a yellow blush, accentuating the darker green stripes. The 3-4 oz. fruits are the ideal size for slicing into wedges for salads. Productive over a long season. Developed by Tom Wagner. Indeterminate.",72,6-12,1-10 feet,24-30 inches,Full sun (6+ hours),High — consistent moisture needed,"Well-drained, fertile soil with organic matter",6.0-6.8,Moderate,true,Warm season annual,Start seeds indoors 6-8 weeks before last frost. Transplant when nighttime temperatures stay above 55°F.,"Green with dark green stripes, yellow undertones when ripe",3-4 oz.,Indeterminate,"Tangy, zesty, and tart with bright acidity and citrus notes","Excellent for fresh eating, salads, salsas, and garnishes. Creates stunning fried green tomatoes.",true,false,10,11,"Moderate disease resistance, better than most heirlooms. Some resistance to cracking.","Tomato hornworm, aphids, whiteflies, spider mites","Early blight, late blight, fusarium wilt, bacterial speck",usda+ncstate+johnnys,https://plants.windrivergreens.com/tomato/green-zebra
16,tomato,Beefsteak,beefsteak,Solanum lycopersicum 'Beefsteak',"The classic giant of the tomato world, producing massive fruits that can weigh over a pound each. These impressive slicing tomatoes have been a garden favorite for generations, offering substantial, meaty slices perfect for sandwiches and burgers. Their size and reliable production make them a must-have for gardeners who want to impress with truly spectacular harvests.",85-90,7-14,1-10 feet,36-48 inches,Full sun (6+ hours),High — consistent moisture needed,"Rich, well-drained loam with high organic matter",6.0-6.8,Moderate to challenging,false,Year Round,Start indoors 6-8 weeks before last frost. Transplant when soil reaches 65°F and nighttime temps stay above 55°F.,Classic red,1-2+ pounds,"Large, round to slightly flattened, ribbed","Mild, sweet, and balanced with low acidity","Premium slicing for sandwiches, burgers, fresh eating. Excellent stuffed. Too large for most canning.",true,false,10,11,Limited resistance; requires good garden hygiene and air circulation,"Tomato hornworm, aphids, spider mites, cutworms","Blossom end rot, cracking, late blight, fusarium wilt",usda+ncstate,https://plants.windrivergreens.com/tomato/beefsteak
17,tomato,Mortgage Lifter,mortgage-lifter,Solanum lycopersicum 'Mortgage Lifter',This legendary heirloom tomato earned its name when creator M.C. Byles paid off his mortgage by selling seedlings for $1 each during the Depression. These massive pink beefsteak tomatoes can weigh up to 4 pounds and offer exceptional flavor with meaty texture and few seeds. Perfect for gardeners who want to grow truly impressive conversation-starter tomatoes.,80-85,7-14,1-10 feet,36-48 inches,Full sun (6+ hours),High — consistent moisture needed,"Rich, well-drained soil with plenty of compost",6.2-6.8,Moderate,false,Year Round,Start seeds indoors 6-8 weeks before last frost date. Transplant when soil is consistently above 60°F.,Deep pink to pinkish-red,1-2.5 pounds,"Large beefsteak, slightly flattened with moderate ribbing","Sweet and rich with perfect balance, minimal acidity","Premium fresh slicing, sandwiches, salads. Single slice can cover an entire sandwich. Not suitable for canning.",true,false,10,11,Typical heirloom susceptibility; good air circulation essential,"Tomato hornworm, aphids, spider mites, whiteflies","Late blight, early blight, blossom end rot, cracking in wet weather",usda+ncstate,https://plants.windrivergreens.com/tomato/mortgage-lifter
18,tomato,Stupice,stupice,Solanum lycopersicum 'Stupice',"This Czechoslovakian heirloom is prized as one of the earliest full-flavored tomatoes, often ripening weeks before other varieties. Despite its early maturity, it delivers complex, rich flavor that rivals the best season tomatoes. Perfect for short-season gardeners who don't want to sacrifice taste for earliness.",60-65,7-14,1-10 feet,24-30 inches,Full sun (6+ hours),High — consistent moisture needed,"Well-drained loam, adaptable to various soil types",6.0-6.8,Easy to moderate,true,Year Round,Start indoors 6-8 weeks before last frost. Can tolerate cooler transplant conditions than most varieties.,Bright red,2-3 ounces,"Round, slightly flattened","Rich, complex flavor with good balance of sweet and tart","Excellent fresh eating, salads, sandwiches. Good for sauce and canning due to balanced flavor.",true,false,10,11,"Good cold tolerance, moderate disease resistance for an heirloom","Aphids, spider mites, tomato hornworm","Early blight, late blight, but generally more resistant than many heirlooms",usda+ncstate,https://plants.windrivergreens.com/tomato/stupice
19,tomato,Black Krim,black-krim,Solanum lycopersicum,"Black Krim combines bold, smoky flavor and good texture with an unusual appearance. Deep brown/red, 8-16 oz. tomatoes have brown/green shoulders that get darker with more heat and sunlight. High-yielding. Indeterminate.",80,7-14,1-10 feet,24-36 inches,Full sun (6+ hours),High — consistent moisture needed,"Rich, well-drained soil with good organic content",6.2-6.8,Moderate,false,Warm season annual,Start indoors 6-8 weeks before last frost. Transplant after soil warms to 65°F.,Dark purple-black with green shoulders,8-16 oz.,Indeterminate,"Rich, complex, and smoky with sweet undertones and mild saltiness","Gourmet fresh slicing, specialty salads, farmers market sales. Beautiful contrast in dishes. Low acid - not ideal for canning.",true,false,10,11,"Typical heirloom susceptibility, prone to cracking in wet conditions","Tomato hornworm, aphids, whiteflies, spider mites","Late blight, early blight, blossom end rot, fruit cracking",usda+ncstate+johnnys,https://plants.windrivergreens.com/tomato/black-krim
20,tomato,Yellow Pear,yellow-pear,Solanum lycopersicum 'Yellow Pear',"A charming heirloom cherry tomato dating back to the 1800s, producing abundant clusters of bright yellow, pear-shaped fruits that are as decorative as they are delicious. This prolific variety is beloved by children and adults alike for its sweet, mild flavor and unique teardrop shape that adds visual interest to any garden or salad.",75-80,7-14,1-10 feet,24-30 inches,Full sun (6+ hours),High — consistent moisture needed,"Well-drained garden soil, adaptable",6.0-7.0,Easy,true,Year Round,Start indoors 6-8 weeks before last frost or direct sow after last frost date when soil is warm.,Bright golden yellow,0.5-1 ounce,Small pear or teardrop shaped,"Sweet and mild with low acidity, fruity undertones","Fresh snacking, salads, garnishes, children's gardens. Beautiful in mixed dishes. Can be used for unique yellow preserves.",true,false,10,11,Generally hardy with good disease tolerance for an heirloom,"Aphids, whiteflies, spider mites, birds (love the sweet fruit)","Early blight, late blight, minimal cracking due to small size",usda+ncstate,https://plants.windrivergreens.com/tomato/yellow-pear
21,tomato,Rutgers,rutgers,Solanum lycopersicum 'Rutgers',"A legendary heirloom variety developed at Rutgers University in 1934 that became the standard for tomato flavor in America. This reliable producer delivers perfectly balanced, old-fashioned tomato taste in medium-sized fruits that are ideal for both fresh eating and processing. Rutgers represents the classic American tomato that many gardeners remember from their childhood.",75-85,7-14,1-10 feet,24-36 inches,Full sun (6+ hours),High — consistent moisture needed,"Rich, well-drained loam with plenty of organic matter",6.0-6.8,Easy,false,Year Round,Start indoors 6-8 weeks before last frost date. Transplant after all danger of frost has passed and soil is at least 60°F.,Classic bright red,6-8 oz,Round to slightly flattened globe,Classic balanced tomato flavor with good acidity and sweetness,"Excellent for fresh eating, slicing, canning, sauces, and paste. Perfect all-purpose tomato.",true,false,10,11,Good overall disease resistance for an heirloom variety,"Tomato hornworm, aphids, whiteflies, cutworms","Early blight, late blight, fusarium wilt, bacterial spot",usda+ncstate,https://plants.windrivergreens.com/tomato/rutgers
22,tomato,Patio Princess,patio-princess,Solanum lycopersicum 'Patio Princess',"Specially bred for container growing, Patio Princess produces full-sized tomatoes on compact, sturdy plants that thrive in pots and small spaces. Despite its diminutive size, this determinate variety delivers surprising yields of 4-6 oz red tomatoes with excellent flavor. Perfect for urban gardeners, balcony growers, and anyone wanting fresh tomatoes without a large garden space.",70-75,7-10,1-10 feet,12-18 inches,Full sun (6+ hours),High — consistent moisture needed,Well-drained potting mix with good organic content,6.0-6.8,Easy,true,Year Round,Start indoors 6-8 weeks before last frost or direct seed when soil temperature reaches 65°F. Ideal for 5+ gallon containers.,Deep red,4-6 oz,"Round, uniform globe shape",Sweet and tangy with good tomato flavor for a compact variety,"Fresh slicing, salads, sandwiches, snacking. Good for small-batch cooking.",false,true,10,11,Good resistance to verticillium wilt and fusarium wilt (VF),"Aphids, spider mites, whiteflies, thrips","Early blight, blossom end rot, bacterial speck",usda+ncstate,https://plants.windrivergreens.com/tomato/patio-princess
23,tomato,Amish Paste,amish-paste,Solanum lycopersicum,"Large for a sauce tomato, Amish Paste's slightly irregular plum to strawberry-shaped fruits avg. 8-12 oz. with excellent flavor. These meaty tomatoes are good in salads and great for processing. A Slow Food USA Ark of Taste variety. Indeterminate.",85,7-14,1-10 feet,24-36 inches,Full sun (6+ hours),High — consistent moisture needed,"Rich, well-drained loam with plenty of organic matter",6.2-6.8,Moderate,false,Warm season annual,Start indoors 6-8 weeks before last frost date. Transplant after all danger of frost has passed and soil is at least 60°F.,Deep red,8-12 oz.,Indeterminate,"Rich, sweet, and intense with low acidity - excellent concentrated tomato flavor","Outstanding for sauces, paste, canning, and cooking. Good fresh eating despite being a paste type.",true,false,10,11,Limited disease resistance typical of heirlooms. Some tolerance to cracking.,"Tomato hornworm, aphids, flea beetles, stink bugs","Late blight, early blight, fusarium wilt, bacterial canker",usda+ncstate+johnnys,https://plants.windrivergreens.com/tomato/amish-paste
24,tomato,Mountain Fresh Plus,mountain-fresh-plus,Solanum lycopersicum,"Able to tolerate cool and wet conditions, this big red tomato produces attractive, 8-16 oz. slicers with good flavor. Developed by Dr. Randy Gardner at North Carolina State University. Vigorous plants provide plenty of leaf cover. Determinate.",75,7-10,1-10 feet,24-36 inches,Full sun (6+ hours),High — consistent moisture needed,Well-drained loam with good organic content,6.0-6.8,Easy to Moderate,false,Warm season annual,Start indoors 6-8 weeks before last frost date. Transplant after all danger of frost has passed and soil is at least 60°F.,Deep red,8-16 oz.,Determinate,Excellent balance of sweetness and acidity with rich tomato flavor,"Premium fresh eating, slicing, salads. Good for light cooking and fresh salsas.",false,true,10,11,"Fusarium Wilt races 1, 2 (High); Nematodes (High); Verticillium Wilt (High)","Tomato hornworm, aphids, spider mites, thrips","Bacterial speck, blossom end rot (with inconsistent watering)",usda+ncstate+johnnys,https://plants.windrivergreens.com/tomato/mountain-fresh-plus
25,tomato,Surefire Red,surefire-red,Solanum lycopersicum 'Surefire Red',"An All-America Selections winner bred specifically for cool-weather performance and short growing seasons, producing ripe tomatoes even when temperatures dip below ideal ranges. This compact hybrid sets fruit reliably in conditions that cause other varieties to drop blossoms, making it perfect for northern gardens and unpredictable climates. Surefire Red delivers dependable harvests when gardening success seems uncertain.",50-65,7-10,1-10 feet,18-24 inches,Full sun (6+ hours),High — consistent moisture needed,Well-drained garden soil with moderate fertility,6.0-7.0,Easy,true,Year Round,Start indoors 6-8 weeks before last frost. Can be planted earlier than most tomatoes. Good for succession planting.,Bright red,4-6 oz,"Round, uniform globe shape",Good balanced flavor with pleasant sweetness and mild acidity,"Excellent for fresh eating, salads, sandwiches, and light cooking. Perfect for beginning gardeners.",false,true,10,11,"Good resistance to verticillium wilt, fusarium wilt, and tobacco mosaic virus (VFT)","Aphids, cutworms, flea beetles, whiteflies","Early blight, late blight, bacterial spot",usda+ncstate,https://plants.windrivergreens.com/tomato/surefire-red
26,pepper,Bell Pepper 'California Wonder',bell-pepper-california-wonder,Capsicum annuum 'California Wonder',"The gold standard for sweet bell peppers, California Wonder has been America's favorite home garden variety since the 1920s. These thick-walled, blocky peppers start green and can ripen to brilliant red, offering exceptional sweetness and crunch. Reliable, productive, and perfect for beginners, it's the pepper that built America's love affair with home-grown sweet peppers.",75-85,10-14,1-3 feet,18-24 inches,Full sun (6+ hours),"1-1.5 inches per week, consistent moisture","Well-drained, fertile loam with good organic matter",6.0-6.8,Easy,true,Warm season,Start indoors 8-10 weeks before last frost. Transplant when soil temperature reaches 65°F and nighttime temperatures stay above 55°F.,Green maturing to red,"4-5 inches long, 3-4 inches wide","Blocky, square-shouldered bell shape with 3-4 lobes","Sweet, mild, and crisp with no heat","Fresh eating, stuffing, roasting, grilling, stir-fries, salads, and preserving",true,false,4,11,Moderate resistance to tobacco mosaic virus,"Aphids, pepper weevil, flea beetles, hornworms","Bacterial spot, anthracnose, blossom end rot, pepper mosaic virus",ncstate,https://plants.windrivergreens.com/pepper/bell-pepper-california-wonder
29,pepper,Banana Pepper 'Sweet Banana',banana-pepper-sweet-banana,Capsicum annuum 'Sweet Banana',"The perfect mild pepper for gardeners who love the flavor of peppers without any heat whatsoever. Sweet Banana peppers are incredibly productive, producing loads of pale yellow, curved pods that add beautiful color and sweet crunch to any dish. Easy to grow and harvest continuously throughout the season, they're ideal for pickling, fresh eating, and adding to pizza and sandwiches.",70-80,10-14,1-3 feet,12-18 inches,Full sun (6+ hours),"1-1.5 inches per week, consistent moisture",Well-drained fertile soil with good organic content,6.0-6.8,Easy,true,Warm season,Start indoors 8-10 weeks before last frost. Transplant when soil temperature reaches 65°F consistently.,Pale yellow to light green,"6-8 inches long, 1.5 inches wide","Long, curved, tapered with pointed tip","Sweet and mild with no heat, crisp texture","Pickling, fresh eating, pizza toppings, sandwiches, salads, stuffing",false,true,4,11,Good resistance to common pepper diseases,"Aphids, flea beetles, pepper weevil, cutworms","Bacterial spot, blossom end rot, pepper mosaic virus, anthracnose",ncstate,https://plants.windrivergreens.com/pepper/banana-pepper-sweet-banana
33,pepper,Sweet Pepper 'Cubanelle',sweet-pepper-cubanelle,Capsicum annuum 'Cubanelle',"Often called the 'Italian Frying Pepper,' this sweet, thin-walled variety is prized for its exceptional flavor and tender texture that makes it perfect for quick cooking. Popular in Caribbean and Italian cuisine, Cubanelle peppers offer a mild, sweet taste with just a hint of heat that appeals to all palates. Their elongated shape and vibrant color make them as beautiful in the garden as they are delicious on the plate.",60-70,10-14,1-3 feet,18-20 inches,Full sun (6+ hours),"1-1.5 inches per week, even moisture","Well-drained, fertile soil with good organic matter",6.0-6.8,Easy,true,Warm season,Start seeds indoors 8-10 weeks before last frost. Transplant outdoors after soil warms to 60°F and night temperatures stay above 50°F.,"Light green to yellow-green, ripening to red","4-6 inches long, 2 inches wide","Long, tapered, slightly curved with thin walls","Very mild and sweet with almost no heat (0-1,000 Scoville), crisp when fresh","Frying, sautéing, stuffing, salads, sandwiches, Italian and Caribbean dishes",true,false,4,11,Moderate resistance to common pepper diseases,"Aphids, pepper weevil, European corn borer, flea beetles","Bacterial spot, phytophthora blight, pepper mottle virus",ncstate,https://plants.windrivergreens.com/pepper/sweet-pepper-cubanelle
38,pepper,Sweet Pepper 'California Wonder',sweet-pepper-california-wonder,Capsicum annuum 'California Wonder',"The gold standard for home garden bell peppers since 1928, this reliable heirloom produces thick-walled, blocky peppers that are perfect for stuffing, grilling, or eating fresh. Known for consistent production and excellent disease resistance, it's the variety that taught generations of gardeners how to grow peppers successfully. The classic choice that never goes out of style.",70-75,7-14,1-3 feet,18-24 inches,Full sun (6+ hours),"1-1.5 inches per week, consistent moisture","Well-drained, fertile loam",6.0-7.0,Easy,true,Warm season,Start indoors 8-10 weeks before last frost. Transplant when soil reaches 60°F and night temperatures stay above 50°F.,Green maturing to bright red,"4-5 inches long, 3-4 inches wide","Blocky, four-lobed bell shape with thick walls","Sweet, crisp, no heat (0 Scoville), classic bell pepper flavor","Stuffed peppers, stir-fries, salads, grilling, roasting, fresh eating",true,false,4,11,Good resistance to tobacco mosaic virus,"Aphids, pepper hornworms, flea beetles, cutworms","Bacterial spot, blossom end rot, anthracnose",ncstate,https://plants.windrivergreens.com/pepper/sweet-pepper-california-wonder
42,pepper,Sweet Italian Pepper 'Marconi Rosso',sweet-italian-pepper-marconi-rosso,Capsicum annuum 'Marconi Rosso',"An exceptional Italian heirloom frying pepper renowned for its incredible sweetness and tender flesh when cooked. These long, tapered peppers start green and ripen to a gorgeous deep red, developing an almost candy-like sweetness that makes them irresistible grilled, roasted, or sautéed. A favorite among Italian-American gardeners and chefs who prize authentic flavors in their cooking.",80-85,10-21,1-3 feet,18-24 inches,Full sun (6+ hours),"1-1.5 inches per week, consistent moisture","Rich, well-drained soil with plenty of organic matter",6.2-7.0,Easy to moderate,true,Warm season,Start indoors 8-10 weeks before last frost. Transplant when soil temperature reaches 65°F consistently.,Green ripening to deep red,"6-8 inches long, 2-3 inches wide","Long, tapered, slightly curved with thick walls","Exceptionally sweet with no heat, fruity undertones","Frying, roasting, grilling, stuffing, Italian dishes, sandwiches, preserved in oil",true,false,4,11,Moderate resistance to common pepper diseases,"Aphids, pepper maggot, European corn borer, thrips","Bacterial leaf spot, verticillium wilt, tobacco mosaic virus",ncstate,https://plants.windrivergreens.com/pepper/sweet-italian-pepper-marconi-rosso
45,pepper,Purple Beauty Bell Pepper,purple-beauty-bell-pepper,Capsicum annuum 'Purple Beauty',"A stunning ornamental and edible bell pepper that produces gorgeous deep purple fruits that eventually ripen to red if left on the plant. This eye-catching variety combines the classic sweet bell pepper flavor with incredible visual appeal, making it perfect for gardeners who want both beauty and function in their vegetable gardens. The compact plants are ideal for containers and add dramatic color to any garden space.",70-75,10-21,1-3 feet,12-18 inches,Full sun (6+ hours),"1-1.5 inches per week, consistent moisture","Rich, well-drained soil with good organic content",6.0-7.0,Easy,true,Warm season,Start indoors 8-10 weeks before last frost date. Transplant when soil temperature stays above 60°F.,Deep purple ripening to red,3-4 inches long and wide,Classic blocky bell pepper shape with thick walls,"Sweet and mild, typical bell pepper flavor with no heat","Fresh eating, salads, stuffing, stir-fries, ornamental gardens, colorful dishes",false,true,4,11,Good hybrid vigor with resistance to tobacco mosaic virus,"Aphids, pepper weevil, flea beetles, cutworms","Bacterial leaf spot, pepper mosaic virus, blossom end rot",ncstate,https://plants.windrivergreens.com/pepper/purple-beauty-bell-pepper
46,lettuce,Black Seeded Simpson,black-seeded-simpson,Lactuca sativa,"An early producer of light green, curled, tender leaves. MT0-30.",40-50,7-10,6-12 inches,6-8 inches,Full sun to partial shade (4-6+ hours),"1 inch per week, consistent moisture","Well-drained, fertile soil with organic matter",6.0-7.0,Easy,true,Warm season annual,"Direct sow seeds 1/4 inch deep, 2-3 weeks before last frost. Succession plant every 2-3 weeks for continuous harvest.",Light green with yellowish tinge,6-10 inch diameter rosette,"Loose-leaf with deeply frilled, curled leaves","Mild, sweet, and tender with no bitterness","Salads, sandwiches, wraps, garnish. Excellent for cut-and-come-again harvesting.",true,false,2,11,Good tolerance to heat stress and some resistance to tipburn,"Aphids, flea beetles, slugs, cutworms","Downy mildew, lettuce drop, tipburn, bolting in hot weather",ncstate+johnnys,https://plants.windrivergreens.com/lettuce/black-seeded-simpson
47,lettuce,Buttercrunch,buttercrunch,Lactuca sativa,"Johnny's produces Buttercrunch lettuce using the original stock seed from Cornell University. Forms a small, open but tightly bunched, 6"" rosette that is fan-shaped rather than round. Dark green leaves and small compact hearts that blanch to an appetizing yellow color. Crisp and sweet. MT0-30.",55-65,7-14,6-12 inches,8-10 inches,Full sun to partial shade (4-6+ hours),"1-1.5 inches per week, consistent moisture","Rich, well-drained soil with high organic content",6.2-6.8,Easy to Moderate,true,Warm season annual,"Start indoors 4-6 weeks before last frost or direct sow in early spring. Plant seeds 1/4 inch deep in cool, moist soil.",Dark green outer leaves with pale yellow-green hearts,"6""",Compact butterhead with loose rosette formation,"Sweet, buttery, and crisp with a delicate, nutty finish","Gourmet salads, lettuce cups, sandwiches, garnish. Perfect for fine dining presentations.",true,false,2,11,Good resistance to tipburn and moderate bolt resistance,"Aphids, leafminers, slugs, flea beetles","Downy mildew, bottom rot, tipburn, bolting in heat",ncstate+johnnys,https://plants.windrivergreens.com/lettuce/buttercrunch
48,lettuce,Romaine Cos,romaine-cos,Lactuca sativa var. longifolia 'Cos',"The classic upright lettuce that forms tall, sturdy heads of dark green leaves with prominent white ribs and exceptional crunch. This traditional variety has been cultivated for over 2,000 years and remains the gold standard for Caesar salads and Mediterranean cuisine. Its robust structure and intense flavor make it indispensable for gardeners who want restaurant-quality lettuce at home.",70-85,7-10,6-12 inches,8-12 inches,Full sun to partial shade (4-6+ hours),"1-1.5 inches per week, deep watering preferred","Well-drained, fertile soil with good organic matter",6.0-7.0,Moderate,true,Cool season,Direct sow 1/4 inch deep in early spring or start indoors. Thin seedlings to proper spacing when 2 inches tall.,Dark green with prominent white ribs,"10-12 inches tall, 6-8 inches wide","Upright, elongated heads with thick, sturdy leaves","Crisp, slightly bitter, robust with mineral undertones","Caesar salad, grilling, wraps, Mediterranean dishes. Essential for authentic Caesar preparations.",true,false,2,11,"Moderate resistance to tipburn, susceptible to bottom rot in wet conditions","Aphids, leafminers, cutworms, flea beetles","Downy mildew, bottom rot, tipburn, bacterial leaf spot",ncstate,https://plants.windrivergreens.com/lettuce/romaine-cos
49,lettuce,Red Sails,red-sails,Lactuca sativa,"Attractive, ruffled, fringed leaves of deep burgundy red over green. AAS Winner. MT0-30.",45-55,7-10,6-12 inches,6-8 inches,Full sun to partial shade (4-6+ hours),"1 inch per week, consistent moisture","Well-drained, fertile soil with organic amendments",6.0-7.0,Easy,true,Warm season annual,Direct sow seeds 1/4 inch deep from early spring through summer. Succession plant every 2-3 weeks for continuous color.,Green centers with deep red-burgundy leaf edges,8-10 inch spread,"Loose-leaf with deeply frilled, oak-like leaves","Mild, sweet flavor with tender texture and no bitterness","Colorful salad mixes, garnish, mesclun blends. Adds visual drama to any dish.",true,false,2,11,"Excellent heat tolerance and bolt resistance, moderate disease resistance","Aphids, flea beetles, slugs, leafminers","Downy mildew, tipburn, lettuce drop in wet conditions",ncstate+johnnys,https://plants.windrivergreens.com/lettuce/red-sails
50,lettuce,Iceberg,iceberg,Lactuca sativa var. capitata 'Iceberg',"The quintessential American head lettuce that forms tight, dense heads of crisp, pale green leaves with unmatched crunch and refreshing flavor. While challenging to grow perfectly, successful heads reward gardeners with the ultimate salad lettuce that stays fresh for weeks and provides that signature satisfying crunch. This variety requires patience and proper timing but delivers restaurant-quality results when grown correctly.",80-95,7-10,6-12 inches,12-15 inches,Full sun to partial shade (4-6+ hours),"1-1.5 inches per week, consistent deep watering","Rich, well-drained soil with excellent organic content",6.2-6.8,Moderate to Challenging,false,"Cool season, requires cool nights for heading",Start indoors 6-8 weeks before last frost. Transplant when soil is consistently cool. Direct seeding often fails to form proper heads.,Pale green to white interior with light green outer leaves,6-8 inch diameter tight heads,"Dense, compact round heads with tightly wrapped leaves","Mild, crisp, refreshing with high water content and clean finish","Classic salads, sandwiches, tacos, coleslaw substitute. The standard for crisp lettuce applications.",false,false,2,11,"Susceptible to tipburn and bottom rot, requires cool conditions to prevent bolting","Aphids, cutworms, wireworms, flea beetles","Tipburn, bottom rot, downy mildew, premature bolting in heat",ncstate,https://plants.windrivergreens.com/lettuce/iceberg
51,lettuce,Great Lakes,great-lakes,Lactuca sativa 'Great Lakes',"A classic crisphead lettuce that delivers the satisfying crunch of iceberg but with better heat tolerance and garden performance. This reliable variety forms dense, well-blanched heads with crisp, sweet leaves that stay fresh longer than most lettuce types. Perfect for gardeners who want that classic lettuce experience without the challenges of growing true iceberg varieties.",85-90,7-14,6-12 inches,12-15 inches,Full sun to partial shade (4-6+ hours),"1-1.5 inches per week, consistent moisture","Rich, well-drained loam with good organic content",6.0-7.0,Moderate,true,Cool season,Direct sow in early spring or late summer. Start indoors 4-6 weeks before transplanting for spring crops.,"Light to medium green outer leaves, pale yellow-green interior","6-8 inch diameter heads, 1-2 lbs","Dense, round, tightly packed crisphead","Mild, sweet, and very crisp with minimal bitterness","Salads, sandwiches, wraps, coleslaw. Excellent for shredding and chopping.",true,false,2,11,"Good resistance to tip burn, moderate resistance to downy mildew","Aphids, slugs, cutworms, flea beetles","Downy mildew, lettuce drop, bottom rot, tip burn",ncstate,https://plants.windrivergreens.com/lettuce/great-lakes
52,lettuce,Oak Leaf,oak-leaf,Lactuca sativa 'Oak Leaf',"An elegant loose-leaf lettuce with distinctive deeply-lobed leaves that resemble oak tree foliage, adding visual interest to both garden and salad bowl. This heat-tolerant variety offers exceptional flavor with tender, buttery leaves that never become bitter, making it perfect for continuous harvest throughout the growing season. The unique leaf shape and reliable performance make it a favorite among both novice and experienced gardeners.",45-50,7-10,6-12 inches,8-10 inches,Full sun to partial shade (4-6+ hours),"1 inch per week, consistent moisture","Well-drained, fertile soil with good organic matter",6.0-7.0,Easy,true,Cool season,Direct sow every 2-3 weeks for continuous harvest. Can be grown spring through fall in most climates.,"Medium to dark green, some varieties have red-tinged edges","Individual leaves 4-6 inches long, plants 8-10 inches across","Deeply lobed, oak leaf-shaped leaves in loose rosette","Mild, buttery, and sweet with no bitterness even in heat","Gourmet salads, garnish, sandwiches. Excellent for mesclun mixes.",true,false,2,11,"Good heat tolerance, resistant to bolting, moderate disease resistance","Aphids, slugs, snails, leaf miners","Downy mildew, lettuce drop, white rust",ncstate,https://plants.windrivergreens.com/lettuce/oak-leaf
53,lettuce,Little Gem,little-gem,Lactuca sativa,A uniform strain of an old French variety renowned for its buttery texture and sweet flavor. Exceptionally quick to close and blanch internal leaves. Heavily savoyed leaf. Pairs well with Rosaine and Cegolaine. Does not hold in the field as long as Newham. MT0-30. Also available with NOP-compliant pelleting.,40,7-14,6-12 inches,6-8 inches,Full sun to partial shade (4-6+ hours),"1 inch per week, consistent moisture","Well-drained, fertile soil with good organic content",6.0-7.0,Easy,true,Warm season annual,Direct sow in early spring and late summer. Excellent for succession planting every 2-3 weeks.,Medium green outer leaves with pale yellow-green hearts,"4-6 inch tall compact heads, individual serving size",Upright mini romaine-style heads with tight hearts,"Sweet, crisp, and nutty with tender hearts and crunchy outer leaves","Grilling, Caesar salads, individual salad servings, gourmet presentations, braising.",true,false,2,11,"Good bolt resistance, moderate disease tolerance","Aphids, slugs, cutworms, flea beetles","Downy mildew, lettuce drop, tip burn",ncstate+johnnys,https://plants.windrivergreens.com/lettuce/little-gem
54,lettuce,Salanova Green Crispy,salanova-green-crispy,Lactuca sativa 'Salanova Green Crispy',"A revolutionary modern hybrid that transforms salad preparation with its innovative multi-leaf technology - one cut at the base yields perfectly sized, ready-to-eat leaves without waste. This compact variety produces dense heads packed with crispy, uniform leaves that maintain excellent texture and freshness longer than traditional lettuce types. Perfect for busy gardeners and commercial growers who want maximum efficiency and consistent results.",55-65,5-10,6-12 inches,8-10 inches,Full sun to partial shade (4-6+ hours),"1-1.5 inches per week, consistent moisture","Well-drained, fertile soil with good organic matter",6.0-7.0,Easy to Moderate,true,Cool season,Direct sow or transplant. Best started indoors for precise spacing and timing.,Bright medium green with consistent coloring,Dense 6-8 inch diameter heads with multiple small leaves,"Compact, dense heads with numerous small, uniform leaves","Crisp, fresh, and mildly sweet with excellent texture retention","Ready-to-eat salads, food service, meal prep, sandwiches. Minimal processing required.",false,true,2,11,"Excellent resistance to downy mildew races, good bolt tolerance","Aphids, thrips, leafminers","Downy mildew (resistant strains), lettuce drop, tip burn",ncstate,https://plants.windrivergreens.com/lettuce/salanova-green-crispy
55,lettuce,Red Velvet,red-velvet,Lactuca sativa 'Red Velvet',"A stunning loose-leaf variety that brings dramatic burgundy-red color to the garden and gourmet appeal to the table with its deeply ruffled, almost frilly leaves. This heat-tolerant beauty maintains its vibrant coloration even in warm weather while delivering exceptional flavor with tender, sweet leaves that add both visual impact and culinary excellence to any salad mix. The combination of ornamental beauty and outstanding performance makes it a standout choice for edible landscaping.",45-55,7-14,6-12 inches,8-12 inches,Full sun to partial shade (4-6+ hours),"1 inch per week, consistent moisture","Rich, well-drained soil with plenty of organic matter",6.0-7.0,Easy,true,Cool season,Direct sow in spring and fall. Excellent for cut-and-come-again harvesting.,"Deep burgundy-red with green undertones, ruffled edges","Individual leaves 4-6 inches, plants spread 10-12 inches","Loose, deeply ruffled and frilled leaves in rosette formation","Mild, sweet, and tender with no bitterness, slight mineral notes","Gourmet salad mixes, garnish, mesclun, edible landscaping, restaurant presentations.",false,true,2,11,"Good heat tolerance, slow to bolt, moderate disease resistance","Aphids, slugs, snails, flea beetles","Downy mildew, lettuce drop, bacterial leaf spot",ncstate,https://plants.windrivergreens.com/lettuce/red-velvet
56,lettuce,Green Leaf,green-leaf,Lactuca sativa 'Green Leaf',"A reliable, fast-growing loose-leaf lettuce that's perfect for beginners and continuous harvesting. The tender, ruffled green leaves provide mild, sweet flavor and can be harvested leaf by leaf for weeks of fresh salads. This heat-tolerant variety is ideal for succession planting throughout the growing season.",45-55,7-10,6-12 inches,6-8 inches,Full sun to partial shade (4-6+ hours),"1 inch per week, consistent moisture","Well-drained, fertile soil rich in organic matter",6.0-7.0,Easy,true,Cool season,Direct sow seeds 1/4 inch deep. Start 2-4 weeks before last frost. Succession plant every 2-3 weeks.,Bright green,6-8 inches across,"Loose rosette with ruffled, oak-like leaves","Mild, sweet, and tender with no bitterness","Fresh salads, sandwiches, wraps, garnishes, smoothies",false,false,2,11,Good resistance to tipburn and bolting in moderate heat,"Aphids, flea beetles, slugs, cutworms","Downy mildew, lettuce drop, bottom rot",ncstate,https://plants.windrivergreens.com/lettuce/green-leaf
57,lettuce,Batavia,batavia,Lactuca sativa,"Batavia is a crinkled-leaf heirloom lettuce with a distinctive ruffled appearance and tender, frilly foliage that ranges from light to medium green. Maturing in approximately 47 days, this variety bridges butterhead and leaf lettuce characteristics, forming a loose head while maintaining the delicate texture of loose-leaf types. Its crisp, sweet flavor with nutty undertones and subtle mineral complexity makes it ideal for fresh salads and gourmet presentations. The crinkled leaves add visual appeal and pleasant texture contrast. Batavia thrives in cool-season gardens with full sun to partial shade and prefers rich, well-drained loam, making it accessible for both novice and experienced growers.",47,7-14,6-12 inches,10-12 inches,Full sun to partial shade (4-6+ hours),"1-1.5 inches per week, deep watering","Rich, well-drained loam with good organic content",6.2-6.8,Easy to Moderate,true,Warm season annual,Direct sow 1/4 inch deep or transplant seedlings. Can be grown spring through early fall in most climates.,Green with bronze-red edges,8-10 inches diameter,"Semi-heading with thick, substantial leaves","Crisp, sweet, and nutty with slight mineral notes","Caesar salads, mixed greens, grilling, braising, sandwich lettuce",true,false,2,11,"Downy Mildew (EU) races 16-26, 32 (High); Downy Mildew (US) races 5-9 (High); Lettuce Leaf Aphid Nasonovia ribisnigri (High); Lettuce Mosaic Virus (Intermediate)","Aphids, leafminers, slugs, thrips","Downy mildew, bacterial leaf spot, lettuce mosaic virus",ncstate+johnnys,https://plants.windrivergreens.com/lettuce/batavia
58,lettuce,Bibb,bibb,Lactuca sativa 'Bibb',"A classic American butterhead lettuce developed in Kentucky, prized for its exceptionally tender leaves and sweet, delicate flavor. The small, compact heads form perfect individual serving sizes with butter-soft texture that melts in your mouth. This gourmet variety is favored by chefs and home gardeners who appreciate premium salad quality.",55-60,7-10,6-12 inches,8-10 inches,Full sun to partial shade (4-6+ hours),"1 inch per week, consistent gentle moisture","Rich, well-drained soil high in organic matter",6.0-7.0,Moderate,true,Cool season,Start indoors 4-6 weeks before last frost or direct sow in early spring. Prefers cool weather for best head formation.,Light to medium green,4-6 inches across,"Small, compact butterhead with cupped leaves","Sweet, delicate, buttery with no bitterness","Gourmet salads, lettuce cups, fine dining presentations, delicate sandwiches",true,false,2,11,Moderate disease resistance. Sensitive to heat stress and tipburn.,"Aphids, slugs, cutworms, flea beetles","Tipburn, downy mildew, lettuce drop, bottom rot",ncstate,https://plants.windrivergreens.com/lettuce/bibb
59,lettuce,New Red Fire,new-red-fire,Lactuca sativa,"New Red Fire is relatively slow, but produces uniform, heavy heads of brightly colored, frilly leaves. MT0-30. Also available with NOP-compliant pelleting.",55,7-10,6-12 inches,6-8 inches,Full sun to partial shade (4-6+ hours),"1 inch per week, regular watering","Well-drained, fertile soil with good organic matter",6.0-7.0,Easy,true,Warm season annual,Direct sow 1/4 inch deep. Can succession plant from spring through early fall. Thrives in cool weather but heat tolerant.,Deep burgundy-red with green undertones,8-10 inches across,"Loose rosette with deeply frilled, ruffled leaves","Mild, sweet, and tender with subtle mineral notes","Colorful salad mixes, garnishes, microgreens, edible landscaping",true,false,2,11,Good heat tolerance and bolt resistance. Resistant to tipburn.,"Aphids, flea beetles, leafminers, slugs","Downy mildew, lettuce drop, bacterial soft rot",ncstate+johnnys,https://plants.windrivergreens.com/lettuce/new-red-fire
60,lettuce,Salanova Red Butter,salanova-red-butter,Lactuca sativa 'Salanova Red Butter',"A revolutionary multi-leaf lettuce that produces 16-20 individual leaves from a single cut, making harvest incredibly efficient and waste-free. The tender, red-tinged butterhead-type leaves offer premium texture and sweet flavor while the innovative breeding ensures every leaf is perfectly sized for salads. This modern variety combines convenience with gourmet quality.",50-55,5-8,6-12 inches,6-8 inches,Full sun to partial shade (4-6+ hours),"1 inch per week, consistent moisture","Rich, well-drained soil with high organic content",6.0-7.0,Easy to Moderate,true,Cool season,Direct sow or transplant seedlings. Best grown in cool weather. Space properly for optimal multi-leaf development.,Green with red-bronze edges,6-8 inches diameter,Compact head that separates into 16-20 individual leaves,"Sweet, buttery, and tender with mild complexity","Premium salads, restaurant presentations, efficient meal prep, gourmet applications",false,true,2,11,Bred for uniformity and bolt resistance. Good tipburn tolerance.,"Aphids, thrips, leafminers, slugs","Downy mildew, lettuce mosaic virus, bacterial leaf spot",ncstate,https://plants.windrivergreens.com/lettuce/salanova-red-butter
62,lettuce,Arugula,arugula,Eruca sativa,"Arugula is a fast-growing leafy green with slender, deeply lobed leaves that mature in just 10-15 days. This heirloom variety thrives in cool seasons and prefers full sun to partial shade. The distinctive peppery, nutty flavor with a slight bitterness and pungent kick makes it ideal for fresh salads, garnishes, and cooked dishes. Arugula's rapid maturity and ease of cultivation—combined with its bold, complex taste—distinguish it from milder lettuce varieties. It tolerates cool weather well and can be succession-planted for continuous harvests throughout the growing season.",10-15,5-7,0-3 feet,4-6 inches,Full sun to partial shade (4-6 hours),"1 inch per week, consistent moisture","Well-drained, moderately fertile soil",6.0-7.0,Easy,true,Warm season annual,Direct sow seeds 1/4 inch deep in early spring or fall. Succession plant every 2-3 weeks. Self-seeds readily.,Deep green with purple-tinged stems,10 g,"Deeply lobed, oak-like leaves","Peppery, nutty, and slightly bitter with a pungent kick","Fresh salads, pizza topping, pasta dishes, pesto, sautéed as cooked greens. Baby leaves for mild flavor.",true,false,2,11,Excellent disease resistance. Very hardy and pest-resistant compared to other greens.,"Flea beetles, aphids, caterpillars","Downy mildew, white rust (rarely problematic)",johnnys,https://plants.windrivergreens.com/lettuce/arugula
64,lettuce,Spinach,spinach,Spinacia oleracea,"Spinach is a nutrient-dense leafy green with tender, deep green leaves that develop characteristic slight crinkles as they mature. Ready to harvest in approximately 25 days, this hybrid variety transitions from a mild, slightly sweet flavor when young to a more complex, mineral-rich taste with age. It thrives in cool seasons and performs well in full sun to partial shade conditions. Spinach is versatile in the kitchen—equally excellent fresh in salads when young or cooked in mature form. Its rapid growth and ease of cultivation make it ideal for beginner gardeners seeking quick, reliable harvests.",25,7-14,6-12 inches,3-6 inches,Full sun to partial shade (4-6+ hours),"1-1.5 inches per week, consistent moisture","Rich, well-drained soil high in nitrogen",6.0-7.0,Easy to moderate,true,Warm season annual,Direct sow seeds 1/2 inch deep in early spring or late summer. Plant when soil temperature is 50-70°F.,Dark green,3-6 inch leaves,"Broad, arrow-shaped leaves","Mild, slightly sweet when young, becoming more mineral-rich with maturity","Fresh salads (baby leaves), sautéed, steamed, soups, smoothies, quiche, and pasta dishes.",false,true,2,11,"Downy Mildew races 1-3, 5, 6, 8, 9, 11, 12, 14, 16, 19 (High)","Aphids, leaf miners, flea beetles, slugs","Downy mildew, fusarium wilt, white rust, damping off",ncstate+johnnys,https://plants.windrivergreens.com/lettuce/spinach
65,lettuce,Mâche (Corn Salad),m-che-corn-salad,Valerianella locusta,"This versatile, vigorous, mildew-resistant variety is excellent at a time of year when greens become scarce. Long, oval, glossy green leaves form tight rosettes. Mild, slightly nutty flavor also reminiscent of roses. Also known as m&acirc;che, lamb's lettuce, and corn salad. Unsized seed.",50,10-14,3-6 inches,2-4 inches,Partial shade to full sun (3-6 hours),"1 inch per week, consistent light moisture","Well-drained, moderately fertile soil",6.0-7.5,Moderate,true,Warm season annual,Direct sow seeds 1/4 inch deep in late summer or early fall. Seeds need cool soil to germinate properly.,Bright to dark green,1-2 inch leaves,"Small, spoon-shaped leaves in rosettes","Mild, nutty, and slightly sweet with tender texture","Gourmet salads, garnish, winter greens. Traditionally served with walnut oil and vinegar in French cuisine.",true,false,3,9,Excellent cold tolerance and disease resistance. Very hardy in winter conditions.,"Slugs, aphids (rarely problematic)","Downy mildew in very wet conditions, otherwise disease-free",johnnys,https://plants.windrivergreens.com/lettuce/m-che-corn-salad
66,herb,Genovese Basil,genovese-basil,Ocimum basilicum,"Authentic flavor and appearance. Tall and relatively slow to bolt with large dark green leaves about 3"" long. This common strain of Genovese basil can present some variability in leaf shape and plant size. While quite suitable for field and garden, we recommend using a more modern and more uniform variety for greenhouse, container, or hydroponic production, such as Genovese Compact Improved, Aroma 2, Nufar, Dolly, or the Prospera® series. Ht. 24-30"".Edible Flowers: Use the flowers in any recipe that calls for basil, or to garnish drinks, salads, soups, pasta, and desserts. Flavor is of intense basil.Also available in organic raw and pelleted seed.",68,5-10,0-3 feet,12-18 inches,Full sun to partial shade (4-6+ hours),"1 inch per week, consistent moisture but well-drained","Rich, well-drained soil with good organic content",6.0-7.0,Easy,true,Warm season annual,Start indoors 6-8 weeks before last frost or direct sow after soil reaches 70°F. Transplant after all danger of frost has passed.,Deep emerald green,"3""","Large, oval leaves with smooth edges and glossy surface","Sweet, aromatic, and slightly spicy with hints of anise and clove","Pesto, Caprese salad, pizza, pasta, fresh garnish, infused oils, tomato-based dishes",true,false,10,10,Susceptible to fusarium wilt and downy mildew in humid conditions,"Aphids, spider mites, slugs, Japanese beetles","Fusarium wilt, downy mildew, bacterial leaf spot, damping off",ncstate+johnnys,https://plants.windrivergreens.com/herb/genovese-basil
68,herb,Flat-Leaf Parsley,flat-leaf-parsley,Petroselinum crispum var. neapolitanum,"Also known as Italian parsley, this variety offers superior flavor compared to curly parsley with its clean, bright taste that doesn't overpower dishes. The flat, deeply-cut leaves are easier to chop and provide a fresh, grassy flavor that's essential in Mediterranean cooking. This hardy biennial is incredibly productive and continues growing through light frosts, making it a kitchen garden staple.",70-90,14-28,0-3 feet,6-8 inches,Full sun (6+ hours),"1 inch per week, consistent moisture","Rich, well-drained soil with good organic matter",6.0-7.0,Easy,true,"Cool season, biennial grown as annual",Direct sow in early spring or start indoors 6-8 weeks before last frost. Soak seeds 24 hours before planting to improve germination.,Dark green,2-4 inch leaves,"Flat, triangular leaves with serrated edges, deeply divided into segments","Fresh, clean, and grassy with a bright, slightly peppery finish","Chimichurri, tabbouleh, soups, stews, sauces, garnish, herb butter, marinades",true,false,3,9,Generally resistant to most diseases when grown in well-drained conditions,"Aphids, carrot fly, armyworms, swallowtail butterfly caterpillars","Crown rot, leaf spot, powdery mildew in humid conditions",ncstate,https://plants.windrivergreens.com/herb/flat-leaf-parsley
70,herb,Common Thyme,common-thyme,Thymus vulgaris,"Common Thyme is a compact, woody perennial herb with tiny, narrow green leaves and delicate pink or purple flowers. Reaching maturity in 90-95 days, it becomes a robust ground cover perfect for edging and containers. This Mediterranean native thrives in poor, well-drained soil and is remarkably cold-hardy. Its earthy, minty flavor with warm, pungent undertones makes it essential for cooking—particularly valued in French cuisine and Mediterranean dishes. More cold-tolerant than most culinary herbs, Common Thyme delivers consistent flavor year-round and rarely suffers from serious pest issues.",90-95,14-28,6-12 inches,9-12 inches,Full sun (6+ hours),"Low water needs, very drought tolerant once established","Well-drained, sandy or rocky soil, lean to moderately fertile",6.0-8.0,Easy,true,Perennial,Start indoors 6-8 weeks before last frost. Seeds are tiny and slow to germinate. Easier to propagate from cuttings or plant divisions.,Gray-green leaves with pink or white flowers,"Tiny leaves, 0.25-0.5 inch long","Low, woody shrub with small linear leaves and clusters of tiny tubular flowers","Earthy, minty, and slightly floral with warm, pungent undertones","Herbes de Provence, roasted meats, soups, stews, marinades, herb butter, bread",true,false,5,9,Very disease resistant when grown in well-drained conditions,"Spider mites, aphids (rarely serious problems)","Root rot in poorly drained soils, botrytis in humid conditions",ncstate+johnnys,https://plants.windrivergreens.com/herb/common-thyme
71,herb,Sweet Basil,sweet-basil,Ocimum basilicum,"Sweet Basil is a tender annual herb prized for its vibrant green leaves and distinctive aromatic flavor. This heirloom variety reaches harvest maturity in approximately 74 days, producing compact, bushy plants ideal for containers or garden beds. Its sweet, clove-forward taste with subtle anise undertones makes it the quintessential choice for Italian cuisine, fresh pestos, and culinary applications. Unlike spicier basil varieties, Sweet Basil's delicate, complex flavor profile and ease of cultivation have made it a kitchen garden staple for centuries.",74,5-10,0-3 feet,12-18 inches,Full sun to partial shade (4-6+ hours),"1 inch per week, consistent moisture","Well-drained, fertile soil rich in organic matter",6.0-7.0,Easy,true,Warm season annual,"Direct sow after last frost when soil is 65°F+, or start indoors 6-8 weeks before last frost",Bright green leaves,"2-3""","Oval, slightly cupped leaves with smooth edges","Sweet, aromatic with hints of clove and anise","Pesto, pasta sauces, pizza, caprese, Thai and Italian dishes, fresh garnish",true,false,10,10,Moderate resistance to bacterial leaf spot,"Aphids, spider mites, Japanese beetles, slugs","Fusarium wilt, bacterial leaf spot, downy mildew",ncstate+johnnys,https://plants.windrivergreens.com/herb/sweet-basil
72,herb,Curly Parsley,curly-parsley,Brassica oleracea,"The finely curled dark blue-green leaves can be harvested with one cut. The compact plants produce leaves that are very uniform, resist yellowing, and have good flavor. Short internodes allow for high yields despite compact habit. Perfect for harvesting the whole plant at 12-18"".",55,14-28,10-24 inches,6-8 inches,Full sun to partial shade (4-6+ hours),"1 inch per week, consistent moisture","Rich, well-drained soil with good organic content",6.0-7.0,Easy,true,Warm season annual,"Direct sow in early spring or late summer, or start indoors 10-12 weeks before last frost",Deep emerald green,"12-18"".",Densely curled and ruffled leaves,"Fresh, grassy, slightly bitter with earthy undertones","Garnish, soups, stews, sauces, tabbouleh, herb butter, dried seasoning",false,true,6,9,Good resistance to most diseases,"Aphids, carrot fly, spider mites","Crown rot, leaf blight, powdery mildew",ncstate+johnnys,https://plants.windrivergreens.com/herb/curly-parsley
75,herb,Cilantro,cilantro,Coriandrum sativum,"Cilantro is a delicate leafy herb with feathery, triangular green foliage that reaches harvest maturity in 16-25 days. The plant produces thin, lacy stems bearing distinctive serrated leaves with a bright, citrusy flavor profile that carries subtle soapy notes and fresh herbal undertones. Cilantro thrives in full sun to partial shade and prefers well-drained, fertile soil. As a quick-maturing heirloom variety, it's ideal for succession planting throughout the growing season. Widely used in Latin American, Asian, and Mediterranean cuisines as a fresh garnish and flavor component in salsas, curries, and chutneys.",16-25,7-20,12-24 inches,4-6 inches,Full sun to partial shade (4-6+ hours),"1 inch per week, consistent moisture","Well-drained, fertile soil",6.2-6.8,Easy,true,Warm season annual,"Direct sow in early spring and fall, succession plant every 2-3 weeks",Bright green feathery leaves,26 g,"Broad lower leaves, feathery upper leaves","Bright, citrusy, slightly soapy with fresh herbal notes","Salsa, guacamole, Thai curry, Vietnamese pho, Mexican dishes, Indian chutneys",true,false,2,11,Good resistance to most diseases,"Aphids, spider mites, leaf miners","Bacterial leaf spot, powdery mildew, damping off",ncstate+johnnys,https://plants.windrivergreens.com/herb/cilantro
77,herb,Pesto Perpetuo Basil,pesto-perpetuo-basil,Ocimum basilicum 'Pesto Perpetuo',"A spectacular variegated basil that never flowers, providing continuous harvest of cream and green striped leaves throughout the season. This sterile hybrid focuses all its energy on leaf production, making it the ultimate pesto-making machine. The striking variegation makes it as ornamental as it is functional.",60-75,5-10,0-3 feet,12-18 inches,Full sun to partial shade (4-6+ hours),"1-1.5 inches per week, consistent moisture","Rich, well-drained soil with organic matter",6.0-7.5,Easy to moderate,true,Warm season,Start from cuttings or purchased plants only - does not produce viable seeds. Plant after all frost danger has passed.,Cream and green variegated leaves,Leaves 2-3 inches long,Oval pointed leaves with distinctive cream margins,"Classic sweet basil flavor, slightly milder than Genovese","Pesto, Italian dishes, fresh garnish, caprese salads. Excellent for continuous harvest cooking.",false,true,10,10,"Good resistance to fusarium wilt, better than many basil varieties","Aphids, spider mites, Japanese beetles","Downy mildew, fusarium wilt (resistant)",ncstate,https://plants.windrivergreens.com/herb/pesto-perpetuo-basil
78,herb,Chocolate Mint,chocolate-mint,Helianthus annuus,"Chocolate Mint is a distinctive heirloom herb variety that matures in 65-75 days, featuring aromatic green foliage with soft, velvety texture. This unique mint hybrid stands out for its exceptional flavor profile: a refreshing cool mint taste with prominent chocolate undertones and a subtle sweet finish, making it ideal for both culinary applications and specialty beverages. Despite its rich flavor complexity, Chocolate Mint remains easy to grow, thriving in full sun with well-drained, moist soil. The plant tolerates heavy clay conditions well, making it adaptable to various garden settings.",65-75,14-21,1-10 feet,18-24 inches,Full sun (6+ hours),Moderate — regular watering,"Rich, moist, well-drained soil, tolerates heavy clay",6.0-7.5,Easy,true,Warm season annual,Best started from cuttings or divisions. Can direct sow in spring. Contains aggressively - plant in containers or root barriers.,Dark green leaves with chocolate-brown stems,"4-6""",Serrated oval leaves with prominent veining,Cool mint with distinctive chocolate undertones and sweet finish,"Dessert garnish, chocolate mint tea, mojitos, fruit salads, ice cream topping, lamb dishes.",true,false,2,11,"Generally disease resistant, typical mint hardiness","Aphids, spider mites, mint flea beetles","Mint rust, powdery mildew",usda+ncstate+johnnys,https://plants.windrivergreens.com/herb/chocolate-mint
80,herb,Purple Ruffles Basil,purple-ruffles-basil,Ocimum basilicum 'Purple Ruffles',"An award-winning ornamental basil that combines stunning deep purple, frilly leaves with the classic sweet basil flavor gardeners love. This All-America Selections winner creates dramatic visual impact in both herb gardens and flower beds while providing excellent culinary value. Purple Ruffles transforms ordinary dishes into restaurant-quality presentations with its striking color and exceptional taste.",75-85,7-14,0-3 feet,12-18 inches,Full sun to partial shade (4-6+ hours),"1-1.5 inches per week, consistent moisture","Rich, well-drained soil with plenty of organic matter",6.0-7.5,Moderate,true,Warm season,Start seeds indoors 6-8 weeks before last frost. Transplant after soil warms to 65°F. Pinch flowers to maintain leaf production.,Deep purple-burgundy with ruffled edges,Leaves 2-4 inches long,Deeply ruffled and serrated oval leaves,"Strong basil flavor with slight spicy notes, more intense than sweet basil","Pesto (creates purple color), garnish, salads, herb oils, vinegars. Excellent dried for color retention.",false,true,10,10,"Good resistance to fusarium wilt, typical basil disease susceptibility","Aphids, Japanese beetles, spider mites","Downy mildew, fusarium wilt, bacterial leaf spot",ncstate,https://plants.windrivergreens.com/herb/purple-ruffles-basil
81,herb,Italian Large Leaf Basil,italian-large-leaf-basil,Ocimum basilicum,"Italian Large Leaf Basil is a classic heirloom herb prized for its broad, tender leaves and intensely aromatic, sweet basil flavor with subtle hints of anise and pepper. Reaching maturity in approximately 74 days, this variety produces robust plants suited for full sun to partial shade conditions. The large leaves make it exceptionally practical for culinary applications—ideal for fresh use in pesto, Italian dishes, and salads. Unlike compact basil varieties, its generous leaf size reduces preparation time while delivering the authentic, complex flavor profile that defines traditional Italian cooking.",74,5-10,0-3 feet,12-18 inches,Full sun to partial shade (4-6+ hours),"1 inch per week, consistent moisture but not waterlogged","Well-drained, fertile soil rich in organic matter",6.0-7.0,Easy,true,Warm season annual,Start indoors 4-6 weeks before last frost or direct sow after soil reaches 65°F. Keep seeds moist and warm for best germination.,Deep emerald green,"2-3""","Large, oval leaves with smooth edges and glossy surface","Intensely aromatic, sweet basil flavor with hints of anise and pepper","Pesto, pizza, pasta sauces, caprese salad, tomato dishes, fresh garnish, infused oils",true,false,10,10,Susceptible to fusarium wilt and bacterial leaf spot in humid conditions,"Aphids, spider mites, Japanese beetles, slugs","Fusarium wilt, bacterial leaf spot, downy mildew",ncstate+johnnys,https://plants.windrivergreens.com/herb/italian-large-leaf-basil
83,herb,Spicy Globe Basil,spicy-globe-basil,Ocimum basilicum 'Spicy Globe',"A charming miniature basil that forms perfect little mounds of tiny, intensely flavored leaves - ideal for container gardens and small spaces. Despite its diminutive size, this variety packs a powerful basil punch and naturally stays compact without constant pruning. The globe shape and small leaves make it as ornamental as it is useful, perfect for edging herb gardens or windowsill growing.",60-70,5-10,0-3 feet,6-8 inches,Full sun to partial shade (4-6+ hours),"1 inch per week, keep consistently moist but not soggy",Well-drained potting mix or garden soil with good organic content,6.0-7.0,Easy,true,Warm season,Start indoors 4-6 weeks before last frost or direct sow after soil reaches 65°F. Excellent for successive plantings every 2-3 weeks.,Medium to bright green,"0.5 inch small, dense leaves","Tiny oval leaves forming a compact, globe-shaped bush","Concentrated sweet basil flavor with spicy undertones, very aromatic","Garnish, pesto, pizza, containers herbs, small batch cooking, microgreens style harvest",false,true,10,10,Good resistance to common basil diseases due to compact growth habit,"Aphids, spider mites, whiteflies","Fusarium wilt, bacterial leaf spot in very humid conditions",ncstate,https://plants.windrivergreens.com/herb/spicy-globe-basil
84,herb,Silver Thyme,silver-thyme,Eucalyptus gunnii,"Silver Thyme is a classic heirloom herb prized for its distinctive silvery-green foliage and aromatic intensity. This easy-to-grow perennial reaches maturity in 120-150 days, producing delicate flowers that attract pollinators. The leaves deliver authentic thyme flavor—earthy, minty, and subtly floral—making it ideal for culinary applications, particularly Mediterranean dishes and herbal infusions. Hardy and drought-tolerant, Silver Thyme thrives in well-drained, sandy, or rocky soil with minimal care, distinguishing it through superior flavor complexity compared to common thyme varieties.",120-150,14-21,6-12 inches,12-15 inches,Full sun (6+ hours),"Low to moderate, drought tolerant once established","Well-drained, sandy or rocky soil, tolerates poor soil",6.0-8.0,Easy,true,Tender Perennial,"Start from seed indoors 6-8 weeks before last frost, or propagate from cuttings or division. Seeds need light to germinate.",Gray-green leaves with bright silver-white margins,"0.25 inch small, narrow leaves","Tiny oval leaves with distinctive white variegated edges, low spreading habit","Classic thyme flavor - earthy, minty, and slightly floral with aromatic intensity","Mediterranean dishes, roasted meats, herb butter, tea, seasoning blends, marinades",true,false,7,10,"Excellent disease resistance, very hardy and pest resistant","Spider mites in hot, dry conditions, root rot if overwatered","Root rot in poorly drained soil, generally very disease resistant",ncstate+johnnys,https://plants.windrivergreens.com/herb/silver-thyme
86,bean,Cherokee Trail of Tears,cherokee-trail-of-tears,Phaseolus vulgaris 'Cherokee Trail of Tears',"A sacred heirloom bean carried by Cherokee people during their forced relocation in the 1830s, preserving both history and exceptional flavor. These beautiful purple-black beans produce abundantly and are prized for their rich, meaty texture and deep, complex flavor that improves with cooking. A living piece of American history that connects modern gardeners to indigenous agricultural traditions.",85-95,7-10,,4-6 inches,Full sun (6+ hours),"1 inch per week, avoid overwatering","Well-drained loam, tolerates poor soil",6.0-7.0,Easy,false,Warm season,Direct sow after soil reaches 60°F and all danger of frost has passed. Plant 1-2 inches deep.,Deep purple-black with occasional mottling,"Medium, kidney-shaped","Kidney-shaped, plump","Rich, meaty, earthy with a robust bean flavor","Excellent for soups, stews, chili, baked beans, and traditional Native American dishes",true,false,2,11,"Good general disease resistance, typical of heirloom pole beans","Bean beetles, aphids, spider mites","Bacterial blight, anthracnose, rust",ncstate,https://plants.windrivergreens.com/bean/cherokee-trail-of-tears
87,bean,Blue Lake Bush 274,blue-lake-bush-274,Phaseolus vulgaris 'Blue Lake Bush 274',"The gold standard for green beans, developed from the famous Blue Lake pole variety but bred for compact bush growth. These tender, stringless pods have the classic fresh bean flavor and crisp texture that made Blue Lake beans the choice of commercial processors and home gardeners alike. Perfect for beginners who want restaurant-quality green beans without the hassle of trellising.",50-55,6-10,,4-6 inches,Full sun (6+ hours),"1 inch per week, consistent moisture during flowering",Well-drained loam with organic matter,6.0-7.0,Easy,true,Warm season,Direct sow after soil reaches 60°F. Plant 1 inch deep. Can succession plant every 2-3 weeks.,Bright medium green,5-6 inches long,"Straight, slender pods","Classic fresh green bean flavor, tender and sweet","Fresh eating, steaming, stir-frying, freezing, canning, casseroles",false,true,2,11,Good resistance to bean mosaic virus and bacterial diseases,"Bean beetles, aphids, thrips","Bacterial blight, white mold, rust",ncstate,https://plants.windrivergreens.com/bean/blue-lake-bush-274
88,bean,Kentucky Wonder Pole,kentucky-wonder-pole,Phaseolus vulgaris 'Kentucky Wonder',"America's most beloved heirloom pole bean, cherished by gardeners since the 1850s for its incredible productivity and old-fashioned bean flavor. These vigorous climbing vines produce an abundance of long, curved pods that are best harvested young and tender, though they can also be left to mature for excellent shell beans. A true garden workhorse that keeps producing until frost.",65-70,7-10,,4-6 inches,Full sun (6+ hours),"1 inch per week, deep watering preferred","Well-drained fertile soil, enriched with compost",6.0-7.0,Easy to Moderate,false,Warm season,Direct sow after soil reaches 65°F. Plant 1 inch deep near poles or trellises. Requires strong support.,Medium to dark green with purple streaking,7-10 inches long,"Curved, flat pods","Rich, traditional bean flavor with meaty texture","Fresh green beans, shell beans, dried beans, Southern-style cooking, preserving",true,false,2,11,"Moderate disease resistance, good heat tolerance","Bean beetles, spider mites, aphids","Rust, bacterial blight, anthracnose",ncstate,https://plants.windrivergreens.com/bean/kentucky-wonder-pole
89,bean,Provider Bush,provider-bush,Phaseolus vulgaris 'Provider',"The ultimate beginner's green bean, specifically bred for reliability and performance in challenging growing conditions. This hardy bush variety tolerates cool weather better than most beans and produces heavy yields of tender, stringless pods even when other varieties struggle. Perfect for northern gardeners and anyone who wants a foolproof bean that delivers consistent results.",50-57,6-8,,4-6 inches,Full sun (6+ hours),"1 inch per week, drought tolerant once established","Adaptable to various soils, prefers well-drained loam",6.0-7.5,Very Easy,true,Warm season,"Direct sow when soil reaches 55°F, earlier than most beans. Plant 1 inch deep. Excellent for succession planting.",Dark green,5-5.5 inches long,"Straight, slender, cylindrical pods","Mild, sweet green bean flavor, very tender","Fresh eating, steaming, freezing, stir-fries, salads",false,true,2,11,"Excellent resistance to bean mosaic virus, bacterial blight, and rust","Bean beetles, aphids (less susceptible than most)",White mold (in humid conditions),ncstate,https://plants.windrivergreens.com/bean/provider-bush
90,bean,Dragon Tongue,dragon-tongue,Phaseolus vulgaris 'Dragon Tongue',"A stunning Dutch heirloom that transforms any garden into a conversation piece with its cream-colored pods dramatically streaked with purple flames. Beyond their striking appearance, these beans offer exceptional flavor when harvested young as snap beans, with a tender texture and sweet, nutty taste that's perfect fresh or lightly cooked. The purple markings fade when cooked, but the superior flavor remains.",60-70,7-12,,4-6 inches,Full sun (6+ hours),"1 inch per week, consistent moisture for best pod quality","Rich, well-drained soil with good organic content",6.0-7.0,Easy to Moderate,true,Warm season,Direct sow after soil reaches 60°F. Plant 1-1.5 inches deep. Handle seeds gently as they can be delicate.,Cream with purple flame-like stripes,6-8 inches long,"Flat, wide Romano-type pods","Sweet, nutty, and tender with exceptional fresh bean taste","Best fresh as snap beans, excellent in salads, light sautéing, steaming, specialty presentations",true,false,2,11,"Moderate disease resistance, sensitive to wet conditions","Bean beetles, slugs (attracted to tender foliage), aphids","Bacterial blight, white mold, anthracnose",ncstate,https://plants.windrivergreens.com/bean/dragon-tongue
91,bean,Scarlet Runner Bean,scarlet-runner-bean,Phaseolus coccineus,"Scarlet flowers against green, heart-shaped foliage. Rapid climbers. Beans are edible and delicious when young. Keep pods picked for continuous bloom. May simply be called scarlet runner. A hummingbird favorite. Edible Flowers: The flowers offer a mild and sweet flavor. Use them to garnish or in salads, soups, and desserts.",45-55,7-14,,6-8 inches,Full sun (6+ hours),"1-1.5 inches per week, consistent moisture especially during flowering","Well-drained, fertile soil rich in organic matter",6.0-7.0,Easy,true,Warm season annual,Direct sow after soil warms to 60°F and all danger of frost has passed. Plant 1-2 inches deep. Provide sturdy support structure.,"Green pods with bright red flowers, speckled purple-black seeds","6-10 inch pods, large lima-sized beans","Flat, broad pods with kidney-shaped beans","Fresh pods: tender and sweet. Mature beans: rich, nutty, and creamy","Young pods steamed or sautéed, mature beans in stews, soups, and casseroles. Flowers are edible and colorful in salads.",true,false,3,10,"Generally disease resistant, some tolerance to cool, wet conditions","Mexican bean beetle, aphids, spider mites","Bacterial blight, anthracnose, root rot in poorly drained soils",ncstate+johnnys,https://plants.windrivergreens.com/bean/scarlet-runner-bean
92,bean,Romano Italian Bush Bean,romano-italian-bush-bean,Phaseolus vulgaris 'Romano',"A classic Italian heirloom prized by chefs and home gardeners for its exceptionally wide, flat pods and rich, intense flavor. These meaty beans have a distinctly different taste and texture from regular green beans, with a more substantial bite and earthy flavor that holds up beautifully to cooking. Popular in Mediterranean cuisine, Romano beans are perfect for gardeners who want something special beyond ordinary green beans.",50-60,7-10,,4-6 inches,Full sun (6+ hours),"1 inch per week, avoid overhead watering","Well-drained, fertile garden soil with good organic content",6.0-7.0,Easy,true,Warm season,Direct sow 1-2 weeks after last frost when soil temperature reaches 60°F. Plant seeds 1 inch deep. Make successive plantings every 2-3 weeks.,Medium green pods,"5-7 inches long, 1 inch wide","Broad, flat, and meaty pods","Rich, earthy, and robust with a meaty texture and intense bean flavor","Sautéed with garlic and olive oil, braised in tomato sauce, grilled, or steamed. Excellent in Italian dishes and Mediterranean cooking.",true,false,2,11,"Good general disease resistance, some tolerance to common bean mosaic virus","Mexican bean beetle, bean leaf beetle, aphids","Bacterial blight, anthracnose, white mold",ncstate,https://plants.windrivergreens.com/bean/romano-italian-bush-bean
93,bean,Fortex Pole Bean,fortex-pole-bean,Phaseolus vulgaris 'Fortex',"A French filet bean that produces extraordinarily long, slender pods up to 11 inches in length while maintaining tender texture and exceptional flavor. This vigorous climbing variety is beloved by gourmet gardeners for its elegant appearance and restaurant-quality taste that stays tender even at full size. Fortex offers an extended harvest window since the pods remain stringless and succulent much longer than typical varieties.",60-70,7-12,,6-8 inches,Full sun (6+ hours),"1-1.5 inches per week, consistent moisture for best pod development","Well-drained, fertile soil enriched with compost",6.0-7.5,Easy to Moderate,true,Warm season,Direct sow after soil warms to 65°F and all frost danger has passed. Plant 1 inch deep with strong support structure. Can start indoors 2-3 weeks early.,Dark green,"8-11 inches long, very slender","Extra long, thin, straight filet-type pods","Exceptionally tender and sweet with delicate, refined flavor typical of French filet beans","Lightly steamed or sautéed to preserve delicate texture, perfect for gourmet presentations, stir-fries, and French cuisine preparations.",false,true,2,11,Good resistance to common bean mosaic virus and bean yellow mosaic virus,"Mexican bean beetle, aphids, thrips","Bacterial blight, anthracnose, powdery mildew",ncstate,https://plants.windrivergreens.com/bean/fortex-pole-bean
94,bean,Henderson Bush Lima,henderson-bush-lima,Phaseolus lunatus 'Henderson Bush',"A compact, early-maturing lima bean perfect for northern gardens and small spaces, producing abundant crops of small, buttery lima beans in just 65 days. This reliable heirloom has been a garden favorite since the 1880s, valued for its dependable production and rich, creamy flavor. Unlike larger lima varieties, Henderson Bush thrives in cooler conditions and doesn't require the long, hot growing season that limits other lima beans.",65-75,7-14,,6-8 inches,Full sun (6-8 hours),"1-1.5 inches per week, avoid overwatering which can cause root rot","Well-drained, sandy loam with good organic matter",6.0-7.0,Moderate,true,Warm season,"Direct sow 2-3 weeks after last frost when soil is consistently warm (65°F+). Plant 1-2 inches deep. Do not plant in cold, wet soil.","Light green pods, cream-colored beans with light green tinge when fresh","3-4 inch pods, small lima beans","Flat, curved pods with small, flat kidney-shaped beans","Rich, buttery, and creamy with classic lima bean flavor, less starchy than large lima varieties","Succotash, soups, stews, casseroles. Can be eaten fresh or dried for winter storage. Excellent with corn and in Southern cuisine.",true,false,3,9,"Some tolerance to downy mildew, generally hardy variety","Mexican bean beetle, lima bean pod borer, stink bugs","Bacterial blight, downy mildew, root rot",ncstate,https://plants.windrivergreens.com/bean/henderson-bush-lima
95,bean,Cherokee Purple Pod Bean,cherokee-purple-pod-bean,Phaseolus vulgaris 'Cherokee Purple Pod',"A stunning heirloom pole bean that produces gorgeous deep purple pods on vigorous vines, creating an eye-catching display in any garden. Beyond their ornamental value, these beans offer excellent flavor and turn green when cooked, making them both beautiful and delicious. This Cherokee Nation variety represents centuries of careful seed saving and cultural heritage.",65-70,7-14,,6-8 inches,Full sun (6+ hours),"1 inch per week, consistent moisture throughout growing season",Well-drained garden soil with moderate fertility,6.0-7.0,Easy,true,Warm season,Direct sow after all frost danger and soil reaches 60°F. Plant 1-2 inches deep. Provide strong pole or trellis support for climbing vines.,"Deep purple pods that cook to green, purple-streaked seeds","5-6 inches long, standard width",Straight to slightly curved standard green bean shape,"Traditional green bean flavor, tender and mild with good texture","Fresh eating as snap beans, pods turn green when cooked. Excellent steamed, sautéed, or in stir-fries. Seeds can be dried for winter use.",true,false,2,11,"Standard heirloom disease resistance, generally hardy","Mexican bean beetle, bean leaf beetle, aphids","Bacterial blight, anthracnose, common bean mosaic virus",ncstate,https://plants.windrivergreens.com/bean/cherokee-purple-pod-bean
96,bean,Contender Bush Bean,contender-bush-bean,Phaseolus vulgaris 'Contender',"A reliable and productive bush bean that lives up to its name as a top contender in home gardens. This variety excels in both hot and cool weather conditions, producing abundant harvests of tender, stringless pods that maintain their quality even when picked large. Developed for its exceptional adaptability and consistent performance, making it a favorite among both novice and experienced gardeners.",50-55,7-10,,4-6 inches,Full sun (6+ hours),"1 inch per week, consistent moisture especially during flowering","Well-drained, fertile soil with good organic content",6.0-7.0,Easy,true,Warm season,Direct sow after last frost when soil temperature reaches 60°F. Plant seeds 1-2 inches deep.,Medium green pods,5-6 inches long,"Round, straight pods","Tender, mild bean flavor with crisp texture","Fresh eating, steaming, stir-frying, freezing, and canning",false,false,2,11,Good resistance to bean mosaic virus and powdery mildew,"Bean beetles, aphids, spider mites, cutworms","Bacterial blight, anthracnose, rust, white mold",ncstate,https://plants.windrivergreens.com/bean/contender-bush-bean
97,bean,Purple Top Turnip Bean,purple-top-turnip-bean,Phaseolus vulgaris 'Purple Top',"A stunning heirloom pole bean that produces beautiful purple-streaked pods that transform to green when cooked. This vigorous climber not only provides an abundant harvest but also adds ornamental value to the garden with its attractive purple-tinged foliage and colorful pods. The tender, flavorful beans have been cherished by gardeners for generations and offer both visual appeal and exceptional taste.",65-75,7-12,,6-8 inches,Full sun (6+ hours),"1-1.5 inches per week, deep watering preferred","Rich, well-draining soil with good organic matter",6.0-7.5,Moderate,false,Warm season,Direct sow 2-3 weeks after last frost. Plant 1-2 inches deep. Provide tall supports or trellises.,Purple-streaked pods with green undertones,6-7 inches long,"Flat, broad romano-type pods","Rich, meaty flavor with tender texture when young","Excellent fresh, steamed, sautéed, or in Mediterranean dishes",true,false,2,11,Moderate disease resistance typical of heirloom varieties,"Bean beetles, aphids, leafhoppers, spider mites","Bacterial blight, rust, anthracnose, mosaic virus",ncstate,https://plants.windrivergreens.com/bean/purple-top-turnip-bean
98,bean,Jade Bush Bean,jade-bush-bean,Phaseolus vulgaris 'Jade',"A premium hybrid bush bean renowned for producing perfectly straight, dark green pods with exceptional tenderness and flavor. This variety sets the standard for quality in fresh market beans, maintaining its crisp texture and bright color even after cooking. Jade's compact, upright growth habit and concentrated harvest make it ideal for both small gardens and larger plantings seeking restaurant-quality beans.",55-60,6-10,,4-6 inches,Full sun (6+ hours),"1 inch per week, consistent moisture for best pod quality","Well-drained, fertile soil with good organic content",6.0-7.0,Easy,true,Warm season,Direct sow after soil warms to 60°F. Plant seeds 1-2 inches deep in rows or blocks.,Dark emerald green,5.5-6 inches long,"Perfectly straight, slender round pods","Exceptionally tender with sweet, clean bean flavor","Premium fresh eating, gourmet cooking, steaming, light sautéing",false,true,2,11,Excellent resistance to bean common mosaic virus and rust,"Bean beetles, aphids, thrips, spider mites","Bacterial blight, white mold, anthracnose",ncstate,https://plants.windrivergreens.com/bean/jade-bush-bean
99,bean,Rattlesnake Pole Bean,rattlesnake-pole-bean,Phaseolus vulgaris 'Rattlesnake',"A striking heirloom pole bean featuring distinctive purple streaks and mottled patterns that resemble rattlesnake markings, making it as ornamental as it is productive. This heat-tolerant Southern favorite produces abundant harvests of tender, flavorful pods throughout the summer, even in challenging growing conditions. The vigorous vines not only provide delicious beans but also create an eye-catching display in the garden with their unique coloration.",70-75,8-12,,6-8 inches,Full sun (6+ hours),"1-1.5 inches per week, drought tolerant once established","Well-drained soil, tolerates poor soils better than most beans",6.0-7.5,Moderate,false,Warm season,Direct sow 2-3 weeks after last frost. Plant 1-2 inches deep. Provide strong 8+ foot supports.,Light green with distinctive purple streaks and mottling,6-8 inches long,"Slightly curved, flat romano-type pods","Rich, full-bodied bean flavor with excellent texture","Traditional Southern cooking, fresh eating, preserving, excellent for succotash",true,false,2,11,"Good heat tolerance, moderate disease resistance","Bean beetles, stink bugs, spider mites, aphids","Bacterial blight, rust, anthracnose, mosaic virus",ncstate,https://plants.windrivergreens.com/bean/rattlesnake-pole-bean
100,bean,Maxibel Haricot Vert,maxibel-haricot-vert,Phaseolus vulgaris 'Maxibel',"The ultimate French filet bean prized by gourmet cooks for its incredibly slender, pencil-thin pods and exceptional tenderness. This productive bush variety produces an abundance of extra-fine beans that maintain their delicate texture and vibrant color whether served fresh or lightly cooked. Maxibel represents the pinnacle of fine bean breeding, delivering restaurant-quality haricot verts for the home gardener's table.",50-55,7-10,,3-4 inches,Full sun (6+ hours),"1 inch per week, consistent moisture for tender pods","Rich, well-drained soil with high organic content",6.0-7.0,Moderate,true,Warm season,Direct sow after last frost when soil reaches 65°F. Plant seeds 1 inch deep for best germination.,Bright emerald green,"4-5 inches long, very slender","Extra-thin, pencil-straight round pods","Delicate, sweet flavor with crisp-tender texture","Gourmet fresh eating, French cuisine, light steaming, elegant side dishes",false,true,2,11,Good resistance to common bean mosaic virus,"Bean beetles, aphids, thrips, spider mites","Bacterial blight, white mold, rust, anthracnose",ncstate,https://plants.windrivergreens.com/bean/maxibel-haricot-vert
101,bean,Bush Blue Lake 274,bush-blue-lake-274,Phaseolus vulgaris 'Bush Blue Lake 274',"The compact bush version of the legendary Blue Lake pole bean, delivering the same exceptional flavor and tender texture in a space-saving package. These dark green, stringless pods are incredibly productive and perfect for gardeners who want premium quality without the hassle of trellising. A reliable performer that consistently ranks among the top choices for fresh eating and freezing.",50-55,7-10,,4-6 inches,Full sun (6+ hours),"1 inch per week, consistent moisture during flowering",Well-drained loam with good organic matter,6.0-7.0,Easy,true,Warm season,Direct sow after soil temperature reaches 60°F and all danger of frost has passed. Plant seeds 1-2 inches deep.,Dark green,5-6 inches long,"Straight, slender, round pods","Sweet, tender, and crisp with classic fresh bean flavor","Fresh eating, steaming, stir-frying, freezing, canning. Excellent for successions.",false,true,2,11,Good resistance to common bean mosaic virus and bacterial blight,"Bean beetles, aphids, spider mites, cutworms","Bacterial blight, anthracnose, rust, white mold",ncstate,https://plants.windrivergreens.com/bean/bush-blue-lake-274
102,bean,Tendergreen Bush Bean,tendergreen-bush-bean,Phaseolus vulgaris 'Tendergreen',"A time-tested heirloom that has been delighting gardeners since 1925 with its exceptional tenderness and flavor. These medium-green, stringless pods are incredibly productive and maintain their quality even when picked large. Known for its reliability and adaptability, Tendergreen is the perfect choice for beginning gardeners seeking a foolproof, delicious bean variety.",53-56,7-14,,4-6 inches,Full sun (6+ hours),"1 inch per week, avoid overhead watering","Well-drained, fertile soil with good organic content",6.0-7.5,Easy,true,Warm season,Direct sow 1-2 weeks after last frost when soil is at least 60°F. Plant seeds 1.5 inches deep.,Medium green,5.5-6 inches long,"Straight, round, slightly thick pods","Tender, mild, and sweet with excellent texture","Fresh eating, steaming, boiling, freezing, canning. Great for casseroles and side dishes.",true,false,2,11,Moderate resistance to common bean diseases,"Mexican bean beetle, aphids, leafhoppers, thrips","Bacterial blight, anthracnose, mosaic virus, powdery mildew",ncstate,https://plants.windrivergreens.com/bean/tendergreen-bush-bean
103,bean,Royal Burgundy Bush Bean,royal-burgundy-bush-bean,Phaseolus vulgaris 'Royal Burgundy',"A stunning ornamental edible that produces deep purple pods on compact plants, making harvest incredibly easy since the colorful beans stand out against green foliage. These tender, stringless pods turn bright green when cooked, offering the perfect combination of garden beauty and excellent eating quality. An All-America Selections winner that brings both function and dramatic flair to any vegetable garden.",51-55,7-10,,4-6 inches,Full sun (6+ hours),"1 inch per week, consistent moisture preferred","Well-drained, moderately fertile soil",6.0-7.0,Easy,true,Warm season,Direct sow after last frost when soil reaches 65°F. Plant seeds 1-2 inches deep in warm soil.,Deep purple (turns green when cooked),5-6 inches long,"Straight, slender, round pods","Sweet and tender with mild, classic bean flavor","Fresh eating, steaming, stir-frying, salads. Excellent for kids' gardens due to easy harvesting.",false,true,2,11,"Good disease tolerance, particularly to bean mosaic virus","Bean beetles, aphids, spider mites, flea beetles","Bacterial blight, anthracnose, white mold, rust",ncstate,https://plants.windrivergreens.com/bean/royal-burgundy-bush-bean
104,bean,Haricot Vert Cornelia,haricot-vert-cornelia,Phaseolus vulgaris 'Cornelia',"The ultimate gourmet French filet bean that produces incredibly slender, tender pods prized by fine restaurants and home cooks alike. These pencil-thin beans maintain their delicate texture and refined flavor even when mature, offering the authentic French haricot vert experience in your own garden. Perfect for gardeners who appreciate culinary excellence and want to elevate their cooking with truly premium ingredients.",50-55,7-10,,3-4 inches,Full sun (6+ hours),"1-1.5 inches per week, consistent moisture essential","Rich, well-drained soil high in organic matter",6.2-7.0,Moderate,true,Warm season,Direct sow in warm soil (65°F+) after all frost danger. Plant seeds 1 inch deep for best germination.,Dark green,"4-5 inches long, very slender","Ultra-thin, straight, pencil-like pods","Delicate, sweet, and crisp with refined, subtle flavor","Gourmet preparations, light steaming, sautéing, French cuisine, elegant side dishes.",false,true,2,11,Moderate resistance to common bean mosaic and bacterial diseases,"Aphids, spider mites, bean beetles, thrips","Bacterial blight, anthracnose, white mold, bean rust",ncstate,https://plants.windrivergreens.com/bean/haricot-vert-cornelia
105,bean,Burpee's Stringless Green Pod,burpee-s-stringless-green-pod,Phaseolus vulgaris 'Burpee's Stringless Green Pod',"A beloved heirloom introduced in 1894 that revolutionized bean growing by being one of the first truly stringless varieties available to home gardeners. These productive plants produce tender, meaty pods with exceptional flavor that remains consistent throughout the harvest season. A perfect choice for gardeners seeking reliable, old-fashioned quality with the convenience of modern stringless technology.",50-55,7-12,,4-6 inches,Full sun (6+ hours),"1 inch per week, deep watering preferred","Well-drained, moderately fertile garden soil",6.0-7.5,Easy,true,Warm season,Direct sow 1-2 weeks after last frost in soil at least 60°F. Plant seeds 1.5-2 inches deep.,Light to medium green,5-6 inches long,"Straight, round, slightly plump pods","Rich, meaty texture with sweet, classic bean flavor","Fresh eating, steaming, boiling, canning, freezing. Excellent for traditional bean dishes.",true,false,2,11,Good general disease tolerance typical of adapted heirlooms,"Mexican bean beetle, aphids, cucumber beetles, spider mites","Bacterial blight, bean mosaic virus, anthracnose, rust",ncstate,https://plants.windrivergreens.com/bean/burpee-s-stringless-green-pod
106,squash,Butternut Squash,butternut-squash,Cucurbita moschata,"Butternut squash is a bell-shaped winter squash with tan, smooth skin and deep orange flesh. Reaching maturity in approximately 105 days, it develops a sweet, nutty flavor with creamy texture and subtle hints of brown butter. The thick rind makes it excellent for storage and ideal for both roasting and puréeing. This heirloom variety thrives in full sun and well-amended soil, making it accessible for gardeners of varying experience levels. Its natural sweetness and versatile culinary applications—from soups to side dishes—make it a popular choice for fall and winter cooking.",105,7-10,4-10 feet,36-48 inches between plants,Full sun (6+ hours),"1-1.5 inches per week, deep watering","Rich, well-drained soil with plenty of organic matter",6.0-6.8,Easy to Moderate,false,Warm season annual,"Direct sow after soil reaches 65°F, or start indoors 2-3 weeks before last frost. Plant seeds 1 inch deep.",Tan exterior with bright orange flesh,"9""",Bell-shaped with bulbous end and narrow neck,"Sweet, nutty, and creamy with hints of brown butter","Soups, roasting, purees, pies, pasta dishes, risotto, baby food",true,false,3,11,Good resistance to most squash diseases when grown in proper conditions,"Squash bugs, cucumber beetles, vine borers, aphids","Powdery mildew, downy mildew, bacterial wilt, squash mosaic virus",ncstate+johnnys,https://plants.windrivergreens.com/squash/butternut-squash
107,squash,Acorn Squash (Table Queen),acorn-squash-table-queen,Cucurbita pepo var. turbinata,"A compact winter squash perfect for small gardens and new gardeners, producing reliable harvests of ribbed, acorn-shaped fruits. Its mild, slightly sweet flesh and convenient single-serving size make it ideal for stuffing and roasting. This dependable variety has been a American garden staple since the early 1900s.",85-100,7-10,1-3 feet,36 inches between plants,Full sun (6+ hours),"1-1.5 inches per week, consistent moisture","Well-drained, fertile soil with good organic content",6.0-7.0,Easy,false,Warm season,"Direct sow when soil temperature reaches 65°F, or start indoors 2-4 weeks before last frost. Plant seeds 1 inch deep.","Dark green with deep ribs, some varieties have orange patches",1-2 pounds,Acorn-shaped with deep vertical ribs,"Mild, slightly sweet, and nutty with tender texture","Stuffing, roasting, baking, steaming, soups, side dishes",true,false,3,11,Moderate resistance to common squash diseases,"Squash bugs, cucumber beetles, squash vine borers","Powdery mildew, bacterial wilt, mosaic virus",ncstate,https://plants.windrivergreens.com/squash/acorn-squash-table-queen
108,squash,Delicata Squash,delicata-squash,Cucurbita pepo,"Delicata Squash is an heirloom winter squash known for its elegant, pale yellow-green oblong shape with thin, edible skin when mature. This variety reaches harvest readiness in approximately 95 days, producing small to medium-sized fruits (6-9 inches long) that develop golden-orange undertones as they ripen. The thin, tender rind distinguishes Delicata from other winter squashes and can be eaten when cooked. Its defining characteristic is its exceptionally sweet, creamy flesh with subtle corn and sweet potato notes, making it ideal for roasting, sautéing, or use in both savory and dessert applications. Despite its refined flavor profile, Delicata is surprisingly easy to grow in full sun conditions.",95,7-12,1-3 feet,24-36 inches between plants,Full sun (6+ hours),"1-1.5 inches per week, even moisture","Well-drained, fertile soil rich in organic matter",6.0-6.8,Easy to Moderate,true,Warm season annual,"Direct sow after soil reaches 65°F, or start indoors 3-4 weeks before last frost. Plant seeds 1/2 to 1 inch deep.",Cream with dark green longitudinal stripes,"24""","Oblong, cylindrical with slight taper",Sweet and creamy like sweet potato with hints of corn,"Roasting with skin on, stuffing, rings, fries, soups, salads",true,false,3,11,"Susceptible to powdery mildew, moderate disease resistance overall","Squash bugs, cucumber beetles, aphids","Powdery mildew, bacterial wilt, squash mosaic virus",ncstate+johnnys,https://plants.windrivergreens.com/squash/delicata-squash
110,squash,Spaghetti Squash,spaghetti-squash,Cucurbita pepo,"This excellent open-pollinated strain's flesh has the best noodle-like consistency in our trials. Slightly sweet, nutty flavor. Oblong in shape with ivory skin that changes to pale yellow at maturity. An excellent pasta alternative - bake or boil, fork out the flesh, and top the ""spaghetti"" with your favorite sauce. Short vines. Avg. weight: 3-5 lb.",88,7-14,1-3 feet,36-48 inches between plants,Full sun (6+ hours),"1-1.5 inches per week, deep watering preferred","Well-drained, fertile soil with good organic content",6.0-6.8,Easy to Moderate,false,Warm season annual,"Direct sow when soil temperature reaches 65°F, or start indoors 2-3 weeks before last frost. Plant seeds 1 inch deep.",Pale yellow to golden when ripe,3-5 lb.,"Oblong, football-shaped","Mild, slightly sweet, neutral flavor that takes on other flavors well","Pasta substitute, casseroles, stir-fries, with marinara sauce, in salads, as noodle replacement",true,false,3,11,Good disease resistance when grown in proper conditions,"Squash bugs, cucumber beetles, vine borers","Powdery mildew, bacterial wilt, squash mosaic virus",ncstate+johnnys,https://plants.windrivergreens.com/squash/spaghetti-squash
111,squash,Black Beauty Zucchini,black-beauty-zucchini,Cucurbita pepo 'Black Beauty',"Black Beauty Zucchini is a classic heirloom squash variety prized for its deep, glossy dark green skin and tender, flavorful flesh. Reaching maturity in 90-100 days, this variety produces elongated fruits that are best harvested when young and tender, typically 6-8 inches long. The defining characteristic of Black Beauty is its mild, slightly sweet flavor with a delicate texture that makes it ideal for cooking, grilling, or eating raw in salads. This productive plant thrives in full sun and rich, well-drained soil, making it an excellent choice for home gardeners seeking reliable, quality harvests.",90-100,7-10,2-3 feet,36-48 inches,Full sun (6+ hours),"1-2 inches per week, consistent moisture at soil level","Rich, well-drained soil with plenty of organic matter",6.0-7.5,Easy,true,Warm season annual,"Direct sow after soil reaches 65°F and all danger of frost has passed, or start indoors 2-3 weeks before transplanting.",Dark glossy green,"1 1/2-2 1/2""",Cylindrical with slight tapering,"Mild, slightly sweet with tender texture when young","Baking (zucchini bread, muffins), sautéing, grilling, stuffing, spiralizing into noodles, fresh in salads when small",true,false,4,11,Moderate resistance to common squash diseases,"Squash bugs, cucumber beetles, squash vine borers, aphids","Powdery mildew, downy mildew, bacterial wilt, squash mosaic virus",ncstate+johnnys,https://plants.windrivergreens.com/squash/black-beauty-zucchini
112,squash,Hubbard Blue Squash,hubbard-blue-squash,Cucurbita maxima 'Blue Hubbard',"A massive heirloom winter squash that can reach 40+ pounds, prized for its incredible storage life and sweet, fine-textured orange flesh. This impressive variety with its distinctive blue-gray bumpy skin has been a homestead favorite since the 1890s, providing months of nutritious meals from a single harvest. The ultimate storage squash that gets sweeter with time and can last 6-8 months when properly cured.",100-120,7-14,,72-96 inches (vines spread 10-15 feet),Full sun (6+ hours),"1-2 inches per week, reduce watering as fruits mature","Rich, well-drained soil with high organic matter content",6.0-7.0,Moderate,false,Warm season,"Direct sow after soil reaches 65°F, or start indoors 2-3 weeks before last frost. Needs long growing season.",Blue-gray exterior with bright orange interior flesh,15-40+ pounds,"Large, round to teardrop-shaped with bumpy, warted skin","Sweet, nutty, and rich with fine, smooth texture","Roasting, baking, soups, pies, purees. Excellent for long-term storage and winter cooking.",true,false,3,11,Good natural resistance to storage rots when properly cured,"Squash bugs, cucumber beetles, squash vine borers","Powdery mildew, bacterial wilt, black rot in storage",ncstate,https://plants.windrivergreens.com/squash/hubbard-blue-squash
113,squash,Pattypan Squash (Sunburst),pattypan-squash-sunburst,Cucurbita pepo var. clypeata 'Sunburst',"A cheerful hybrid summer squash that looks like little flying saucers in bright yellow with distinctive scalloped edges that make every harvest feel festive. This compact, productive variety is perfect for small gardens and containers, producing tender, buttery-flavored fruits that are as beautiful as they are delicious. The unique UFO shape and vibrant color make it a favorite for farmers markets and gourmet cooking.",50-60,7-10,1-3 feet,36 inches,Full sun (6+ hours),"1-2 inches per week, consistent moisture","Well-drained, fertile soil with organic matter",6.0-7.5,Easy,true,Warm season,Direct sow after soil reaches 65°F and danger of frost has passed. Can start indoors 2-3 weeks early.,Bright golden yellow with light green blossom end,3-4 inches across when harvested young,"Flat, round disc with scalloped edges (pattypan/UFO shape)","Mild, sweet, and buttery with tender texture","Stuffing, grilling, steaming, sautéing, raw in salads when very small, decorative garnish",false,true,3,11,Good resistance to powdery mildew and some viruses,"Squash bugs, cucumber beetles, aphids","Bacterial wilt, squash mosaic virus, downy mildew",ncstate,https://plants.windrivergreens.com/squash/pattypan-squash-sunburst
114,squash,Honeynut Squash,honeynut-squash,Cucurbita moschata,"This distinctive dark tan butternut has a loyal following among customers, who often ask for it by name. Honeynut is later-maturing, so plant early to achieve best tan coloration. If stored green, fruits will eventually ripen to tan in storage. Developed by the Vegetable Breeding Institute at Cornell University. Avg. weight: 1-2 lb.",110,7-14,4-10 feet,48-60 inches (vines spread 6-8 feet),Full sun (6+ hours),"1-2 inches per week, reduce as fruits mature","Well-drained, fertile soil with good organic content",6.0-7.0,Moderate,false,Warm season annual,"Direct sow after soil reaches 65°F, or start indoors 2-3 weeks before transplanting. Needs warm, long growing season.",Tan exterior with bright orange interior flesh,1-2 lb.,Miniature butternut shape - bulbous bottom with narrow neck,"Intensely sweet and nutty, concentrated butternut flavor","Roasting whole, soups, purees, side dishes. Perfect individual portion size for elegant presentations.",true,false,3,11,Good resistance to powdery mildew and vine borers,"Squash bugs, cucumber beetles, squash vine borers","Bacterial wilt, downy mildew, black rot",ncstate+johnnys,https://plants.windrivergreens.com/squash/honeynut-squash
117,squash,Table King Bush Acorn Squash,table-king-bush-acorn-squash,Cucurbita pepo 'Table King Bush',"A space-saving bush variety that delivers all the classic acorn squash flavor without the sprawling vines. This compact plant produces perfectly proportioned, single-serving acorn squashes with deep ridges and sweet, orange flesh that becomes incredibly tender when roasted. Its bush habit makes it perfect for smaller gardens while still providing excellent yields.",85-95,7-14,1-3 feet,4-5 feet,Full sun (6+ hours),"1-2 inches per week, reduce near harvest","Well-drained, fertile soil with good organic content",6.0-7.0,Moderate,true,Warm season,Direct sow after last frost when soil is 65°F or warmer. Can start indoors 3-4 weeks before last frost.,Dark green with deep orange flesh,"1-2 pounds, 5-6 inches across",Classic acorn shape with deep vertical ridges,"Sweet, nutty, and smooth with hints of butter and honey","Roasting, stuffing, soups, purees, baking, and as a bowl for other ingredients",false,true,3,11,Good resistance to powdery mildew,"Squash bugs, cucumber beetles, vine borers","Powdery mildew, bacterial wilt, downy mildew",ncstate,https://plants.windrivergreens.com/squash/table-king-bush-acorn-squash
118,squash,Cocozelle Italian Heirloom Zucchini,cocozelle-italian-heirloom-zucchini,Cucurbita pepo 'Cocozelle',"An Italian heirloom dating back to the 1890s, this distinctive zucchini stands out with its beautiful striped pattern and superior flavor that puts modern varieties to shame. The dark green fruits with light green stripes have incredibly tender skin when young and dense, flavorful flesh that holds up beautifully in cooking. This variety embodies the authentic taste of traditional Italian cooking.",55-65,7-10,1-3 feet,36-48 inches,Full sun (6+ hours),"1-1.5 inches per week, consistent moisture","Rich, well-drained soil with plenty of compost",6.0-7.0,Easy,true,Warm season,Direct sow after last frost when soil reaches 65°F. Can start indoors 2-3 weeks before transplanting.,Dark green with light green to cream colored stripes,"6-8 inches long, 2-3 inches diameter","Cylindrical with slight ribbing, classic zucchini form","Rich, nutty, and sweet with firm, dense texture","Italian dishes, grilling, sautéing, stuffing, ratatouille, bread, and frittatas",true,false,3,11,Moderate resistance typical of heirloom varieties,"Squash bugs, cucumber beetles, aphids, vine borers","Powdery mildew, downy mildew, bacterial wilt",ncstate,https://plants.windrivergreens.com/squash/cocozelle-italian-heirloom-zucchini
119,squash,Burgess Buttercup Squash,burgess-buttercup-squash,Cucurbita maxima 'Burgess Buttercup',"A premium winter squash variety prized by gardeners for its exceptional sweet, nutty flavor and vibrant orange flesh that rivals the best sweet potatoes. This reliable heirloom produces dark green, turban-shaped fruits with distinctive gray ""caps"" that store beautifully through winter months. The dense, dry flesh and outstanding flavor make it the gold standard for pies, soups, and gourmet cooking.",100-110,7-14,,6-8 feet,Full sun (6+ hours),"1-2 inches per week, reduce before harvest","Rich, well-drained soil with high organic matter",6.0-6.8,Moderate,false,Warm season,Direct sow after last frost when soil is consistently 65°F. Can start indoors 3-4 weeks before last frost.,"Gray-green skin with dark green stripes, bright orange flesh","3-5 pounds, 6-8 inches across",Turban-shaped with button on blossom end,"Extremely sweet, creamy, and rich with nutty undertones","Roasting, purees, pies, soups, side dishes, and anywhere sweet potato might be used",true,false,3,11,Good general disease resistance,"Squash bugs, cucumber beetles, vine borers","Powdery mildew, downy mildew, bacterial wilt",ncstate,https://plants.windrivergreens.com/squash/burgess-buttercup-squash
120,squash,Waltham Butternut Squash,waltham-butternut-squash,Cucurbita moschata,"Waltham Butternut Squash is a classic heirloom winter squash prized for its distinctive bell-shaped form with a long, slender neck and tan-colored skin. Reaching maturity in approximately 105 days, this variety produces medium-sized fruits (2-3 lbs) ideal for cooking. Known for its exceptionally smooth, dense flesh, Waltham Butternut delivers a rich, complex flavor profile combining sweet, nutty notes with butterscotch undertones. The flesh is fine-grained and creamy when cooked, making it excellent for soups, roasting, and purees. A reliable, vigorous grower that stores well through winter.",105,7-14,4-10 feet,6-8 feet,Full sun (6+ hours),"1-2 inches per week, consistent until fruit set","Well-drained, fertile soil rich in organic matter",6.0-6.8,Moderate,false,Warm season annual,Direct sow after last frost when soil reaches 65°F. Start indoors 3-4 weeks before last frost in northern areas.,Tan-beige skin with bright orange flesh,"9""",Bell-shaped with thick neck and bulbous end,"Sweet, nutty, and smooth with rich butterscotch notes","Roasting, soups, purees, pies, risottos, and as a potato substitute",true,false,3,11,Improved resistance to downy mildew and bacterial wilt,"Squash bugs, cucumber beetles, vine borers","Powdery mildew, bacterial wilt, mosaic virus",ncstate+johnnys,https://plants.windrivergreens.com/squash/waltham-butternut-squash
121,squash,Sugar Pie Pumpkin,sugar-pie-pumpkin,Cucurbita pepo 'Sugar Pie',"The gold standard for homemade pumpkin pie and fall baking. These compact, sweet pumpkins produce thick, smooth flesh that's naturally creamy without being watery. Perfect size for small families and much more flavorful than store-bought canned pumpkin.",100-110,7-10,1-3 feet,36-48 inches,Full sun (6+ hours),"1 inch per week, deep watering at soil level","Rich, well-drained soil with compost",6.0-7.0,Easy,false,Warm season,Direct sow after last frost when soil is 65°F+. Plant seeds 1 inch deep in hills.,Deep orange,"6-8 inches diameter, 3-7 lbs","Round, slightly flattened with deep ribs","Sweet, smooth, rich and creamy with classic pumpkin flavor","Pies, breads, soups, roasting, purees, baking",true,false,3,11,Good general disease tolerance,"Squash bugs, cucumber beetles, vine borers","Powdery mildew, bacterial wilt, downy mildew",ncstate,https://plants.windrivergreens.com/squash/sugar-pie-pumpkin
122,squash,Kabocha Winter Squash,kabocha-winter-squash,Cucurbita maxima 'Kabocha',"Often called Japanese pumpkin, this incredibly sweet winter squash has a texture like sweet potato and chestnut combined. The dense, bright orange flesh is naturally creamy and requires no butter or seasoning to be absolutely delicious. A favorite among chefs and health-conscious gardeners.",95-105,7-14,,48-72 inches,Full sun (6+ hours),"1-1.5 inches per week, consistent moisture","Rich, well-drained soil with organic matter",6.0-6.8,Moderate,false,Warm season,Direct sow 2-3 weeks after last frost when soil is warm. Start indoors 3-4 weeks before transplanting.,Dark green skin with orange flesh,"2-3 lbs, 5-8 inches diameter","Round, squat, turban-like with deep ridges","Extremely sweet, nutty, creamy like sweet potato with chestnut notes","Roasting, tempura, curries, soups, desserts, purees",true,false,3,11,Good resistance to common squash diseases,"Squash vine borer, cucumber beetles, squash bugs","Powdery mildew, bacterial wilt, black rot",ncstate,https://plants.windrivergreens.com/squash/kabocha-winter-squash
123,squash,Yellow Straightneck Zucchini,yellow-straightneck-zucchini,Cucurbita pepo 'Yellow Straightneck',"A prolific summer squash that produces straight, bright yellow fruits perfect for beginners and experienced gardeners alike. Unlike crookneck varieties, these stay straight making them easier to slice and store. The tender skin and mild flesh make them incredibly versatile in the kitchen.",48-55,7-10,1-3 feet,36-48 inches,Full sun (6+ hours),"1-2 inches per week, consistent moisture","Well-drained, fertile soil with compost",6.0-7.5,Easy,true,Warm season,Direct sow after last frost when soil is 60°F+. Plant seeds 1 inch deep.,Bright golden yellow,6-8 inches long when harvested young,Straight cylindrical with slight taper,"Mild, tender, slightly nutty when young","Grilling, sautéing, baking, bread, fritters, stir-fries",false,true,3,11,Moderate resistance to common viruses,"Squash bugs, cucumber beetles, aphids","Powdery mildew, bacterial wilt, mosaic virus",ncstate,https://plants.windrivergreens.com/squash/yellow-straightneck-zucchini
124,squash,Carnival Acorn Squash,carnival-acorn-squash,Cucurbita pepo 'Carnival',"A stunning hybrid that looks like a painter's masterpiece with cream-colored base decorated with green and orange stripes and splashes. Beyond its incredible beauty, it offers sweet, nutty flesh that's perfect for stuffing and the compact size is ideal for small families. This variety turns heads at farmers markets and dinner tables alike.",100-110,7-10,1-3 feet,36-48 inches,Full sun (6+ hours),"1 inch per week, deep watering","Well-drained, fertile soil with organic matter",6.0-7.0,Easy to Moderate,false,Warm season,Direct sow 2 weeks after last frost. Plant seeds 1 inch deep in hills.,Cream base with green and orange stripes and splashes,"1-2 lbs, 4-6 inches long",Acorn-shaped with deep ridges,"Sweet, nutty, slightly buttery with smooth texture","Stuffing, roasting, baking, soups, side dishes",false,true,3,11,Good powdery mildew resistance,"Squash vine borer, cucumber beetles, squash bugs","Bacterial wilt, black rot, downy mildew",ncstate,https://plants.windrivergreens.com/squash/carnival-acorn-squash
127,root-vegetable,Chantenay Red Core Carrot,chantenay-red-core-carrot,Daucus carota 'Chantenay Red Core',"A robust French heirloom carrot perfect for heavy or shallow soils where longer varieties struggle. These broad-shouldered, conical carrots develop exceptional sweetness and a distinctive deep orange color throughout, making them ideal for fresh eating and storage. Their sturdy 5-6 inch length and excellent keeping quality have made them a favorite since the 1920s.",65-75,14-21,,2-3 inches,Full sun to partial shade (4-6+ hours),"1 inch per week, deep consistent watering","Deep, loose, sandy loam free of stones and clods",6.0-6.8,Moderate,true,Cool season,"Direct sow seeds 1/4 inch deep in early spring, 2-3 weeks before last frost. Thin seedlings when 2 inches tall.",Deep orange throughout with bright orange core,"5-6 inches long, 2-3 inches wide at shoulder","Broad-shouldered, conical, tapered","Sweet, crisp, and tender with rich carrot flavor","Fresh eating, roasting, soups, stews, juicing, excellent for storage",true,false,4,11,Good tolerance to splitting and cracking,"Carrot rust fly, wireworms, aphids","Alternaria leaf blight, bacterial soft rot, aster yellows",ncstate,https://plants.windrivergreens.com/root-vegetable/chantenay-red-core-carrot
128,root-vegetable,Watermelon Radish,watermelon-radish,Lathyrus odoratus,"Watermelon Radish is a visually striking heirloom root vegetable with a pale green exterior and distinctive pink-red flesh with white striations, resembling watermelon. Maturing in 90 days, this Japanese variety produces crisp, tender roots ideal for both fresh eating and cooking. The flesh offers a mild, sweet flavor with a subtle peppery finish and pleasant crispness that adds visual appeal and refreshing crunch to salads, slaws, and garnishes. This easy-to-grow variety thrives in deep, well-drained loam with full sun exposure.",90,4-7,3-8 feet,4-6 inches,Full sun (6+ hours),"1 inch per week, consistent moisture","Deep, loose, well-drained loam",6.0-7.0,Easy,true,Warm season annual,"Direct sow seeds 1/2 inch deep in late summer for fall harvest, 10-12 weeks before hard frost. Can also plant in early spring.",White and pale green exterior with bright magenta interior,"2""","Round to slightly oval, turnip-shaped","Mild, sweet, and crisp with subtle peppery finish","Fresh slicing for salads, pickling, roasting, garnishes, adds stunning color to dishes",true,false,2,11,Good cold tolerance and slow to bolt,"Flea beetles, cabbage root maggots, aphids","Clubroot, black rot, white rust",ncstate+johnnys,https://plants.windrivergreens.com/root-vegetable/watermelon-radish
129,root-vegetable,Hakurei Turnip,hakurei-turnip,Brassica rapa,"The smooth, flat-round, white roots mature early (just after radishes) and are best harvested young, up to 2"" diameter. Eaten raw, the flavor is sweet and fruity and the texture is juicy and tender. The tops may be eaten raw or lightly cooked. Hakurei stays smooth as it sizes.",38,4-8,3 feet,3-4 inches,Full sun to partial shade (4-8 hours),High — consistent moisture needed,"Well-drained, fertile loam with good organic matter",6.0-7.5,Easy,true,Warm season annual,Direct sow seeds 1/4 inch deep in early spring or late summer. Succession plant every 2-3 weeks for continuous harvest.,Pure white roots with bright green tops,"2""","Perfect globe, smooth and round","Sweet, crisp, and mild with apple-like texture, no bitterness","Excellent raw in salads, quick sautéing, roasting, pickling. Greens perfect for stir-fries and salads.",false,true,5,11,Good bolt resistance and heat tolerance for a turnip,"Flea beetles, cabbage root maggots, aphids","Clubroot, black rot, white rust",usda+johnnys,https://plants.windrivergreens.com/root-vegetable/hakurei-turnip
131,root-vegetable,Scarlet Nantes Carrot,scarlet-nantes-carrot,Daucus carota 'Scarlet Nantes',"A classic French heirloom carrot prized for its sweet flavor and crisp texture. These cylindrical orange roots grow 6-7 inches long with smooth skin and virtually no core, making them perfect for fresh eating and cooking. Their exceptional sweetness and tender flesh have made them the gold standard for home garden carrots worldwide.",65-75,10-17,,2-3 inches,Full sun to partial shade (4-6+ hours),"1 inch per week, consistent moisture for straight roots","Deep, loose, sandy loam free of rocks and debris",6.0-6.8,Easy,true,Cool season,Direct sow 2-3 weeks before last frost. Sow seeds ¼ inch deep in rows 12 inches apart. Thin seedlings when 2 inches tall.,Bright orange,"6-7 inches long, 1 inch diameter","Cylindrical, blunt-ended with smooth shoulders","Sweet, crisp, and tender with classic carrot flavor","Fresh eating, salads, roasting, soups, stews, juicing, baby food",true,false,4,11,"Good general disease resistance, moderate carrot fly tolerance","Carrot fly, wireworms, flea beetles, aphids","Leaf blight, black rot, cavity spot, carrot rust fly damage",ncstate,https://plants.windrivergreens.com/root-vegetable/scarlet-nantes-carrot
132,root-vegetable,Red Ace Beet,red-ace-beet,Beta vulgaris,"A reliable and adaptable standard red beet. Medium-tall, red-veined greens for bunching. Less uniform and not as attractive as our other red hybrids. Also available with NOP-compliant pelleting.",50,7-14,12-14 inches,3-4 inches,Full sun to partial shade (4-6 hours minimum),"1 inch per week, consistent moisture prevents woody texture","Well-drained loam with organic matter, tolerates heavier soils",6.0-7.5,Easy,true,Warm season annual,"Direct sow 2-4 weeks before last frost through early summer. Plant seeds ½ inch deep, thin to proper spacing when 3 inches tall.",Deep red with minimal white rings,2-3 inches diameter,Perfectly round globe shape,"Sweet and earthy with mild, tender flesh","Roasting, boiling, pickling, salads, juicing. Young greens excellent in salads and sautéed.",false,true,2,10,"Excellent downy mildew resistance, good cercospora leaf spot tolerance","Leaf miners, flea beetles, aphids, wireworms","Cercospora leaf spot, downy mildew, damping-off",johnnys,https://plants.windrivergreens.com/root-vegetable/red-ace-beet
133,root-vegetable,French Breakfast Radish,french-breakfast-radish,Raphanus sativus,"A well-maintained strain of this market staple. Longer than Nelson, with more white on the tip. Large healthy tops. After trying many strains we found this to be the best. NOTE: For longer, straighter roots, sow 15-20% more seeds per row 1/2 to 1 cm deeper, and do not irrigate unless absolutely necessary.",21,4-7,0-3 feet,1-2 inches,Full sun to partial shade (4+ hours),"½ inch per week, consistent moisture prevents splitting","Light, well-drained sandy loam, loose soil for best shape",6.0-7.0,Very Easy,true,Warm season annual,Direct sow 4-6 weeks before last frost through fall. Plant ½ inch deep in rows 6 inches apart. Succession plant every 2 weeks.,Red top with white bottom and tip,1 cm,Oblong torpedo shape with blunt end,"Mild, crisp, and slightly peppery with sweet undertones","Fresh eating, salads, garnish, sandwiches, crudité platters, quick pickling",true,false,2,11,Generally disease-free due to rapid growth cycle,"Flea beetles, cabbage root maggot, aphids","Club root, black rot, white rust (rare due to quick maturity)",johnnys,https://plants.windrivergreens.com/root-vegetable/french-breakfast-radish
134,root-vegetable,Purple Top White Globe Turnip,purple-top-white-globe-turnip,Brassica rapa,"Selected strain of this popular Southern US variety. Smooth, round roots average 3-4"" in diameter and are white below the soil line and bright purple above. Large lobed greens are suitable for cooking.",50,7-14,3 feet,4-6 inches,Full sun to partial shade (4+ hours),High — consistent moisture needed,"Well-drained loam, tolerates various soil types",6.0-7.5,Easy,true,Warm season annual,"Direct sow in early spring or late summer for fall harvest. Plant seeds ½ inch deep, thin seedlings when 3 inches tall.",White with purple-pink shoulders,"3-4""",Round globe with slight flattening,"Mild and sweet when young, becoming more peppery with size","Roasting, mashing, soups, stews, pickling. Young greens excellent cooked or in salads.",true,false,5,9,"Good general resistance, tolerates clubroot better than related crops","Flea beetles, cabbage root maggot, aphids, cutworms","Clubroot, black rot, white rust, downy mildew",usda+johnnys,https://plants.windrivergreens.com/root-vegetable/purple-top-white-globe-turnip
135,root-vegetable,Chioggia Beet,chioggia-beet,Beta vulgaris,"Chioggia Beet is an Italian heirloom variety prized for its striking candy-striped interior of alternating red and white rings, revealed only when sliced. Maturing in approximately 55 days, these medium-sized round roots offer a distinctly sweeter, milder flavor profile with considerably less earthiness than standard beet varieties, making them excellent for both raw preparations and cooking. The vibrant, visually dramatic presentation makes Chioggia particularly popular in upscale culinary applications and farmers' markets. Plants thrive in full sun to partial shade with well-drained, organic-rich soil.",55,7-14,10-12 inches,3-4 inches,Full sun to partial shade (4-6 hours minimum),"1 inch per week, even moisture prevents white ring loss","Well-drained loam with organic matter, avoid fresh manure",6.0-7.5,Easy to Moderate,true,Warm season annual,Direct sow 2-4 weeks before last frost. Plant seeds ½ inch deep in rows 12 inches apart. Thin when seedlings are 3 inches tall.,Red and white concentric rings (candy cane striped),2-3 inches diameter,Round to slightly flattened globe,Sweet and mild with less earthy flavor than regular beets,"Best served raw or lightly cooked to preserve pattern. Excellent in salads, light roasting, pickling, garnish.",true,false,2,10,"Moderate disease resistance, similar to other beet varieties","Leaf miners, flea beetles, aphids, wireworms","Cercospora leaf spot, downy mildew, scab, damping-off",johnnys,https://plants.windrivergreens.com/root-vegetable/chioggia-beet
136,root-vegetable,Paris Market Carrot,paris-market-carrot,Daucus carota 'Paris Market',"A charming French heirloom perfect for containers and heavy soils where longer carrots struggle. These golf ball-sized roots are incredibly sweet and tender, making them ideal for gourmet cooking and an excellent choice for children's gardens due to their unique round shape.",50-60,14-21,,2-3 inches,Full sun to partial shade (4-6+ hours),"1 inch per week, consistent moisture","Well-drained sandy loam, tolerates heavier soils better than long varieties",6.0-7.0,Easy,true,Cool season,Direct sow in early spring 2-3 weeks before last frost. Successive plantings every 2-3 weeks for continuous harvest.,Bright orange,"1-2 inches diameter, 2-3 inches long","Round to oval, golf ball-shaped","Sweet, crisp, and tender with classic carrot flavor","Gourmet cooking, roasting whole, pickling, fresh eating, baby food",true,false,4,11,Good resistance to splitting and cracking,"Carrot fly, aphids, wireworms","Leaf blight, black rot, cavity spot",ncstate,https://plants.windrivergreens.com/root-vegetable/paris-market-carrot
137,root-vegetable,Purple Daikon Radish,purple-daikon-radish,Raphanus sativus 'Purple Daikon',"A stunning Asian variety that combines the mild, sweet flavor of traditional daikon with eye-catching purple and white coloring. These large radishes are perfect for both raw applications and cooking, offering gardeners something truly unique for their fall harvest.",55-65,4-7,0-3 feet,4-6 inches,Full sun to partial shade,"1-1.5 inches per week, consistent moisture","Deep, loose, well-drained soil with good organic matter",6.0-7.0,Easy,false,Cool season,"Direct sow in late summer for fall harvest, 10-12 weeks before first frost. Spring sowings bolt quickly in heat.",Purple skin with white flesh,"8-12 inches long, 2-3 inches diameter","Long, cylindrical tapered root","Mild, sweet, less peppery than small radishes with crisp texture","Pickling, stir-fries, soups, fresh slicing, fermentation, Asian dishes",true,false,2,11,Good cold tolerance and disease resistance,"Flea beetles, cabbage root maggot, aphids","Clubroot, black rot, downy mildew",ncstate,https://plants.windrivergreens.com/root-vegetable/purple-daikon-radish
139,root-vegetable,Nelson Carrot,nelson-carrot,Raphanus sativus,"Straight candy-red roots resist pithiness better than other long French types. Compared to French Breakfast, roots are shorter, wider, and show less white on the tips. Responds better to tight spacing. Improved top strength. NOTE: For longer, straighter roots, sow 15-20% more seeds per row 1/2 to 1 cm deeper, and do not irrigate unless absolutely necessary.",21,10-17,0-3 feet,2-3 inches,Full sun to partial shade (4-6+ hours),"1 inch per week, consistent moisture","Deep, loose, well-drained sandy loam",6.0-6.8,Easy to moderate,true,Warm season annual,Direct sow 2-3 weeks before last frost. Make successive plantings every 2-3 weeks through summer for continuous harvest.,Deep orange throughout,1 cm,Cylindrical Nantes-type with blunt tip,Exceptionally sweet and crisp with fine texture and minimal core,"Fresh eating, juicing, cooking, storage, baby food, gourmet preparations",true,false,2,11,Good resistance to leaf blight and cavity spot,"Carrot fly, aphids, wireworms","Alternaria leaf blight, bacterial soft rot",johnnys,https://plants.windrivergreens.com/root-vegetable/nelson-carrot
140,root-vegetable,Golden Beet,golden-beet,Zinnia elegans,"Golden Beet is a vibrant heirloom root vegetable with brilliant yellow-gold skin and pale yellow flesh. Maturing in 75-90 days, it's prized for its distinctly sweet and mild flavor—far less earthy than red beets—with a tender, delicate texture. The golden hue alone sets it apart visually in the garden and kitchen. Golden Beets excel in fresh applications where their subtle sweetness shines: roasted as a side, thinly shaved into salads, or pickled. They're an excellent choice for gardeners seeking an easier-to-grow beet with broader culinary appeal and elegant presentation.",75-90,7-14,0-3 feet,3-4 inches,Full sun (6+ hours),"1 inch per week, consistent moisture",Well-drained loam with organic matter,6.0-7.5,Easy,true,Warm season annual,"Direct sow 2-4 weeks before last frost in spring, or late summer for fall harvest. Soak seeds overnight for better germination.",Bright golden yellow with green leaves,"6""",Round to slightly oval globe,"Sweet and mild, less earthy than red beets with tender texture","Roasting, salads, pickling, juicing, gourmet dishes, colorful vegetable medleys",true,false,2,11,Good general disease resistance,"Leaf miners, aphids, flea beetles","Cercospora leaf spot, downy mildew, root rot",ncstate+johnnys,https://plants.windrivergreens.com/root-vegetable/golden-beet
141,root-vegetable,Danvers Half Long Carrot,danvers-half-long-carrot,Daucus carota 'Danvers Half Long',"A classic American heirloom carrot that has been a garden favorite since the 1870s. This reliable variety produces deep orange, broad-shouldered roots that taper to a blunt point, making them perfect for heavy or clay soils where longer carrots struggle. Known for exceptional sweetness and crisp texture that improves with cool weather.",65-75,14-21,,2-3 inches,Full sun to partial shade (4-6+ hours),"1 inch per week, consistent moisture","Well-drained, loose soil; tolerates heavier soils better than long varieties",6.0-6.8,Easy,true,Cool season,Direct sow 2-3 weeks before last frost. Sow seeds ¼ inch deep in rows 12-18 inches apart. Successive plantings every 2-3 weeks.,Deep orange,"6-7 inches long, 2 inches wide","Broad-shouldered, tapering to blunt point","Sweet, crisp, and tender with classic carrot flavor","Fresh eating, cooking, roasting, juicing, storage. Excellent for soups and stews.",true,false,4,11,Good resistance to cracking and splitting,"Carrot rust fly, aphids, wireworms","Alternaria leaf blight, bacterial soft rot, cavity spot",ncstate,https://plants.windrivergreens.com/root-vegetable/danvers-half-long-carrot
142,root-vegetable,Purple Plum Radish,purple-plum-radish,Raphanus sativus 'Purple Plum',"An eye-catching round radish with stunning deep purple skin and crisp white flesh that adds vibrant color to any garden or plate. This fast-growing variety maintains its mild, sweet flavor even as it reaches full size, making it perfect for gardeners who want beauty and taste. The golf ball-sized roots are as decorative as they are delicious.",25-30,4-7,0-3 feet,1-2 inches,Full sun to partial shade (4-8 hours),"½-1 inch per week, consistent moisture","Well-drained, loose soil with good organic matter",6.0-7.0,Easy,true,Cool season,"Direct sow 2-4 weeks before last frost and again in late summer. Plant seeds ½ inch deep, thin to proper spacing.",Deep purple skin with bright white flesh,1-1.5 inches diameter,"Round, globe-shaped","Mild, sweet, and crisp with less bite than traditional radishes","Fresh eating, salads, garnish, pickling. Beautiful when sliced to show purple and white contrast.",false,true,2,11,Good resistance to clubroot and downy mildew,"Flea beetles, aphids, cabbage root maggots","Clubroot, black rot, downy mildew",ncstate,https://plants.windrivergreens.com/root-vegetable/purple-plum-radish
143,root-vegetable,Bolero Carrot,bolero-carrot,Daucus carota var. sativus,"Medium-long 7-8"" roots are uniform, thick, slightly tapered, and blunt. Excellent eating quality both fresh and after long-term storage, with juicy texture and sweet, complex flavor. A great choice for fall and winter harvest. Tops are vigorous, fast, and healthy which makes for better field-holding ability and easier mechanical harvesting. Heavy Nantes type. Also available with NOP-compliant pelleting.",75,10-17,,2-3 inches,Full sun to partial shade (4-6+ hours),"1 inch per week, consistent moisture","Deep, well-drained, loose soil with good organic content",6.0-6.8,Easy to Moderate,true,Warm season annual,Direct sow 2-3 weeks before last frost. Plant ¼ inch deep in rows 12 inches apart. Make successive plantings every 2-3 weeks.,Bright orange throughout,"7-8""","Cylindrical, blunt-tipped, Nantes type",Exceptionally sweet and crunchy with smooth texture,"Premium fresh eating, juicing, cooking, baby carrots when harvested young",false,true,4,11,Alternaria Blight (High); Bacterial Blight (Intermediate); Cavity Spot (Intermediate); Cercospora Blight (Intermediate); Powdery Mildew (High),"Carrot rust fly, aphids, wireworms","Generally disease resistant, occasional bacterial soft rot",ncstate+johnnys,https://plants.windrivergreens.com/root-vegetable/bolero-carrot
144,root-vegetable,Early Wonder Tall Top Beet,early-wonder-tall-top-beet,Beta vulgaris,"Early Wonder is harvested in bunches with large, vigorous tops attached to the young beets. Tall, bright, glossy green, red-veined tops and slightly flattened red roots. Excellent foliar disease resistance for reliably clean bunches.",48-55,7-14,12-18 inches,3-4 inches,Full sun to partial shade (4-8 hours),"1 inch per week, consistent moisture","Well-drained, fertile soil with good organic matter",6.0-7.5,Easy,true,Warm season annual,"Direct sow 2-4 weeks before last frost. Plant seeds ½ inch deep, thin seedlings to proper spacing. Fall plantings 10-12 weeks before hard frost.",Deep red roots with bright green tops tinged red,2-3 inches diameter,"Flattened globe, slightly top-shaped","Sweet, earthy roots with tender, mild-flavored greens","Roots for roasting, boiling, pickling. Greens excellent for salads and sautéing. Both can be harvested young.",true,false,2,10,Good tolerance to leaf spot diseases,"Leaf miners, aphids, flea beetles","Cercospora leaf spot, downy mildew, damping off",johnnys,https://plants.windrivergreens.com/root-vegetable/early-wonder-tall-top-beet
145,root-vegetable,Tokyo Cross Turnip,tokyo-cross-turnip,Brassica rapa 'Tokyo Cross',"An award-winning Japanese hybrid turnip that revolutionized home turnip growing with its incredible speed and sweet, mild flavor. This All-America Selections winner produces perfectly white, smooth roots in just over a month, with crisp texture that never gets woody or strong-tasting. The compact size and quick maturity make it perfect for succession planting and small gardens.",35-40,4-8,3 feet,3-4 inches,Full sun to partial shade (4-8 hours),High — consistent moisture needed,"Well-drained, fertile soil with good organic matter",6.0-7.0,Easy,true,"Spring, Summer, Fall","Direct sow 2-4 weeks before last frost and again in late summer. Plant seeds ¼ inch deep, thin to proper spacing when 2 inches tall.",Pure white roots with bright green tops,2-3 inches diameter,"Flattened globe, uniform and smooth","Sweet, mild, and crisp with no bitter aftertaste","Excellent raw in salads, quick cooking, stir-fries, roasting. Greens are tender and edible.",false,true,5,9,Good resistance to clubroot and turnip mosaic virus,"Flea beetles, aphids, cabbage root maggots","Clubroot, black rot, white rust",usda,https://plants.windrivergreens.com/root-vegetable/tokyo-cross-turnip
148,brassica,Lacinato Kale,lacinato-kale,Brassica oleracea var. acephala 'Lacinato',"Also known as 'Dinosaur Kale' or 'Tuscan Kale', this Italian heirloom features distinctive dark blue-green leaves with a pebbled texture resembling reptilian skin. The narrow, strap-like leaves have a sweeter, more tender flavor than curly kale and become incredibly sweet after frost exposure. An absolute must-have for the health-conscious gardener seeking both nutrition and gourmet flavor.",60-90,5-10,10-24 inches,12-18 inches,Full sun to partial shade (4-6+ hours),"1 inch per week, drought tolerant once established","Well-drained soil, tolerates poor soils",6.0-7.5,Easy,true,"Cool season, extremely cold hardy","Direct sow 2-3 weeks before last frost for spring crop, or late summer for fall/winter harvest. Succession plant every 2-3 weeks.",Dark blue-green to black-green,Individual leaves 10-18 inches long,"Long, narrow strap-like leaves with pebbled texture","Sweet, mild, and tender with less bitterness than curly kale","Salads, smoothies, sautéing, soups, chips, massaged raw preparations. Excellent for juicing.",true,false,6,9,"Excellent cold tolerance, good disease resistance overall","Cabbage worms, aphids, flea beetles, leaf miners","Clubroot, downy mildew, alternaria leaf spot",ncstate,https://plants.windrivergreens.com/brassica/lacinato-kale
149,brassica,Golden Acre Cabbage,golden-acre-cabbage,Brassica oleracea var. capitata 'Golden Acre',"A compact, early-maturing cabbage that's perfect for small gardens and beginning gardeners seeking reliable results. This variety produces perfectly round, solid heads with sweet, crisp leaves and has the advantage of maturing quickly without taking up excessive garden space. An excellent choice for succession planting and container growing.",65-75,5-10,10-24 inches,12-15 inches,Full sun to partial shade (4-6+ hours),"1-1.5 inches per week, consistent moisture","Rich, well-drained soil with good organic matter",6.0-7.0,Easy,true,Cool season,"Start indoors 6-8 weeks before last frost, or direct sow in early spring. For fall crop, start in mid-summer.",Light to medium green,"3-5 lbs, 6-7 inches diameter","Perfectly round, compact, solid heads","Sweet, crisp, and mild with tender leaves","Fresh slaws, steaming, stir-fries, stuffed cabbage, soups. Excellent for fresh eating.",true,false,6,9,"Good splitting resistance, moderate disease tolerance","Cabbage worms, aphids, flea beetles, root maggots","Clubroot, black rot, downy mildew, fusarium yellows",ncstate,https://plants.windrivergreens.com/brassica/golden-acre-cabbage
150,brassica,De Cicco Broccoli,de-cicco-broccoli,Brassica oleracea var. italica,"A traditional Italian heirloom variety producing small, avg. 3-4"", main heads projected well above the foliage followed by a large yield of side-shoot spears. Nonuniform in maturity, resulting in a long harvest period. Grow as later succession to BC1611. Longer harvest period than other sprouting broccoli varieties, with more variation in shoot size. For spring or fall production. Pinching recommended to encourage heavier side-shoot production. Unsized seed.",45,5-10,10-24 inches,12-18 inches,Full sun to partial shade (4-6+ hours),"1-1.5 inches per week, consistent moisture","Rich, well-drained soil with high organic matter and nitrogen",6.0-7.0,Easy to moderate,true,Warm season annual,"Start indoors 6-8 weeks before last frost for spring crop, or direct sow in late summer for fall harvest. Transplant after hardening off.",Deep blue-green,"3-4""",Compact central head with numerous side shoots,"Sweet, tender, and mild with excellent texture","Steaming, stir-fries, fresh eating, soups, freezing. Perfect for continuous harvest cooking.",true,false,6,9,"Good heat tolerance for broccoli, moderate disease resistance","Cabbage worms, aphids, flea beetles, diamondback moths","Clubroot, downy mildew, black rot, alternaria leaf spot",ncstate+johnnys,https://plants.windrivergreens.com/brassica/de-cicco-broccoli
151,brassica,Black Magic Kale,black-magic-kale,Brassica oleracea,"Black Magic is a well-maintained selection of Toscano kale with long, narrow leaves for attractive and tall, straight bunches. Dark blue-green leaves with beautiful savoy. Lacinato or ""dinosaur"" type kale.",65,5-10,10-24 inches,12-18 inches,Full sun to partial shade (4-6+ hours),"1 inch per week, consistent moisture","Rich, well-drained soil with high organic matter",6.0-7.5,Easy,true,Warm season annual,"Direct sow 2-3 weeks before last spring frost or start indoors 4-6 weeks early. For fall crop, sow 12-14 weeks before first fall frost.",Dark blue-green with purple undertones,10-12 inch leaves,Deeply curled and savoyed with ruffled edges,"Sweet, mild, and tender with a slight peppery finish","Salads, smoothies, sautéing, roasting, kale chips, soups and stews",true,false,6,9,Good resistance to downy mildew and black rot,"Cabbage worms, aphids, flea beetles, cabbage loopers","Clubroot, black leg, white rust, downy mildew",ncstate+johnnys,https://plants.windrivergreens.com/brassica/black-magic-kale
152,brassica,Premium Crop Broccoli,premium-crop-broccoli,Brassica oleracea var. italica 'Premium Crop',"An award-winning F1 hybrid that produces large, dense blue-green heads with exceptional flavor and texture. This reliable variety offers excellent heat tolerance and produces abundant side shoots after the main head is harvested. A favorite among both home gardeners and commercial growers for its consistent performance.",82-85,5-10,10-24 inches,18-24 inches,Full sun to partial shade (4-6+ hours),"1-1.5 inches per week, consistent moisture","Fertile, well-drained soil rich in organic matter",6.0-7.0,Moderate,true,Cool season,"Start indoors 6-8 weeks before last frost or direct sow 2-3 weeks before last frost. For fall crop, start 12-14 weeks before first fall frost.",Deep blue-green,6-8 inch diameter heads,"Large, dome-shaped with tight, uniform florets","Sweet, nutty flavor with tender stems and florets","Steaming, roasting, stir-frying, fresh in salads, freezing, soups",false,true,6,9,Excellent resistance to downy mildew and black rot,"Cabbage worms, aphids, flea beetles, cabbage root maggots","Clubroot, black leg, alternaria leaf spot, bacterial soft rot",ncstate,https://plants.windrivergreens.com/brassica/premium-crop-broccoli
153,brassica,Early Jersey Wakefield Cabbage,early-jersey-wakefield-cabbage,Brassica oleracea var. capitata 'Early Jersey Wakefield',"A treasured heirloom dating back to the 1840s, this variety produces compact, conical heads that are perfect for small gardens and early harvests. Known for its sweet, tender leaves and reliable performance, it's an excellent choice for gardeners wanting to try a piece of American agricultural history. The pointed heads are distinctively attractive and space-efficient.",63-75,5-10,10-24 inches,12-15 inches,Full sun to partial shade (4-6+ hours),"1 inch per week, consistent moisture","Rich, well-drained soil with plenty of compost",6.0-6.8,Easy,true,Cool season,"Start indoors 6-8 weeks before last frost or direct sow 2-4 weeks before last frost. For fall crop, sow 12-16 weeks before first fall frost.",Light to medium green,2-3 pound heads,"Distinctive pointed, conical heads","Sweet, mild, and tender with crisp texture","Fresh eating, coleslaw, sauerkraut, stir-frying, stuffed cabbage",true,false,6,9,Good cold tolerance but limited disease resistance,"Cabbage worms, aphids, flea beetles, cabbage loopers, root maggots","Clubroot, black rot, fusarium yellows, downy mildew",ncstate,https://plants.windrivergreens.com/brassica/early-jersey-wakefield-cabbage
154,brassica,Ruby Perfection Cabbage,ruby-perfection-cabbage,Brassica oleracea var. capitata,The #1 mid-late red cabbage. The heads are medium-size and dense with a uniform high-round shape and good wrapper leaves. Good field-holding ability. Matures just in time for late summer crops or fall harvest for medium-term storage. Avg. weight: 3 1/2 lb. Resistant to thrips. Unsized seed.,85,5-10,10-24 inches,15-18 inches,Full sun to partial shade (4-6+ hours),"1-1.5 inches per week, consistent moisture","Fertile, well-drained soil with good organic content",6.0-6.8,Moderate,true,Warm season annual,"Start indoors 6-8 weeks before last frost or direct sow 3-4 weeks before last frost. For fall crop, sow 14-16 weeks before first fall frost.",Deep purple-red,3 1/2 lb.,"Round, dense, well-wrapped heads","Sweet and mild with a slight peppery bite, more tender than most red varieties","Fresh slaws, pickling, braising, roasting, fermentation, garnish",false,true,6,9,Good resistance to splitting and tipburn,"Cabbage worms, aphids, flea beetles, diamondback moths","Black rot, clubroot, downy mildew, bacterial soft rot",ncstate+johnnys,https://plants.windrivergreens.com/brassica/ruby-perfection-cabbage
156,brassica,Brussels Sprouts 'Long Island Improved',brussels-sprouts-long-island-improved,Brassica oleracea var. gemmifera 'Long Island Improved',"A reliable heirloom Brussels sprouts variety that produces abundant harvests of sweet, compact sprouts along tall, sturdy stalks. This cold-hardy variety actually improves in flavor after frost, developing a nutty sweetness that makes it perfect for roasting. An excellent choice for gardeners wanting to grow their own fresh Brussels sprouts without the bitterness often found in store-bought varieties.",100-120,5-10,10-24 inches,18-24 inches,Full sun to partial shade (4-6+ hours),"1-1.5 inches per week, consistent moisture","Rich, well-drained soil with high organic matter content",6.0-7.0,Moderate,false,Cool season,"Start seeds indoors 12-14 weeks before first fall frost, or direct sow in late spring for fall harvest. Transplant when 4-6 inches tall.",Deep green,1-2 inches diameter,"Compact, round mini-cabbages clustered along stem","Sweet and nutty when harvested after frost, mild cabbage flavor","Roasting, steaming, sautéing, grilling, shredding raw for salads, braising with bacon",true,false,6,9,Good tolerance to clubroot and black rot,"Cabbage worms, aphids, flea beetles, cabbage loopers","Clubroot, black rot, downy mildew, powdery mildew",ncstate,https://plants.windrivergreens.com/brassica/brussels-sprouts-long-island-improved
160,brassica,Arugula 'Rocket',arugula-rocket,Eruca vesicaria subsp. sativa 'Rocket',"This fast-growing salad green delivers a peppery, nutty punch that transforms ordinary salads into gourmet experiences. The deeply lobed leaves are ready to harvest in just weeks, making it perfect for succession planting and continuous fresh salads. Cool weather brings out the best flavor, while hot weather intensifies the spiciness for those who love bold, peppery greens.",20-40,3-7,0-3 feet,4-6 inches,Full sun to partial shade (4-6+ hours),"0.5-1 inch per week, consistent moisture for tender leaves","Well-drained, fertile soil with good organic content",6.0-7.0,Very Easy,true,Cool season,Direct sow every 2-3 weeks from early spring through fall. Scatter seeds and lightly cover. Can grow year-round in mild climates.,Dark green with deeply lobed leaves,2-4 inch leaves when harvested young,"Deeply lobed, oak-leaf shaped","Peppery, nutty, and pungent with mustard-like bite","Fresh salads, pizza topping, pesto, sandwiches, pasta dishes, garnish",true,false,2,11,Generally disease-free due to quick growth cycle,"Flea beetles, aphids, slugs, cabbage worms","Downy mildew in humid conditions, rarely affected by diseases",ncstate,https://plants.windrivergreens.com/brassica/arugula-rocket
162,brassica,Red Russian Kale,red-russian-kale,Brassica napus,Stems are purple; leaves are flat and toothed with purple veins. Mature plants are medium-tall and leaves are tender compared to other kales. For salads and light cooking. Sized seed. Also available in organic seed.,50-65,5-10,4 feet,12-18 inches,Full sun to partial shade (4-8 hours),High — consistent moisture needed,"Rich, well-drained soil with high organic matter",6.0-7.5,Easy,true,Warm season annual,Direct sow ½ inch deep in early spring or late summer. Can also start indoors 4-6 weeks before transplanting.,Blue-green leaves with purple stems and veins,8-12 inch leaves,"Deeply lobed, oak-like leaves","Mild, sweet, and tender with less bitterness than common kale","Excellent raw in salads, smoothies, sautéing, soups, and chips. Baby leaves perfect for microgreens.",true,false,8,11,Good cold tolerance and moderate disease resistance,"Cabbage worms, aphids, flea beetles","Clubroot, black rot, downy mildew",usda+johnnys,https://plants.windrivergreens.com/brassica/red-russian-kale
186,allium,Purple Top Walla Walla,purple-top-walla-walla,Allium cepa 'Purple Top Walla Walla',"The sweet, mild onion that made Walla Walla, Washington famous. This beloved heirloom variety produces large, flattened bulbs with purple-tinged skin and crisp white flesh so sweet they can be eaten like apples. Perfect for those who want to grow their own version of this premium market onion.",125-300,7-14,12-18 inches,4-6 inches,Full sun (6+ hours),"1 inch per week, consistent moisture early season, reduce near harvest","Well-drained, fertile loam with high organic matter",6.0-7.0,Moderate,true,Cool season,Start seeds indoors 10-12 weeks before last frost or direct sow in fall in mild climates. Plant sets in early spring 4-6 weeks before last frost.,Purple-bronze skin with white flesh,"3-5 inches diameter, 8-16 oz","Large, flattened globe, slightly top-shaped","Exceptionally sweet and mild with low sulfur content, crisp texture","Fresh eating, salads, sandwiches, grilling, caramelizing. Short storage life of 1-3 months.",true,false,5,10,"Moderate resistance to pink root, susceptible to downy mildew and thrips damage","Onion thrips, onion maggot, cutworms","Downy mildew, purple blotch, neck rot, pink root",ncstate,https://plants.windrivergreens.com/allium/purple-top-walla-walla
187,allium,Music Hardneck Garlic,music-hardneck-garlic,Allium sativum var. ophioscorodon 'Music',"The gold standard of hardneck garlic varieties, prized by both home gardeners and gourmet chefs for its exceptional flavor and reliability. Music produces large, easy-to-peel cloves with a perfect balance of heat and sweetness that intensifies when cooked. This Italian heirloom is incredibly cold-hardy and stores beautifully for 8-10 months.",240-270,14-21,12-18 inches,4-6 inches,Full sun (6+ hours),"1 inch per week during active growth, stop watering 2-3 weeks before harvest","Well-drained, loose soil with high organic matter, no clay or waterlogged conditions",6.0-7.0,Easy,false,"Cool season, planted in fall","Plant individual cloves pointed end up, 2 inches deep in fall 4-6 weeks before hard freeze. Requires 4-6 months of cold temperatures below 50°F.",White bulb with purple-striped outer wrapper,"2-3 inch diameter bulbs, 4-6 large cloves per bulb","Round, plump bulbs with thick, easy-to-peel cloves","Rich, full-bodied garlic flavor with moderate heat, becomes sweet and nutty when roasted","All-purpose culinary garlic, excellent fresh or cooked, roasting, preserving. Stores 8-10 months.",true,false,4,9,"Good resistance to white rot and fusarium, very cold hardy","Onion thrips, bulb mites, nematodes","White rot, fusarium basal rot, rust",ncstate,https://plants.windrivergreens.com/allium/music-hardneck-garlic
190,allium,French Gray Shallot,french-gray-shallot,Allium cepa var. aggregatum 'French Gray',"The gourmet cook's dream shallot, prized by French chefs for its complex, wine-like flavor and firm texture that holds up beautifully in cooking. These traditional gray-skinned shallots multiply from single bulbs into clusters of 6-12 bulbs with rose-colored flesh and incredible storage life. Their sophisticated flavor is milder than onions but more complex than garlic.",90-120,N/A - grown from bulb sets,12-18 inches,4-6 inches,Full sun (6+ hours),"1 inch per week during growth, reduce watering as bulbs mature","Well-drained, fertile soil with good organic matter, avoid heavy clay",6.0-7.0,Easy to moderate,true,Cool season,"Plant bulb sets in early spring 2-4 weeks before last frost, or fall in mild climates. Plant with tip just below soil surface.",Gray-brown papery skin with rose-purple flesh,"1-2 inches diameter, 6-12 bulbs per cluster",Elongated teardrop bulbs clustered together,"Complex, mild, sweet with subtle wine-like notes, less sharp than onions","Fine dining, French cuisine, sauces, vinaigrettes, roasting, caramelizing. Stores 6-10 months in proper conditions.",true,false,5,10,"Good storage qualities, moderate disease resistance","Onion thrips, bulb mites, onion maggot","Neck rot, downy mildew, purple blotch",ncstate,https://plants.windrivergreens.com/allium/french-gray-shallot
191,allium,Yellow Sweet Spanish Onion,yellow-sweet-spanish-onion,Allium cepa 'Yellow Sweet Spanish',"A classic long-day onion variety beloved for producing enormous, mild-flavored bulbs that can reach softball size or larger. These golden-skinned beauties are incredibly versatile in the kitchen, sweet enough to eat raw yet substantial enough for cooking. Perfect for northern gardeners who want to grow impressive onions that store well through winter.",110-120,7-14,12-18 inches,4-6 inches,Full sun (6+ hours),"1 inch per week, consistent moisture during bulb development","Loose, well-drained soil rich in organic matter",6.0-7.0,Easy,true,Cool season,"Start seeds indoors 10-12 weeks before last frost, or plant sets in early spring when soil can be worked.",Golden yellow skin with white flesh,"3-5 inches diameter, 8-16 oz","Large, round to slightly flattened globe",Sweet and mild with low sulfur content,"Excellent fresh in salads, sandwiches, grilling, roasting, and general cooking. Good storage onion.",true,false,5,10,Good resistance to pink root and fusarium basal rot,"Onion thrips, onion maggot, cutworms","Downy mildew, purple blotch, white rot",ncstate,https://plants.windrivergreens.com/allium/yellow-sweet-spanish-onion
192,allium,Italian Red Torpedo Onion,italian-red-torpedo-onion,Allium cepa 'Italian Red Torpedo',An elegant elongated onion with stunning deep red skin and crisp white flesh streaked with purple rings. This intermediate-day variety offers a perfect balance of sweet and sharp flavors that mellows beautifully when cooked. The distinctive torpedo shape and vibrant color make it a standout in both the garden and on the plate.,95-110,7-14,12-18 inches,4-5 inches,Full sun (6+ hours),"1 inch per week, reduce watering as harvest approaches","Well-drained, fertile soil with good organic content",6.0-7.0,Moderate,true,Cool season,Direct seed in early spring or start indoors 8-10 weeks before transplanting. Plant sets in early spring.,Deep red-purple skin with white flesh and purple rings,"3-4 inches long, 2-3 inches wide",Elongated torpedo or bottle shape,"Medium-hot when raw, sweet and mild when cooked","Excellent for grilling, roasting, red onion rings, fresh in salads and sandwiches. Beautiful color for cooking.",true,false,5,10,Moderate resistance to common onion diseases,"Onion thrips, onion fly, wireworms","Neck rot, downy mildew, bacterial soft rot",ncstate,https://plants.windrivergreens.com/allium/italian-red-torpedo-onion
193,allium,Georgia Fire Garlic,georgia-fire-garlic,Allium sativum 'Georgia Fire',"A robust softneck garlic variety that thrives in warmer climates where hardneck varieties struggle. Known for its reliable bulb formation and excellent storage qualities, producing plump bulbs with creamy white skin and a bold, spicy flavor. This variety is perfect for southern gardeners who want to grow their own garlic successfully.",240-270,14-21,12-18 inches,4-6 inches,Full sun (6+ hours),"Moderate water, reduce significantly 3-4 weeks before harvest","Well-drained, loose soil rich in organic matter",6.0-7.0,Easy,true,"Cool season, planted in fall","Plant cloves pointed end up, 2 inches deep in fall, 4-6 weeks before hard frost in northern areas, later in mild winter regions.",Creamy white bulb wrappers with pinkish clove skins,2-3 inch diameter bulbs with 8-12 cloves,"Round, slightly flattened bulbs",Hot and spicy with strong garlic flavor that mellows when cooked,"Excellent for cooking, roasting, and making garlic powder. Stores well for 6-8 months.",false,false,4,9,Good resistance to white rot and fusarium basal rot,"Onion thrips, bulb mites, nematodes","White rot, fusarium basal rot, rust",ncstate,https://plants.windrivergreens.com/allium/georgia-fire-garlic
194,allium,Red Carpet Chives,red-carpet-chives,Allium schoenoprasum 'Red Carpet',"A stunning ornamental chive variety that produces masses of vibrant rose-red flowers above dense clumps of slender green foliage. Beyond its beauty, this perennial herb offers the same mild onion flavor as regular chives, making it both a gorgeous garden accent and a useful culinary herb. The flowers are edible and make beautiful garnishes.",75-90,14-21,12-18 inches,8-12 inches,Full sun to partial shade (4-6+ hours),"Moderate, drought tolerant once established","Well-drained soil, tolerates various soil types",6.0-7.0,Very easy,true,Cool season perennial,"Direct seed in spring or fall, or start indoors 6-8 weeks before last frost. Can be grown from division of existing clumps.","Rose-red to deep pink flowers, green foliage","Individual flowers 1/2 inch, in rounded clusters",Dense clumping grass-like foliage with round flower heads,"Mild onion flavor in leaves, flowers have delicate onion taste","Fresh leaves for garnishing, salads, soups, egg dishes. Flowers for salads and garnishes.",false,false,4,8,"Very disease resistant, rarely troubled by pests or diseases","Occasionally aphids, generally pest-free",Crown rot in poorly drained soils,ncstate,https://plants.windrivergreens.com/allium/red-carpet-chives
195,allium,Candy Onion,candy-onion,Allium cepa,"Slightly flattened yellow onion has potential for large size, especially when sown for overwintering in its optimum 33-40&deg; latitude range. A Walla Walla-type for growing farther south. Also offered as plants.",100-110,7-14,12-18 inches,4-6 inches,Full sun (6+ hours),"1-1.5 inches per week, consistent moisture important","Rich, well-drained soil with high organic matter content",6.2-6.8,Easy to moderate,true,Warm season annual,"Start from seed indoors 10-12 weeks before last frost, or direct seed in early spring. Transplant sets when soil can be worked.",Golden-yellow skin with white flesh,"3-4 inches diameter, medium to large",Round to slightly flattened globe shape,"Exceptionally sweet and mild, very low sulfur content","Outstanding fresh in salads, sandwiches, salsas. Good for light cooking but best showcased raw.",false,true,5,10,Good hybrid vigor with resistance to pink root and basal rot,"Onion maggot, thrips, cutworms","Downy mildew, purple blotch, neck rot",ncstate+johnnys,https://plants.windrivergreens.com/allium/candy-onion
196,allium,Stuttgart,stuttgart,Allium cepa 'Stuttgart',"A classic German heirloom onion prized for its exceptional storage life and reliable performance in cool climates. This flat-topped yellow onion develops firm, dense bulbs with crisp white flesh and a pleasantly sharp flavor that mellows beautifully when cooked. Stuttgart's outstanding keeping quality makes it a favorite among gardeners who want to store their harvest through winter.",110-120,7-14,12-18 inches,4-6 inches,Full sun (6+ hours),"1 inch per week, reduce as bulbs mature","Well-drained, fertile soil with good organic matter",6.0-7.0,Easy,true,Cool season,"Start from seed indoors 10-12 weeks before last frost, or plant sets in early spring when soil is workable.","Golden yellow papery skin, white flesh","3-4 inches diameter, medium to large","Flattened globe, slightly wider than tall","Sharp when raw, sweet and mild when cooked","Excellent for cooking, roasting, and long-term storage. Good for soups, stews, and caramelizing.",true,false,5,10,Good resistance to pink root and downy mildew,"Onion maggot, thrips, aphids","Purple blotch, downy mildew, white rot",ncstate,https://plants.windrivergreens.com/allium/stuttgart
197,allium,Rossa di Milano,rossa-di-milano,Allium cepa,"An onion so lovely, it's almost a shame to eat it. Selected by the late Dr. John Navazio under tough organic growing conditions, our 'Rossa di Milano' strain is up to 10 days earlier than others boasting the same name. One of the most thrips-resistant long-day onions in our trials. Bulbs are large to colossal in size and exhibit the true grano shape with distinctly flattened tops. Suited for long storage (6+ months) with thin necks that easily dry down. Strong, bronze-pink skins and great uniformity. An excellent cooking onion, Rossa di Milano contributes an abundance of sweetness and pungency to any cuisine. Your new favorite onion. Can be successfully grown in the northern reaches of the intermediate-day region. Adaptation: 38-50&deg; latitude.",100,7-14,12-18 inches,4-6 inches,Full sun (6+ hours),"1 inch per week, consistent moisture","Well-drained, fertile loam with good organic content",6.0-7.0,Easy to moderate,true,Cool season,"Start from seed indoors 10-12 weeks before last frost, or direct sow in fall in warm climates.",Deep red-purple skin with white flesh and purple rings,"3-4 inches diameter, medium size",Round to slightly flattened globe,"Mild, sweet, and crisp with less bite than yellow onions","Excellent fresh in salads, sandwiches, and salsas. Good for quick cooking but shorter storage life.",true,false,5,10,Moderate disease resistance,"Onion thrips, aphids, wireworms","Fusarium basal rot, bacterial soft rot, downy mildew",ncstate+johnnys,https://plants.windrivergreens.com/allium/rossa-di-milano
198,allium,Giant Musselburgh,giant-musselburgh,Allium ampeloprasum var. porrum 'Giant Musselburgh',"A legendary Scottish heirloom leek that produces enormous, thick white stems up to 3 inches in diameter and excellent cold hardiness. This impressive variety has been grown since the 1830s and remains a favorite for its mild, sweet flavor and ability to overwinter in harsh climates. Giant Musselburgh is the go-to choice for gardeners wanting impressive leeks for soups and braising.",120-150,10-21,3-4 feet,6-8 inches,Full sun (6+ hours),"1-2 inches per week, consistent moisture","Rich, deep, well-drained soil with high organic matter",6.0-7.0,Moderate,false,Cool season,Start indoors 10-12 weeks before last frost. Transplant when pencil-thick and hill soil around stems for blanching.,Blue-green leaves with white to pale green stems,"Up to 3 inches diameter, 12-18 inches white stem length",Long cylindrical stems with fan-shaped leaf tops,"Mild, sweet, and delicate with subtle onion flavor","Excellent for soups, stews, braising, and roasting. Classic in potato leek soup and Welsh dishes.",true,false,5,10,Good cold tolerance and rust resistance,"Leek moth, onion thrips, leaf miners","White rot, rust, downy mildew",ncstate,https://plants.windrivergreens.com/allium/giant-musselburgh
199,allium,Siberian Garlic,siberian-garlic,Allium sativum var. ophioscorodon 'Siberian',"An extremely hardy hardneck garlic variety that survives brutal winters and produces beautiful purple-striped bulbs with complex, robust flavor. This reliable performer sends up dramatic curling scapes in summer and develops 8-12 cloves per bulb with excellent storage life. Siberian is perfect for northern gardeners who want dependable garlic with gourmet flavor and stunning appearance.",240-270,14-21,12-18 inches,4-6 inches,Full sun (6+ hours),"1 inch per week, stop watering 2-3 weeks before harvest","Well-drained, fertile soil with good organic matter",6.0-7.0,Easy,false,"Plant fall, harvest mid-summer","Plant cloves 4-6 weeks before hard freeze, pointed end up, 2 inches deep with mulch cover.",Purple-striped papery skin with cream-colored cloves,"2-2.5 inches diameter, 8-12 cloves per bulb",Round to slightly flattened bulb with typical garlic form,"Rich, complex, and robust with moderate heat when raw, mellow and nutty when roasted","Excellent for roasting, cooking, and raw applications. Scapes are delicious stir-fried or in pesto.",true,false,4,9,"Excellent cold hardiness, good disease resistance","Bulb mites, nematodes, aphids","White rot, fusarium basal rot, rust",ncstate,https://plants.windrivergreens.com/allium/siberian-garlic
200,allium,Purplette,purplette,Allium cepa,"These flavorful specialty onions mature early and hold well. Purplette is a glossy rich burgundy, transforming to a nice pastel pink when cooked or pickled. Can be harvested at golf ball size or very young as baby bunching onions with purple pearl ends. Best at 40&deg; latitude and higher.",60,7-14,12-18 inches,1-2 inches,Full sun (6+ hours),"1 inch per week, consistent light moisture","Well-drained, fertile soil with good organic matter",6.0-7.0,Easy,true,Cool season,"Direct sow in spring when soil is workable, or start indoors 8-10 weeks before last frost.",Deep purple-red skin with white flesh tinged purple,"1-1.5 inches diameter, pearl onion size","Small, round globe shape","Sweet, mild, and crisp with minimal bite","Perfect for pickling, cocktail garnishes, roasting whole, and gourmet presentations. Excellent in stir-fries.",true,false,5,10,Good general disease resistance,"Onion thrips, aphids, cutworms","Purple blotch, downy mildew, neck rot",ncstate+johnnys,https://plants.windrivergreens.com/allium/purplette
201,allium,Vidalia Onion,vidalia-onion,Allium cepa 'Vidalia',"The famous sweet onion from Georgia, prized for its mild flavor and exceptional sweetness that allows it to be eaten raw like an apple. These large, golden onions have become synonymous with Southern cooking and are perfect for caramelizing, grilling, or enjoying fresh in salads. Their low sulfur content and high sugar content make them a favorite among gardeners who want to grow restaurant-quality sweet onions at home.",110-120,7-10,12-18 inches,4-6 inches,Full sun (6+ hours),"1 inch per week, consistent moisture especially during bulb formation","Well-drained, fertile soil with high organic matter content",6.0-6.8,Moderate,true,Cool season,"Start from transplants or sets in early spring, 4-6 weeks before last frost. Plant when soil temperature reaches 50°F.",Golden yellow skin with white flesh,"3-4 inches diameter, 8-12 oz","Globe-shaped, slightly flattened","Very sweet and mild with low pungency, crisp texture","Excellent raw in salads, sandwiches, salsas. Perfect for caramelizing, grilling, and roasting. Short storage life.",false,true,5,10,Moderate resistance to pink root and fusarium basal rot,"Onion thrips, onion maggots, wireworms","Downy mildew, purple blotch, neck rot, pink root",ncstate,https://plants.windrivergreens.com/allium/vidalia-onion
203,allium,German Extra Hardy Garlic,german-extra-hardy-garlic,Allium sativum var. ophioscorodon 'German Extra Hardy',"A robust hardneck garlic variety that lives up to its name by surviving the harshest winters while producing large, flavorful bulbs with 4-6 cloves each. This porcelain-type garlic offers excellent storage life and a rich, complex flavor that becomes sweet and nutty when roasted. It's an ideal choice for northern gardeners who want reliable garlic production and the bonus of edible scapes in early summer.",240-270,14-21 (spring emergence),12-18 inches,4-6 inches,Full sun (6+ hours),"Moderate, reduce watering 3 weeks before harvest","Well-drained, loose soil rich in organic matter",6.0-7.0,Easy,false,"Fall planted, winter dormant","Plant cloves 2 inches deep in fall, 6-8 weeks before hard freeze. Pointed end up, 4-6 inches apart.",White papery skin with purple striping,"2-2.5 inches diameter, 4-6 cloves per bulb",Round bulbs with plump cloves,"Rich, complex garlic flavor, sweet when roasted","Excellent for roasting, cooking, and raw use. Scapes are delicious stir-fried. Stores 6-8 months.",true,false,4,9,Good resistance to white rot and fusarium,"Onion thrips, bulb mites (minimal issues)","White rot, fusarium basal rot (in poor drainage)",ncstate,https://plants.windrivergreens.com/allium/german-extra-hardy-garlic
205,allium,Red Baron Shallots,red-baron-shallots,Allium cepa var. aggregatum 'Red Baron',"A premium French-type shallot with beautiful reddish-purple skin and crisp white flesh tinged with purple rings that adds both flavor and visual appeal to any dish. These elongated bulbs multiply underground to produce clusters of 6-8 shallots per plant, offering exceptional value and storage life. Their complex, wine-like flavor is more refined than onions, making them a favorite among gourmet cooks and essential for French cuisine.",90-120,14-21 from seed,12-18 inches,4-6 inches,Full sun (6+ hours),"Moderate, consistent moisture during growing season","Well-drained, fertile soil with good organic content",6.0-7.0,Moderate,true,Cool season,"Plant sets in early spring, 4-6 weeks before last frost. Plant with pointed end up, barely covered.",Reddish-purple skin with white flesh and purple rings,"2-3 inches long, 6-8 bulbs per cluster","Elongated, teardrop-shaped bulbs","Complex, sweet, and pungent with wine-like undertones","French cooking, vinaigrettes, sauces, caramelizing, roasting. Stores 6-8 months in proper conditions.",false,true,5,10,Good resistance to common allium diseases,"Onion thrips, onion fly maggots","Downy mildew, neck rot, white rot",ncstate,https://plants.windrivergreens.com/allium/red-baron-shallots
226,berry,Heritage Red Raspberry,heritage-red-raspberry,Rubus idaeus 'Heritage',"America's most popular everbearing raspberry variety, delivering two harvests per year with exceptional reliability. These medium-sized berries offer outstanding flavor and freeze beautifully, making them perfect for both fresh eating and preserving. Heritage is renowned for its disease resistance and ability to produce consistent crops even for novice gardeners.",365-730,"14-28 (from seed, though typically grown from canes)",6 feet,18-24 inches,Full sun to partial shade (4-6+ hours),Low — drought tolerant,"Well-drained, fertile soil rich in organic matter",5.5-6.5,Easy,true,Spring,Plant dormant canes in early spring or fall. Space in rows with support system. Remove weak canes and maintain 4-6 strong canes per plant.,Bright red,"Medium, 1/2 inch diameter",Classic raspberry cone shape with drupelets,"Sweet-tart balance with classic raspberry flavor, excellent fresh or processed","Fresh eating, jams, jellies, baking, freezing, smoothies, desserts",false,false,4,8,Good resistance to root rot and many common raspberry diseases,"Japanese beetle, raspberry cane borer, spider mites, aphids","Gray mold, powdery mildew, verticillium wilt, cane blight",usda+ncstate,https://plants.windrivergreens.com/berry/heritage-red-raspberry
242,berry,Everbearing Red Raspberry,everbearing-red-raspberry,Rubus idaeus 'Autumn Bliss',"A prolific everbearing raspberry that delivers two harvests per year - a summer crop on second-year canes and a fall crop on first-year canes. Known for producing large, firm berries with excellent flavor and superior keeping quality, making it a favorite among home gardeners seeking extended harvests.",,"14-21 days (from seed, though canes preferred)",6 feet,18-24 inches in rows 6-8 feet apart,Full sun to partial shade (4-6+ hours),Low — drought tolerant,"Well-drained, fertile soil with high organic matter",6.0-6.8,Easy,true,Spring,Plant bare-root canes or potted plants in early spring. Space properly and provide support system.,Bright red,"Large, 1-1.5 inches long",Conical aggregate berry,"Sweet-tart with intense raspberry flavor, aromatic","Fresh eating, jams, desserts, smoothies, freezing excellently",false,true,4,8,Good resistance to raspberry bushy dwarf virus and root rot,"Raspberry cane borer, aphids, spider mites, Japanese beetles","Anthracnose, gray mold, powdery mildew, cane blight",usda+ncstate,https://plants.windrivergreens.com/berry/everbearing-red-raspberry
246,pea,Sugar Snap,sugar-snap,Pisum sativum,"Johnny's superior strain. From an ongoing collaboration with the family of the late Dr. Calvin Lamborn, the breeder of Sugar Snap. A household name for its sweet, crisp pods, Sugar Snap germinates well in cold, wet soil, and the vigorous plants quickly produce a thick stand that requires support. Vines avg. 72"" with 1 or 2 pods per node. Yields well over a long season in both hot and cold weather. Remove string from pods before cooking. Needs trellising. AAS Winner. Also available in organic seed.",58,7-14,12-18 inches,2-4 inches,Full sun to partial shade (4-6+ hours),"1 inch per week, consistent moisture especially during flowering","Well-drained, fertile soil enriched with compost",6.0-7.5,Easy,false,Warm season annual,Direct sow 2-4 weeks before last frost date. Plant 1-2 inches deep. Provide tall trellises or supports.,Bright green pods,"72""","Plump, rounded pods with visible peas inside","Sweet, crisp, and juicy with concentrated pea flavor","Raw snacking, stir-fries, salads, steaming, blanching for freezing",true,false,2,11,Good resistance to powdery mildew and pea enation mosaic virus,"Pea aphids, thrips, pea weevil, cutworms","Powdery mildew, downy mildew, fusarium wilt, root rot",johnnys,https://plants.windrivergreens.com/pea/sugar-snap
247,pea,Little Marvel,little-marvel,Pisum sativum 'Little Marvel',"A compact heirloom shelling pea perfect for small gardens and beginning gardeners since 1908. Despite its dwarf stature, Little Marvel produces an abundant harvest of plump, sweet peas that mature all at once for easy picking. This reliable variety consistently delivers exceptional flavor and has been a garden favorite for over a century.",60-65,7-10,12-18 inches,2-3 inches,Full sun to partial shade (4-6+ hours),"1 inch per week, avoid overwatering",Well-drained loamy soil with good organic matter,6.0-7.0,Easy,true,Cool season,Direct sow 3-4 weeks before last frost. Plant 1 inch deep. Requires minimal support or short stakes.,Medium green pods with bright green peas,3 inch pods with 6-8 peas each,"Straight, well-filled pods","Sweet, tender, and delicate with classic pea taste","Fresh eating, cooking, soups, purees, freezing for winter storage",true,false,2,11,"Good general disease tolerance, moderate resistance to fusarium wilt","Pea aphids, leafminer, thrips, slugs","Powdery mildew, bacterial blight, damping-off, ascochyta blight",ncstate,https://plants.windrivergreens.com/pea/little-marvel
248,pea,Oregon Sugar Pod II,oregon-sugar-pod-ii,Pisum sativum,"A great substitute for Oregon Giant, as it is very similar. Excellent emergence. Normal, 38"" tall vines produce very high yields of stringless pods. 2 pods per node.",60,8-14,12-18 inches,3-4 inches,Full sun to partial shade (4-6+ hours),"1-1.5 inches per week, consistent moisture during pod development","Well-drained, fertile soil with good drainage",6.2-7.2,Easy,true,Warm season annual,Direct sow 2-3 weeks before last frost. Plant 1 inch deep. Provide 4-foot support structure.,Light green flat pods,"38""","Flat, broad pods with small undeveloped peas","Sweet, tender, and crisp with delicate pea flavor","Stir-fries, steaming, raw in salads, Asian dishes, quick sautéing",true,false,2,11,Fusarium Wilt (Intermediate); Pea Enation Mosaic Virus (Intermediate); Powdery Mildew (Intermediate),"Pea aphids, spider mites, leafminer, pea moth","Downy mildew, bacterial blight, root rot, white mold",johnnys,https://plants.windrivergreens.com/pea/oregon-sugar-pod-ii
249,pea,Green Arrow,green-arrow,Pisum sativum 'Green Arrow',"A high-yielding shelling pea that consistently produces heavy crops of long, dark green pods packed with sweet peas. Developed for its exceptional productivity and disease resistance, Green Arrow matures its crop uniformly, making it perfect for preserving or farmers market sales. This reliable variety performs well in various climates and soil conditions, earning its place as a garden staple.",68-75,7-12,12-18 inches,2-3 inches,Full sun to partial shade (4-6+ hours),"1 inch per week, deep watering preferred","Rich, well-drained soil with added compost or aged manure",6.0-7.5,Easy to Moderate,true,Cool season,Direct sow 3-4 weeks before last frost date. Plant 1-1.5 inches deep. Provide 3-foot supports or netting.,Dark green pods with bright green peas,4-4.5 inch pods with 8-11 peas each,"Long, straight, well-filled pods with blunt ends","Sweet, full-bodied pea flavor with tender texture","Fresh shelling, freezing, canning, soups, side dishes, pea salads",false,true,2,11,"Resistant to fusarium wilt races 1 and 2, powdery mildew, and pea enation mosaic virus","Pea weevil, aphids, thrips, cucumber beetles","Bacterial blight, downy mildew, white mold, damping-off",ncstate,https://plants.windrivergreens.com/pea/green-arrow
250,pea,Thomas Laxton,thomas-laxton,Pisum sativum 'Thomas Laxton',"A prized English heirloom from 1900 renowned for producing some of the sweetest, most tender peas available to home gardeners. This early-season variety beats many modern peas to harvest while delivering superior flavor that's particularly sweet when picked young. Thomas Laxton has remained popular for over 120 years because it consistently produces restaurant-quality peas that make every gardener feel like a gourmet.",55-65,8-12,12-18 inches,2-4 inches,Full sun to partial shade (4-6+ hours),"1 inch per week, consistent moisture for best pod fill","Rich, well-drained soil with high organic content",6.0-7.0,Moderate,false,Cool season,Direct sow 4-5 weeks before last frost for earliest harvest. Plant 1.5 inches deep. Provide 5-6 foot tall supports.,Medium green pods with bright green peas,3.5-4 inch pods with 7-9 peas each,"Curved, plump pods with pointed ends","Exceptionally sweet and tender with rich, concentrated pea flavor","Fresh eating straight from garden, gourmet cooking, pea risottos, spring salads",true,false,2,11,Moderate disease tolerance typical of heirloom varieties,"Pea aphids, pea moth, leafminer, slugs in wet conditions","Powdery mildew, fusarium wilt, bacterial blight, ascochyta blight",ncstate,https://plants.windrivergreens.com/pea/thomas-laxton
251,pea,Wando,wando,Pisum sativum 'Wando',"A heat-tolerant shelling pea variety developed for gardeners in warmer climates who thought they couldn't grow peas. This reliable variety produces sweet, tender peas even when temperatures rise, extending the growing season significantly. Perfect for Southern gardens and areas with unpredictable spring weather.",68-75,7-14,12-18 inches,2-3 inches,Full sun to partial shade (4-6+ hours),"1 inch per week, consistent moisture especially during flowering","Well-drained, fertile soil with good organic matter",6.0-7.0,Easy,true,Cool season (with heat tolerance),Direct sow 2-4 weeks before last frost. Can succession plant every 2 weeks until warm weather.,Bright green pods with medium green peas,3-4 inch pods with 6-8 peas per pod,"Plump, rounded pods with full, sweet peas","Sweet, tender, and crisp with classic pea flavor","Fresh eating, freezing, soups, stir-fries, side dishes. Excellent for processing and preservation.",false,false,2,11,Good resistance to fusarium wilt and heat stress. Moderate powdery mildew resistance.,"Aphids, pea weevils, thrips, cutworms","Powdery mildew, root rot, bacterial blight, mosaic virus",ncstate,https://plants.windrivergreens.com/pea/wando
252,pea,Mammoth Melting Sugar,mammoth-melting-sugar,Pisum sativum var. saccharatum 'Mammoth Melting Sugar',"An impressive heirloom snow pea variety dating back to the 1880s, producing enormous 4-5 inch edible pods on towering vines. The sweet, crisp pods literally melt in your mouth and are perfect for stir-fries and fresh eating. This vigorous climber is a conversation starter in any garden with its exceptional size and productivity.",70-80,7-14,12-18 inches,3-4 inches,Full sun to partial shade (4-6+ hours),"1-1.5 inches per week, consistent moisture during pod development","Rich, well-drained soil with good organic content",6.0-7.5,Moderate,false,Cool season,"Direct sow 4-6 weeks before last frost. Requires tall, sturdy support structure due to height.","Pale green, flat edible pods","4-5 inch long, wide flat pods","Large, flat, broad snow pea pods with minimal pea development","Sweet, tender, crisp with delicate pea flavor and no strings","Stir-fries, fresh salads, steaming, sautéing. Pods eaten whole while young and tender.",true,false,2,11,Limited disease resistance typical of heirlooms. Susceptible to powdery mildew in humid conditions.,"Aphids, pea moths, thrips, slugs","Powdery mildew, downy mildew, root rot, pea enation mosaic virus",ncstate,https://plants.windrivergreens.com/pea/mammoth-melting-sugar
253,pea,Lincoln,lincoln,Pisum sativum 'Lincoln',A dependable All-America Selections winner from 1908 that remains one of the most popular shelling peas for home gardeners. This variety produces heavy yields of dark green pods filled with exceptionally sweet peas that freeze beautifully. Lincoln's consistent performance and excellent flavor have made it a garden staple for over a century.,65-70,7-14,12-18 inches,2-3 inches,Full sun to partial shade (4-6+ hours),"1 inch per week, even moisture especially during flowering and pod fill","Well-drained, fertile garden soil with organic matter",6.0-7.0,Easy,true,Cool season,Direct sow 2-4 weeks before last frost date. Can make succession plantings every 10 days for extended harvest.,Dark green pods with bright green peas,3.5-4 inch pods with 7-9 peas per pod,"Well-filled, plump pods with round, uniform peas","Very sweet, tender, and flavorful with excellent eating quality","Fresh eating, freezing, canning. Excellent for soups, casseroles, and as a side dish.",true,false,2,11,Good general vigor with some resistance to common wilt diseases.,"Aphids, pea weevils, leaf miners, thrips","Fusarium wilt, powdery mildew, bacterial blight, root rot",ncstate,https://plants.windrivergreens.com/pea/lincoln
254,pea,Alderman,alderman,Pisum sativum 'Alderman',"Also known as Tall Telephone, this vigorous heirloom climbing pea from 1891 produces some of the largest and most flavorful shelling peas available. The impressive 6-foot vines yield massive pods packed with 8-10 sweet, large peas perfect for fresh eating or preserving. This variety is ideal for gardeners who want maximum production from minimal space.",70-80,7-14,12-18 inches,3-4 inches,Full sun to partial shade (4-6+ hours),"1.5 inches per week, consistent moisture throughout growing season","Deep, rich, well-drained soil with high organic content",6.0-7.0,Moderate,false,Cool season,Direct sow 4-6 weeks before last frost. Requires strong trellis or support system due to height and heavy pod production.,Medium green pods with large green peas,4.5-5 inch pods with 8-10 large peas per pod,"Long, straight, well-filled pods with large, plump peas","Rich, sweet, and meaty with excellent fresh pea flavor","Premium fresh eating, excellent for freezing, soups, and gourmet cooking applications.",true,false,2,11,Good vigor but limited disease resistance. May be susceptible to powdery mildew in humid conditions.,"Aphids, pea moths, thrips, birds (attracted to sweet peas)","Powdery mildew, fusarium wilt, root rot, pea enation mosaic virus",ncstate,https://plants.windrivergreens.com/pea/alderman
255,pea,Cascadia,cascadia,Pisum sativum,"Cascadia boasts high yields of 2 1/2-3"" pods on 18-20"" vines. Similar in maturity to PLS 141, but with slightly smaller pod size. 2 pods per node on upright plants. Remove string from pods before cooking.",60,7-14,12-18 inches,2-3 inches,Full sun to partial shade (4-6+ hours),"1 inch per week, consistent moisture for best pod quality","Well-drained, fertile soil with good organic matter",6.0-7.0,Easy,true,Warm season annual,Direct sow 2-4 weeks before last frost. Can succession plant every 2 weeks for continuous harvest.,"Bright green, plump edible pods","2 1/2-3""","Thick, crunchy pods with visible peas, eaten whole","Very sweet, crisp, and crunchy with excellent snap pea flavor","Fresh snacking, stir-fries, salads, steaming. Pods and peas eaten together while tender.",true,false,2,11,Fusarium Wilt (Intermediate); Pea Enation Mosaic Virus (High); Powdery Mildew (Intermediate),"Aphids, thrips, pea weevils, leaf miners","Root rot (in poorly drained soils), bacterial blight, downy mildew",johnnys,https://plants.windrivergreens.com/pea/cascadia
256,pea,Sugar Ann,sugar-ann,Pisum sativum,"Consistently the sweetest bush type in our trials, Sugar Ann produces uniform crops of delicious 2-2 1/2"" long peas that hold their flavor well. Matures exceptionally early, with a concentrated set on 20"" dwarf vines with 1-2 pods per node. AAS Winner.",51,7-14,12-18 inches,2-4 inches,Full sun to partial shade (4-6+ hours),"1 inch per week, consistent moisture during flowering","Well-drained, fertile soil with good organic matter",6.0-7.5,Easy,true,Cool season,Direct sow 2-4 weeks before last frost date when soil can be worked. Plant seeds 1-2 inches deep.,Bright green pods with medium green peas,"2-2 1/2""",Bush,"Sweet, crisp, and tender with no strings","Fresh eating, stir-fries, salads, steaming, freezing whole",true,false,2,11,Good resistance to powdery mildew and fusarium wilt,"Aphids, pea weevil, cutworms, thrips","Powdery mildew, root rot, bacterial blight, downy mildew",johnnys,https://plants.windrivergreens.com/pea/sugar-ann
257,pea,Telephone,telephone,Pisum sativum 'Telephone',"A treasured heirloom from the 1870s that remains one of the finest shelling peas ever developed. This tall, vigorous climber produces enormous pods packed with 8-10 large, exceptionally sweet peas that have satisfied gardeners for over 150 years. The impressive height and prolific production make Telephone a garden showstopper that delivers old-fashioned pea flavor at its absolute best.",65-75,7-14,12-18 inches,3-4 inches,Full sun to partial shade (4-6+ hours),"1-1.5 inches per week, especially during pod development","Rich, well-drained loamy soil with good organic content",6.0-7.0,Moderate,false,Cool season,"Direct sow 2-4 weeks before last frost. Plant 2 inches deep and provide tall, sturdy support structures.",Medium green pods with bright green peas,4-5 inch pods,"Large, curved shelling pea pods","Sweet, meaty, and rich with classic pea flavor","Fresh shelling, soups, purees, freezing, traditional British mushy peas",true,false,2,11,Moderate resistance to common pea diseases,"Aphids, pea moth, pea weevil, birds","Powdery mildew, fusarium wilt, ascochyta blight, root rot",ncstate,https://plants.windrivergreens.com/pea/telephone
258,pea,Oregon Giant,oregon-giant,Pisum sativum,"Abundant yields of medium-green pods up to 4 1/2"" long x 1"" wide. The 30"" tall, white-flowered vines produce 1 to 2 pods per node. Bred by the late Dr. James Baggett of Oregon State University.",60,10-14,12-18 inches,4-6 inches,Full sun to partial shade (4-6+ hours),"1-1.5 inches per week, consistent moisture important","Well-drained, fertile soil enriched with compost",6.2-7.0,Moderate,false,Warm season annual,Direct sow in early spring 3-4 weeks before last frost. Plant 1.5 inches deep with strong support system.,Bright light green flat pods,"4 1/2""","Large, flat, wide snow pea pods","Sweet, crisp, and tender with delicate pea flavor","Stir-fries, steaming, fresh eating, Asian dishes, tempura",true,false,2,11,Fusarium Wilt races 1 (High); Pea Enation Mosaic Virus (High); Powdery Mildew (High),"Aphids, pea leaf weevil, thrips, spider mites","Powdery mildew, root rot, pea enation virus, bacterial blight",johnnys,https://plants.windrivergreens.com/pea/oregon-giant
259,pea,Dwarf Grey Sugar,dwarf-grey-sugar,Pisum sativum,"An attractive addition to salad mixes, Dwarf Grey Sugar is the preferred variety for both taste and tenderness. A great choice for restaurant sales. 28"" vines. Edible Flowers: The flowers, with their mild and pea-like flavor, are a popular choice for brightening up salad mix. They can also be used in micro mix salads, as a garnish for desserts, or for candying to place on cakes.",60-65,7-10,12-18 inches,3-4 inches,Full sun to partial shade (4-6+ hours),"1 inch per week, avoid overwatering",Well-drained garden soil with moderate fertility,6.0-7.5,Easy,true,Warm season annual,Direct sow 2-3 weeks before last frost date. Plant seeds 1.5 inches deep in rows or containers.,Medium green pods with purple flowers,"28""","Flat, tender snow pea pods","Sweet, tender, and crisp with no strings","Fresh eating, light cooking, salads, garnish, quick sautéing",true,false,2,11,Naturally hardy with good general disease tolerance,"Aphids, flea beetles, cutworms, slugs","Powdery mildew, damping-off, bacterial wilt, mosaic virus",johnnys,https://plants.windrivergreens.com/pea/dwarf-grey-sugar
260,pea,Kelvedon Wonder,kelvedon-wonder,Pisum sativum 'Kelvedon Wonder',"A British favorite since 1925 that combines early maturity with exceptional productivity in a compact plant. This reliable variety produces abundant crops of well-filled pods containing 7-9 sweet, tender peas that have made it a mainstay in European gardens for nearly a century. Kelvedon Wonder's dependable performance and superior flavor make it perfect for gardeners seeking a proven, space-efficient shelling pea.",60-65,7-10,12-18 inches,2-3 inches,Full sun to partial shade (4-6+ hours),"1 inch per week, consistent during flowering and podding","Well-drained, moderately fertile garden soil",6.0-7.0,Easy,true,Cool season,Direct sow 3-4 weeks before last frost when soil temperature reaches 45°F. Plant 1.5 inches deep.,Dark green pods with bright green peas,3-4 inch pods,"Well-filled, slightly curved shelling pods","Sweet, tender, and full-flavored with excellent texture","Fresh shelling, freezing, soups, side dishes, traditional British preparations",true,false,2,11,"Good general disease resistance, naturally hardy variety","Pea aphid, pea weevil, thrips, birds","Fusarium wilt, powdery mildew, root rot, pea leaf roll virus",ncstate,https://plants.windrivergreens.com/pea/kelvedon-wonder
261,pea,Sugar Sprint,sugar-sprint,Pisum sativum 'Sugar Sprint',"An early-season snap pea that delivers sweet, crunchy pods in record time. This compact variety is perfect for impatient gardeners who want to harvest delicious snap peas within 60 days of planting. The vigorous plants produce abundant 3-inch pods that are excellent for fresh eating, stir-fries, or freezing.",60-65,7-14,12-18 inches,4-6 inches,Full sun to partial shade (4-6+ hours),"1 inch per week, consistent moisture during flowering","Well-drained, fertile soil enriched with compost",6.0-7.0,Easy,true,Cool season,"Direct sow 2-4 weeks before last frost. Plant seeds 1-2 inches deep in cool, moist soil.",Bright green pods,3-3.5 inches long,"Plump, rounded snap pea pods","Sweet and crisp with tender, edible pods","Fresh eating, stir-fries, salads, steaming, freezing for later use",false,true,2,11,Good resistance to powdery mildew and pea enation virus,"Aphids, pea weevil, thrips, cutworms","Powdery mildew, root rot, bacterial blight, downy mildew",ncstate,https://plants.windrivergreens.com/pea/sugar-sprint
262,pea,Purple Top,purple-top,Pisum sativum 'Purple Top',"Purple Top is a heirloom pea variety known for its distinctive purple-tinged pod coloring that fades to green at maturity. This early maturing variety reaches harvest readiness in approximately 37 days, producing sweet, tender pods with a delicate, subtle pea flavor. The plants thrive in full sun and well-drained soil enriched with organic matter. Purple Top stands out among heirloom peas for its unique visual appeal and exceptional sweetness, making it a prized choice for both fresh eating and culinary use. The variety is moderately challenging to grow and requires attention to common pea pests including aphids, spider mites, and slugs.",37,10-14,3 feet,4-6 inches,Full sun (6-8 hours),High — consistent moisture needed,"Rich, well-drained loam with good organic content",6.0-7.5,Moderate,false,Warm season annual,Direct sow in early spring 4-6 weeks before last frost. Soak seeds overnight before planting 1-2 inches deep.,Purple-tinged green pods with purple flowers,"8-10""","Flat, wide snow pea pods","Sweet, tender, and delicate with subtle pea flavor","Asian stir-fries, fresh eating, steaming, sautéing, decorative garnish",true,false,5,9,Limited disease resistance typical of heirlooms,"Pea aphid, spider mites, pea leaf weevil, slugs","Fusarium wilt, powdery mildew, root rot, pea mosaic virus",usda+johnnys,https://plants.windrivergreens.com/pea/purple-top
263,pea,Golden Sweet,golden-sweet,Pisum sativum 'Golden Sweet',"Golden Sweet is a hybrid pea variety renowned for its exceptional sweetness and crisp, tender texture. Reaching maturity in approximately 60 days, this variety produces vibrant green pods filled with plump, sugary peas ideal for fresh eating, steaming, or light cooking. The plants thrive in full sun conditions and well-drained, fertile soil enriched with organic matter. Golden Sweet stands out among pea varieties for its superior flavor profile, delivering a distinctly sweet taste that appeals to both home gardeners and culinary enthusiasts. This variety maintains moderate growing difficulty and is best harvested at peak ripeness for optimal sweetness and texture.",60,8-14,1-10 feet,4-6 inches,Full sun (6+ hours),High — consistent moisture needed,"Well-drained, fertile soil with good organic matter",6.2-7.0,Moderate,false,Warm season annual,Direct sow 2-3 weeks before last frost date. Plant seeds 1.5-2 inches deep in prepared soil.,Bright golden-yellow pods,15-20 g,Indeterminate,"Exceptionally sweet with crisp, tender texture","Gourmet stir-fries, fresh eating, steaming, colorful salads, specialty cooking",false,true,10,11,Fusarium Wilt races 1 (High); Resistant to Leaf Molds A-E (High),"Aphids, thrips, pea weevil, leafminer","Powdery mildew, bacterial blight, pea enation virus, downy mildew",usda+ncstate+johnnys,https://plants.windrivergreens.com/pea/golden-sweet
264,pea,Progress No. 9,progress-no-9,Pisum sativum 'Progress No. 9',"A dependable English shelling pea that has been a garden favorite since the 1930s, prized for its consistent production and excellent flavor. This compact, dwarf variety produces plump pods filled with 7-9 large, sweet peas that are perfect for fresh eating or preserving. Its reliable performance and disease resistance make it an ideal choice for beginning gardeners.",60-65,7-14,12-18 inches,3-4 inches,Full sun to partial shade (4-6+ hours),"1 inch per week, especially during pod development","Well-drained, moderately fertile soil with good structure",6.0-7.0,Easy,true,Cool season,Direct sow 4-6 weeks before last frost. Plant seeds 1-2 inches deep in rows or blocks.,Medium green pods with bright green peas,3.5-4 inches long pods,"Plump, well-filled shelling pea pods","Sweet, tender peas with classic English pea flavor","Fresh eating, freezing, canning, soups, side dishes, pea salads",true,false,2,11,Good resistance to fusarium wilt and pea mosaic virus,"Pea aphid, cutworms, pea weevil, slugs","Powdery mildew, root rot, bacterial blight, downy mildew",ncstate,https://plants.windrivergreens.com/pea/progress-no-9
265,pea,Carouby de Maussane,carouby-de-maussane,Pisum sativum 'Carouby de Maussane',"A spectacular French heirloom snow pea that produces enormous purple-flowered vines and the largest edible pods of any pea variety. These impressive 4-5 inch wide, flat pods are incredibly tender and sweet when harvested young, making them a gourmet delight. The vigorous climbing plants create an edible privacy screen while producing abundant harvests throughout the cool season.",70-80,10-16,12-18 inches,6-8 inches,Full sun to partial shade (4-6+ hours),"1-1.5 inches per week, deep watering preferred","Rich, well-drained soil with high organic content",6.0-7.5,Moderate to Advanced,false,Cool season,Direct sow in early spring 4-6 weeks before last frost. Pre-soak seeds and plant 2 inches deep with strong support system.,Light green giant pods with purple flowers,"4-5 inches long, very wide","Extra-large, flat, broad snow pea pods",Exceptionally sweet and tender with delicate pea flavor,"Gourmet cooking, stir-fries, steaming, fresh eating, French cuisine specialties",true,false,2,11,"Limited resistance, typical of heritage varieties","Aphids, spider mites, pea leaf weevil, snails and slugs","Powdery mildew, fusarium wilt, pea mosaic virus, root rot",ncstate,https://plants.windrivergreens.com/pea/carouby-de-maussane
266,melon,Sugar Baby Watermelon,sugar-baby-watermelon,Citrullus lanatus var. lanatus,"Round fruits, 6-8"" in diameter, averaging 8-10 lb. Ripe melons are almost black. Good flavor. Tough rinds resist cracking. The standard of ""icebox"" melons for many years. Avg. 1-2 fruits/plant.",76,7-10,4-8 inches,3-4 feet,Full sun (6+ hours),"1-2 inches per week, deep watering",Well-drained sandy loam with good organic matter,6.0-7.0,Easy,true,Warm season annual,Direct sow after soil reaches 70°F or start indoors 2-3 weeks before last frost. Plant seeds 1 inch deep.,"Dark green skin with darker stripes, bright red flesh","6-8""","Round to slightly oval, compact","Very sweet with crisp, juicy texture and traditional watermelon flavor","Fresh eating, fruit salads, smoothies, agua fresca, pickling rinds",true,false,3,11,Good resistance to anthracnose and fusarium wilt,"Cucumber beetles, squash bugs, aphids, spider mites","Powdery mildew, downy mildew, bacterial wilt, gummy stem blight",ncstate+johnnys,https://plants.windrivergreens.com/melon/sugar-baby-watermelon
267,melon,Hale's Best Cantaloupe,hale-s-best-cantaloupe,Cucumis melo var. cantaloupensis 'Hale's Best',"A time-tested heirloom cantaloupe that has been America's favorite since the 1920s, prized for its exceptional sweetness and aromatic fragrance. The heavily netted fruits develop deep orange flesh that practically melts in your mouth with perfect melon flavor. This reliable variety thrives in hot climates and consistently produces premium-quality melons that rival anything from the grocery store.",85-90,5-10,6-9 feet,3-4 feet,Full sun (6+ hours),"1-1.5 inches per week, reduce at ripening","Well-drained sandy loam, rich in organic matter",6.0-7.5,Moderate,false,Warm season,Direct sow when soil reaches 65°F or start indoors 3-4 weeks before transplanting. Plant seeds 1/2 inch deep.,"Tan-beige skin with heavy netting, deep orange flesh",3-5 pounds,Oval to round with prominent ribbing,"Intensely sweet and aromatic with classic cantaloupe flavor and smooth, melting texture","Fresh eating, fruit salads, prosciutto wraps, smoothies, sorbet, preserves",true,false,2,11,"Moderate resistance to powdery mildew, some tolerance to fusarium wilt","Aphids, cucumber beetles, squash vine borers, thrips","Powdery mildew, downy mildew, bacterial wilt, alternaria leaf spot",ncstate,https://plants.windrivergreens.com/melon/hale-s-best-cantaloupe
268,melon,Honey Rock Cantaloupe,honey-rock-cantaloupe,Cucumis melo var. cantaloupensis 'Honey Rock',"An exceptional heirloom cantaloupe from 1933 that earned All-America Selections honors for its outstanding sweetness and reliability. This variety produces perfectly round, heavily netted fruits with thick, orange flesh that's incredibly sweet and aromatic. Honey Rock is treasured by gardeners for its consistent production, excellent storage quality, and flavor that intensifies as the fruit ripens.",80-90,5-10,6-9 feet,2-3 feet,Full sun (6+ hours),"1-1.5 inches per week, consistent moisture",Well-drained loamy soil with good organic content,6.2-7.0,Easy,true,Warm season,Direct sow after soil warms to 65°F or start indoors 2-3 weeks before last frost. Plant 1/2 inch deep.,"Light tan skin with coarse netting, salmon-orange flesh",2-3 pounds,"Round to slightly flattened, well-ribbed","Sweet and honey-like with tender, juicy salmon-colored flesh","Fresh eating, breakfast fruit, fruit platters, smoothies, melon balls",true,false,2,11,Good resistance to fusarium wilt and powdery mildew,"Cucumber beetles, aphids, spider mites, squash bugs","Bacterial wilt, downy mildew, anthracnose, gummy stem blight",ncstate,https://plants.windrivergreens.com/melon/honey-rock-cantaloupe
269,melon,Crimson Sweet Watermelon,crimson-sweet-watermelon,Citrullus lanatus var. lanatus,"Dark and light yellow-green striped, 10"" x 12"" blocky oval fruits weigh in at 15-25 lb. Crisp, sweet pink flesh and vigorous vines. Avg. 1-2 fruits/plant.",85,7-10,4-8 inches,4-6 feet,Full sun (6+ hours),"1-2 inches per week, deep watering preferred",Well-drained sandy loam with plenty of organic matter,6.0-7.0,Moderate,false,Warm season annual,Direct sow when soil reaches 70°F or start indoors 3-4 weeks before transplanting. Plant seeds 1 inch deep in hills.,"Light green skin with dark green stripes, deep red flesh","10""",Oval to oblong with uniform shape,Exceptionally sweet and juicy with classic watermelon flavor and crisp texture,"Fresh eating, summer picnics, fruit salads, juice, grilling, pickled rinds",true,false,3,11,Excellent resistance to anthracnose and fusarium wilt,"Cucumber beetles, squash vine borers, aphids, thrips","Powdery mildew, bacterial fruit blotch, gummy stem blight",ncstate+johnnys,https://plants.windrivergreens.com/melon/crimson-sweet-watermelon
270,melon,Charentais Cantaloupe,charentais-cantaloupe,Cucumis melo,"Charentais cantaloupe is a French heirloom melon prized for its distinctive netted, pale golden-orange rind and dense, silky orange flesh. Reaching harvest in approximately 75 days, this hybrid variety produces small to medium-sized fruits (2-3 lbs) with exceptional sugar content and aromatic complexity. The intensely sweet, perfumed flavor features subtle floral notes that distinguish it from conventional cantaloupes, making it a favorite among discerning gardeners and chefs. Requires full sun and excellent drainage to thrive in home gardens.",75,5-8,6-9 feet,3-4 feet,Full sun (6+ hours),"1-1.5 inches per week, reduce significantly at ripening","Well-drained sandy loam, excellent drainage essential",6.5-7.5,Challenging,false,Warm season annual,Start indoors 4-6 weeks before transplanting or direct sow in warm soil. Requires consistent 70-85°F temperatures.,"Pale green to cream skin with faint ribs, deep orange flesh","5-5 1/2""","Round with shallow ribbing, smooth skin","Intensely sweet and perfumed with complex floral notes and silky, dense flesh","Dessert course, gourmet fruit platters, pairing with prosciutto, fine dining presentations",false,true,2,11,Fusarium Wilt races 0-2 (High); Powdery Mildew (Intermediate),"Aphids, spider mites, cucumber beetles, melon fly","Powdery mildew, fusarium wilt, bacterial wilt, crown rot",ncstate+johnnys,https://plants.windrivergreens.com/melon/charentais-cantaloupe
271,melon,Minnesota Midget Cantaloupe,minnesota-midget-cantaloupe,Cucumis melo var. cantaloupensis 'Minnesota Midget',"A compact cantaloupe variety developed by the University of Minnesota for short growing seasons and small spaces. This prolific heirloom produces sweet, orange-fleshed melons weighing just 1-2 pounds each on compact vines perfect for northern gardens. Despite its small size, it delivers full cantaloupe flavor and is ready to harvest in just 70 days.",70-75,7-10,6-9 feet,18-24 inches,Full sun (6+ hours),"1-1.5 inches per week, deep watering",Well-drained sandy loam with good organic matter,6.0-7.0,Easy,true,Warm season,Direct sow after soil reaches 65°F or start indoors 2-4 weeks before last frost. Plant seeds 1/2 inch deep.,Tan netted skin with bright orange flesh,"4-5 inches diameter, 1-2 pounds",Round to slightly oval,Sweet and aromatic with classic cantaloupe flavor,"Fresh eating, fruit salads, breakfast dishes, smoothies",true,false,2,11,"Good resistance to cool weather stress, moderate disease resistance","Cucumber beetles, aphids, squash bugs","Powdery mildew, downy mildew, bacterial wilt",ncstate,https://plants.windrivergreens.com/melon/minnesota-midget-cantaloupe
272,melon,Blacktail Mountain Watermelon,blacktail-mountain-watermelon,Citrullus lanatus 'Blacktail Mountain',"Developed in Idaho for short-season growing, this remarkable heirloom produces full-sized, incredibly sweet watermelons in just 75 days even in cool climates. The round, dark green fruits with subtle stripes contain bright red flesh that rivals any long-season variety for flavor and sweetness. Perfect for northern gardeners who thought they couldn't grow watermelons.",70-75,5-10,4-8 inches,36-48 inches,Full sun (6+ hours),"1-2 inches per week, reduce as fruit ripens","Well-drained sandy loam, tolerates various soil types",6.0-7.5,Easy,false,Warm season,Direct sow when soil reaches 65°F or start indoors 2-3 weeks before last frost. Plant seeds 1 inch deep.,Dark green skin with red flesh and black seeds,"8-10 inches long, 6-12 pounds",Oval to round,Sweet and juicy with excellent watermelon flavor,"Fresh eating, fruit salads, juice, preserves",true,false,3,8,"Good cold tolerance, moderate disease resistance","Cucumber beetles, aphids, squash vine borers","Anthracnose, fusarium wilt, bacterial fruit blotch",ncstate,https://plants.windrivergreens.com/melon/blacktail-mountain-watermelon
273,melon,Galia Melon,galia-melon,Cucumis melo var. reticulatus 'Galia',"An Israeli-bred hybrid melon that combines the best traits of cantaloupe and honeydew, featuring aromatic pale green flesh with tropical flavor notes. This netted melon has become increasingly popular with home gardeners for its exceptional sweetness, long storage life, and distinctive spicy-sweet aroma. The cream-colored flesh is incredibly juicy and melts in your mouth.",85-100,7-14,6-9 feet,36-48 inches,Full sun (6+ hours),"1-1.5 inches per week, consistent moisture",Well-drained fertile loam with good organic content,6.5-7.5,Moderate,false,Warm season,Start indoors 3-4 weeks before last frost or direct sow when soil reaches 70°F. Plant seeds 1/2 inch deep.,Golden-yellow netted skin with pale green to cream flesh,"5-7 inches diameter, 2-4 pounds",Round to slightly oval,"Very sweet with tropical notes, aromatic and perfumed","Fresh eating, fruit platters, desserts, pairs well with prosciutto",false,true,2,11,Good resistance to powdery mildew and aphids,"Cucumber beetles, aphids, thrips","Downy mildew, fusarium wilt, bacterial wilt",ncstate,https://plants.windrivergreens.com/melon/galia-melon
274,melon,Collective Farm Woman Melon,collective-farm-woman-melon,Cucumis melo var. inodorus 'Collective Farm Woman',"A treasured Ukrainian heirloom honeydew-type melon with an unforgettable name and exceptional flavor that has won over gardeners worldwide. This reliable variety produces smooth, cream-colored melons with incredibly sweet, white flesh that stores well into winter. Originally grown on Soviet collective farms, it's perfectly adapted to shorter seasons and variable weather conditions.",80-90,7-14,6-9 feet,36-48 inches,Full sun (6+ hours),"1-1.5 inches per week, deep watering preferred",Well-drained loamy soil with moderate fertility,6.0-7.0,Moderate,false,Warm season,Start indoors 3-4 weeks before last frost or direct sow when soil reaches 65°F. Plant seeds 1/2 inch deep.,Cream to pale yellow smooth skin with white flesh,"6-8 inches diameter, 3-5 pounds",Round to oval,Very sweet and refreshing with honeydew-like flavor,"Fresh eating, fruit salads, preserves, excellent storage melon",true,false,2,11,"Good adaptation to cool conditions, moderate disease resistance","Cucumber beetles, squash bugs, aphids","Powdery mildew, bacterial wilt, anthracnose",ncstate,https://plants.windrivergreens.com/melon/collective-farm-woman-melon
275,melon,Jenny Lind Melon,jenny-lind-melon,Cucumis melo var. reticulatus 'Jenny Lind',"A charming 1840s heirloom cantaloupe named after the famous Swedish opera singer, featuring distinctive turban-shaped fruits with a pronounced button end. This early-maturing variety produces small, intensely flavored melons with pale orange flesh and fine netting that were once sold by street vendors in Philadelphia. The compact size and exceptional flavor make it perfect for small gardens and fresh eating.",70-80,7-10,6-9 feet,30-36 inches,Full sun (6+ hours),"1-1.5 inches per week, consistent moisture",Well-drained sandy loam with good organic matter,6.0-7.0,Easy,true,Warm season,Direct sow after soil reaches 65°F or start indoors 2-3 weeks before last frost. Plant seeds 1/2 inch deep.,Light green with fine netting and pale orange flesh,"3-4 inches diameter, 1-2 pounds",Flattened round with distinctive turban button end,Intensely sweet and aromatic with rich cantaloupe flavor,"Fresh eating, individual servings, fruit cups, gourmet presentations",true,false,2,11,"Typical heirloom disease resistance, adapted to eastern climates","Cucumber beetles, squash vine borers, aphids","Powdery mildew, bacterial wilt, downy mildew",ncstate,https://plants.windrivergreens.com/melon/jenny-lind-melon
276,melon,Ambrosia Cantaloupe,ambrosia-cantaloupe,Cucumis melo var. cantalupensis 'Ambrosia',"A premium hybrid cantaloupe that lives up to its heavenly name with exceptionally sweet, aromatic flesh and reliable production. Known for its thick, salmon-orange flesh and high sugar content, this variety consistently produces perfectly round melons with excellent shelf life. Ambrosia combines the best traits of heirloom flavor with modern hybrid vigor and disease resistance.",86-90,7-10,6-9 feet,36-48 inches,Full sun (6+ hours),"1-2 inches per week, reduce near harvest","Well-drained, fertile sandy loam with good organic content",6.0-7.0,Moderate,false,Warm season,Direct sow after soil reaches 70°F or start indoors 3-4 weeks before last frost. Transplant carefully to avoid root disturbance.,Tan netted rind with deep salmon-orange flesh,3-4 pounds,Round to slightly oval with prominent netting,"Exceptionally sweet and aromatic with rich, creamy texture","Fresh eating, fruit salads, smoothies, desserts, prosciutto wraps",false,true,2,11,"Resistant to fusarium wilt races 0 and 2, powdery mildew","Cucumber beetles, aphids, spider mites, squash bugs","Bacterial wilt, downy mildew, anthracnose, alternaria leaf spot",ncstate,https://plants.windrivergreens.com/melon/ambrosia-cantaloupe
277,melon,Crenshaw Melon,crenshaw-melon,Cucumis melo var. inodorus 'Crenshaw',"An heirloom treasure that's considered the 'Cadillac of melons' for its incredibly sweet, spicy-floral flavor and smooth, creamy texture. This large, teardrop-shaped melon starts green and ripens to golden-yellow with pink-orange flesh that's almost perfumed in its intensity. Crenshaw melons are prized by gourmet cooks and melon enthusiasts for their unparalleled eating quality.",110-130,8-12,6-9 feet,48-60 inches,Full sun (6+ hours),"1.5-2 inches per week, consistent moisture","Deep, well-drained fertile loam with excellent drainage",6.5-7.5,Difficult,false,Warm season,"Direct sow in warm soil (75°F+) or start indoors 4 weeks before transplanting. Requires long, hot growing season.",Golden-yellow rind with salmon-pink to orange flesh,5-9 pounds,"Large, oval to teardrop-shaped with smooth rind","Exceptionally sweet with spicy, floral notes and creamy, melting texture","Premium fresh eating, elegant fruit platters, sorbets, high-end restaurant desserts",true,false,2,11,"Limited disease resistance, susceptible to most common melon diseases","Aphids, cucumber beetles, spider mites, thrips","Powdery mildew, downy mildew, fusarium wilt, bacterial wilt",ncstate,https://plants.windrivergreens.com/melon/crenshaw-melon
278,melon,Honeydew Melon,honeydew-melon,Cucumis melo var. inodorus,"The classic smooth-skinned melon beloved for its pale green, incredibly sweet flesh and refreshing flavor that defines summer. This popular variety produces large, oval fruits with creamy white rinds that develop a slight yellow tinge when perfectly ripe. Honeydew's mild, clean sweetness and crisp texture make it a favorite for fresh eating and a staple in grocery stores worldwide.",100-110,7-10,6-9 feet,36-48 inches,Full sun (6+ hours),"1-2 inches per week, reduce before harvest","Well-drained, fertile sandy loam with good organic matter",6.0-7.0,Moderate,false,Warm season,"Direct sow when soil is 70°F+ or start indoors 3-4 weeks before transplanting. Needs warm, long growing season.",Creamy white to pale yellow rind with pale green flesh,4-8 pounds,"Large oval with smooth, waxy rind","Sweet, mild, and refreshing with crisp, juicy texture","Fresh eating, fruit salads, smoothies, agua frescas, melon balls, breakfast platters",false,false,2,11,Moderate resistance to some fungal diseases when grown in proper conditions,"Cucumber beetles, aphids, spider mites, squash vine borers","Powdery mildew, downy mildew, fusarium wilt, alternaria leaf blight",ncstate,https://plants.windrivergreens.com/melon/honeydew-melon
279,melon,Tiger Baby Watermelon,tiger-baby-watermelon,Citrullus lanatus 'Tiger Baby',"A delightful personal-sized watermelon perfect for small gardens and container growing, featuring distinctive dark green stripes over a lighter green background. This compact variety produces sweet, crisp red flesh in perfectly portioned individual melons that are ideal for picnics and small families. Tiger Baby combines space-saving growth habits with traditional watermelon flavor in an adorable, manageable package.",75-85,7-10,4-8 inches,24-36 inches,Full sun (6+ hours),"1-2 inches per week, consistent moisture","Well-drained, fertile sandy loam with good organic content",6.0-7.0,Easy,true,Warm season,Direct sow after soil reaches 70°F or start indoors 3-4 weeks before last frost. Can be grown in large containers (20+ gallons).,"Light green with dark green stripes, bright red flesh with black seeds",6-10 pounds,"Round to slightly oval, compact and uniform","Sweet, crisp, and refreshing with traditional watermelon flavor","Fresh eating, individual servings, lunch boxes, picnics, fruit salads, agua frescas",false,true,3,11,Good resistance to anthracnose and fusarium wilt,"Cucumber beetles, aphids, squash bugs, spider mites","Powdery mildew, downy mildew, bacterial fruit blotch, gummy stem blight",ncstate,https://plants.windrivergreens.com/melon/tiger-baby-watermelon
280,melon,Moon and Stars Watermelon,moon-and-stars-watermelon,Citrullus lanatus 'Moon and Stars',"A spectacular heirloom watermelon famous for its mystical dark green rind decorated with yellow 'stars' and larger yellow 'moons' that make each fruit a work of art. Nearly lost to extinction until the 1980s, this Cherokee heirloom produces large, sweet melons with pink-red flesh and the same celestial markings on its foliage. Moon and Stars is as much a conversation piece as it is a delicious watermelon, perfect for gardeners who love growing living history.",90-100,7-14,4-8 inches,48-72 inches,Full sun (6+ hours),"1-2 inches per week, deep watering preferred","Rich, well-drained sandy loam with plenty of organic matter",6.0-7.0,Moderate,false,Warm season,"Direct sow when soil is 70°F+ or start indoors 3-4 weeks before transplanting. Needs long, warm growing season and plenty of space.","Dark green rind with yellow spots, pink-red flesh with brown seeds",15-40 pounds,"Large, oblong to round with distinctive spotted pattern","Sweet, traditional watermelon flavor with fine-grained, juicy texture","Fresh eating, dramatic centerpiece, seed saving, agricultural fairs and competitions",true,false,4,10,"Limited disease resistance typical of heirlooms, susceptible to common watermelon diseases","Cucumber beetles, squash bugs, aphids, spider mites","Anthracnose, fusarium wilt, powdery mildew, bacterial fruit blotch",ncstate,https://plants.windrivergreens.com/melon/moon-and-stars-watermelon
281,melon,Cantaloupe Athena,cantaloupe-athena,Cucumis melo var. cantalupensis 'Athena',"A premium hybrid cantaloupe that delivers exceptional disease resistance and consistent, sweet flavor that rivals the best heirlooms. Athena produces perfectly netted, medium-sized fruits with deep orange flesh that's incredibly aromatic and sweet. This reliable variety has become a favorite among home gardeners who want guaranteed success without sacrificing taste.",80-85,5-10,6-9 feet,36-48 inches,Full sun (6+ hours),"1-2 inches per week, deep watering at soil level","Well-drained, fertile sandy loam with good organic content",6.0-7.0,Easy to moderate,false,Warm season,Start indoors 3-4 weeks before last frost or direct sow when soil reaches 70°F. Plant in hills or raised beds for better drainage.,Tan netted exterior with bright orange interior flesh,3-4 pounds,Round to slightly oval with pronounced netting,Intensely sweet and aromatic with classic cantaloupe flavor,"Fresh eating, fruit salads, smoothies, prosciutto wraps, desserts, breakfast bowls",false,true,2,11,"Excellent resistance to fusarium wilt races 0 and 2, powdery mildew, and aphid-transmitted viruses","Cucumber beetles, aphids, squash bugs, spider mites","Bacterial wilt, downy mildew, anthracnose, alternaria leaf spot",ncstate,https://plants.windrivergreens.com/melon/cantaloupe-athena
282,melon,Jade Dew Honeydew,jade-dew-honeydew,Cucumis melo var. inodorus 'Jade Dew',"An exceptional honeydew variety that produces consistently sweet, pale green flesh with an incredibly smooth, creamy texture that melts in your mouth. Unlike many honeydews that can be bland, Jade Dew develops remarkable sweetness and a subtle floral aroma when properly ripened. This compact variety is perfect for smaller gardens while still producing full-sized, delicious fruits.",85-95,7-12,6-9 feet,36-48 inches,Full sun (6+ hours),"1-2 inches per week, consistent moisture with good drainage",Well-drained sandy loam with high organic matter content,6.5-7.5,Moderate,false,Warm season,Start indoors 3-4 weeks before last frost or direct sow when soil temperature reaches 70°F. Plant in hills with black plastic mulch for heat retention.,Smooth ivory to pale yellow skin with pale green flesh,4-6 pounds,"Round to oval with smooth, waxy skin",Sweet and refreshing with subtle floral notes and creamy texture,"Fresh eating, fruit salads, smoothies, agua frescas, sorbet, chilled soups, appetizer platters",false,true,2,11,Good resistance to powdery mildew and fusarium wilt,"Aphids, cucumber beetles, squash vine borers, thrips","Powdery mildew, downy mildew, bacterial fruit blotch, gummy stem blight",ncstate,https://plants.windrivergreens.com/melon/jade-dew-honeydew
283,melon,Charleston Gray Watermelon,charleston-gray-watermelon,Citrullus lanatus 'Charleston Gray',"A classic heirloom watermelon that has been delighting gardeners since the 1950s with its distinctive gray-green skin and exceptional disease resistance. Charleston Gray produces large, oblong fruits with sweet, crisp red flesh that's perfect for summer gatherings and has excellent keeping quality. This vigorous variety consistently delivers reliable harvests even in challenging growing conditions.",85-90,7-10,4-8 inches,72-96 inches,Full sun (6+ hours),"1-2 inches per week, deep watering with mulch to retain moisture",Well-drained sandy loam with plenty of organic matter,6.0-7.0,Easy to moderate,false,Warm season,Direct sow when soil temperature reaches 70°F or start indoors 3-4 weeks before last frost. Plant in hills 6-8 feet apart with plenty of space for vines.,"Light gray-green skin with dark green stripes, bright red flesh with black seeds",25-40 pounds,"Large, elongated oval",Sweet and refreshing with classic watermelon flavor and crisp texture,"Fresh eating, picnics, fruit salads, juice, agua fresca, pickled rinds, grilling",true,false,4,11,"Excellent resistance to fusarium wilt and anthracnose, good tolerance to sunscald","Cucumber beetles, aphids, squash bugs, flea beetles","Bacterial fruit blotch, gummy stem blight, powdery mildew, mosaic virus",ncstate,https://plants.windrivergreens.com/melon/charleston-gray-watermelon
284,melon,Boule d'Or Charentais,boule-d-or-charentais,Cucumis melo var. cantalupensis 'Boule d'Or',"An authentic French Charentais melon that represents the pinnacle of melon flavor with its incredibly aromatic, orange flesh that's intensely sweet and perfumed. Boule d'Or produces small, personal-sized fruits with smooth, pale skin that turns golden when ripe, each one delivering the authentic taste of French summer markets. This heirloom variety requires patience but rewards gardeners with unparalleled flavor that commercial melons simply cannot match.",75-85,5-8,6-9 feet,36-48 inches,Full sun (6+ hours),"1-1.5 inches per week, moderate water with excellent drainage","Well-drained, fertile sandy loam with excellent drainage",6.5-7.5,Moderate to challenging,true,Warm season,"Start indoors 3-4 weeks before last frost or direct sow when soil reaches 70°F. Requires warm, sunny location with protection from cool weather.","Smooth pale green skin turning golden-yellow when ripe, deep orange flesh",1-2 pounds,"Small, round to slightly flattened globe",Intensely sweet and aromatic with complex floral notes and perfumed fragrance,"Fresh eating as dessert, elegant fruit courses, pairing with prosciutto, gourmet preparations, wine pairings",true,false,2,11,"Limited disease resistance typical of heirlooms, susceptible to fungal diseases in humid conditions","Aphids, cucumber beetles, spider mites, thrips","Powdery mildew, downy mildew, fusarium wilt, bacterial wilt",ncstate,https://plants.windrivergreens.com/melon/boule-d-or-charentais
285,melon,Ali Baba Watermelon,ali-baba-watermelon,Citrullus lanatus 'Ali Baba',"An remarkable Iraqi heirloom watermelon that produces enormous fruits weighing up to 100 pounds with incredibly sweet, crisp flesh that stays fresh for weeks after harvest. Ali Baba features distinctive pale green skin with dark stripes and develops exceptional sweetness while maintaining excellent texture even in its massive size. This conversation-starting variety is perfect for gardeners who want to grow something truly spectacular and have the space for its vigorous vines.",100-110,7-12,4-8 inches,96-120 inches,Full sun (6+ hours),"2-3 inches per week, consistent deep watering throughout growing season","Deep, well-drained fertile loam with high organic matter",6.0-7.0,Moderate to challenging,false,Warm season,"Direct sow when soil reaches 70°F, requires long growing season. Plant in amended hills with 10+ feet spacing between plants for adequate room.","Light green skin with dark green stripes, bright red flesh with brown seeds",40-100 pounds,"Very large, elongated oval to oblong",Very sweet with excellent crisp texture and refreshing juice,"Fresh eating for large gatherings, juicing, preserving, competition growing, special events",true,false,5,10,Good natural vigor but limited specific disease resistance,"Cucumber beetles, squash bugs, aphids, vine borers","Fusarium wilt, anthracnose, gummy stem blight, bacterial fruit blotch",ncstate,https://plants.windrivergreens.com/melon/ali-baba-watermelon
286,eggplant,Black Beauty,black-beauty,Solanum melongena 'Black Beauty',"Black Beauty is a classic heirloom eggplant known for its glossy, deep purple-black skin and elongated oval shape. Reaching maturity in 90-100 days, this variety produces firm, creamy-textured fruit with a mild flavor and minimal bitterness. The tender, smooth flesh makes it ideal for roasting, grilling, and Mediterranean dishes. A reliable producer in full sun conditions, Black Beauty remains a gardener favorite for its consistent yields and superior culinary quality.",90-100,10-21,2-3 feet,18-24 inches,Full sun (6+ hours),High — consistent moisture needed,"Rich, well-drained loam with organic matter",6.0-6.8,Easy,true,Warm season annual,Start indoors 8-10 weeks before last frost. Transplant after soil reaches 65°F and nighttime temperatures stay above 50°F.,Deep glossy purple-black,"1 1/2-2 1/2""",Classic oval teardrop,"Mild, creamy texture with minimal bitterness","Excellent for grilling, roasting, eggplant parmesan, moussaka, baba ganoush, and stir-fries",true,false,4,11,Moderate resistance to common eggplant diseases,"Flea beetles, Colorado potato beetle, aphids, spider mites","Verticillium wilt, bacterial wilt, phomopsis blight, early blight",ncstate+johnnys,https://plants.windrivergreens.com/eggplant/black-beauty
287,eggplant,Japanese Long,japanese-long,Solanum melongena 'Japanese Long',"An elegant Asian variety producing slender, foot-long fruits with incredibly tender skin that never needs peeling. The sweet, mild flesh has virtually no bitterness and cooks quickly, making it perfect for stir-fries and Asian cuisine. This productive variety offers a completely different eggplant experience from traditional globe types.",70-80,10-21,2-4 feet,18-24 inches,Full sun (6+ hours),High — consistent moisture needed,"Well-drained, fertile soil with good organic content",6.0-7.0,Easy to Moderate,true,Year Round,Start seeds indoors 8-10 weeks before last frost. Transplant when soil temperature reaches 65°F consistently.,Deep purple to black,"10-12 inches long, 8-12 oz","Long, slender, cylindrical","Sweet, mild, and tender with no bitterness","Perfect for stir-fries, tempura, grilling, Asian dishes, and quick sautéing. No peeling required.",true,false,9,12,Good resistance to common fungal diseases,"Flea beetles, aphids, spider mites, thrips","Verticillium wilt, fusarium wilt, bacterial wilt",usda+ncstate,https://plants.windrivergreens.com/eggplant/japanese-long
288,eggplant,Ichiban,ichiban,Solanum melongena 'Ichiban',"An award-winning Japanese hybrid that's incredibly productive and perfect for beginners, producing dozens of slender 10-inch fruits throughout the season. The tender, non-bitter flesh and thin skin make this variety exceptionally versatile in the kitchen. This reliable performer adapts well to various growing conditions and consistently delivers restaurant-quality eggplants.",61-70,10-14,2-4 feet,18-24 inches,Full sun (6+ hours),High — consistent moisture needed,"Well-drained, fertile soil enriched with compost",6.0-6.8,Easy,true,Year Round,Start indoors 8-10 weeks before last frost date. Transplant outdoors when soil temperature is consistently above 65°F.,Glossy dark purple,"10 inches long, 6-8 oz","Long, slender, straight","Mild, sweet, and creamy with tender texture","Excellent for Asian cuisine, grilling, roasting, stir-fries, and tempura. Thin skin requires no peeling.",false,true,9,12,Good resistance to tobacco mosaic virus and other common diseases,"Flea beetles, Colorado potato beetle, aphids","Verticillium wilt, bacterial wilt, early blight",usda+ncstate,https://plants.windrivergreens.com/eggplant/ichiban
289,eggplant,Rosa Bianca,rosa-bianca,Solanum melongena,"Round fruit streaked with white and violet. Plump and variably ribbed, measuring about 4-6"" long by 5-7"" diameter. Mild, creamy taste. This traditional Italian variety is best adapted to regions with warm nights. Expect low yields in cool areas. Green calyx.",73,14-21,2-4 feet,20-24 inches,Full sun (6+ hours),High — consistent moisture needed,"Rich, well-drained soil with plenty of organic matter",6.2-6.8,Moderate,true,Warm season annual,Start seeds indoors 8-10 weeks before last frost. Transplant after soil warms to 65°F and nights stay above 55°F.,Cream white with lavender-pink streaks and marbling,"4-6""","Round to oval, slightly flattened","Exceptionally mild, sweet, and creamy with no bitterness","Perfect for grilling, roasting, stuffing, Italian dishes, and even eating raw in salads when young",true,false,9,12,Moderate disease resistance typical of heirlooms,"Flea beetles, aphids, spider mites, thrips","Verticillium wilt, fusarium wilt, bacterial wilt, phomopsis blight",usda+ncstate+johnnys,https://plants.windrivergreens.com/eggplant/rosa-bianca
290,eggplant,Fairy Tale,fairy-tale,Solanum melongena,"Attractive fruits measuring 2-4"" long by 3/4-1 1/4"" diameter are borne abundantly on compact 18-24"" plants. Wonderful flavor with no bitterness and very few seeds. Some fruits may be harvested in clusters. Green calyx. AAS Winner.",65,10-14,2-4 feet,12-18 inches,Full sun (6+ hours),High — consistent moisture needed,"Well-drained, fertile potting mix or garden soil",6.0-6.8,Easy,true,Warm season annual,Start indoors 6-8 weeks before last frost. Transplant when soil temperature reaches 65°F and nighttime temperatures stay above 50°F.,Purple and white striped,"2-4""",Small oval to teardrop,"Sweet, tender, and mild with creamy texture","Perfect for grilling whole, roasting, stuffing, appetizers, and gourmet presentations. Great for kids and small portions.",false,true,9,12,Good disease resistance for extended harvest,"Flea beetles, aphids, spider mites","Verticillium wilt, bacterial wilt, early blight",usda+ncstate+johnnys,https://plants.windrivergreens.com/eggplant/fairy-tale
291,eggplant,Ping Tung Long,ping-tung-long,Solanum melongena 'Ping Tung Long',"This Taiwanese heirloom produces stunning 12-inch long, slender purple fruits that are incredibly tender and sweet with no bitterness. The beautiful lavender flowers and prolific production make it both an ornamental and culinary treasure. Perfect for Asian cuisine, it maintains its silky texture even when fully mature.",70-80,10-15,2-4 feet,18-24 inches,Full sun (6+ hours),High — consistent moisture needed,"Well-drained, fertile soil rich in organic matter",6.0-7.0,Easy,true,Year Round,Start indoors 8-10 weeks before last frost. Transplant when soil temperature reaches 65°F and nighttime temperatures stay above 55°F.,Deep purple-violet,"12-18 inches long, 1.5-2 inches diameter","Long, slender, slightly curved","Sweet, mild, and tender with no bitterness","Stir-fries, grilling, roasting, Asian dishes, can be eaten with skin on",true,false,9,12,"Good general disease tolerance, resistant to tobacco mosaic virus","Flea beetles, Colorado potato beetle, aphids, spider mites","Verticillium wilt, bacterial wilt, phomopsis blight",usda+ncstate,https://plants.windrivergreens.com/eggplant/ping-tung-long
292,eggplant,Little Fingers,little-fingers,Solanum melongena 'Little Fingers',"These adorable mini eggplants are perfect for container gardens and small spaces, producing clusters of 3-4 inch finger-sized fruits. The compact plants are incredibly productive and the tiny eggplants are tender, sweet, and cook quickly. Ideal for beginners and perfect for stuffing, grilling whole, or adding to Mediterranean dishes.",65-70,10-14,2-4 feet,12-18 inches,Full sun (6+ hours),High — consistent moisture needed,Well-drained potting mix or garden soil with good organic content,6.0-6.8,Easy,true,Year Round,Start indoors 6-8 weeks before last frost. Transplant after soil warms to 60°F and night temperatures stay above 50°F.,Dark purple-black,"3-4 inches long, 1 inch diameter","Small, finger-like, cylindrical","Mild, sweet, and tender with thin edible skin","Grilling whole, stuffing, roasting, Mediterranean dishes, pickling, appetizers",false,true,9,12,Good resistance to common eggplant diseases,"Flea beetles, aphids, cutworms, hornworms","Fusarium wilt, verticillium wilt, early blight",usda+ncstate,https://plants.windrivergreens.com/eggplant/little-fingers
293,eggplant,Listada de Gandia,listada-de-gandia,Solanum melongena 'Listada de Gandia',"This stunning Spanish heirloom showcases purple and white striped fruits that look almost too beautiful to eat. The oval fruits have incredibly creamy flesh with a mild, sweet flavor and the eye-catching striped pattern makes them conversation starters in any garden. A productive variety that brings both beauty and exceptional taste to the kitchen.",75-85,10-15,2-4 feet,24-30 inches,Full sun (6+ hours),High — consistent moisture needed,"Rich, well-draining soil with plenty of compost",6.2-6.8,Moderate,true,Year Round,Start indoors 8-10 weeks before last frost date. Transplant when soil temperature is consistently above 65°F.,Purple and white striped,"4-6 inches long, 3-4 inches wide",Oval to teardrop shaped,"Mild, sweet, and creamy with no bitterness","Grilling, roasting, ratatouille, stuffing, Mediterranean cuisine, decorative garnish",true,false,9,12,Moderate disease resistance typical of heirloom varieties,"Flea beetles, spider mites, whiteflies, Colorado potato beetle","Bacterial wilt, phomopsis blight, anthracnose",usda+ncstate,https://plants.windrivergreens.com/eggplant/listada-de-gandia
294,eggplant,Epic F1,epic-f1,Solanum melongena 'Epic F1',"This award-winning hybrid is the gold standard for reliable eggplant production, consistently producing large, glossy purple fruits even in challenging conditions. Epic lives up to its name with exceptional disease resistance and heavy yields that keep coming all season long. Perfect for gardeners who want dependable results and classic eggplant flavor for moussaka, baba ganoush, and Italian dishes.",65-75,7-14,2-4 feet,24-30 inches,Full sun (6+ hours),High — consistent moisture needed,"Well-drained, fertile soil with good organic matter",6.0-6.8,Easy,true,Year Round,Start indoors 6-8 weeks before last frost. Transplant when soil reaches 60°F and nighttime temperatures stay above 55°F.,Deep glossy purple-black,"6-8 inches long, 4-5 inches wide",Classic oval teardrop shape,"Rich, meaty texture with mild, classic eggplant flavor","Moussaka, baba ganoush, eggplant parmesan, grilling, roasting, stuffing",false,true,9,12,"Excellent resistance to tobacco mosaic virus, verticillium wilt, and fusarium wilt","Flea beetles, aphids, hornworms, spider mites","Generally disease resistant, occasional bacterial wilt in very wet conditions",usda+ncstate,https://plants.windrivergreens.com/eggplant/epic-f1
295,eggplant,White Egg,white-egg,Solanum melongena 'White Egg',"These charming white eggplants look exactly like giant chicken eggs hanging from the plant, creating a delightful conversation piece in any garden. The creamy white fruits have exceptionally tender flesh and mild, sweet flavor that converts even eggplant skeptics. This productive heirloom variety adds visual interest while delivering superior taste and texture.",70-80,10-15,2-4 feet,18-24 inches,Full sun (6+ hours),High — consistent moisture needed,"Well-drained, rich soil with good compost content",6.0-7.0,Easy to Moderate,true,Year Round,Start indoors 8-10 weeks before last frost. Transplant when soil temperature reaches 65°F consistently.,Pure white to cream,"3-4 inches long, 2-3 inches wide","Egg-shaped, oval","Mild, sweet, and creamy with very tender flesh","Stuffing, grilling, roasting, Asian cuisine, novelty dishes, farmer's market sales",true,false,9,12,"Good general disease tolerance, some susceptibility to bacterial diseases","Flea beetles, Colorado potato beetle, aphids, cutworms","Bacterial wilt, early blight, phomopsis blight",usda+ncstate,https://plants.windrivergreens.com/eggplant/white-egg
296,eggplant,Classic,classic,Solanum melongena 'Classic',"Classic eggplant is a heirloom variety prized for its glossy, deep purple skin and elegant elongated shape. Reaching maturity in 65-75 days, this dependable cultivar thrives in full sun to partial shade and produces abundantly in well-drained, fertile soil. Its defining characteristic is a mild, creamy flesh with minimal bitterness—a quality that makes it exceptionally versatile in the kitchen. Whether roasted, grilled, or fried, Classic eggplant delivers tender, flavorful results without requiring extensive preparation to remove bitter compounds. An ideal choice for gardeners seeking reliable yields and superior eating quality.",65-75,7-14,1-3 feet,18-24 inches,Full sun to partial shade (4-6+ hours),High — consistent moisture needed,"Well-drained, fertile soil rich in organic matter",6.0-7.0,Easy,true,Warm season annual,Start indoors 8-10 weeks before last frost. Transplant after soil temperature reaches 65°F and nighttime temperatures stay above 50°F.,Deep glossy purple,"1-1 1/2""",Traditional oval to teardrop shape,"Mild, creamy texture with minimal bitterness","Excellent for grilling, roasting, baba ganoush, moussaka, eggplant parmesan, and stir-fries",true,false,2,11,Good resistance to verticillium wilt and tobacco mosaic virus,"Flea beetles, Colorado potato beetle, aphids, spider mites","Fusarium wilt, bacterial wilt, phomopsis blight, early blight",ncstate+johnnys,https://plants.windrivergreens.com/eggplant/classic
297,eggplant,Thai Long Green,thai-long-green,Solanum melongena 'Thai Long Green',"An authentic Asian variety prized for its slender, bright green fruits that are essential in Thai and Southeast Asian cooking. These tender eggplants have thin skin, few seeds, and never develop bitterness, making them perfect for curries, stir-fries, and grilled dishes. A must-grow for anyone serious about Asian cuisine.",65-75,7-14,2-4 feet,18-24 inches,Full sun (6+ hours),High — consistent moisture needed,"Well-drained, fertile soil with good organic content",6.0-7.0,Moderate,true,Year Round,Start indoors 8-10 weeks before last frost. Transplant after soil warms to 65°F and all frost danger has passed.,Bright light green,"8-12 inches long, 1-2 inches wide","Long, slender, cylindrical","Mild, sweet, tender with no bitterness","Thai green curry, stir-fries, grilled dishes, som tam, Asian soups and stews",true,false,9,12,"Moderate disease resistance, typical of Asian varieties","Flea beetles, aphids, spider mites, whiteflies","Bacterial wilt, fusarium wilt, verticillium wilt, anthracnose",usda+ncstate,https://plants.windrivergreens.com/eggplant/thai-long-green
298,eggplant,Patio Baby,patio-baby,Solanum melongena,"Bright purple flowers add beauty to this compact edible ornamental. Well-suited for balconies, patios, and gardens and also ideal for pack sales and urban farming operations. Patio Baby is a true mini, maintaining proper proportions of fruit-to-calyx as it grows. The thin-skinned 2-3"" long fruits are tender and perfect for grilling or roasting. Continuous set of spineless fruits make harvest pain-free and child-friendly. Space-saving 18-24"" plants. AAS Regional (Northeast) Winner. Purple calyx.",50,7-14,2-4 feet,12-15 inches,Full sun (6+ hours),High — consistent moisture needed,Well-drained potting mix with good organic content,6.0-7.0,Easy,true,Year Round,Start indoors 8-10 weeks before last frost. Can direct sow in containers after soil reaches 70°F consistently.,Deep purple-black,"2-3""","Small oval, classic eggplant shape","Sweet, tender, mild flavor with creamy texture","Perfect for individual servings, stuffing, grilling, baby eggplant appetizers, Mediterranean dishes",false,true,9,12,Good overall disease resistance for a compact variety,"Flea beetles, aphids, spider mites","Verticillium wilt, bacterial spot, early blight",usda+ncstate+johnnys,https://plants.windrivergreens.com/eggplant/patio-baby
300,eggplant,Millionaire,millionaire,Solanum melongena 'Millionaire',"A premium Japanese hybrid that produces exceptionally long, slender fruits with glossy dark purple skin and absolutely no bitterness. Millionaire is prized by chefs for its tender texture, sweet flavor, and beautiful presentation, living up to its luxurious name. This variety consistently produces picture-perfect eggplants that command top prices at farmers markets.",65-75,7-14,2-4 feet,18-24 inches,Full sun (6+ hours),High — consistent moisture needed,"Rich, well-drained soil with high organic content",6.0-7.0,Moderate,true,Year Round,Start indoors 8-10 weeks before last frost. Transplant after soil reaches 70°F for best results.,Deep glossy purple-black,"10-12 inches long, 2-3 inches wide","Long, slender, perfectly straight","Sweet, tender, completely bitterness-free with silky texture","Japanese nasu dishes, tempura, grilling, elegant presentations, stir-fries, miso glazing",false,true,9,12,Excellent hybrid vigor with good disease tolerance,"Flea beetles, aphids, spider mites, thrips","Verticillium wilt, bacterial wilt, tobacco mosaic virus",usda+ncstate,https://plants.windrivergreens.com/eggplant/millionaire
301,eggplant,Chinese Long,chinese-long,Solanum melongena 'Chinese Long',"A slender Asian heirloom producing gorgeous lavender-purple fruits that can reach up to 20 inches in length. The tender, mild flesh has fewer seeds than globe varieties and never turns bitter, making it perfect for stir-fries and Asian cuisine. This productive variety is beloved by gardeners for its elegant appearance and exceptional eating quality.",70-80,7-14,2-4 feet,18-24 inches,Full sun (6+ hours),High — consistent moisture needed,"Well-drained, fertile loam with organic matter",6.0-7.0,Moderate,true,Year Round,Start indoors 8-10 weeks before last frost. Transplant after soil reaches 65°F and nighttime temperatures stay above 50°F.,Deep lavender-purple,"12-20 inches long, 2-3 inches wide","Very long, slender, cylindrical","Mild, sweet, and tender with no bitterness","Stir-fries, grilling, roasting, Asian dishes, tempura",true,false,9,12,"Good general vigor, moderate disease tolerance","Flea beetles, aphids, spider mites, Colorado potato beetle","Verticillium wilt, bacterial wilt, anthracnose, phomopsis blight",usda+ncstate,https://plants.windrivergreens.com/eggplant/chinese-long
302,eggplant,Dusky F1,dusky-f1,Solanum melongena 'Dusky F1',"An exceptional hybrid that combines the classic teardrop shape of Italian eggplants with outstanding disease resistance and productivity. This compact variety produces glossy, dark purple fruits with creamy white flesh that's perfect for Mediterranean dishes. Dusky is particularly valued for its reliability and consistent performance in challenging growing conditions.",65-75,7-14,2-4 feet,18-24 inches,Full sun (6+ hours),High — consistent moisture needed,"Well-drained, fertile soil with organic matter",6.0-7.0,Easy to Moderate,true,Year Round,Start indoors 8-10 weeks before last frost. Transplant after soil temperature reaches 65°F consistently.,Glossy dark purple-black,"6-8 inches long, 3-4 inches wide",Classic oval teardrop shape,"Creamy, mild flavor with smooth texture","Eggplant parmesan, grilling, roasting, Mediterranean cuisine, moussaka",false,true,9,12,Excellent resistance to tobacco mosaic virus and bacterial wilt,"Flea beetles, aphids, spider mites, thrips","Verticillium wilt, early blight, phomopsis blight",usda+ncstate,https://plants.windrivergreens.com/eggplant/dusky-f1
303,eggplant,Bambino F1,bambino-f1,Solanum melongena 'Bambino F1',"A delightful mini eggplant hybrid that produces clusters of grape-sized purple fruits perfect for cocktail appetizers and gourmet cooking. The compact 12-inch plants are ideal for containers and small spaces, yet produce an abundance of tender, non-bitter fruits. This variety has won over gardeners with its ornamental beauty and gourmet appeal.",45-55,7-14,2-4 feet,12-15 inches,Full sun (6+ hours),High — consistent moisture needed,Well-drained potting mix or garden soil with compost,6.0-7.0,Easy,true,Year Round,Start indoors 8-10 weeks before last frost. Can direct sow in warm climates after soil reaches 70°F.,Deep purple-black,"1-2 inches long, grape-sized","Small oval, grape-like clusters","Sweet, tender, never bitter","Appetizers, pickling, grilling whole, garnish, Mediterranean tapas",false,true,9,12,Good hybrid vigor with moderate disease resistance,"Flea beetles, aphids, spider mites","Verticillium wilt, bacterial wilt, early blight",usda+ncstate,https://plants.windrivergreens.com/eggplant/bambino-f1
304,eggplant,Graffiti F1,graffiti-f1,Solanum melongena 'Graffiti F1',"A stunning hybrid that produces eye-catching striped fruits with purple and white markings that look like they've been painted by an artist. Beyond its ornamental appeal, Graffiti offers excellent eating quality with sweet, tender flesh that's perfect for grilling and roasting. This variety is a conversation starter that combines beauty with outstanding culinary performance.",75-85,7-14,2-4 feet,18-24 inches,Full sun (6+ hours),High — consistent moisture needed,"Rich, well-drained soil with plenty of organic matter",6.0-7.0,Moderate,true,Year Round,Start indoors 8-10 weeks before last frost. Transplant after nighttime temperatures consistently stay above 55°F.,Purple and white striped pattern,"6-8 inches long, 4-5 inches wide",Oval to teardrop shape,"Sweet, mild, and creamy with no bitterness","Grilling, roasting, stuffing, decorative dishes, farmer's market sales",false,true,9,12,Good hybrid vigor with moderate disease tolerance,"Flea beetles, aphids, spider mites, Colorado potato beetle","Verticillium wilt, bacterial wilt, phomopsis blight",usda+ncstate,https://plants.windrivergreens.com/eggplant/graffiti-f1
305,eggplant,Violette di Firenze,violette-di-firenze,Solanum melongena 'Violette di Firenze',"A treasured Italian heirloom from Florence that produces large, ribbed fruits with stunning light purple skin and distinctive white stripes. This variety has been grown in Tuscan gardens for generations, prized for its meaty texture and rich flavor that's perfect for traditional Italian dishes. The dramatic ribbed shape and beautiful coloring make it as ornamental as it is delicious.",80-90,10-21,2-4 feet,24-30 inches,Full sun (6+ hours),High — consistent moisture needed,"Rich, well-drained Mediterranean-style soil with good organic content",6.0-7.0,Moderate to Challenging,false,Year Round,Start indoors 10-12 weeks before last frost. Requires warm soil (70°F+) for transplanting and long growing season.,Light purple with white stripes and green calyx,"6-10 inches long, 4-6 inches wide","Large, deeply ribbed, bulbous","Rich, meaty, and complex with traditional eggplant flavor","Melanzane parmigiana, stuffing, grilling, traditional Italian cuisine, ratatouille",true,false,9,12,"Moderate disease tolerance, susceptible to cool weather stress","Flea beetles, aphids, spider mites, European corn borer","Verticillium wilt, bacterial wilt, anthracnose, phomopsis blight",usda+ncstate,https://plants.windrivergreens.com/eggplant/violette-di-firenze
306,tomato,Cherry Roma,cherry-roma,Solanum lycopersicum 'Cherry Roma',"A delightful miniature version of the classic Roma paste tomato, producing abundant clusters of small, elongated fruits perfect for snacking or cooking. These bite-sized gems pack all the meaty texture and rich flavor of full-sized paste tomatoes into a convenient cherry size. Excellent for continuous harvest throughout the season with remarkable productivity.",75-85,7-10,1-10 feet,18-24 inches,Full sun (6+ hours),High — consistent moisture needed,Well-drained fertile soil with good organic content,6.0-6.8,Easy,true,Year Round,Start indoors 6-8 weeks before last frost. Transplant outdoors when soil temperature reaches 60°F and night temperatures stay above 50°F.,Deep red,1-2 oz,"Small elongated oval, plum-shaped","Rich, concentrated flavor with low moisture content, slightly sweet","Fresh eating, salads, roasting, pasta sauces, drying, preserving",false,true,10,11,"Good resistance to verticillium wilt, fusarium wilt, and tobacco mosaic virus","Tomato hornworm, aphids, cutworms, spider mites","Early blight, late blight, bacterial spot, blossom end rot",usda+ncstate,https://plants.windrivergreens.com/tomato/cherry-roma
307,tomato,Jet Star,jet-star,Solanum lycopersicum 'Jet Star',"An award-winning hybrid that delivers the perfect balance of classic tomato flavor and reliable garden performance, making it ideal for beginners and experienced gardeners alike. This vigorous variety produces smooth, crack-resistant fruits with excellent eating quality and impressive disease tolerance. Jet Star has been a garden favorite for decades due to its consistent production and adaptability to various growing conditions.",72-78,6-12,1-10 feet,24-36 inches,Full sun (6+ hours),High — consistent moisture needed,Well-drained loamy soil enriched with compost,6.0-7.0,Easy,false,Year Round,Start seeds indoors 6-8 weeks before last expected frost. Transplant seedlings outdoors after soil warms to 65°F.,Bright red,6-8 oz,"Round, smooth, uniform globe shape","Well-balanced sweet-tart flavor with good acidity, classic tomato taste","Excellent for fresh eating, slicing, sandwiches, salads, and general cooking purposes",false,true,10,10,"Excellent resistance to verticillium wilt, fusarium wilt, and cracking. Good tolerance to various environmental stresses.","Tomato fruitworm, aphids, whiteflies, spider mites","Bacterial speck, early blight, septoria leaf spot",usda+ncstate,https://plants.windrivergreens.com/tomato/jet-star
308,tomato,Chocolate Stripes,chocolate-stripes,Solanum lycopersicum 'Chocolate Stripes',"A stunning heirloom that turns heads with its dramatic mahogany-red fruits adorned with distinctive dark green stripes that create an almost artistic appearance. Beyond its remarkable beauty, this variety delivers complex, rich flavors with wine-like depth that makes every bite memorable. Perfect for gardeners who want to grow something truly unique that performs as beautifully as it looks.",85-95,8-14,1-10 feet,24-36 inches,Full sun (6+ hours),High — consistent moisture needed,"Rich, well-draining soil with high organic matter content",6.2-6.8,Moderate to difficult,false,Year Round,Start indoors 8-10 weeks before last frost due to longer maturity time. Transplant after soil reaches 65°F consistently.,Mahogany red with dark green stripes,8-12 oz,Flattened globe with moderate ribbing,"Complex, rich, and intense with wine-like notes and balanced sweetness","Gourmet fresh eating, specialty dishes, farmers market sales, showcase presentations",true,false,10,10,Limited disease resistance typical of heirlooms. Requires good cultural practices for disease prevention.,"Tomato hornworm, aphids, spider mites, thrips","Late blight, early blight, fusarium wilt, cracking in wet conditions",usda+ncstate,https://plants.windrivergreens.com/tomato/chocolate-stripes
309,tomato,Sun Gold,sun-gold,Solanum lycopersicum,"Exceptionally sweet, bright tangerine-orange cherry tomatoes leave everyone begging for more. Vigorous plants start yielding early and bear right through the season. Tendency to split precludes shipping, making these an exclusively fresh-market treat. The taste can't be beat. 15-20 gm. fruits. Indeterminate.",57,7-10,1-10 feet,18-24 inches,Full sun (6+ hours),High — consistent moisture needed,Well-drained fertile soil with good organic matter,6.0-7.0,Easy to moderate,true,Warm season annual,Start indoors 6-8 weeks before last frost. Transplant outdoors when nighttime temperatures consistently stay above 55°F.,Golden orange,15-20 g,Indeterminate,"Exceptionally sweet with tropical fruit notes, minimal acidity, candy-like","Fresh snacking, salads, garnishes, kids' gardens, farmers markets",false,true,10,11,Fusarium Wilt races 1 (High); Tobacco Mosaic Virus (High),"Aphids, whiteflies, spider mites, birds (attracted to sweet fruit)","Late blight, early blight, cracking during heavy rains",usda+ncstate+johnnys,https://plants.windrivergreens.com/tomato/sun-gold
310,tomato,Iron Lady,iron-lady,Solanum lycopersicum 'Iron Lady',"A breakthrough hybrid specifically bred for superior disease resistance without sacrificing flavor, making it perfect for organic gardeners and areas with challenging growing conditions. This dependable variety produces excellent yields of flavorful, medium-sized fruits even when other tomatoes struggle with disease pressure. Iron Lady proves that you don't have to choose between disease resistance and great taste.",75-80,7-12,1-10 feet,24-30 inches,Full sun (6+ hours),High — consistent moisture needed,"Adaptable to various soil types, prefers well-drained loam",6.0-7.2,Easy,true,Year Round,Start seeds indoors 6-8 weeks before last frost date. Transplant outdoors after soil temperature reaches 60°F.,Deep red,6-8 oz,"Round to slightly flattened globe, very uniform","Well-balanced flavor with good sweetness and acidity, classic tomato taste","Fresh eating, slicing, cooking, canning, sauce making, general purpose",false,true,10,11,"Exceptional resistance to late blight, early blight, fusarium wilt, verticillium wilt, and bacterial speck. Outstanding overall disease package.","Tomato fruitworm, aphids, cutworms, flea beetles","Highly resistant to most common tomato diseases, occasionally susceptible to blossom end rot in inconsistent watering",usda+ncstate,https://plants.windrivergreens.com/tomato/iron-lady
311,tomato,Ace 55,ace-55,Solanum lycopersicum 'Ace 55',"A reliable determinate variety developed specifically for hot, humid climates where other tomatoes struggle. This workhorse produces abundant medium-sized red fruits that ripen consistently even in challenging weather conditions. Perfect for beginning gardeners who want dependable harvests without fuss.",80-85,7-10,1-10 feet,24-30 inches,Full sun (6+ hours),High — consistent moisture needed,"Well-drained loam, tolerates various soil types",6.0-7.0,Easy,true,Year Round,Start indoors 6-8 weeks before last frost. Transplant when soil temperature reaches 60°F and night temperatures stay above 50°F.,Deep red,6-8 oz,"Classic round, smooth globe","Well-balanced, traditional tomato flavor with good acidity","Excellent for slicing, sandwiches, salads, and canning. All-purpose variety.",false,true,10,11,Good resistance to fusarium wilt and alternaria stem canker. Heat and humidity tolerant.,"Tomato hornworm, aphids, cutworms, spider mites","Late blight, bacterial spot, blossom end rot",usda+ncstate,https://plants.windrivergreens.com/tomato/ace-55
312,tomato,Juliet,juliet,Solanum lycopersicum,"Juliet is a hybrid determinate tomato that matures in 60 days, producing small, elongated cherry tomatoes with deep red coloring. These bite-sized fruits are exceptionally sweet with concentrated flavor and a firm texture that resists cracking, making them ideal for fresh eating and salads. The compact plant habit suits container gardening and small spaces while delivering prolific yields throughout the season. Juliet's combination of superior flavor, disease resistance, and reliable production makes it a favorite among home gardeners seeking a premium cherry tomato variety.",60,7-14,1-10 feet,24-36 inches,Full sun (6+ hours),High — consistent moisture needed,"Rich, well-drained soil with organic matter",6.2-6.8,Easy to Moderate,false,Warm season annual,Start seeds indoors 6-8 weeks before last frost date. Transplant after soil warms to 60°F.,Deep red,"2-2 1/4""",Indeterminate,Very sweet with excellent flavor concentration and firm texture,"Perfect for snacking, salads, roasting, and preserving. Excellent dried or in pasta dishes.",false,true,10,10,Early Blight (Intermediate); Late Blight (Intermediate),"Tomato hornworm, aphids, whiteflies","Early blight, fusarium wilt, bacterial speck",usda+ncstate+johnnys,https://plants.windrivergreens.com/tomato/juliet
313,tomato,Paul Robeson,paul-robeson,Solanum lycopersicum 'Paul Robeson',"A stunning Russian heirloom named after the famous American singer and activist, prized for its extraordinary dark burgundy-black color and exceptional flavor. This large beefsteak variety delivers complex, wine-like taste with perfect balance of sweetness and acidity. A true gourmet tomato that stands out in any garden with its dramatic appearance.",90-95,7-14,1-10 feet,36 inches,Full sun (6+ hours),High — consistent moisture needed,"Rich, fertile, well-drained soil with high organic content",6.2-6.8,Moderate to Difficult,false,Year Round,Start indoors 8-10 weeks before last frost. Requires warm soil and stable temperatures for transplanting.,Deep burgundy-black with dark shoulders,8-12 oz,"Large beefsteak, slightly flattened with gentle ribbing","Complex, rich, and smoky with wine-like depth and perfect acid-sugar balance","Premium slicing tomato for gourmet dishes, caprese salads, and fresh eating. Not recommended for canning.",true,false,10,10,Typical heirloom susceptibility to diseases. Requires good air circulation and disease prevention.,"Tomato hornworm, aphids, spider mites, cutworms","Late blight, early blight, fusarium wilt, cracking in wet conditions",usda+ncstate,https://plants.windrivergreens.com/tomato/paul-robeson
314,tomato,Patio,patio,Solanum melongena,"Start harvesting the abundant fruits when they are only 3-4"" long by 3/4-1"" diameter. The compact 24-36"" plants produce tender dark purple fruit in clusters for easy harvesting. Hansel is non-bitter and perfect for grilling or slicing thinly onto pizza. Green calyx. AAS Winner.",55,7-10,2-4 feet,18-24 inches,Full sun (6+ hours),High — consistent moisture needed,Well-drained potting mix or garden soil,6.0-7.0,Easy,true,Warm season annual,Start indoors 6-8 weeks before last frost or direct sow after soil warms. Perfect for container starting.,Bright red,"3-4""","Round, classic tomato shape",Good traditional tomato flavor with balanced acidity,"Excellent for fresh eating, sandwiches, salads, and light cooking. Good all-purpose tomato.",false,true,9,12,Good general disease resistance. Less prone to soil-borne diseases when container grown.,"Aphids, whiteflies, spider mites in container culture","Blossom end rot, early blight, bacterial spot",usda+ncstate+johnnys,https://plants.windrivergreens.com/tomato/patio
315,tomato,Matt's Wild Cherry,matt-s-wild-cherry,Solanum lycopersicum var. cerasiforme,"These small cherry tomatoes are deep-red, tender, smooth, and full-flavored with a high sugar content. Though the flavor is superior, it doesn't yield as well as modern varieties, and the fruits are soft. Fantastic in salsa and for fresh eating. Some resistance to early blight and late blight. The story of how we obtained 'Matt's Wild Cherry' seeds can be traced back to Teresa Arellanos de Mena, who brought them to Maine from her family's home state of Hidalgo in Eastern Mexico (the region where these tomatoes grow wild). Teresa gave the seeds to her friend Matt Leibman, a former Univ. of Maine AG faculty member, who then gave the seeds to us. Avg. fruit size 5 gm. Indeterminate.",60,7-10,1-10 feet,36-48 inches,Full sun (6+ hours),High — consistent moisture needed,"Adaptable to most soils, prefers well-drained conditions",6.0-7.5,Easy,false,Warm season annual,Start indoors 6-8 weeks before last frost or direct seed when soil is warm. Self-seeds readily.,Bright red,5 g,Indeterminate,Intensely sweet and tangy with concentrated wild tomato flavor,"Excellent for snacking, salads, garnishes, and preserving. Perfect for drying and making cherry tomato sauce.",true,false,10,11,Exceptional disease resistance and stress tolerance. Very crack resistant.,"Tomato hornworm, but vigorous growth typically outpaces pest damage",Highly resistant to most common tomato diseases,usda+ncstate+johnnys,https://plants.windrivergreens.com/tomato/matt-s-wild-cherry
316,tomato,Determinate Cherry,determinate-cherry,Solanum lycopersicum 'Determinate Cherry',"A compact, bushy cherry tomato perfect for containers and small gardens. Produces abundant clusters of sweet, bite-sized fruits all at once, making it ideal for preserving or fresh snacking. The determinate growth habit means no staking required and easy harvest timing.",65-70,7-10,1-10 feet,18-24 inches,Full sun (6+ hours),High — consistent moisture needed,Well-drained potting mix or garden soil with compost,6.0-6.8,Easy,true,Year Round,Start indoors 6-8 weeks before last frost. Transplant after soil reaches 60°F and all frost danger passes.,Bright red,0.5-1 oz,"Round cherry, uniform clusters","Sweet and tangy, classic tomato flavor","Fresh snacking, salads, garnishes, preserving, pasta dishes",false,true,10,11,"Good resistance to verticillium wilt, fusarium wilt, and tobacco mosaic virus","Tomato hornworm, aphids, spider mites, thrips","Early blight, late blight, blossom end rot, bacterial speck",usda+ncstate,https://plants.windrivergreens.com/tomato/determinate-cherry
317,tomato,Heirloom Beefsteak Mix,heirloom-beefsteak-mix,Solanum lycopersicum 'Heirloom Beefsteak Mix',"A diverse collection of open-pollinated beefsteak varieties offering an array of colors, flavors, and sizes in one packet. Each plant produces massive, ribbed fruits perfect for slicing, with flavors ranging from sweet to complex and tangy. Save seeds to continue growing your favorites year after year.",80-95,8-15,1-10 feet,36-48 inches,Full sun (6+ hours),High — consistent moisture needed,"Rich, fertile loam with excellent drainage and high organic matter",6.2-6.8,Moderate to challenging,false,Year Round,Start indoors 8-10 weeks before last frost date. Transplant after soil is consistently 65°F.,"Mixed colors: red, pink, purple, yellow, green",1-2 lbs,"Large beefsteak, heavily ribbed and flattened",Variable complex flavors from sweet to rich and smoky,"Premium slicing, gourmet sandwiches, caprese salads, fresh eating",true,false,10,10,Limited resistance; prone to cracking and splitting in wet weather,"Tomato hornworm, cutworms, aphids, stink bugs","Late blight, early blight, fusarium wilt, bacterial canker",usda+ncstate,https://plants.windrivergreens.com/tomato/heirloom-beefsteak-mix
318,tomato,Container Choice Red,container-choice-red,Solanum lycopersicum 'Container Choice Red',"Specifically bred for container growing, this compact determinate variety produces full-sized slicing tomatoes on a plant that stays under 20 inches tall. Perfect for apartment dwellers and small space gardeners who don't want to sacrifice fruit size for plant size. No caging or staking required.",70-75,6-10,1-10 feet,12-18 inches,Full sun (6+ hours),High — consistent moisture needed,High-quality potting mix with good drainage,6.0-7.0,Easy,true,Year Round,Start indoors 6-8 weeks before last frost or direct sow in containers after soil reaches 65°F.,Deep red,4-6 oz,Round to slightly flattened slicing tomato,Sweet and balanced with good acidity,"Fresh slicing, sandwiches, salads, cooking",false,true,10,11,Resistant to verticillium wilt and fusarium wilt,"Aphids, whiteflies, spider mites in container conditions","Blossom end rot (from inconsistent watering), early blight",usda+ncstate,https://plants.windrivergreens.com/tomato/container-choice-red
319,tomato,Indigo Rose,indigo-rose,Solanum lycopersicum 'Indigo Rose',"Indigo Rose is a striking hybrid tomato with deep purple-black skin and red flesh, reaching maturity in approximately 65 days. This visually distinctive variety sets itself apart through its unique anthocyanin-rich pigmentation, making it as ornamental as it is edible. The flavor profile is mild and slightly sweet with subtle berry notes, offering a complex taste experience compared to standard red tomatoes. Medium-sized fruits are ideal for fresh slicing and are particularly prized by gardeners seeking heirloom-like character in a modern hybrid package.",65,7-14,3-4 feet,24-30 inches,Full sun (6+ hours),Moderate — regular watering,Well-drained soil with moderate fertility,6.0-6.8,Easy to moderate,true,Warm season annual,Start indoors 6-8 weeks before last frost. Transplant after soil reaches 60°F.,Deep purple shoulders with red-orange bottom,"4-5""",Round cocktail tomato,"Mild, slightly sweet with subtle berry notes","Fresh eating, salads, garnishes, novelty dishes, smoothies for antioxidants",false,true,3,8,"Good general disease resistance, less prone to cracking","Tomato hornworm, aphids, flea beetles","Early blight, late blight, fusarium wilt",usda+ncstate+johnnys,https://plants.windrivergreens.com/tomato/indigo-rose
320,tomato,Phoenix,phoenix,Solanum lycopersicum 'Phoenix',"A heat-tolerant determinate variety specifically developed for hot climate growing where other tomatoes fail. Produces excellent yields of smooth, crack-resistant fruits even in extreme summer heat and humidity. The compact plants set fruit reliably in temperatures that would cause other varieties to drop their blossoms.",68-72,7-10,1-10 feet,24-30 inches,Full sun (6+ hours),High — consistent moisture needed,"Well-drained soil, tolerates various soil types",6.0-7.0,Easy,true,Year Round,Start indoors 6-8 weeks before last frost or direct seed in warm climates.,Bright red,6-8 oz,"Globe-shaped, smooth and uniform","Good balance of sweet and acid, classic tomato taste","Slicing, cooking, canning, general purpose tomato",false,true,10,11,"Excellent resistance to verticillium wilt, fusarium wilt, and heat stress","Tomato hornworm, spider mites in hot weather, aphids","Bacterial speck, early blight, sunscald in extreme conditions",usda+ncstate,https://plants.windrivergreens.com/tomato/phoenix
321,tomato,Grape Tomato,grape-tomato,Solanum lycopersicum,"Grape Tomato is a hybrid variety producing clusters of small, oblong fruits resembling grapes, typically reaching harvest maturity in 60 days. These bite-sized tomatoes are prized for their intense sweetness and balanced acidity, offering a concentrated tomato flavor superior to many cherry varieties. The plants thrive in full sun with well-drained, organic-rich soil and are notably easy to grow, making them ideal for both beginners and experienced gardeners. Grape tomatoes excel for fresh eating, snacking directly off the vine, and adding to salads. Their manageable size and prolific production make them a favorite for containers and small-space gardening.",60,7-14,1-10 feet,18-24 inches,Full sun (6+ hours),High — consistent moisture needed,Well-drained loam with good organic content,6.0-6.8,Easy,true,Warm season annual,Start indoors 6-8 weeks before last frost. Transplant when soil temperature reaches 60°F and all frost danger has passed.,Bright red,"2-2 1/4""",Indeterminate,"Very sweet with balanced acidity, concentrated tomato flavor","Fresh eating, salads, lunch boxes, roasting, garnishes. Excellent for dehydrating.",false,true,10,11,Early Blight (Intermediate); Late Blight (Intermediate),"Tomato hornworm, aphids, spider mites, whiteflies","Early blight, late blight, bacterial spot, fusarium wilt",usda+ncstate+johnnys,https://plants.windrivergreens.com/tomato/grape-tomato
322,tomato,German Johnson,german-johnson,Solanum lycopersicum,"Recommended for higher productivity in a pink heirloom. Earlier, more uniform, and slightly smaller than Brandywine at 8-16 oz. Fruits have lots of deep, acidic tomato flavor and a rich, creamy texture. This is the regular-leaf strain, which is earlier and more productive than the potato-leaf strain. Indeterminate.",75,7-14,1-10 feet,36-48 inches,Full sun (6+ hours),High — consistent moisture needed,"Rich, fertile loam with excellent drainage and high organic matter",6.2-6.8,Moderate to Challenging,false,Warm season annual,Start indoors 6-8 weeks before last frost date. Transplant after soil warms to 65°F and all frost danger passes.,Deep red with pink undertones,8-16 oz.,Indeterminate,"Rich, complex flavor with perfect sweet-tart balance, very juicy",Premium slicing tomato for sandwiches and fresh eating. Excellent for canning and sauces when flavor is paramount.,true,false,10,10,Limited disease resistance typical of heirlooms. Prone to cracking in wet weather.,"Tomato hornworm, cutworms, aphids, tobacco budworm","Late blight, early blight, septoria leaf spot, bacterial wilt",usda+ncstate+johnnys,https://plants.windrivergreens.com/tomato/german-johnson
323,tomato,Determinate Roma,determinate-roma,Solanum lycopersicum 'Determinate Roma',"The gold standard for paste tomatoes, Roma produces abundant crops of meaty, egg-shaped fruits perfect for sauces, canning, and preserving. This determinate variety ripens most of its fruit within a concentrated period, making it ideal for gardeners who want to process large quantities at once. With excellent disease resistance and reliable production, it's a workhorse variety every serious gardener should grow.",75-80,7-14,1-10 feet,18-24 inches,Full sun (6+ hours),High — consistent moisture needed,"Well-drained loam, tolerates slightly heavier soils",6.0-7.0,Easy,true,Year Round,Start indoors 6-8 weeks before last frost. Can direct sow in warm climates. Transplant when soil reaches 60°F.,Deep red,2-3 oz,Elongated plum or pear shape,"Rich tomato flavor, low acidity, meaty with few seeds","Ideal for sauces, paste, canning, and preserving. Good for fresh eating and cooking applications.",false,true,10,11,"Good resistance to verticillium wilt, fusarium wilt, and tobacco mosaic virus (VFN).","Aphids, whiteflies, tomato fruitworm, spider mites","Early blight, late blight, bacterial spot, blossom end rot",usda+ncstate,https://plants.windrivergreens.com/tomato/determinate-roma
324,tomato,Taxi,taxi,Solanum lycopersicum 'Taxi',"A stunning yellow determinate variety that produces bright golden tomatoes with exceptional flavor and early maturity, perfect for short-season gardens. These beautiful fruits add vibrant color to salads and dishes while offering a mild, sweet taste that appeals to those who find red tomatoes too acidic. An excellent choice for gardeners wanting reliable production of colorful, flavorful tomatoes in compact spaces.",64-70,7-14,1-10 feet,12-18 inches,Full sun (6+ hours),High — consistent moisture needed,Well-drained garden soil with moderate fertility,6.0-7.0,Easy,true,Year Round,Start indoors 6-8 weeks before last frost. Transplant after all danger of frost and when soil temperature reaches 60°F.,Bright golden yellow,4-6 oz,"Round, slightly flattened globe","Mild, sweet flavor with low acidity and subtle fruity notes","Fresh eating, salads, colorful slicing, garnishes. Excellent for those sensitive to acidic foods.",false,true,10,11,Good overall disease resistance. Less prone to cracking than many varieties.,"Aphids, whiteflies, flea beetles, cutworms","Early blight, late blight, septoria leaf spot, fusarium wilt",usda+ncstate,https://plants.windrivergreens.com/tomato/taxi
326,tomato,Heirloom Black Cherry,heirloom-black-cherry,Solanum lycopersicum 'Black Cherry',"These stunning dark purple-black cherry tomatoes are like edible jewels with an incredibly rich, complex flavor that's both sweet and savory. Developed by Vince Sapp of Florida, they're prolific producers that keep delivering these gourmet treats all season long. Perfect for gardeners who want something truly special that will impress at farmers markets or dinner parties.",65-75,7-14,1-10 feet,24-36 inches,Full sun (6+ hours),High — consistent moisture needed,"Rich, well-drained loam with plenty of organic matter",6.2-6.8,Moderate,false,Year Round,Start indoors 6-8 weeks before last frost date. Transplant after all danger of frost has passed and soil is at least 60°F.,Dark purple-black with deep red interior,1 oz,Round cherry tomato,"Rich, complex, sweet-tart with smoky undertones","Fresh eating, salads, garnish, roasting, specialty cocktails",true,false,10,11,Limited disease resistance typical of heirlooms,"Tomato hornworm, aphids, whiteflies, spider mites","Late blight, early blight, fusarium wilt, bacterial speck",usda+ncstate,https://plants.windrivergreens.com/tomato/heirloom-black-cherry
327,tomato,Campari,campari,Solanum lycopersicum 'Campari',"This premium greenhouse-type tomato brings gourmet flavor and perfect texture to the home garden with cocktail-sized fruits that are incredibly sweet and juicy. Popular in high-end grocery stores, Campari tomatoes have thin skins, meaty flesh, and virtually no seeds, making them perfect for fresh eating. They're disease-resistant workhorses that produce clusters of these restaurant-quality tomatoes all season.",70-80,7-14,1-10 feet,24-30 inches,Full sun (6+ hours),High — consistent moisture needed,Well-drained fertile soil with good organic content,6.0-6.8,Easy to Moderate,true,Year Round,Start indoors 6-8 weeks before last frost date. Transplant when soil temperature reaches 60°F consistently.,Deep red,2-3 oz,"Round cocktail tomato, uniform and smooth","Very sweet, juicy, well-balanced with low acidity","Fresh eating, salads, appetizers, bruschetta, light cooking",false,true,10,11,"Good resistance to TMV, fusarium wilt, and verticillium wilt","Aphids, whiteflies, spider mites, thrips","Late blight, bacterial canker, powdery mildew",usda+ncstate,https://plants.windrivergreens.com/tomato/campari
328,tomato,German Pink,german-pink,Solanum lycopersicum 'German Pink',"This massive Bavarian heirloom produces some of the largest tomatoes you'll ever grow, with fruits regularly exceeding 2 pounds and bursting with old-fashioned tomato flavor. Also known as German Johnson Pink, these pink beefsteak giants have been treasured by gardeners for over a century for their incredible size and meaty, juicy flesh. One slice can cover an entire sandwich, making them the ultimate show-off variety for serious gardeners.",85-95,7-14,1-10 feet,36-48 inches,Full sun (6+ hours),High — consistent moisture needed,"Rich, deep, well-drained soil heavily amended with compost",6.2-6.8,Moderate to Challenging,false,Year Round,Start indoors 6-8 weeks before last frost. Transplant when nighttime temperatures stay above 55°F. Requires strong support systems.,Pink to rose-pink,1-3+ lbs,"Large beefsteak, flattened with ribbing","Rich, sweet, classic tomato flavor with good balance","Fresh slicing, sandwiches, stuffing, canning (sauce only)",true,false,10,11,"Limited disease resistance, susceptible to cracking and splitting","Tomato hornworm, cutworms, aphids, stink bugs","Late blight, early blight, fusarium wilt, blossom end rot, cracking",usda+ncstate,https://plants.windrivergreens.com/tomato/german-pink
329,tomato,Arkansas Traveler,arkansas-traveler,Solanum lycopersicum 'Arkansas Traveler',"This tough Southern heirloom was specifically bred to handle hot, humid summers and still produce delicious tomatoes when other varieties give up. Developed at the University of Arkansas, it's famous for setting fruit even in extreme heat and humidity while maintaining excellent flavor and disease resistance. Perfect for gardeners in challenging climates who want reliable, flavorful tomatoes all season long.",80-90,7-14,1-10 feet,24-36 inches,Full sun (6+ hours),High — consistent moisture needed,"Adaptable to various soils, prefers well-drained loam",6.0-7.0,Easy,true,Year Round,Start indoors 6-8 weeks before last frost or direct seed when soil is 65°F. Very heat tolerant for transplanting.,Deep pink-red,6-8 oz,"Round to slightly flattened, smooth","Well-balanced, sweet-tart, classic tomato flavor","Fresh eating, slicing, canning, sauce making, all-purpose",true,false,10,11,"Excellent heat tolerance, good resistance to many common diseases, crack resistant","Tomato hornworm, aphids, spider mites","Generally disease resistant, some susceptibility to late blight in very humid conditions",usda+ncstate,https://plants.windrivergreens.com/tomato/arkansas-traveler
330,tomato,Pineapple,pineapple,Solanum lycopersicum 'Pineapple',"This stunning bicolor heirloom creates a tropical sunset on your plate with yellow fruits streaked with red and pink, living up to its name with a sweet, fruity flavor that's absolutely unique among tomatoes. Originally from Kentucky, these massive beefsteak beauties are conversation starters that taste as exotic as they look. They're perfect for gardeners who want to grow something truly special that guests will remember long after the meal.",85-95,7-14,1-10 feet,36-48 inches,Full sun (6+ hours),High — consistent moisture needed,"Rich, well-drained soil with high organic matter",6.2-6.8,Moderate,false,Year Round,Start indoors 6-8 weeks before last frost. Transplant when soil is consistently 60°F or above. Requires sturdy support.,Yellow with red and pink streaks/marbling,1-2 lbs,"Large beefsteak, flattened and ribbed","Sweet, fruity, tropical with low acidity and complex flavor","Fresh slicing, salads, sandwiches, specialty dishes, garnish",true,false,10,11,"Limited disease resistance, prone to cracking in wet conditions","Tomato hornworm, aphids, whiteflies, stink bugs","Late blight, early blight, cracking, blossom end rot, fusarium wilt",usda+ncstate,https://plants.windrivergreens.com/tomato/pineapple
331,tomato,Roma VF,roma-vf,Solanum lycopersicum 'Roma VF',"The gold standard paste tomato for home gardeners, producing abundant crops of meaty, low-moisture fruits perfect for sauces, paste, and canning. This improved version of the classic Roma offers better disease resistance while maintaining the dense flesh and rich flavor that makes it indispensable for preserving and cooking. Determinate plants provide a concentrated harvest ideal for batch processing.",75-80,7-10,1-10 feet,18-24 inches,Full sun (6+ hours),High — consistent moisture needed,Well-drained loam with good organic matter,6.0-6.8,Easy,true,Year Round,Start indoors 6-8 weeks before last frost. Transplant after soil reaches 60°F and all frost danger has passed.,Deep red,2-3 oz,"Elongated oval, plum-shaped","Rich, concentrated tomato flavor with low moisture content","Paste, sauce, canning, drying, pizza sauce, marinara. Excellent for preserving.",false,true,10,11,"Verticillium wilt (V), Fusarium wilt (F)","Tomato hornworm, aphids, cutworms, spider mites","Early blight, late blight, bacterial spot, blossom end rot",usda+ncstate,https://plants.windrivergreens.com/tomato/roma-vf
332,tomato,Chocolate Cherry,chocolate-cherry,Solanum lycopersicum 'Chocolate Cherry',"An extraordinary cherry tomato that produces abundant clusters of small, mahogany-brown fruits with an incredibly complex flavor profile. The rich, wine-like taste with hints of smokiness makes these tiny treasures a gourmet favorite for fresh eating and elegant garnishes. Their unusual color and exceptional flavor make them a conversation starter in any garden.",65-75,7-14,1-10 feet,24-36 inches,Full sun (6+ hours),High — consistent moisture needed,"Well-drained, fertile soil with compost",6.2-6.8,Moderate,true,Year Round,Start indoors 6-8 weeks before last frost date. Transplant outdoors when nighttime temperatures stay above 50°F.,Deep mahogany brown with purple undertones,0.5-1 oz,"Round cherry, perfectly spherical","Complex, wine-like with smoky undertones and rich sweetness","Fresh eating, salads, garnishes, specialty dishes, farmers market sales",true,false,10,11,Limited disease resistance typical of heirloom varieties,"Aphids, whiteflies, tomato hornworm, spider mites","Late blight, early blight, cracking in wet weather",usda+ncstate,https://plants.windrivergreens.com/tomato/chocolate-cherry
333,tomato,Black Beauty,black-beauty,Solanum lycopersicum 'Black Beauty',"Black Beauty is a striking heirloom tomato variety prized for its deep, dark mahogany-brown to purplish-black coloring. Reaching maturity in 90-100 days, these large beefsteak-type fruits feature a distinctive appearance that sets them apart from traditional red tomatoes. The defining characteristic is their complex, rich flavor profile combining sweet and smoky notes with well-balanced acidity, making them exceptional for slicing and fresh applications. Best suited for experienced gardeners seeking unique flavor and visual impact.",90-100,8-12,2-3 feet,24-30 inches,Full sun (6+ hours),High — consistent moisture needed,"Rich, well-drained soil with high organic content",6.0-6.8,Easy to Moderate,true,Warm season annual,Start seeds indoors 6-8 weeks before last frost. Transplant when soil temperature reaches 60°F consistently.,Deep purple-black with dark green shoulders,"1 1/2-2 1/2""",Round to slightly flattened globe,"Rich, complex flavor with sweet and smoky notes, well-balanced acidity","Fresh slicing, salads, sandwiches, grilling, specialty cooking for color contrast",true,false,4,11,"Good general disease resistance, less susceptible to cracking than most dark varieties","Tomato hornworm, aphids, flea beetles, cutworms","Early blight, septoria leaf spot, fusarium wilt",ncstate+johnnys,https://plants.windrivergreens.com/tomato/black-beauty
334,tomato,Red Robin,red-robin,Solanum lycopersicum 'Red Robin',"The ultimate patio tomato, this compact determinate variety grows just 8-12 inches tall while producing an abundance of sweet cherry tomatoes perfect for containers and small spaces. Despite its tiny stature, Red Robin delivers full-sized flavor and continuous harvests throughout the season, making it ideal for apartment gardeners and children's gardens. No staking required - just plant and enjoy!",55-65,7-10,1-10 feet,6-8 inches,Full sun (6+ hours),High — consistent moisture needed,Well-draining potting mix or garden soil,6.0-7.0,Very Easy,true,Year Round,Start indoors 4-6 weeks before last frost or direct sow after soil warms to 65°F. Perfect for succession planting.,Bright red,0.5 oz,Small round cherry,Sweet and tangy with classic tomato flavor,"Fresh snacking, salads, garnishes, children's lunches, container gardening",false,true,10,11,"Good resistance to common tomato diseases, compact habit reduces disease pressure","Aphids, whiteflies, spider mites in hot weather",Generally disease-resistant due to compact growth and good air circulation,usda+ncstate,https://plants.windrivergreens.com/tomato/red-robin
335,tomato,Striped German,striped-german,Solanum lycopersicum,"The flat medium-to-large tomatoes with variable shoulder ribbing are shaded yellow and red. The marbled interior looks beautiful sliced. Complex, fruity flavor and smooth texture. Medium-tall vines bear 12+ oz. fruit. Indeterminate.",78,7-14,1-10 feet,36-48 inches,Full sun (6+ hours),High — consistent moisture needed,"Rich, well-drained soil with plenty of compost",6.2-6.8,Moderate to Advanced,false,Warm season annual,Start indoors 6-8 weeks before last frost. Requires strong support system due to large fruit size.,Yellow background with red-orange stripes and marbling,12-20 oz,Indeterminate,"Outstanding sweet-tart balance with rich, complex tomato flavor and fruity undertones","Premium fresh slicing, gourmet sandwiches, farmers market sales, tomato tastings",true,false,10,10,"Limited disease resistance, susceptible to cracking and typical heirloom vulnerabilities","Tomato hornworm, aphids, whiteflies, stink bugs","Late blight, early blight, fusarium wilt, cracking in irregular watering",usda+ncstate+johnnys,https://plants.windrivergreens.com/tomato/striped-german
336,pepper,Sweet Pepper 'King Arthur',sweet-pepper-king-arthur,Capsicum annuum 'King Arthur',"A premium hybrid bell pepper that produces enormous, blocky fruits with incredibly thick walls and exceptional sweetness. This variety consistently wins taste tests among gardeners for its crisp texture and superior flavor that develops even more complexity when roasted. 'King Arthur' sets the gold standard for homegrown bell peppers with its reliable production and restaurant-quality results.",70-75,10-21,1-3 feet,18-24 inches,Full sun (6+ hours),"1-1.5 inches per week, consistent moisture","Well-drained, fertile soil rich in organic matter",6.0-7.0,Moderate,true,Warm season,Start indoors 8-10 weeks before last frost. Transplant outdoors 2-3 weeks after last frost when soil temperature reaches 65°F.,"Deep red when mature, green when young","4.5-5 inches long, 4 inches wide",Large blocky bell with thick walls,"Sweet, crisp, and juicy with no bitterness","Fresh eating, stuffing, roasting, grilling, stir-fries, salads",false,true,4,11,Resistant to tobacco mosaic virus,"Aphids, spider mites, pepper weevils, cutworms","Bacterial spot, anthracnose, pepper mild mottle virus",ncstate,https://plants.windrivergreens.com/pepper/sweet-pepper-king-arthur
338,pepper,Sweet Pepper 'Jimmy Nardello's',sweet-pepper-jimmy-nardello-s,Capsicum annuum 'Jimmy Nardello',"An extraordinary Italian heirloom sweet pepper brought to America in 1887 and saved from extinction by the Nardello family for over a century. These long, curved peppers are incredibly sweet and develop an almost candy-like flavor when cooked, making them absolutely irresistible in Italian dishes. The thin skin doesn't require peeling, and they're perfect for frying, where they become tender and intensely flavorful.",80-90,10-21,1-3 feet,18-24 inches,Full sun (6+ hours),"1-1.5 inches per week, consistent moisture","Well-drained, fertile soil with good organic matter",6.0-7.0,Easy to moderate,true,Warm season,Start indoors 8-10 weeks before last frost. Transplant outdoors when nighttime temperatures stay above 55°F.,Bright red when mature,"6-10 inches long, 1-1.5 inches wide","Long, slender, and curved with tapered ends","Exceptionally sweet with fruity notes, no heat","Frying, sautéing, grilling, pasta dishes, Italian cuisine, fresh eating",true,false,4,11,Moderate disease resistance typical of heirlooms,"Aphids, spider mites, pepper weevils, hornworms","Bacterial spot, anthracnose, mosaic viruses",ncstate,https://plants.windrivergreens.com/pepper/sweet-pepper-jimmy-nardello-s
341,pepper,Bell Pepper 'Red Beauty',bell-pepper-red-beauty,Capsicum annuum 'Red Beauty',"A classic bell pepper variety that produces large, blocky fruits with thick walls perfect for stuffing or fresh eating. These sweet peppers start green and ripen to a gorgeous deep red color, developing incredible sweetness as they mature. Reliable and productive, this variety is a garden staple that delivers consistent harvests throughout the growing season.",75-80,10-21,1-3 feet,18-24 inches,Full sun (6+ hours),"1-1.5 inches per week, consistent moisture","Well-drained, fertile loam rich in organic matter",6.0-6.8,Easy,true,Warm season,Start indoors 8-10 weeks before last frost. Transplant when soil reaches 65°F and night temperatures stay above 55°F.,"Deep glossy red when mature, green when young","4-5 inches long, 3-4 inches wide","Blocky, four-lobed bell shape with thick walls","Sweet, crisp, and fruity with no heat","Stuffing, roasting, grilling, stir-fries, salads, raw snacking",false,true,4,11,Good resistance to tobacco mosaic virus and bacterial spot,"Aphids, spider mites, pepper weevil, hornworms","Bacterial spot, anthracnose, phytophthora blight, blossom end rot",ncstate,https://plants.windrivergreens.com/pepper/bell-pepper-red-beauty
345,pepper,Sweet Pepper 'Gypsy',sweet-pepper-gypsy,Capsicum annuum 'Gypsy',"An All-America Selections winner beloved for its exceptional productivity and sweet, crisp flavor in a compact plant perfect for small gardens. This hybrid produces an abundance of colorful peppers that transition from pale yellow to orange to bright red, making it as ornamental as it is delicious. The thin-skinned fruits are perfect for fresh eating and cook quickly in stir-fries.",65-70,10-14,1-3 feet,12-18 inches,Full sun (6+ hours),"1 inch per week, even moisture",Well-drained fertile soil with organic matter,6.0-6.8,Easy,true,Warm season,Start indoors 8-10 weeks before last frost. Transplant when soil reaches 60°F consistently.,Pale yellow ripening to orange then bright red,"3-4 inches long, 2 inches wide","Tapered wedge shape, thin-walled","Very sweet and crisp with no heat, tender skin","Fresh eating, salads, stir-fries, grilling, stuffing, pickling",false,true,4,11,Excellent resistance to tobacco mosaic virus,"Aphids, flea beetles, cutworms, spider mites","Bacterial spot, blossom end rot, anthracnose",ncstate,https://plants.windrivergreens.com/pepper/sweet-pepper-gypsy
346,pepper,Sweet Pepper 'Carmen',sweet-pepper-carmen,Capsicum annuum 'Carmen',"A gorgeous Italian bull's horn pepper that starts green and ripens to a brilliant red with incredibly sweet, crisp flesh. This AAS winner produces abundant 4-6 inch tapered fruits that are perfect for fresh eating, roasting, or stuffing. Carmen consistently outperforms other sweet peppers in both flavor and productivity, making it a must-grow for pepper lovers.",75-80,7-14,1-3 feet,18-24 inches,Full sun (6+ hours),"1 inch per week, consistent moisture","Well-drained, fertile soil with organic matter",6.0-7.0,Easy,true,Warm season,Start seeds indoors 8-10 weeks before last frost. Transplant outdoors 2-3 weeks after last frost when soil is 60°F+.,Green ripening to bright red,"4-6 inches long, 2-3 inches wide",Tapered bull's horn shape,"Sweet, crisp, and juicy with no heat","Fresh eating, roasting, grilling, stuffing, salads, and stir-fries",false,true,4,11,Good resistance to tobacco mosaic virus,"Aphids, spider mites, pepper weevil, cutworms","Bacterial spot, anthracnose, blossom end rot",ncstate,https://plants.windrivergreens.com/pepper/sweet-pepper-carmen
349,pepper,Bell Pepper 'Purple Top',bell-pepper-purple-top,Capsicum annuum 'Purple Top',"A stunning ornamental edible that produces beautiful purple and green striped bell peppers that eventually ripen to red with purple shoulders. This unique variety adds dramatic color to gardens and dinner plates while providing the same sweet, crisp flavor as traditional bell peppers. The compact plants are perfect for containers and make excellent conversation pieces in any garden.",70-75,7-14,1-3 feet,15-18 inches,Full sun (6+ hours),"1 inch per week, consistent moisture","Rich, well-drained soil with compost",6.0-7.0,Easy,true,Warm season,Start seeds indoors 8-10 weeks before last frost. Transplant outdoors when soil temperature reaches 60°F+.,"Green with purple stripes, ripening to red with purple shoulders",3-4 inches long and wide,Blocky bell pepper shape,Sweet and mild with crisp texture,"Fresh eating, stuffing, salads, stir-fries, and as garnish",false,true,4,11,Good general disease resistance,"Aphids, flea beetles, pepper weevil, cutworms","Bacterial spot, blossom end rot, verticillium wilt",ncstate,https://plants.windrivergreens.com/pepper/bell-pepper-purple-top
350,pepper,Aji Dulce 'Venezuelan Sweet',aji-dulce-venezuelan-sweet,Capsicum chinense 'Aji Dulce',"A treasured sweet pepper from Venezuela that looks like a habanero but has no heat, offering pure fruity flavor without the fire. These small, colorful peppers are essential in Caribbean and South American cooking, providing the distinctive chinense aroma and taste that makes sofrito and other traditional dishes authentic. Home gardeners love this productive variety for its unique flavor profile and beautiful ornamental appeal.",85-95,7-21,12-30 inches,20-24 inches,Full sun (6+ hours),"1 inch per week, consistent but not waterlogged","Well-drained, fertile soil with organic matter",6.0-7.0,Moderate,true,Warm season,Start seeds indoors 10-12 weeks before last frost. Needs warm germination (75-85°F). Transplant after soil is consistently warm.,"Green ripening to red, orange, or yellow",1-1.5 inches long and wide,"Small, wrinkled, habanero-like shape","Sweet and fruity with no heat, distinctive chinense aroma","Sofrito, Caribbean and Venezuelan cuisine, sauces, fresh eating",true,false,10,11,Moderate disease resistance typical of chinense varieties,"Aphids, whiteflies, spider mites, pepper maggot","Bacterial leaf spot, anthracnose, mosaic virus",ncstate,https://plants.windrivergreens.com/pepper/aji-dulce-venezuelan-sweet
352,pepper,Bell Pepper 'Gourmet Gold',bell-pepper-gourmet-gold,Capsicum annuum 'Gourmet Gold',"A stunning golden-yellow bell pepper that brings both beauty and exceptional sweet flavor to the garden. These thick-walled beauties start green and ripen to a brilliant golden-yellow, offering the classic sweet bell pepper taste with impressive yields. Perfect for gardeners wanting reliable production of colorful, sweet peppers for fresh eating and cooking.",70-75,10-14,1-3 feet,12-18 inches,Full sun (6+ hours),"1-2 inches per week, consistent moisture","Rich, well-draining loam with organic matter",6.0-7.0,Easy,true,Warm season,Start seeds indoors 8-10 weeks before last frost date. Transplant when soil temperature reaches 65°F and night temperatures stay above 55°F.,"Golden-yellow when mature, green when immature","3-4 inches long, 3 inches wide",Classic blocky bell pepper shape with thick walls,"Sweet, crisp, and mild with no heat (0 Scoville)","Fresh eating, stuffing, stir-fries, roasting, salads, grilling",false,true,4,11,Good resistance to tobacco mosaic virus and bacterial leaf spot,"Aphids, flea beetles, pepper maggot, cutworms","Bacterial leaf spot, anthracnose, blossom end rot",ncstate,https://plants.windrivergreens.com/pepper/bell-pepper-gourmet-gold
356,pepper,Bell Pepper 'Big Bertha',bell-pepper-big-bertha,Capsicum annuum 'Big Bertha',"A prize-winning hybrid that produces enormous bell peppers up to 7 inches long and 4 inches wide, often weighing over a pound each. This reliable variety delivers exceptional yields of thick-walled, sweet peppers that are perfect for stuffing or fresh eating. Big Bertha has been a garden favorite for decades thanks to its impressive size and excellent disease resistance.",72-75,10-14,1-3 feet,18-24 inches,Full sun (6+ hours),"1-1.5 inches per week, consistent moisture","Well-drained, fertile loam rich in organic matter",6.0-6.8,Easy,true,Warm season,Start indoors 8-10 weeks before last frost. Transplant after soil temperature reaches 65°F and night temperatures stay above 50°F.,Green maturing to bright red,"6-7 inches long, 4 inches wide, up to 1 pound",Large blocky bell shape with thick walls,"Sweet, crisp, and mild with no heat","Excellent for stuffing, grilling, roasting, stir-fries, and fresh eating in salads",false,true,4,11,Good resistance to tobacco mosaic virus and bacterial leaf spot,"Aphids, spider mites, pepper hornworm, cutworms","Bacterial spot, anthracnose, blossom end rot, verticillium wilt",ncstate,https://plants.windrivergreens.com/pepper/bell-pepper-big-bertha
358,pepper,Sweet Pepper 'Mini Bell Mix',sweet-pepper-mini-bell-mix,Capsicum annuum 'Mini Bell Mix',"Adorable bite-sized bell peppers in a rainbow of colors including red, yellow, orange, and purple, perfect for snacking and lunch boxes. These compact plants are incredibly productive, churning out dozens of crisp, sweet mini peppers throughout the season. Ideal for container gardening and small spaces, they bring both beauty and functionality to any garden.",60-70,7-14,1-3 feet,8-12 inches,Full sun (6+ hours),"1 inch per week, consistent moisture preferred",Well-drained potting mix or garden loam with compost,6.0-7.0,Easy,true,Warm season,"Start indoors 8-10 weeks before last frost. Transplant after all danger of frost and when soil is warm, above 60°F.","Mixed colors: red, yellow, orange, purple","1-2 inches long, 1 inch wide",Miniature blocky bell pepper shape,"Very sweet, crisp, and mild with no heat","Perfect for snacking, lunch boxes, salads, appetizer platters, stuffing, and garnishing",false,true,4,11,Good general disease resistance typical of modern hybrids,"Aphids, spider mites, whiteflies, thrips","Bacterial spot, powdery mildew, blossom end rot",ncstate,https://plants.windrivergreens.com/pepper/sweet-pepper-mini-bell-mix
361,lettuce,Butterhead Boston,butterhead-boston,Lactuca sativa 'Boston',"A classic butterhead lettuce prized for its tender, buttery leaves and compact rosette formation. This reliable variety produces beautiful heads with soft, pale green outer leaves and a creamy yellow heart that's perfect for elegant salads. Boston lettuce is incredibly versatile and forgiving, making it an excellent choice for gardeners of all skill levels.",55-65,7-10,6-12 inches,8-12 inches,Full sun to partial shade (4-6+ hours),"1 inch per week, consistent moisture","Rich, well-drained soil with organic matter",6.0-7.0,Easy,true,Cool season,Direct sow 2-4 weeks before last frost or start indoors 4-6 weeks early. Succession plant every 2 weeks.,Light to medium green with creamy yellow center,6-8 inch diameter heads,"Compact, rounded rosette with loose head formation","Mild, sweet, and buttery with tender texture","Fresh salads, sandwiches, wraps, lettuce cups for appetizers",true,false,2,11,Moderate resistance to downy mildew,"Aphids, slugs, snails, cutworms, flea beetles","Downy mildew, lettuce drop, bottom rot, tipburn",ncstate,https://plants.windrivergreens.com/lettuce/butterhead-boston
362,lettuce,Salad Bowl Green,salad-bowl-green,Lactuca sativa 'Salad Bowl',"An exceptional loose-leaf variety that won the All-America Selections award for its outstanding performance and unique deeply-lobed, oak-like leaves. This vigorous grower provides continuous harvests throughout the season and rarely bolts, making it perfect for cut-and-come-again harvesting. The frilly, decorative leaves add both beauty and nutrition to any garden or salad bowl.",45-55,7-14,6-12 inches,6-8 inches,Full sun to partial shade (4-6+ hours),"1-1.5 inches per week, even moisture","Well-drained, fertile soil with compost",6.0-7.0,Easy,true,Cool season,Direct sow in early spring and fall. Start indoors for transplants. Succession plant every 2-3 weeks.,Bright to medium green,Individual leaves 4-6 inches long,"Deeply lobed, oak-like leaves in loose rosette","Mild, crisp, and slightly sweet","Fresh salads, garnish, microgreens, baby leaf harvests",false,false,2,11,"Good bolt resistance, moderate disease tolerance","Aphids, leaf miners, slugs, snails","Downy mildew, lettuce mosaic virus, bottom rot",ncstate,https://plants.windrivergreens.com/lettuce/salad-bowl-green
363,lettuce,Paris Island Cos,paris-island-cos,Lactuca sativa 'Paris Island Cos',"The gold standard for romaine lettuce, this heat-tolerant variety produces tall, upright heads with crisp, dark green outer leaves and sweet, crunchy hearts. Developed for reliability in challenging conditions, Paris Island Cos consistently delivers the classic romaine experience that Caesar salad lovers crave. Its exceptional bolt resistance makes it perfect for extending the growing season into warmer months.",66-75,7-10,6-12 inches,8-10 inches,Full sun to partial shade (4-6+ hours),"1-1.5 inches per week, consistent moisture","Rich, well-drained soil with good organic content",6.0-7.0,Easy to Moderate,true,Cool season,Direct sow in early spring and late summer. Start indoors 4-6 weeks before transplanting.,Dark green outer leaves with pale green to white hearts,10-12 inch tall heads,"Upright, elongated heads with tightly packed leaves","Crisp, crunchy, and mildly sweet with slight bitterness in outer leaves","Caesar salads, grilling, wraps, chopped salads",true,false,2,11,Good heat tolerance and bolt resistance,"Aphids, cabbage worms, slugs, thrips","Tipburn, downy mildew, lettuce drop, bottom rot",ncstate,https://plants.windrivergreens.com/lettuce/paris-island-cos
364,lettuce,Red Salad Bowl,red-salad-bowl,Lactuca sativa 'Red Salad Bowl',"The stunning burgundy-red counterpart to the famous Green Salad Bowl, featuring the same deeply-lobed oak leaves but with gorgeous wine-red coloration that intensifies in cool weather. This loose-leaf variety provides continuous harvests while adding dramatic color contrast to salads and garden beds. The tender leaves maintain their sweet flavor even as the red pigmentation deepens with maturity.",50-60,7-14,6-12 inches,6-8 inches,Full sun to partial shade (4-6+ hours),"1-1.5 inches per week, even moisture","Well-drained, fertile soil with organic matter",6.0-7.0,Easy,true,Cool season,Direct sow in spring and fall. Can start indoors for transplants. Succession plant for continuous harvest.,Deep burgundy-red to wine-red with green undertones,Individual leaves 4-6 inches long,"Deeply lobed, oak-like leaves in loose formation","Mild, sweet, and tender with slight mineral notes","Colorful salad mixes, garnish, microgreens, ornamental edging",false,false,2,11,"Good bolt resistance, moderate disease tolerance","Aphids, leaf miners, slugs, flea beetles","Downy mildew, lettuce mosaic virus, tipburn",ncstate,https://plants.windrivergreens.com/lettuce/red-salad-bowl
365,lettuce,Crisp Mint Romaine,crisp-mint-romaine,Lactuca sativa 'Crisp Mint',"A premium romaine variety bred for exceptional crispness and sweet flavor, living up to its name with refreshingly tender leaves that stay crisp even in summer heat. This modern hybrid combines the best traits of traditional romaine with improved bolt resistance and uniform head formation. The compact size makes it perfect for small gardens while delivering restaurant-quality lettuce for gourmet salads.",55-65,5-10,6-12 inches,8-10 inches,Full sun to partial shade (4-6+ hours),"1-1.5 inches per week, consistent moisture","Rich, well-drained soil with good fertility",6.2-6.8,Easy to Moderate,true,Cool season,Direct sow or transplant. Start indoors 4-5 weeks before last frost. Plant in spring and fall.,Medium to dark green with lighter green hearts,Compact 8-10 inch heads,"Upright, dense heads with tightly folded leaves","Exceptionally crisp and sweet with refreshing, clean taste","Premium Caesar salads, chopped salads, wraps, grilled romaine",false,true,2,11,"Excellent bolt resistance, good downy mildew tolerance","Aphids, thrips, leafminers, cabbage loopers","Tipburn, lettuce drop, bacterial leaf spot",ncstate,https://plants.windrivergreens.com/lettuce/crisp-mint-romaine
366,lettuce,Loose Leaf Green Grand Rapids,loose-leaf-green-grand-rapids,Lactuca sativa 'Grand Rapids',"A classic loose-leaf variety that's been a garden favorite since the 1800s, prized for its reliability and heat tolerance. This fast-growing lettuce produces abundant, frilly green leaves with excellent flavor and crisp texture. Perfect for continuous harvest and ideal for beginners who want guaranteed success.",45-55,7-14,6-12 inches,6-8 inches,Full sun to partial shade (4-6+ hours),"1 inch per week, consistent moisture","Well-drained, fertile soil with organic matter",6.0-7.0,Easy,true,Cool season,Direct sow seeds 1/4 inch deep. Plant every 2-3 weeks for continuous harvest. Can start indoors 4-6 weeks before last frost.,Bright green with light green ribs,Individual leaves 4-6 inches long,"Loose, frilly leaves with deeply cut edges","Mild, sweet, and crisp with no bitterness","Salads, sandwiches, wraps, garnish. Excellent for cut-and-come-again harvesting.",true,false,2,11,Good resistance to tipburn and bolting in moderate heat,"Aphids, flea beetles, slugs, rabbits","Downy mildew, lettuce drop, bottom rot",ncstate,https://plants.windrivergreens.com/lettuce/loose-leaf-green-grand-rapids
367,lettuce,Rouge d'Hiver,rouge-d-hiver,Lactuca sativa,"An old French romaine variety with medium-red tinted leaves and excellent flavor. Good regrowth. Tolerant to cold, but avoid hot weather. MT0-30.",55-65,7-14,6-12 inches,8-10 inches,Full sun to partial shade (4-6+ hours),"1 inch per week, consistent but not waterlogged","Well-drained, fertile soil with good organic content",6.2-6.8,Moderate,true,Warm season annual,Direct sow in late summer for fall/winter harvest. Can succession plant in cool weather. Start indoors for spring crops.,Deep burgundy red outer leaves with bright green hearts,"6-8 inch heads, individual leaves 3-4 inches wide",Compact romaine heads with upright growth habit,"Sweet, crisp, and nutty with no bitterness even in cold weather","Caesar salads, mixed greens, braising. Excellent for adding color contrast to salad mixes.",true,false,2,11,Excellent cold tolerance and resistance to bolting in heat,"Aphids, slugs, cutworms, deer","Downy mildew, lettuce drop, bacterial leaf spot",ncstate+johnnys,https://plants.windrivergreens.com/lettuce/rouge-d-hiver
368,lettuce,Tom Thumb,tom-thumb,Lactuca sativa 'Tom Thumb',"This adorable miniature butterhead forms perfect tennis ball-sized heads that are ideal for small spaces and single servings. Despite its tiny stature, Tom Thumb delivers full-sized flavor with tender, sweet leaves and excellent heat tolerance. A charming heirloom that's perfect for container gardens, kids' gardens, and anyone who loves perfectly portioned individual salads.",45-55,7-14,6-12 inches,4-6 inches,Full sun to partial shade (4-6+ hours),"3/4 inch per week, light but consistent moisture","Well-drained, fertile soil with good moisture retention",6.0-7.0,Easy,true,Cool season,Direct sow 1/4 inch deep in spring and fall. Perfect for succession planting every 2 weeks. Can grow year-round in mild climates.,Light green with yellow-green hearts,"2-3 inch diameter heads, tennis ball sized","Compact, round butterhead with tightly folded leaves","Sweet, buttery, and tender with mild lettuce flavor","Individual salad portions, garnish, appetizer cups, children's gardens. Harvest whole heads or individual leaves.",true,false,2,11,"Good heat tolerance for butterhead type, moderate disease resistance","Aphids, flea beetles, slugs, snails","Downy mildew, bottom rot, tipburn in extreme heat",ncstate,https://plants.windrivergreens.com/lettuce/tom-thumb
369,lettuce,Nevada,nevada,Lactuca sativa 'Nevada',"A heat-warrior among lettuces, Nevada batavian was specifically bred to thrive in hot, challenging conditions where other varieties fail. This sturdy variety produces large, thick, savoy-textured leaves that stay sweet and crisp even in summer heat. The ultimate lettuce for gardeners in hot climates who thought they couldn't grow lettuce in summer.",48-68,7-14,6-12 inches,10-12 inches,Full sun to partial shade (4-6+ hours),"1-1.5 inches per week, deep watering preferred","Well-drained soil with good organic matter, tolerates various soil types",6.0-7.5,Easy,true,"Warm season specialist, cool season adaptable",Direct sow in late spring through summer. Can succession plant every 2-3 weeks. Performs best in temperatures other lettuces can't handle.,Medium green with lighter green ribs,Large heads 10-12 inches across,"Loose heading with thick, savoy-textured leaves","Crisp, refreshing, and sweet with excellent heat tolerance maintaining flavor","Summer salads, wraps, grilling. Leaves hold up well to warm dressings and cooking applications.",false,true,2,11,"Excellent heat tolerance, good resistance to bolting and tipburn","Aphids, thrips, leafminers in hot weather","Downy mildew, bacterial spot, heat stress disorders",ncstate,https://plants.windrivergreens.com/lettuce/nevada
370,lettuce,Jericho,jericho,Lactuca sativa,"Attractive, fast-growing, bright green lettuce for baby leaf. Seed densely for narrower petioles and leaves. Sometimes grown as a full-size head. Tolerant to both heat and tipburn. MT0-30.",60-70,7-14,6-12 inches,8-12 inches,Full sun to partial shade (4-6+ hours),"1-1.5 inches per week, consistent deep watering","Well-drained, fertile soil with good organic content",6.2-6.8,Easy to moderate,true,Warm season annual,Direct sow spring through early summer. Can succession plant every 3-4 weeks. Start indoors for early spring transplants.,Deep green outer leaves with pale green to yellow hearts,"10-12 inch tall heads, 4-5 inches wide",Classic upright romaine with well-filled hearts,"Crisp, sweet, and refreshing with excellent crunch and no bitterness","Caesar salads, grilling, chopped salads. Excellent for cooking applications due to sturdy leaves.",true,false,2,11,"Superior heat tolerance, excellent bolt resistance, good downy mildew resistance","Aphids, leafminers, caterpillars","Bacterial spot, lettuce drop, tipburn in extreme conditions",ncstate+johnnys,https://plants.windrivergreens.com/lettuce/jericho
371,lettuce,Lolla Rossa,lolla-rossa,Lactuca sativa 'Lolla Rossa',"A stunning Italian heirloom loose-leaf lettuce that transforms any garden into a work of art with its deeply frilled, burgundy-red edges fading to bright green centers. This heat-tolerant beauty maintains excellent flavor even in warm weather, making it perfect for extended harvests. The dramatic color and texture make it as valuable for ornamental plantings as it is for the salad bowl.",50-55,7-10,6-12 inches,8-10 inches,Full sun to partial shade (4-6+ hours),"1 inch per week, consistent moisture","Rich, well-drained loam with good organic matter",6.0-7.0,Easy,true,"Cool season, heat tolerant",Direct seed in early spring 2-4 weeks before last frost. Succession plant every 2-3 weeks. Can also start indoors 4-6 weeks before transplanting.,Deep burgundy-red edges with bright green centers,"6-8 inches wide, individual leaves 4-6 inches","Loose rosette with deeply frilled, ruffled leaves","Mild, sweet, and tender with a pleasant crisp texture","Gourmet salads, garnish, microgreens, baby leaf mixes, edible landscaping",true,false,2,11,Good resistance to bolting and tip burn,"Aphids, slugs, flea beetles, cutworms","Downy mildew, lettuce mosaic virus, bottom rot",ncstate,https://plants.windrivergreens.com/lettuce/lolla-rossa
372,lettuce,Deer Tongue,deer-tongue,Lactuca sativa,"An heirloom with unique, narrow, tongue-shaped leaves. Pointed, buttery leaves have a crunchy rib and excellent flavor. Slow to bolt. MT0-30.",45-55,7-12,6-12 inches,10-12 inches,Full sun to partial shade (4-6+ hours),"1-1.5 inches per week, drought tolerant once established","Well-drained soil, tolerates poor conditions",6.0-7.5,Easy,true,Warm season annual,Direct seed in early spring through late summer. Can be succession planted every 3-4 weeks. Self-seeds readily for continuous harvests.,Medium to dark green,"4-6 inches long, 2-3 inches wide at base","Distinctive triangular, pointed leaves resembling deer tongues","Sweet, mild, and crisp with thick, succulent texture","Fresh salads, wraps, sandwiches, braising when mature, microgreens",true,false,2,11,"Excellent heat tolerance and bolt resistance, naturally pest resistant","Slugs, aphids (less susceptible than most lettuce)","Downy mildew, bacterial leaf spot (rare)",ncstate+johnnys,https://plants.windrivergreens.com/lettuce/deer-tongue
373,lettuce,Salanova Green Oakleaf,salanova-green-oakleaf,Lactuca sativa 'Salanova Green Oakleaf',"A revolutionary multi-leaf lettuce that produces dozens of individual leaves from a single cut, eliminating tedious leaf-by-leaf harvesting. This innovative breeding breakthrough combines the classic oakleaf shape and mild flavor with incredible convenience – one head yields enough perfectly sized leaves for an entire salad. The compact, uniform plants are ideal for small gardens and containers while delivering restaurant-quality results.",55-65,5-8,6-12 inches,6-8 inches,Full sun to partial shade (4-6+ hours),"1 inch per week, consistent moisture","Rich, well-drained soil with good organic content",6.0-7.0,Easy to moderate,true,Cool season,"Direct seed or transplant. Start indoors 4-5 weeks before last frost for spring crop, direct seed in late summer for fall harvest.",Bright to medium green,"6-8 inches diameter, individual leaves 2-4 inches","Classic oakleaf lobed pattern, compact multi-leaf rosette","Mild, sweet, and tender with excellent texture","Gourmet salads, individual serving portions, garnish, restaurant presentations",false,true,2,11,Good resistance to tip burn and bolting,"Aphids, slugs, flea beetles","Downy mildew, lettuce mosaic virus",ncstate,https://plants.windrivergreens.com/lettuce/salanova-green-oakleaf
374,lettuce,Tropicana,tropicana,Lactuca sativa,Plants produce full heads with heavy leaves. Tolerant to tipburn. MT0-30. Also available in organic seed or seed with NOP-compliant pelleting.,52,7-10,6-12 inches,8-10 inches,Full sun to partial shade (4-6+ hours),"1-1.5 inches per week, tolerates some drought","Well-drained soil, adaptable to various conditions",6.0-7.5,Easy,true,Warm season annual,Direct seed in spring through summer. Can be grown year-round in warm climates. Succession plant every 3-4 weeks for continuous harvest.,Medium green with some bronze tinting,"8-10 inches tall, 6-8 inches wide","Compact romaine-type with upright, slightly cupped leaves","Sweet, mild, and crisp, maintains flavor in heat","Fresh salads, Caesar salads, wraps, grilling, warm weather cooking",true,false,2,11,Corky Root (Intermediate),"Aphids, whiteflies, thrips","Downy mildew, bacterial leaf spot",ncstate+johnnys,https://plants.windrivergreens.com/lettuce/tropicana
375,lettuce,Australian Yellow Leaf,australian-yellow-leaf,Lactuca sativa 'Australian Yellow Leaf',"A rare and striking heirloom from Australia featuring unique golden-yellow leaves that create a stunning contrast in the garden and on the plate. This heat-tolerant loose-leaf variety produces tender, mild-flavored leaves that maintain their distinctive color throughout the growing season. The unusual coloration comes from natural breeding, not genetic modification, making this a conversation-starting addition to any heirloom garden.",50-60,7-12,6-12 inches,10-12 inches,Full sun to partial shade (4-6+ hours),"1 inch per week, consistent moisture","Rich, well-drained soil with good organic matter",6.0-7.0,Moderate,true,Cool season with good heat tolerance,Direct seed in early spring or late summer. Can start indoors 4-6 weeks before transplanting. Succession plant for continuous harvest.,Distinctive golden-yellow to chartreuse,"Individual leaves 4-6 inches, plant spread 10-12 inches","Loose-leaf with broad, slightly savoyed leaves","Mild, sweet, and tender with delicate texture","Specialty salads, garnish, farmers market sales, unique color contrasts",true,false,2,11,"Good heat tolerance, moderate disease resistance","Aphids, slugs, flea beetles","Downy mildew, lettuce mosaic virus",ncstate,https://plants.windrivergreens.com/lettuce/australian-yellow-leaf
376,tomato,Heirloom Marriage Cherokee Green,heirloom-marriage-cherokee-green,Solanum lycopersicum 'Cherokee Green',"A stunning green-when-ripe heirloom that delivers exceptional flavor in an unexpected package. This Cherokee variety produces large, emerald-green beefsteak tomatoes with a sweet, tangy taste that rivals any red variety. Perfect for gardeners who want to grow something truly unique that will be the conversation starter of any garden.",85-95,7-14,1-10 feet,24-36 inches,Full sun (6+ hours),High — consistent moisture needed,"Rich, well-drained loam with plenty of organic matter",6.2-6.8,Moderate,false,Year Round,Start indoors 6-8 weeks before last frost date. Transplant after all danger of frost has passed and soil is at least 60°F.,Bright emerald green with yellow undertones when ripe,8-12 oz,"Large beefsteak, slightly flattened with moderate ribbing","Sweet and tangy with bright, fresh notes and subtle spice","Fresh slicing, gourmet salads, unique sandwiches, green tomato dishes",true,false,10,11,Limited disease resistance typical of heirlooms. Moderate tolerance to cracking.,"Tomato hornworm, aphids, whiteflies, flea beetles","Late blight, early blight, fusarium wilt, bacterial speck",usda+ncstate,https://plants.windrivergreens.com/tomato/heirloom-marriage-cherokee-green
377,tomato,Super Sweet 100,super-sweet-100,Solanum lycopersicum 'Super Sweet 100',"The ultimate cherry tomato for prolific harvests and incredible sweetness that kids and adults absolutely love. These vigorous indeterminate plants produce massive clusters of bright red, bite-sized tomatoes that are perfect for snacking straight from the vine. A reliable performer that keeps producing sweet, crack-resistant fruit all season long until first frost.",65-70,7-10,1-10 feet,18-24 inches,Full sun (6+ hours),High — consistent moisture needed,Well-drained soil with good organic content,6.0-6.8,Easy,true,Year Round,Start indoors 6-8 weeks before last frost. Transplant outdoors when soil temperature reaches 60°F consistently.,Bright red,0.5-1 oz,"Small, round cherry tomatoes in long clusters",Exceptionally sweet with balanced acidity and rich tomato flavor,"Fresh snacking, salads, garnishes, lunch boxes, preserving whole",false,true,10,11,"Good crack resistance, moderate tolerance to common tomato diseases","Tomato hornworm, aphids, whiteflies, spider mites","Early blight, late blight, fusarium wilt, tobacco mosaic virus",usda+ncstate,https://plants.windrivergreens.com/tomato/super-sweet-100
378,tomato,Mortgage Lifter Pink,mortgage-lifter-pink,Solanum lycopersicum 'Mortgage Lifter Pink',"The legendary giant that supposedly helped its creator pay off his mortgage by selling seedlings, this pink beefsteak produces enormous fruits that can weigh over 2 pounds each. Known for its incredibly meaty texture, sweet flavor, and impressive size that makes each tomato perfect for feeding the whole family. A true heirloom success story that continues to amaze gardeners decades later.",85-95,7-14,1-10 feet,36-48 inches,Full sun (6+ hours),High — consistent moisture needed,"Rich, deep, well-drained soil with high organic matter",6.2-6.8,Moderate to difficult,false,Year Round,Start indoors 6-8 weeks before last frost. Transplant to warm soil after all frost danger passes.,Deep pink to pinkish-red,1-4 lbs,"Very large beefsteak, heavily ribbed and flattened","Sweet, mild, and meaty with low acidity and rich tomato taste","Fresh slicing, sandwiches, stuffing, sharing with neighbors due to enormous size",true,false,10,10,Limited disease resistance. Prone to cracking and blossom end rot due to large fruit size.,"Tomato hornworm, cutworms, aphids, stink bugs","Blossom end rot, cracking, late blight, early blight, fusarium wilt",usda+ncstate,https://plants.windrivergreens.com/tomato/mortgage-lifter-pink
379,tomato,Mountain Pride,mountain-pride,Solanum lycopersicum 'Mountain Pride',"A reliable determinate variety specifically bred for cooler climates and shorter growing seasons, making it perfect for northern gardeners and high-altitude areas. This compact plant produces firm, meaty red tomatoes with excellent flavor and outstanding disease resistance. Developed by North Carolina State University, it's become a favorite for gardeners who need dependable harvests in challenging conditions.",75-80,7-14,1-10 feet,24-30 inches,Full sun (6+ hours),High — consistent moisture needed,Well-drained soil with moderate fertility,6.0-6.8,Easy to moderate,true,Year Round,Start indoors 6-8 weeks before last frost. Transplant when soil temperature reaches 55-60°F.,Deep red,6-8 oz,"Medium globe, uniform and smooth","Rich, well-balanced flavor with good acidity and sweetness","Fresh eating, sandwiches, salads, canning, sauce making",false,true,10,11,"Excellent resistance to fusarium wilt races 1 and 2, verticillium wilt, and tobacco mosaic virus (VFN)","Tomato hornworm, aphids, flea beetles, cutworms","Late blight, bacterial speck, blossom end rot",usda+ncstate,https://plants.windrivergreens.com/tomato/mountain-pride
380,tomato,Black Cherry,black-cherry,Solanum lycopersicum,"Bred in Florida by the late Vince Sapp, the round, 20 gm. fruits are a pleasant purple-brown color. Regarded as one of the best-tasting tomatoes. High yielding. Try as we may, we haven't found a hybrid that can beat Black Cherry. Indeterminate.",64,7-14,1-10 feet,18-24 inches,Full sun (6+ hours),High — consistent moisture needed,"Well-drained, fertile soil with good organic content",6.2-6.8,Moderate,true,Warm season annual,Start indoors 6-8 weeks before last frost date. Transplant after soil warms to at least 60°F.,Deep purple-black with dark shoulders,20 g,Indeterminate,"Rich, complex, wine-like flavor with deep sweetness and smoky undertones","Gourmet fresh eating, elegant salads, garnishes, specialty cocktails, artisan preserves",true,false,10,11,"Moderate disease resistance, good heat tolerance, some cracking resistance","Tomato hornworm, aphids, whiteflies, spider mites","Late blight, early blight, fusarium wilt, bacterial speck",usda+ncstate+johnnys,https://plants.windrivergreens.com/tomato/black-cherry
382,tomato,Sweet 100,sweet-100,Solanum lycopersicum,"Sweet 100 is a prolific hybrid cherry tomato that produces abundant clusters of small, round fruits averaging ½ inch in diameter. The plant matures in approximately 60 days and yields continuously throughout the growing season. Bright red fruits develop intense sweetness with well-balanced acidity and a characteristic juicy burst when bitten. This indeterminate variety is exceptional for snacking directly off the vine and performs reliably in containers or gardens. Sweet 100 is prized by home gardeners for its disease resistance and vigorous growth habit, making it an ideal choice for beginners and experienced growers alike.",60,5-10,1-10 feet,24-36 inches,Full sun (6+ hours),High — consistent moisture needed,Well-draining garden soil with good organic content,6.0-7.0,Easy to Moderate,true,Warm season annual,Start indoors 6-8 weeks before last frost. Transplant after danger of frost passes and provide tall support.,Bright glossy red,"2-2 1/4""",Indeterminate,"Exceptionally sweet with balanced acidity, burst of juice","Fresh snacking, salads, garnishes, children's gardens. Perfect for preserving whole.",false,true,10,11,Early Blight (Intermediate); Late Blight (Intermediate),"Aphids, whiteflies, spider mites, tomato fruitworm","Late blight, early blight, tobacco mosaic virus",usda+ncstate+johnnys,https://plants.windrivergreens.com/tomato/sweet-100
383,tomato,Hillbilly,hillbilly,Solanum lycopersicum 'Hillbilly',"A stunning bicolor heirloom beefsteak with yellow skin beautifully streaked with red and pink, creating a marbled appearance that's as delicious as it is eye-catching. This West Virginia heirloom produces large, sweet fruits with a perfect balance of fruity flavor and low acidity that makes it irresistible fresh from the vine.",85-90,7-14,1-10 feet,24-36 inches,Full sun (6+ hours),High — consistent moisture needed,"Rich, well-drained soil with plenty of compost",6.2-6.8,Moderate,false,Year Round,Start seeds indoors 6-8 weeks before last frost date. Transplant when soil temperature reaches 60°F.,Yellow background with red and pink streaking and marbling,1-2 pounds,"Large beefsteak, slightly flattened with gentle ribbing","Sweet, fruity, and mild with very low acidity","Fresh eating, gourmet sandwiches, salads, showcasing. Beautiful for farmers market sales.",true,false,10,10,Typical heirloom susceptibility. Prone to cracking in wet conditions.,"Tomato hornworm, aphids, cutworms, flea beetles","Early blight, late blight, fusarium wilt, blossom end rot",usda+ncstate,https://plants.windrivergreens.com/tomato/hillbilly
384,tomato,Big Boy,big-boy,Solanum lycopersicum 'Big Boy',"America's most famous hybrid tomato, introduced in 1949 and still a top choice for gardeners seeking reliable, large red tomatoes with classic flavor. This dependable variety consistently produces smooth, round fruits weighing up to a pound each, making it perfect for gardeners who want the satisfaction of growing impressive tomatoes without the challenges of finicky heirlooms.",78-85,6-12,1-10 feet,24-36 inches,Full sun (6+ hours),High — consistent moisture needed,"Well-drained garden soil, moderately fertile",6.0-7.0,Easy to Moderate,false,Year Round,Start indoors 6-8 weeks before last frost. Transplant after soil warms to 60°F with sturdy support.,Deep red,10-16 oz,"Large, round, smooth, and uniform","Classic tomato flavor, well-balanced sweet and tangy","All-purpose - slicing, sandwiches, cooking, canning, sauces. The standard for homegrown tomato flavor.",false,true,10,11,"Good overall disease resistance, less prone to cracking than many large varieties.","Tomato hornworm, aphids, whiteflies, cutworms","Early blight, late blight, fusarium wilt",usda+ncstate,https://plants.windrivergreens.com/tomato/big-boy
386,tomato,Determinate Paste,determinate-paste,Solanum lycopersicum 'Determinate Paste',"A compact paste tomato variety perfect for small gardens and container growing. These meaty, low-moisture fruits are ideal for sauce making and canning, ripening all at once for efficient processing. Their determinate growth habit makes them excellent for gardeners who want a concentrated harvest without the need for extensive staking.",75-80,7-14,1-10 feet,18-24 inches,Full sun (6+ hours),High — consistent moisture needed,Well-drained loam with good organic content,6.0-6.8,Easy,true,Year Round,Start indoors 6-8 weeks before last frost. Transplant outdoors when soil temperature reaches 60°F and all frost danger has passed.,Deep red,2-3 oz,Elongated oval paste shape,"Rich, concentrated tomato flavor with low moisture content","Sauce making, paste, canning, cooking. Excellent for preserving and processing.",false,true,10,11,"Good resistance to verticillium wilt, fusarium wilt, and tobacco mosaic virus","Tomato hornworm, aphids, whiteflies, cutworms","Early blight, late blight, bacterial speck, blossom end rot",usda+ncstate,https://plants.windrivergreens.com/tomato/determinate-paste
387,tomato,Tumbling Tom,tumbling-tom,Solanum lycopersicum 'Tumbling Tom',"A cascading cherry tomato variety specifically bred for hanging baskets and containers, producing abundant clusters of sweet, bite-sized fruits. The trailing habit creates a beautiful waterfall effect while providing continuous harvests throughout the season. Perfect for patios, balconies, and small-space gardening where vertical growing is preferred.",65-70,7-10,1-10 feet,12-18 inches,Full sun (6+ hours),High — consistent moisture needed,Well-drained potting mix with good moisture retention,6.0-7.0,Easy,true,Year Round,Start indoors 6-8 weeks before last frost date. Can direct sow in warm climates. Transplant to hanging baskets or containers after frost danger passes.,Bright red,0.5-1 oz,Small round cherry,Sweet and tangy with classic tomato flavor,"Fresh snacking, salads, garnishes, children's lunches. Perfect for eating straight from the plant.",false,true,10,11,Good general disease resistance for container growing,"Aphids, whiteflies, spider mites in hot weather","Powdery mildew, early blight, root rot if overwatered",usda+ncstate,https://plants.windrivergreens.com/tomato/tumbling-tom
388,tomato,Garden Peach,garden-peach,Solanum lycopersicum 'Garden Peach',"An unusual heirloom novelty tomato that looks remarkably like a fuzzy peach with its pale yellow-pink skin and soft downy texture. Despite its appearance, it delivers a mild, sweet tomato flavor that's perfect for curious gardeners and conversation starters. This compact variety is excellent for containers and makes an interesting addition to any heirloom collection.",75-80,7-14,1-10 feet,18-24 inches,Full sun (6+ hours),High — consistent moisture needed,Well-drained fertile soil with organic matter,6.2-6.8,Easy to Moderate,true,Year Round,Start seeds indoors 6-8 weeks before last frost. Transplant outdoors when soil is warm and all frost danger has passed.,Pale yellow-pink with fuzzy skin,2-3 oz,"Round, peach-like with fuzzy exterior","Mild, sweet, and low-acid with subtle tomato flavor","Fresh eating, novelty dishes, children's gardens. Can be used in salads for unique presentation.",true,false,10,10,Limited disease resistance typical of heirlooms,"Tomato hornworm, aphids, whiteflies","Early blight, late blight, fusarium wilt, cracking in wet conditions",usda+ncstate,https://plants.windrivergreens.com/tomato/garden-peach
389,tomato,Valencia,valencia,Solanum lycopersicum,"Round, smooth fruits average 8-10 oz. Their meaty interiors have few seeds. This midseason tomato is among the best for flavor and texture. Our own selection of a Maine family heirloom with a Spanish accent. Indeterminate.",76,7-14,1-10 feet,24-36 inches,Full sun (6+ hours),High — consistent moisture needed,"Rich, well-drained loam with plenty of compost",6.2-6.8,Moderate,false,Warm season annual,Start indoors 6-8 weeks before last frost date. Transplant after soil warms to at least 60°F and all frost danger is past.,Bright orange,8-10 oz.,Indeterminate,Sweet and fruity with well-balanced acidity and rich tomato complexity,"Fresh slicing, salads, sandwiches, salsas. Excellent for showcasing in colorful dishes.",true,false,10,11,"Typical heirloom disease susceptibility, benefits from good air circulation","Tomato hornworm, aphids, cutworms, flea beetles","Late blight, early blight, fusarium wilt, blossom end rot, cracking",usda+ncstate+johnnys,https://plants.windrivergreens.com/tomato/valencia
390,tomato,Fourth of July,fourth-of-july,Solanum lycopersicum 'Fourth of July',"An All-America Selections winner bred for extremely early harvests, often producing ripe fruit by Independence Day in most climates. This compact determinate variety delivers full-sized, flavorful tomatoes weeks before other varieties, making it perfect for short-season gardeners and those eager for their first homegrown tomatoes. Despite its early maturity, it doesn't sacrifice flavor for speed.",49-55,7-10,1-10 feet,18-24 inches,Full sun (6+ hours),High — consistent moisture needed,Well-drained fertile soil with good organic content,6.0-7.0,Easy,true,Year Round,Start indoors 6-8 weeks before last frost date. Can be direct seeded in very warm climates. Transplant when soil reaches 60°F.,Bright red,4-6 oz,Round to slightly flattened globe,"Good balanced tomato flavor with nice acidity, surprisingly full flavor for such an early variety","Fresh slicing, early season BLTs, salads, sandwiches. Perfect for satisfying early tomato cravings.",false,true,10,11,Good resistance to verticillium wilt and fusarium wilt,"Aphids, flea beetles, cutworms, tomato hornworm","Early blight, late blight, bacterial speck, blossom end rot",usda+ncstate,https://plants.windrivergreens.com/tomato/fourth-of-july
392,tomato,Marglobe,marglobe,Solanum lycopersicum 'Marglobe',"Developed by the USDA in the 1920s, this reliable determinate variety was bred specifically for disease resistance and consistent production. A favorite among home canners and gardeners who want dependable, crack-resistant red tomatoes with classic flavor and the convenience of concentrated harvest timing.",75-85,6-12,1-10 feet,24-30 inches,Full sun (6+ hours),High — consistent moisture needed,Well-drained loam with moderate organic matter,6.0-7.0,Easy to moderate,true,Year Round,Start indoors 6-8 weeks before last frost date. Transplant after soil warms to 60°F.,Deep red,6-8 oz,Round to slightly flattened globe,"Classic tomato flavor, well-balanced sweet and acidic","Excellent for canning, sauces, paste, and fresh eating. All-purpose variety.",true,false,10,11,Good resistance to fusarium wilt and nailhead spot. Crack resistant.,"Aphids, whiteflies, tomato fruitworm, flea beetles","Early blight, late blight, bacterial spot, verticillium wilt",usda+ncstate,https://plants.windrivergreens.com/tomato/marglobe
393,tomato,Kellogg's Breakfast,kellogg-s-breakfast,Solanum lycopersicum 'Kellogg's Breakfast',"This stunning heirloom beefsteak produces massive orange fruits that can weigh up to 2 pounds, with incredibly sweet, low-acid flesh that's perfect for those who find red tomatoes too tart. Named after railroad worker Darrell Kellogg's family variety from Michigan, it's become a favorite among gardeners seeking unique color and exceptional flavor.",85-95,7-14,1-10 feet,36-48 inches,Full sun (6+ hours),High — consistent moisture needed,"Rich, well-drained soil with high organic content",6.0-6.8,Moderate,false,Year Round,Start indoors 6-8 weeks before last frost. Transplant when nighttime temperatures consistently stay above 55°F.,Bright orange with yellow undertones,1-2 pounds (16-32 oz),"Large beefsteak, flattened with pronounced ribbing","Exceptionally sweet with very low acidity, fruity and mild","Outstanding for fresh eating, slicing, and sandwiches. Great for people sensitive to acidic tomatoes.",true,false,10,11,Limited disease resistance. Susceptible to cracking in wet conditions.,"Tomato hornworm, aphids, spider mites, whiteflies","Cracking, blossom end rot, late blight, early blight",usda+ncstate,https://plants.windrivergreens.com/tomato/kellogg-s-breakfast
394,tomato,Husky Gold,husky-gold,Solanum lycopersicum 'Husky Gold',"This compact determinate hybrid produces beautiful golden-orange tomatoes on sturdy plants perfect for containers and small spaces. Bred specifically for patio growing, it delivers exceptional flavor in a manageable plant size, making it ideal for urban gardeners and anyone wanting fresh tomatoes without a large garden.",70-80,6-10,1-10 feet,18-24 inches,Full sun (6+ hours),High — consistent moisture needed,Well-draining potting mix with good organic content,6.0-6.8,Easy,true,Year Round,Start indoors 6-8 weeks before last frost. Can direct sow in warm climates after soil reaches 65°F.,Golden orange,6-8 oz,Round to slightly flattened globe,"Sweet and mild with low acidity, fruity undertones","Excellent for fresh eating, salads, and slicing. Beautiful color contrast in dishes.",false,true,10,11,Good disease resistance including verticillium and fusarium wilt resistance,"Aphids, whiteflies, spider mites in container culture","Blossom end rot (especially in containers), early blight, bacterial speck",usda+ncstate,https://plants.windrivergreens.com/tomato/husky-gold
395,tomato,Costoluto Genovese,costoluto-genovese,Solanum lycopersicum 'Costoluto Genovese',"This striking Italian heirloom from the Genoa region produces deeply ribbed, flattened tomatoes that look like they're sculpted from red marble. The dramatically fluted fruits have intense, rich flavor perfect for authentic Italian cooking, and their unique appearance makes them a conversation starter in any garden.",80-90,7-14,1-10 feet,24-36 inches,Full sun (6+ hours),High — consistent moisture needed,"Well-drained soil with moderate fertility, typical of Mediterranean gardens",6.0-7.0,Moderate,false,Year Round,Start indoors 6-8 weeks before last frost date. Transplant when soil temperature reaches 60°F consistently.,Bright red,8-12 oz,"Deeply ribbed and flattened, heavily segmented like a pumpkin","Intense, rich tomato flavor with good acidity and complexity","Traditional Italian cooking, sauces, stuffing, fresh eating. The ribs hold seasonings beautifully.",true,false,10,11,"Moderate resistance to common diseases, adapted to Mediterranean climate","Tomato hornworm, aphids, Mediterranean fruit fly in suitable climates","Late blight, early blight, blossom end rot, cracking in deep ribs",usda+ncstate,https://plants.windrivergreens.com/tomato/costoluto-genovese
396,tomato,Burpee's Big Boy,burpee-s-big-boy,Solanum lycopersicum 'Big Boy',A legendary hybrid beefsteak tomato that has been America's favorite large slicing tomato for over 50 years. Produces massive 1-pound fruits with exceptional disease resistance and reliable yields. Perfect for gardeners who want guaranteed success with impressive sandwich-worthy tomatoes.,78-85,7-14,1-10 feet,24-36 inches,Full sun (6+ hours),High — consistent moisture needed,"Rich, well-drained soil with organic matter",6.0-6.8,Easy,false,Year Round,Start indoors 6-8 weeks before last frost. Transplant when soil temperature reaches 65°F consistently.,Bright red,"12-16 oz, up to 1 lb","Large beefsteak, globe-shaped","Classic tomato flavor, well-balanced sweet and acidic","Slicing, sandwiches, burgers, fresh eating, salads",false,true,10,11,"Excellent resistance to verticillium wilt, fusarium wilt, and nematodes (VFN)","Tomato hornworm, aphids, cutworms, spider mites","Late blight, early blight, blossom end rot",usda+ncstate,https://plants.windrivergreens.com/tomato/burpee-s-big-boy
397,tomato,Grape Tomato Red,grape-tomato-red,Solanum lycopersicum var. cerasiforme 'Grape Red',"These bite-sized elongated tomatoes are sweeter and meatier than traditional cherry varieties, with incredible keeping quality. Perfect for snacking, lunch boxes, and salads with their crisp texture and concentrated flavor. Extremely productive plants that keep producing until frost.",65-75,6-12,1-10 feet,18-24 inches,Full sun (6+ hours),High — consistent moisture needed,Well-drained soil with moderate fertility,6.0-7.0,Easy,true,Year Round,Start indoors 6-8 weeks before last frost or direct sow when soil is 65°F+,Deep red,0.5-1 oz,"Elongated oval, grape-like clusters","Very sweet with low acidity, concentrated tomato flavor","Fresh snacking, salads, lunch boxes, roasting, drying",false,true,10,11,"Good general disease tolerance, crack resistant","Aphids, whiteflies, spider mites","Early blight, late blight, fusarium wilt",usda+ncstate,https://plants.windrivergreens.com/tomato/grape-tomato-red
398,tomato,Homestead 24,homestead-24,Solanum lycopersicum 'Homestead 24',"A heat-tolerant determinate variety developed specifically for hot, humid climates where other tomatoes fail. This reliable producer sets fruit even in extreme heat and produces meaty, crack-resistant tomatoes perfect for canning and fresh eating. A true workhorse for Southern gardeners and hot climate growing.",80-85,7-14,1-10 feet,24-30 inches,Full sun (6+ hours),High — consistent moisture needed,"Well-drained soil, adapts to various soil types",5.8-7.0,Easy,true,Year Round,Start indoors 6-8 weeks before last frost or direct sow in warm climates,Deep red,6-8 oz,"Globe-shaped, uniform","Rich, balanced flavor with good acidity","Fresh eating, canning, sauce making, slicing",true,false,10,11,"Excellent heat tolerance, some fusarium wilt resistance","Hornworms, aphids, spider mites in hot weather","Early blight, bacterial spot, cracking in cool weather",usda+ncstate,https://plants.windrivergreens.com/tomato/homestead-24
400,tomato,Oxheart,oxheart,Solanum lycopersicum 'Oxheart',"A massive heirloom beefsteak known for producing some of the largest tomatoes in the garden, often exceeding 2 pounds each. These heart-shaped giants have dense, meaty flesh with few seeds and exceptional flavor that makes every slice memorable. A showstopper variety that creates unforgettable sandwiches and impresses neighbors.",85-95,7-14,1-10 feet,36-48 inches,Full sun (6+ hours),High — consistent moisture needed,"Rich, deep, well-drained soil with heavy organic matter",6.2-6.8,Moderate to Challenging,false,Year Round,"Start indoors 8-10 weeks before last frost, requires strong support system",Deep pink-red,"1-3 lbs, often 2+ lbs","Large heart-shaped, ribbed","Rich, sweet, intense tomato flavor with low acidity","Fresh slicing, sandwiches, stuffing, showpiece tomato",true,false,10,10,"Limited disease resistance, prone to cracking and blossom end rot","Tomato hornworm, aphids, spider mites","Blossom end rot, cracking, late blight, early blight",usda+ncstate,https://plants.windrivergreens.com/tomato/oxheart
406,tomato,Heirloom Marriage Genuwine,heirloom-marriage-genuwine,Solanum lycopersicum 'Heirloom Marriage Genuwine',"A stunning bicolor heirloom that produces large, ribbed fruits with yellow and red striping that creates a beautiful marbled appearance when sliced. This variety combines the best traits of multiple heirloom parents, delivering exceptional flavor complexity with fruity sweetness and balanced acidity. Perfect for gardeners who want to grow something truly unique that will be the centerpiece of any garden or dinner table.",80-85,7-14,1-10 feet,24-36 inches,Full sun (6+ hours),High — consistent moisture needed,"Rich, well-drained soil with compost amendments",6.0-6.8,Moderate,false,Year Round,Start seeds indoors 6-8 weeks before last frost. Transplant outdoors when soil temperature reaches 65°F.,Yellow with red striping and marbling,12-20 oz,"Large beefsteak, deeply ribbed and flattened",Complex fruity sweetness with bright acidity and subtle spicy notes,"Premium slicing tomato, gourmet sandwiches, fresh eating, beautiful salad presentation",true,false,10,11,"Moderate resistance to common diseases, prone to cracking in wet weather","Tomato hornworm, cutworms, aphids, spider mites","Blossom end rot, early blight, late blight, fruit cracking",usda+ncstate,https://plants.windrivergreens.com/tomato/heirloom-marriage-genuwine
407,tomato,Better Bush,better-bush,Solanum lycopersicum 'Better Bush',"An award-winning compact determinate variety specifically bred for container gardening and small spaces without sacrificing fruit quality. This bush-type plant produces full-sized, meaty tomatoes on a sturdy 4-foot plant that rarely needs staking. Perfect for patio gardeners and beginners who want reliable, heavy yields in limited space.",68-75,5-10,1-10 feet,18-24 inches,Full sun (6+ hours),High — consistent moisture needed,Well-drained potting mix or garden soil with organic matter,6.0-7.0,Easy,true,Year Round,Start indoors 6-8 weeks before last frost or direct sow after soil warms to 60°F.,Classic red,6-8 oz,"Round to slightly flattened, smooth shoulders",Well-balanced classic tomato flavor with good acidity and sweetness,"Slicing, sandwiches, salads, canning, sauce making",false,true,10,11,"Good resistance to verticillium wilt, fusarium wilt, and tobacco mosaic virus (VFFNt)","Whiteflies, aphids, tomato fruitworm","Early blight, late blight, bacterial speck",usda+ncstate,https://plants.windrivergreens.com/tomato/better-bush
408,tomato,Lemon Drop,lemon-drop,Solanum lycopersicum 'Lemon Drop',"A prolific cherry tomato variety that produces bright yellow, teardrop-shaped fruits with an intensely sweet, citrusy flavor that's unlike any other tomato. These bite-sized gems are incredibly productive, with long clusters of 6-12 fruits that ripen throughout the season. A conversation starter that adds both visual appeal and gourmet flavor to any garden or plate.",75-80,7-14,1-10 feet,24-36 inches,Full sun (6+ hours),High — consistent moisture needed,Well-drained soil with moderate fertility,6.0-7.0,Easy to moderate,false,Year Round,Start seeds indoors 6-8 weeks before last frost date. Transplant after soil reaches 65°F.,Bright lemon yellow,0.5-0.75 inches,Teardrop or elongated cherry,Intensely sweet with bright citrusy notes and low acidity,"Fresh snacking, salads, garnish, preserving, unique yellow tomato sauce",true,false,10,11,"Good general disease resistance, less prone to cracking than many cherries","Tomato hornworm, aphids, whiteflies","Late blight, early blight, septoria leaf spot",usda+ncstate,https://plants.windrivergreens.com/tomato/lemon-drop
409,tomato,Moskvich,moskvich,Solanum lycopersicum,"Fruits are early, deep red, and cold tolerant. Rich flavor. Smooth and globe-shaped. 4-6 oz. with a small stem scar. Indeterminate.",60,5-10,1-10 feet,18-24 inches,Full sun (6+ hours),High — consistent moisture needed,"Adaptable to various soil types, prefers well-drained with organic matter",6.0-7.0,Easy,true,Warm season annual,Start indoors 6-8 weeks before last frost or direct sow in mild climates 2-3 weeks before last frost.,Deep red,4-6 oz.,Indeterminate,"Rich, well-balanced tomato flavor with good acidity and subtle sweetness","Fresh eating, slicing, salads, canning, sauce making, paste",true,false,10,10,"Excellent cold tolerance, good resistance to early blight and septoria leaf spot","Cutworms, flea beetles, aphids","Late blight in humid conditions, fusarium wilt",usda+ncstate+johnnys,https://plants.windrivergreens.com/tomato/moskvich
410,tomato,Carmello,carmello,Solanum lycopersicum 'Carmello',"A premium French hybrid renowned for producing exceptionally flavorful, perfectly round fruits that rival the best heirloom tomatoes for taste. This indeterminate variety combines old-world European flavor with modern disease resistance and reliability. Professional chefs and discerning gardeners prize Carmello for its consistently outstanding flavor and beautiful appearance.",75-80,6-12,1-10 feet,24-36 inches,Full sun (6+ hours),High — consistent moisture needed,"Rich, well-drained soil with plenty of organic matter",6.2-6.8,Moderate,false,Year Round,Start seeds indoors 6-8 weeks before last frost. Transplant when night temperatures stay above 55°F.,Deep red with glossy skin,7-10 oz,"Perfectly round, uniform globe shape","Complex, rich flavor with perfect balance of sweetness and acidity, often described as 'perfect tomato taste'","Gourmet fresh eating, slicing, caprese salads, high-end culinary applications",false,true,10,11,"Excellent resistance to verticillium wilt, fusarium wilt, tobacco mosaic virus, and gray leaf spot (VFFNtGLS)","Tomato hornworm, aphids, spider mites","Late blight, bacterial canker in humid conditions",usda+ncstate,https://plants.windrivergreens.com/tomato/carmello
412,tomato,Brandywine Pink,brandywine-pink,Solanum lycopersicum 'Brandywine Pink',"Often called the 'king of heirloom tomatoes,' this Amish variety from the 1880s produces massive pink fruits with an incomparable old-fashioned tomato flavor. The large, ribbed beefsteaks can weigh over a pound each and deliver the rich, complex taste that modern hybrids often lack. A must-grow for any serious tomato lover seeking the ultimate slicing tomato.",85-100,7-14,1-10 feet,36-48 inches,Full sun (6+ hours),High — consistent moisture needed,"Rich, well-drained loam with abundant organic matter",6.2-6.8,Moderate to difficult,false,Year Round,Start indoors 6-8 weeks before last frost. Requires warm soil and long growing season for best results.,Pink to rose-pink,12 oz - 2 lbs,"Large beefsteak, heavily ribbed and flattened","Rich, complex, sweet with perfect acid balance, intense tomato flavor","Premium slicing, sandwiches, fresh eating, special occasion dishes",true,false,10,10,"Poor disease resistance, susceptible to most tomato diseases","Tomato hornworm, aphids, cutworms","Late blight, early blight, fusarium wilt, cracking, blossom end rot",usda+ncstate,https://plants.windrivergreens.com/tomato/brandywine-pink
413,tomato,Determinate Patio,determinate-patio,Solanum lycopersicum 'Patio',"Specially bred for container growing, this compact determinate variety produces full-sized tomatoes on plants that stay under 2 feet tall. Perfect for apartment dwellers, small spaces, or anyone who wants fresh homegrown tomatoes without the need for extensive garden space. The sturdy plants require minimal staking and produce a concentrated harvest.",70-75,7-10,1-10 feet,12-18 inches,Full sun (6+ hours),High — consistent moisture needed,Well-draining potting mix with good moisture retention,6.0-7.0,Easy,true,Year Round,Start indoors 6-8 weeks before last frost or direct sow in containers after soil warms to 65°F.,Classic red,4-6 oz,"Round, medium-sized slicing tomato","Good balanced flavor, mild acidity, firm texture","Fresh slicing, salads, sandwiches, general cooking",false,true,10,11,Good disease resistance for container growing,"Aphids, whiteflies (less pest pressure in containers)","Blossom end rot (from inconsistent watering), early blight",usda+ncstate,https://plants.windrivergreens.com/tomato/determinate-patio
415,tomato,Yellow Brandywine,yellow-brandywine,Solanum lycopersicum 'Yellow Brandywine',"A stunning golden yellow variant of the famous Brandywine that offers the same exceptional flavor profile with a beautiful sunny color and slightly milder taste. These large, creamy yellow beefsteaks create gorgeous contrast in fresh dishes and provide a conversation-starting addition to any heirloom collection. The sweet, low-acid flavor makes them perfect for those sensitive to high-acid tomatoes.",85-95,7-14,1-10 feet,36-48 inches,Full sun (6+ hours),High — consistent moisture needed,"Rich, well-drained soil with high organic matter content",6.2-6.8,Moderate to difficult,false,Year Round,Start indoors 6-8 weeks before last frost. Requires long warm season and excellent growing conditions.,Golden yellow to creamy yellow,10 oz - 1.5 lbs,"Large beefsteak, ribbed and somewhat flattened","Sweet, mild, low-acid with rich tomato flavor and creamy texture","Fresh slicing, gourmet dishes, salads for color contrast, mild sauces",true,false,10,10,Limited disease resistance typical of heirloom varieties,"Tomato hornworm, aphids, spider mites","Late blight, early blight, fusarium wilt, cracking in wet weather",usda+ncstate,https://plants.windrivergreens.com/tomato/yellow-brandywine
416,tomato,Burpee's Big Girl,burpee-s-big-girl,Solanum lycopersicum 'Big Girl',"A reliable and productive hybrid that combines the large fruit size of beefsteak varieties with excellent disease resistance. Big Girl produces smooth, crack-resistant tomatoes that are perfect for slicing, making it a favorite among both novice and experienced gardeners who want consistent results with minimal fuss.",78-85,7-10,1-10 feet,18-24 inches,Full sun (6+ hours),High — consistent moisture needed,"Well-drained, fertile soil with organic matter",6.0-6.8,Easy,true,Year Round,Start indoors 6-8 weeks before last frost. Transplant outdoors when soil temperature reaches 60°F and nighttime temperatures stay above 50°F.,Classic bright red,8-12 oz,Round to slightly flattened globe,Well-balanced sweet and tangy flavor with mild acidity,"Excellent for slicing, sandwiches, fresh eating, and light cooking applications",false,true,10,11,"Resistant to Verticillium wilt, Fusarium wilt races 1 & 2, and Tobacco Mosaic Virus (VFN)","Tomato hornworm, cutworms, aphids, spider mites","Early blight, septoria leaf spot, blossom end rot",usda+ncstate,https://plants.windrivergreens.com/tomato/burpee-s-big-girl
417,tomato,Ace 56,ace-56,Solanum lycopersicum 'Ace 56',"Developed specifically for hot, humid climates where other tomatoes struggle, Ace 56 is a heat-tolerant determinate variety that produces reliable crops even in challenging conditions. This compact plant delivers medium-sized, meaty fruits with excellent flavor, making it ideal for Southern gardens and areas with intense summer heat.",70-75,6-12,1-10 feet,18-24 inches,Full sun (6+ hours),High — consistent moisture needed,"Well-drained soil, tolerates various soil types",6.0-7.0,Easy,true,Year Round,Start indoors 6-8 weeks before last frost or direct seed in warm climates. Transplant when soil is consistently warm.,Deep red,6-8 oz,"Round to slightly oval, smooth","Rich, well-balanced flavor with good acidity and sweetness","Versatile for fresh eating, cooking, canning, and sauce making",false,false,10,11,"Good resistance to cracking and heat stress, moderate disease resistance","Tomato fruitworm, aphids, spider mites in hot weather","Bacterial speck, early blight, heat-related disorders",usda+ncstate,https://plants.windrivergreens.com/tomato/ace-56
418,tomato,Wisconsin 55,wisconsin-55,Solanum lycopersicum,"Produces 6-8 oz. slicers that are great for fresh eating and popular for canning, particularly for stewed tomatoes. This long-popular workhorse variety was developed by the University of Wisconsin, Madison in the 1940's. While there are several strains of Wisconsin 55 on the market, their quality has degraded over time. That is why Johnny's identified this strain, which shows more consistent size, healthier plants, and fewer fruit defects than other commercially available Wisconsin 55 strains. We also believe ours to be closer to the original variety. We acquired it from University of Wisconsin, Madison plant geneticist Ted Bingham, who had frozen Wisconsin 55 seeds purchased in the 1960's. Demonstrates some field tolerance to early blight and Septoria diseases. Indeterminate.",80,7-14,1-10 feet,24-30 inches,Full sun (6+ hours),High — consistent moisture needed,"Well-drained, fertile soil with good organic content",6.2-6.8,Easy to moderate,true,Warm season annual,Start indoors 6-8 weeks before last frost. Can be planted out earlier than most varieties due to cold tolerance.,Bright red with slight pink undertones,6-8 oz.,Indeterminate,"Well-balanced flavor with good acidity, traditional tomato taste","Excellent for fresh eating, slicing, canning, and cooking applications",true,false,10,11,"Good cold tolerance, moderate resistance to common tomato diseases","Colorado potato beetle, aphids, cutworms","Late blight in cool, wet conditions, septoria leaf spot",usda+ncstate+johnnys,https://plants.windrivergreens.com/tomato/wisconsin-55
419,tomato,Sweet Million,sweet-million,Solanum lycopersicum 'Sweet Million',"An incredibly productive cherry tomato hybrid that produces long clusters of perfectly sweet, crack-resistant fruits throughout the growing season. Sweet Million combines the addictive flavor of the best cherry tomatoes with impressive disease resistance, making it a must-have variety for gardeners who love snacking straight from the vine.",65-70,7-10,1-10 feet,18-24 inches,Full sun (6+ hours),High — consistent moisture needed,"Rich, well-drained soil with good organic matter",6.0-6.8,Easy,true,Year Round,Start indoors 6-8 weeks before last frost. Transplant after soil warms to 60°F and frost danger passes.,Bright cherry red,1 oz,Round cherry tomatoes in long clusters,"Intensely sweet with perfect sugar-acid balance, burst of flavor","Perfect for snacking, salads, garnishes, and preserving whole",false,true,10,11,"Resistant to Fusarium wilt races 1 & 2, Tobacco Mosaic Virus, and Verticillium wilt (FNT)","Tomato hornworm, aphids, spider mites","Early blight, septoria leaf spot, late blight in humid conditions",usda+ncstate,https://plants.windrivergreens.com/tomato/sweet-million
420,tomato,German Red Strawberry,german-red-strawberry,Solanum lycopersicum 'German Red Strawberry',"A unique heirloom variety that produces heart-shaped, ribbed fruits resembling oversized strawberries with an unforgettable sweet, fruity flavor. This conversation-starting tomato has been treasured by seed savers for generations and delivers both visual appeal and exceptional taste that sets it apart from conventional varieties.",80-85,8-14,1-10 feet,24-36 inches,Full sun (6+ hours),High — consistent moisture needed,"Rich, well-drained soil with plenty of organic matter",6.2-6.8,Moderate,false,Year Round,Start indoors 6-8 weeks before last frost date. Transplant outdoors after all frost danger passes and soil is warm.,Deep pinkish-red with occasional yellow streaking,8-16 oz,Heart-shaped with pronounced ribbing and strawberry-like appearance,"Sweet, fruity flavor with low acidity and complex berry-like notes","Outstanding for fresh eating, unique addition to salads, specialty garnish",true,false,10,10,"Typical heirloom susceptibility to diseases, prone to cracking in wet weather","Tomato hornworm, aphids, whiteflies","Blossom end rot, cracking, late blight, fusarium wilt",usda+ncstate,https://plants.windrivergreens.com/tomato/german-red-strawberry
421,tomato,Grape,grape,Solanum lycopersicum,"Grape tomatoes are small, elongated fruits that resemble their namesake in size and shape, typically measuring 1-2 inches long. These hybrid varieties mature in approximately 60 days from transplant, producing prolific clusters of sweet, bite-sized fruits. Their concentrated, sweet-tangy flavor makes them ideal for fresh eating, salads, and snacking straight from the vine. Grape tomatoes are prized for their consistent sweetness and firm texture, often preferred over cherry tomatoes for their balanced taste. The compact growth habit and abundant yields make them a popular choice for both home gardeners and container cultivation.",60,7-14,1-10 feet,18-24 inches,Full sun (6+ hours),High — consistent moisture needed,"Well-drained, fertile soil with organic matter",6.0-6.8,Easy,true,Warm season annual,Start indoors 6-8 weeks before last frost. Transplant when soil temperature reaches 60°F and night temperatures stay above 50°F.,Bright red,"2-2 1/4""",Indeterminate,Sweet and tangy with concentrated tomato flavor,"Fresh snacking, salads, pasta dishes, roasting, garnishes. Excellent for preserving and sauces.",false,true,10,11,Early Blight (Intermediate); Late Blight (Intermediate),"Aphids, whiteflies, tomato hornworm, spider mites","Early blight, late blight, septoria leaf spot, blossom end rot",usda+ncstate+johnnys,https://plants.windrivergreens.com/tomato/grape
422,tomato,Atomic Grape,atomic-grape,Solanum lycopersicum 'Atomic Grape',A stunning cherry tomato that delivers incredible flavor in beautiful purple and red striped packages. These elongated fruits offer an exceptional sweet-tart balance that makes them irresistible for fresh eating. The vigorous indeterminate vines produce prolific harvests of these colorful conversation-starters throughout the season.,70-80,7-14,1-10 feet,24-36 inches,Full sun (6+ hours),High — consistent moisture needed,"Rich, well-drained soil with plenty of organic matter",6.2-6.8,Moderate,false,Year Round,Start seeds indoors 6-8 weeks before last frost date. Transplant outdoors after soil warms to 60°F.,Purple with red stripes and metallic sheen,0.5-1 oz,Elongated grape shape,Complex sweet-tart flavor with fruity notes and excellent balance,"Fresh eating, gourmet salads, garnishes, specialty dishes. Beautiful for entertaining and farmers markets.",false,true,10,11,Good disease tolerance including resistance to tobacco mosaic virus,"Tomato hornworm, aphids, whiteflies, spider mites","Early blight, late blight, fusarium wilt, septoria leaf spot",usda+ncstate,https://plants.windrivergreens.com/tomato/atomic-grape
423,tomato,Brandywine Red,brandywine-red,Solanum lycopersicum 'Brandywine Red',"The gold standard of heirloom beefsteak tomatoes, Brandywine Red has been captivating gardeners since the 1880s with its extraordinary flavor and massive size. These pink-red giants can weigh over a pound each and offer the perfect balance of sweet and acidic notes that define what a tomato should taste like. A true slice-and-serve variety that transforms any sandwich or salad into a gourmet experience.",85-100,7-14,1-10 feet,36-48 inches,Full sun (6+ hours),High — consistent moisture needed,"Rich, well-drained loam with high organic content",6.2-6.8,Challenging,false,Year Round,Start indoors 6-8 weeks before last frost. Requires warm soil (65°F+) and strong support structures.,Deep pink-red with occasional green shoulders,12 oz - 2+ lbs,"Large beefsteak, ribbed and flattened","Rich, complex flavor with perfect sweet-acid balance and intense tomato taste","Premium slicing tomato for sandwiches, salads, and fresh eating. Too delicate for cooking applications.",true,false,10,10,"Poor disease resistance typical of heirlooms. Susceptible to cracking, blight, and wilt diseases.","Tomato hornworm, aphids, cutworms, whiteflies","Late blight, early blight, fusarium wilt, verticillium wilt, blossom end rot",usda+ncstate,https://plants.windrivergreens.com/tomato/brandywine-red
425,tomato,Moneymaker,moneymaker,Solanum lycopersicum 'Moneymaker',"A British heirloom that lives up to its name with incredibly productive vines that produce abundant clusters of medium-sized red tomatoes. This reliable variety has been a staple in home gardens for generations thanks to its consistent performance and excellent flavor that works well for both fresh eating and cooking. The vigorous plants continue producing until frost, making every square foot of garden space profitable.",75-85,7-14,1-10 feet,24-36 inches,Full sun (6+ hours),High — consistent moisture needed,"Well-drained, fertile garden soil",6.0-7.0,Easy,true,Year Round,Start seeds indoors 6-8 weeks before last frost. Transplant when soil temperature reaches 60°F consistently.,Bright red,4-6 oz,"Round, slightly flattened, smooth",Well-balanced traditional tomato flavor with good acidity and sweetness,"Versatile for fresh eating, sandwiches, salads, cooking, and canning. Excellent all-around variety.",true,false,10,10,"Moderate disease resistance, good tolerance to cool weather and variable conditions","Aphids, whiteflies, tomato hornworm, spider mites","Early blight, late blight, fusarium wilt, blossom end rot in inconsistent watering",usda+ncstate,https://plants.windrivergreens.com/tomato/moneymaker
426,tomato,Tiny Tim,tiny-tim,Solanum lycopersicum 'Tiny Tim',"A miniature cherry tomato perfect for windowsills, small containers, and indoor growing. This compact determinate variety produces abundant clusters of tiny, flavorful red fruits on plants that rarely exceed 12 inches tall, making it ideal for apartment dwellers and beginning gardeners.",45-60,5-10,1-10 feet,8-12 inches,Full sun (6+ hours),High — consistent moisture needed,Well-draining potting mix or garden soil,6.0-7.0,Easy,true,Year Round,Start indoors 6-8 weeks before last frost or direct sow after soil warms to 60°F. Excellent for year-round indoor growing.,Bright red,0.5-0.75 inches diameter,Small round cherry tomatoes,Sweet and tangy with classic tomato flavor concentrated in small fruits,"Fresh snacking, garnishes, salads, kids' lunches, cocktail garnishes",true,false,10,11,Good resistance to most common tomato diseases due to compact growth habit,"Aphids, spider mites (especially indoors), whiteflies","Damping off in seedlings, root rot if overwatered",usda+ncstate,https://plants.windrivergreens.com/tomato/tiny-tim
427,pepper,Bell Pepper 'Golden California Wonder',bell-pepper-golden-california-wonder,Capsicum annuum 'Golden California Wonder',"A stunning golden-yellow version of the classic California Wonder bell pepper that brings sunshine to your garden and plate. These thick-walled, blocky peppers start green and ripen to a brilliant golden yellow with exceptional sweet flavor. Perfect for gardeners who want reliable production of beautiful, versatile peppers for fresh eating or cooking.",70-75,10-21,1-3 feet,18-24 inches,Full sun (6+ hours),"1-1.5 inches per week, consistent moisture","Well-drained, fertile soil rich in organic matter",6.0-6.8,Easy,true,Warm season,Start indoors 8-10 weeks before last frost date. Transplant after soil temperature reaches 65°F and night temperatures stay above 50°F.,"Bright golden yellow when ripe, green when immature","3.5-4 inches long, 3-4 inches wide","Blocky, thick-walled bell shape with 3-4 lobes","Sweet, crisp, and mild with no heat","Fresh eating, stuffing, grilling, roasting, stir-fries, salads, and freezing",false,true,4,11,Good resistance to tobacco mosaic virus,"Aphids, pepper weevil, spider mites, thrips","Bacterial spot, blossom end rot, pepper mild mottle virus",ncstate,https://plants.windrivergreens.com/pepper/bell-pepper-golden-california-wonder
430,pepper,Sweet Pepper 'Lipstick',sweet-pepper-lipstick,Capsicum annuum 'Lipstick',"A delightful mini sweet pepper that's become a farmer's market favorite for its perfect snack size and exceptional sweetness. These glossy, bright red peppers are shaped like small lipstick tubes and offer incredible flavor in a compact package. Extremely productive plants make this variety perfect for container growing and continuous harvesting throughout the season.",55-65,10-14,1-3 feet,12-18 inches,Full sun (6+ hours),"1-1.5 inches per week, consistent moisture","Well-drained, fertile soil with good organic content",6.0-6.8,Easy,true,Warm season,Start indoors 8-10 weeks before last frost. Transplant after soil warms to 60°F.,"Bright red when ripe, green when immature","3-4 inches long, 1 inch wide",Elongated cone shape resembling a lipstick tube,Exceptionally sweet with crisp texture and no heat,"Fresh snacking, lunch boxes, salads, party trays, stuffing with cheese",false,true,4,11,"Good disease resistance, vigorous growth","Aphids, spider mites, thrips","Bacterial spot, blossom end rot",ncstate,https://plants.windrivergreens.com/pepper/sweet-pepper-lipstick
432,pepper,Bell Pepper 'Yellow Bell',bell-pepper-yellow-bell,Capsicum annuum 'Yellow Bell',"A vibrant yellow sweet bell pepper that adds sunshine to any garden and kitchen. These thick-walled peppers start green and ripen to a brilliant golden-yellow with a crisp texture and sweet, mild flavor. Perfect for beginners, they're reliable producers that excel in both garden beds and containers.",70-80,10-20,1-3 feet,18-24 inches,Full sun (6+ hours),"1-2 inches per week, consistent moisture","Well-drained, fertile soil with organic matter",6.0-6.8,Easy,true,Warm season,Start indoors 8-10 weeks before last frost. Transplant after soil reaches 65°F and night temps stay above 55°F.,"Bright golden-yellow when ripe, green when immature","3-4 inches long, 3-4 inches wide",Blocky bell shape with thick walls,"Sweet, mild, and crisp with no heat","Fresh eating, salads, stir-fries, stuffing, roasting, grilling, freezing",false,true,4,11,Good resistance to tobacco mosaic virus,"Aphids, spider mites, pepper weevil, cutworms","Bacterial spot, anthracnose, powdery mildew, blossom end rot",ncstate,https://plants.windrivergreens.com/pepper/bell-pepper-yellow-bell
435,pepper,Sweet Pepper 'Chocolate Beauty',sweet-pepper-chocolate-beauty,Capsicum annuum 'Chocolate Beauty',"A stunning sweet pepper that ripens to a rich chocolate-brown color, making it a true conversation starter in the garden and kitchen. Despite its dark appearance, the flavor is exceptionally sweet and fruity with thick, crisp walls perfect for fresh eating. This unique variety adds both visual interest and gourmet flavor to any pepper collection.",70-80,10-20,1-3 feet,18-24 inches,Full sun (6+ hours),"1-2 inches per week, consistent moisture","Rich, well-drained soil with organic matter",6.2-6.8,Easy to Moderate,true,Warm season,Start indoors 8-10 weeks before last frost. Transplant when soil temperature reaches 65°F.,Deep chocolate-brown to burgundy when ripe,"3-4 inches long, 3-4 inches wide",Blocky bell pepper shape,"Sweet, mild, and crisp with no heat","Fresh eating, salads, grilling, roasting, stuffing, decorative garnish",false,true,4,11,Good resistance to tobacco mosaic virus,"Aphids, cutworms, pepper weevil, spider mites","Bacterial spot, blossom end rot, powdery mildew",ncstate,https://plants.windrivergreens.com/pepper/sweet-pepper-chocolate-beauty
437,pepper,Bell Pepper 'Red Knight',bell-pepper-red-knight,Capsicum annuum 'Red Knight',"A premium hybrid bell pepper bred for exceptional disease resistance and consistent production of large, blocky fruits. Red Knight delivers the classic sweet bell pepper flavor while being one of the most reliable varieties for home gardeners, especially in areas with challenging growing conditions. Its thick walls and excellent shelf life make it perfect for both fresh eating and cooking.",75-80,10-14,1-3 feet,18-24 inches,Full sun (6+ hours),"1-1.5 inches per week, consistent moisture","Well-drained, fertile loam rich in organic matter",6.0-6.8,Easy,true,Warm season,Start indoors 8-10 weeks before last frost. Transplant outdoors 2-3 weeks after last frost when soil temperature reaches 65°F.,"Deep red when mature, green when immature","4-5 inches long, 3-4 inches wide","Large, blocky, four-lobed bell shape","Sweet, crisp, and mild with thick walls","Fresh eating, stuffing, grilling, roasting, stir-fries, salads, and preserving",false,true,4,11,Excellent resistance to bacterial leaf spot and tobacco mosaic virus,"Aphids, spider mites, pepper weevil, hornworms","Blossom end rot, bacterial spot, verticillium wilt",ncstate,https://plants.windrivergreens.com/pepper/bell-pepper-red-knight
441,pepper,Sweet Pepper 'Purple Flash',sweet-pepper-purple-flash,Capsicum annuum 'Purple Flash',"An ornamental pepper that's as beautiful as it is delicious, featuring stunning purple and cream variegated foliage topped with small, colorful peppers that ripen from purple to orange to red. This compact variety works perfectly as an edible landscape plant or container specimen, offering sweet, mild peppers alongside incredible visual appeal. Purple Flash proves that peppers can be both functional and gorgeous in the garden.",60-70,10-14,1-3 feet,10-12 inches,Full sun (6+ hours),"1 inch per week, consistent moisture for best foliage color",Well-draining potting mix or garden soil with organic matter,6.0-7.0,Easy,true,Warm season,Start indoors 8-10 weeks before last frost. Can direct sow in warm climates after soil reaches 65°F.,"Purple, orange, and red fruits on purple and cream variegated foliage",0.5-1 inch long,"Small, round to slightly conical","Mild, sweet pepper flavor with crisp texture","Garnish, salads, pickling, ornamental arrangements, container gardening",false,true,4,11,Generally disease resistant due to compact growth habit,"Aphids, spider mites, whiteflies",Rarely affected by diseases in container culture,ncstate,https://plants.windrivergreens.com/pepper/sweet-pepper-purple-flash
448,pepper,Bell Pepper 'Sweet Chocolate',bell-pepper-sweet-chocolate,Capsicum annuum 'Sweet Chocolate',"This stunning bell pepper ripens to a rich chocolate-brown color that's as beautiful as it is delicious. The thick-walled fruits offer exceptional sweetness with a complex flavor that sets them apart from ordinary bell peppers, making them a gourmet favorite for both gardeners and chefs.",75-85,7-14,1-3 feet,18-24 inches,Full sun (6+ hours),"1-2 inches per week, consistent moisture","Rich, well-draining loam with compost",6.0-7.0,Easy to moderate,true,Warm season,Start indoors 8-10 weeks before last frost. Transplant after soil temperature reaches 65°F and nights stay above 55°F.,"Dark chocolate brown when ripe, green when immature","3-4 inches long, 3-4 inches wide","Classic bell shape, blocky with thick walls","Very sweet with rich, complex flavor and no heat","Fresh eating, stuffing, roasting, grilling, salads, stir-fries, decorative garnish",true,false,4,11,Moderate resistance to tobacco mosaic virus,"Aphids, pepper weevils, cutworms, hornworms","Bacterial leaf spot, blossom end rot, anthracnose, pepper mottle virus",ncstate,https://plants.windrivergreens.com/pepper/bell-pepper-sweet-chocolate
450,pepper,Sweet Pepper 'Bull's Horn',sweet-pepper-bull-s-horn,Capsicum annuum 'Corno di Toro',"This spectacular Italian heirloom produces enormous 8-inch peppers shaped like a bull's horn with incredibly sweet, tender flesh. The thin-skinned fruits are perfect for frying, roasting, or fresh eating, and their impressive size makes them a showstopper in any garden or kitchen.",75-85,10-14,1-3 feet,18-24 inches,Full sun (6+ hours),"1-2 inches per week, consistent deep watering","Rich, well-draining soil with plenty of organic matter",6.0-7.0,Moderate,true,Warm season,Start indoors 8-10 weeks before last frost. Transplant after soil warms to 65°F and night temperatures stay above 55°F.,Green ripening to bright red,"8-10 inches long, 2-3 inches wide at base","Long, curved horn shape, tapering to a point","Exceptionally sweet and mild with tender, thin skin","Frying, roasting, grilling, stuffing, fresh salads, Italian cuisine, preserving",true,false,4,11,Limited disease resistance typical of heirlooms,"European corn borer, aphids, pepper maggots, cutworms","Bacterial leaf spot, anthracnose, pepper mottle virus, blossom end rot",ncstate,https://plants.windrivergreens.com/pepper/sweet-pepper-bull-s-horn
452,pepper,Bell Pepper 'Rainbow Bell',bell-pepper-rainbow-bell,Capsicum annuum 'Rainbow Bell',"A stunning sweet bell pepper variety that produces fruits in an array of vibrant colors including red, yellow, orange, and purple, often on the same plant. This reliable hybrid creates a spectacular visual display in the garden while delivering the classic sweet, crisp bell pepper flavor that's perfect for fresh eating or cooking. It's an excellent choice for gardeners who want maximum color impact and continuous harvest throughout the season.",70-80,7-21,1-3 feet,18-24 inches,Full sun (6+ hours),"1-1.5 inches per week, consistent moisture","Well-drained, fertile loam with good organic content",6.0-7.0,Easy,true,Warm season,Start indoors 8-10 weeks before last frost. Transplant 2-3 weeks after last frost when soil temperature reaches 65°F.,"Multi-colored: red, yellow, orange, purple",3-4 inches diameter,"Classic bell shape, blocky","Sweet, mild, crisp with no heat","Fresh eating, salads, stuffing, stir-fries, roasting, grilling, colorful garnish",false,true,4,11,Good resistance to tobacco mosaic virus and bacterial leaf spot,"Aphids, spider mites, pepper weevil, cutworms","Bacterial leaf spot, powdery mildew, verticillium wilt, blossom end rot",ncstate,https://plants.windrivergreens.com/pepper/bell-pepper-rainbow-bell
457,pepper,Bell Pepper 'King of the North',bell-pepper-king-of-the-north,Capsicum annuum 'King of the North',"A reliable early-maturing bell pepper bred specifically for cooler climates and short seasons. This compact variety produces thick-walled, blocky peppers that ripen from green to brilliant red even in challenging northern conditions. Perfect for gardeners who struggle with traditional bell peppers in cooler regions.",65-75,10-14,1-3 feet,12-18 inches,Full sun (6+ hours),"1 inch per week, consistent moisture","Well-drained, fertile soil with good organic matter",6.0-7.0,Easy,true,Warm season,Start seeds indoors 8-10 weeks before last frost. Transplant after soil temperature reaches 60°F and nighttime temperatures stay above 50°F.,Green maturing to red,"3-4 inches long, 3 inches wide","Blocky, square-shouldered bell pepper","Sweet, crisp, and mild with classic bell pepper flavor","Fresh eating, stuffing, stir-fries, salads, roasting, grilling, freezing",true,false,4,11,"Good cold tolerance, moderate disease resistance","Aphids, flea beetles, pepper weevil, hornworms","Bacterial spot, phytophthora blight, tobacco mosaic virus",ncstate,https://plants.windrivergreens.com/pepper/bell-pepper-king-of-the-north
463,lettuce,Simpson Elite,simpson-elite,Lactuca sativa 'Simpson Elite',"An improved version of the classic Black Seeded Simpson, this loose-leaf lettuce offers exceptional heat tolerance and slower bolting. The bright green, deeply frilled leaves create a beautiful, productive plant that keeps producing tender leaves for weeks. Perfect for cut-and-come-again harvesting in warm weather when other lettuces struggle.",45-55,7-10,6-12 inches,6-8 inches,Full sun to partial shade (4-6+ hours),"1-1.5 inches per week, consistent moisture","Well-drained, fertile soil with good organic content",6.0-7.0,Easy,true,Cool season with heat tolerance,Direct sow from early spring through late summer. Sow every 2 weeks for continuous harvest. Light covering of soil as seeds need some light to germinate.,Bright light green with yellow-green highlights,"Individual leaves 4-6 inches, full plant 8-10 inches wide","Loose leaf with deeply frilled, ruffled edges","Mild, sweet, crisp with no bitterness even in warm weather","Salad base, sandwiches, wraps, garnishes. Excellent for mesclun mixes and baby leaf production.",false,true,2,11,Excellent heat tolerance and bolt resistance. Good downy mildew resistance.,"Aphids, slugs, snails, flea beetles, leaf miners","Downy mildew, bottom rot, lettuce mosaic virus",ncstate,https://plants.windrivergreens.com/lettuce/simpson-elite
464,lettuce,Summertime,summertime,Lactuca sativa 'Summertime',"The ultimate warm-weather lettuce that thrives when others bolt, producing crisp, sweet heads even in summer heat. This crisphead variety combines the satisfying crunch of iceberg with superior heat tolerance and better flavor. A game-changer for gardeners who want fresh lettuce year-round in warmer climates.",70-80,7-12,6-12 inches,10-12 inches,Full sun to partial shade (4-6+ hours),"1.5 inches per week, consistent deep watering","Well-drained, fertile soil with excellent drainage",6.0-7.0,Moderate,true,Warm season specialist,Direct sow in late spring through summer. Start indoors in hot climates and transplant. Provide afternoon shade in extreme heat.,Medium green outer leaves with pale green to white interior,6-8 inch diameter heads weighing 1-2 pounds,"Tight, compact crisphead with firm heart","Crisp, refreshing, mildly sweet with excellent crunch and no bitterness","Salads, wedge salads, wraps, tacos, burgers. Excellent for any application requiring crisp texture.",false,true,2,11,Exceptional heat tolerance and bolt resistance. Good tip burn resistance.,"Aphids, slugs, snails, cabbage loopers","Downy mildew, bottom rot, tip burn",ncstate,https://plants.windrivergreens.com/lettuce/summertime
465,lettuce,Mascara,mascara,Lactuca sativa 'Mascara',"A stunning red oakleaf lettuce with deeply lobed leaves that transition from green to burgundy red at the tips. This European variety brings both beauty and flavor to the garden, with tender leaves that have a subtle nutty taste. The dramatic coloring intensifies in cool weather, making it perfect for fall gardens and adding visual interest to any salad.",50-60,7-10,6-12 inches,8-10 inches,Full sun to partial shade (4-6+ hours),"1 inch per week, even moisture","Well-drained, fertile soil rich in organic matter",6.0-7.0,Easy to moderate,true,Cool season,Direct sow in spring and fall. Start indoors for summer transplanting in hot climates. Successive plantings every 2-3 weeks.,"Green base with burgundy-red tips and edges, more intense in cool weather","Individual leaves 4-6 inches, full rosette 8-10 inches",Deeply lobed oak leaf shape with ruffled edges,"Mild, sweet with subtle nutty undertones and tender texture","Gourmet salads, mesclun mixes, garnishes, restaurant presentations. Excellent for adding color contrast.",false,true,2,11,Good bolt resistance in cool weather. Moderate downy mildew resistance.,"Aphids, slugs, snails, flea beetles","Downy mildew, bottom rot, lettuce mosaic virus",ncstate,https://plants.windrivergreens.com/lettuce/mascara
466,lettuce,Canasta,canasta,Lactuca sativa 'Canasta',"A premium romaine lettuce bred for exceptional sweetness and crisp texture, with thick, sturdy leaves perfect for Caesar salads. This variety forms tall, upright heads with excellent heart formation and superior bolt resistance. Professional chefs and home gardeners alike prize Canasta for its consistent quality and outstanding flavor that rivals the best restaurant lettuce.",65-75,7-10,6-12 inches,8-10 inches,Full sun to partial shade (4-6+ hours),"1-1.5 inches per week, consistent moisture","Well-drained, fertile soil with good organic content",6.0-7.0,Easy to moderate,true,Cool season,"Direct sow 2-4 weeks before last frost, or start indoors and transplant. Fall plantings often produce the best quality heads.",Medium to dark green with pale green to white ribs and heart,"10-12 inches tall, 6-8 inches wide at base","Upright, cylindrical romaine head with thick, sturdy leaves","Sweet, crisp, and crunchy with no bitterness and excellent texture","Caesar salads, grilled romaine, wraps, lettuce boats, any recipe requiring sturdy lettuce structure.",false,true,2,11,Excellent bolt resistance and tip burn tolerance. Good downy mildew resistance.,"Aphids, slugs, snails, cabbage loopers","Downy mildew, bottom rot, tip burn, lettuce drop",ncstate,https://plants.windrivergreens.com/lettuce/canasta
467,lettuce,Red Romaine,red-romaine,Lactuca sativa var. longifolia 'Red Romaine',A stunning twist on classic romaine lettuce with deep burgundy-red leaves and contrasting green hearts. This beautiful variety offers the same crisp texture and sweet flavor as traditional romaine while adding dramatic color to salads and garden beds. Perfect for gardeners who want both visual appeal and exceptional taste.,70-80,7-10,6-12 inches,8-10 inches,Full sun to partial shade (4-6+ hours),"1 inch per week, consistent moisture","Well-drained, fertile loam with organic matter",6.0-7.0,Easy,true,Cool season,"Direct seed 2-4 weeks before last frost, or start indoors 4-6 weeks before transplanting. Succession plant every 2 weeks.",Deep burgundy-red outer leaves with green-white hearts,"8-12 inches tall, 6-8 inches wide",Upright cylindrical heads with elongated leaves,"Crisp, sweet, and mild with slight mineral notes","Caesar salads, grilling, wraps, fresh eating, garnish",false,true,2,11,Good resistance to tip burn and bolting,"Aphids, cutworms, slugs, flea beetles","Downy mildew, lettuce drop, tip burn",ncstate,https://plants.windrivergreens.com/lettuce/red-romaine
468,lettuce,Freckles,freckles,Lactuca sativa 'Freckles',"An eye-catching Austrian heirloom romaine lettuce adorned with distinctive red speckles scattered across bright green leaves like freckles on skin. This unique variety combines stunning visual appeal with excellent bolt resistance and sweet, tender flavor. A conversation starter that performs beautifully in both spring and fall gardens.",55-60,7-14,6-12 inches,6-8 inches,Full sun to partial shade (4-6+ hours),"1 inch per week, even moisture","Rich, well-drained soil with compost",6.2-6.8,Easy to Moderate,true,Cool season,Direct seed in early spring or late summer. Can start indoors 3-4 weeks before transplanting. Prefers cool weather.,Bright green leaves with red speckles and spots,"6-8 inches wide, 8-10 inches tall","Loose-heading romaine with broad, rounded leaves","Sweet, crisp, and tender with mild lettuce flavor","Fresh salads, garnish, baby leaf harvest, mixed greens",true,false,2,11,"Good bolt resistance, moderate disease tolerance","Aphids, leaf miners, slugs, snails","Downy mildew, lettuce mosaic virus, bottom rot",ncstate,https://plants.windrivergreens.com/lettuce/freckles
469,lettuce,Waldmann's Green,waldmann-s-green,Lactuca sativa 'Waldmann's Green',"A legendary loose-leaf lettuce variety developed specifically for winter greenhouse growing but equally excellent in outdoor gardens. Known for its exceptional cold tolerance and ability to produce tender, dark green leaves even in challenging conditions. This reliable variety has been a favorite among both commercial and home growers for decades.",45-50,5-10,6-12 inches,4-6 inches,Full sun to partial shade (4-6+ hours),"1 inch per week, consistent moisture","Well-drained, fertile soil with organic matter",6.0-7.2,Easy,true,Cool season,Direct seed or transplant. Excellent for fall and winter growing. Can be grown year-round in mild climates.,Dark green,"6-8 inches across, individual leaves 4-6 inches","Loose rosette with broad, smooth leaves","Mild, sweet, and tender with clean lettuce taste","Salads, sandwiches, wraps, baby leaf production, cut-and-come-again harvesting",true,false,2,11,"Excellent cold tolerance, good disease resistance","Aphids, leafminers, cutworms, slugs","Downy mildew, lettuce drop, tip burn",ncstate,https://plants.windrivergreens.com/lettuce/waldmann-s-green
470,lettuce,Muir,muir,Lactuca sativa,"The slowest to bolt in our summer trials. Technically a Batavian type, the light green extra-wavy leaves form dense heads at a small size and can be harvested as a mini or left to bulk up into large, heavy, full-size heads. The leaves are crisp and have excellent flavor. Suitable for hydroponic systems. Utility Patent granted. MT0-30. Also available with NOP-compliant pelleting.",50,7-10,6-12 inches,8-12 inches,Full sun to partial shade (4-6+ hours),"1-1.5 inches per week, consistent deep watering","Rich, well-drained soil with high organic content",6.2-6.8,Moderate,true,Warm season annual,Direct seed or start indoors. Can be planted later in spring than most lettuce varieties. Excellent for summer succession planting.,Medium green outer leaves with pale yellow-green hearts,"6-8 inches across, 4-6 inches tall","Dense, rounded butterhead with cupped leaves","Sweet, buttery, and tender with delicate texture","Gourmet salads, lettuce cups, sandwiches, fresh eating",true,false,2,11,"Downy Mildew (EU) races 16-26, 28, 32 (High); Downy Mildew (US) races 5-9 (High); Lettuce Leaf Aphid Nasonovia ribisnigri (High); Lettuce Mosaic Virus (Intermediate); Tomato Bushy Stunt Virus (High)","Aphids, thrips, leafminers, slugs","Downy mildew, lettuce drop, tip burn",ncstate+johnnys,https://plants.windrivergreens.com/lettuce/muir
471,lettuce,Red Express Cos,red-express-cos,Lactuca sativa var. longifolia 'Red Express Cos',"A fast-maturing romaine lettuce with striking red-tinged leaves that intensify in cool weather, creating a beautiful gradient from green to deep red. This variety combines the classic crisp texture and sweet flavor of romaine with ornamental appeal and quick harvest times. Perfect for impatient gardeners who want both beauty and speed in their lettuce patch.",48-55,6-10,6-12 inches,6-8 inches,Full sun to partial shade (4-6+ hours),"1 inch per week, even moisture","Well-drained, fertile soil amended with compost",6.0-7.0,Easy,true,Cool season,Direct seed in early spring or fall. Can start indoors 3-4 weeks before transplanting. Best color development in cool weather.,"Green leaves with red edges and red tinges, intensifying in cool weather","8-10 inches tall, 5-7 inches wide",Upright mini romaine heads with elongated leaves,"Crisp, sweet, and mild with tender texture","Baby romaine salads, grilling, Caesar salads, garnish, whole leaf wraps",false,true,2,11,Good bolt resistance and tip burn tolerance,"Aphids, flea beetles, cutworms, slugs","Downy mildew, lettuce mosaic virus, bacterial leaf spot",ncstate,https://plants.windrivergreens.com/lettuce/red-express-cos
473,lettuce,Grand Rapids,grand-rapids,Lactuca sativa 'Grand Rapids',"A time-tested heirloom loose-leaf lettuce that has been feeding families since 1888 and remains one of the most reliable varieties for beginning gardeners. Its deeply curled, bright green leaves are incredibly easy to grow and harvest, producing continuously when cut properly. This variety thrives in almost any condition and rarely bolts, making it perfect for hot climates and extended harvests.",45-55,5-10,6-12 inches,6-8 inches,Full sun to partial shade (4-6+ hours),"0.75-1 inch per week, moderate moisture","Adaptable to most soil types, prefers well-drained",6.0-7.5,Very Easy,true,Cool season,Direct sow as soon as soil can be worked. Plant every 2-3 weeks through summer for continuous harvest.,Bright to medium green,"Individual leaves 4-6 inches, plant spreads 8-12 inches","Loose leaf with deeply curled, ruffled edges","Mild, crisp, slightly sweet with tender texture","Fresh salads, sandwiches, garnish. Perfect for cut-and-come-again harvesting.",true,false,2,11,Excellent heat tolerance and slow to bolt,"Aphids, slugs, snails, cabbage loopers","Downy mildew, lettuce mosaic virus, bottom rot",ncstate,https://plants.windrivergreens.com/lettuce/grand-rapids
474,lettuce,Prizehead,prizehead,Lactuca sativa 'Prizehead',"A stunning loose-leaf heirloom that's as beautiful as it is delicious, featuring large bronze-red tinged leaves that create a dramatic display in any garden. Dating back to the 1880s, this heat-tolerant variety produces abundantly in warm weather when other lettuces fail, making it indispensable for summer growing. The tender leaves have a mild flavor with just a hint of sweetness, perfect for adding color and nutrition to salads.",50-60,7-14,6-12 inches,8-10 inches,Full sun to partial shade (4-6+ hours),"1 inch per week, consistent moisture",Well-drained soil with moderate fertility,6.0-7.0,Easy,true,Cool season (heat tolerant),Direct sow 2-4 weeks before last frost. Succession plant through summer. Can be grown year-round in mild climates.,Light green with bronze-red edges and tips,"Individual leaves 6-8 inches, plant spreads 10-14 inches","Large, loose leaves with crinkled texture and wavy edges","Mild, sweet, and tender with slight nuttiness","Fresh salads, mixed greens, garnish. Adds beautiful color contrast to salad mixes.",true,false,2,11,Excellent heat tolerance and resistance to bolting,"Aphids, flea beetles, slugs, snails","Downy mildew, lettuce drop, tipburn in extreme heat",ncstate,https://plants.windrivergreens.com/lettuce/prizehead
475,lettuce,Lollo Rosso,lollo-rosso,Lactuca sativa 'Lollo Rosso',"An Italian heirloom that brings European flair to the home garden with its spectacular burgundy-red frilly leaves and compact growth habit. This loose-leaf variety is prized by chefs worldwide for its beautiful appearance and slightly bitter, sophisticated flavor that adds complexity to salad mixes. The deeply curled leaves create an almost flower-like appearance, making it as ornamental as it is edible.",50-65,7-10,6-12 inches,6-8 inches,Full sun to partial shade (4-6+ hours),"1 inch per week, consistent moisture","Rich, well-drained soil with good organic content",6.0-7.0,Easy to Moderate,true,Cool season,"Direct sow 2-4 weeks before last frost, or start indoors 4-6 weeks early. Plant in fall for winter harvest in mild climates.",Deep burgundy-red with green base,Compact heads 6-8 inches across,"Dense rosette of extremely frilly, curled leaves","Mildly bitter with nutty undertones, tender texture","Gourmet salads, mixed greens, garnish, restaurant presentations. Popular in mesclun mixes.",true,false,2,11,Moderate resistance to bolting in cool weather,"Aphids, slugs, snails, cabbage loopers","Downy mildew, lettuce drop, tipburn",ncstate,https://plants.windrivergreens.com/lettuce/lollo-rosso
476,lettuce,Parris Island Cos,parris-island-cos,Lactuca sativa 'Parris Island Cos',"The gold standard romaine lettuce that has been the backbone of American Caesar salads since 1952, developed specifically for hot, humid Southern growing conditions. This heat-tolerant variety produces tall, upright heads with thick, crunchy ribs and dark green outer leaves that blanch to creamy yellow hearts. Known for exceptional bolt resistance and reliable performance, it's the romaine that succeeds where others fail in challenging climates.",68-75,7-12,6-12 inches,8-12 inches,Full sun to partial shade (4-6+ hours),"1-1.25 inches per week, deep watering","Rich, well-drained soil with good organic matter",6.0-7.0,Easy,true,Cool season (heat tolerant),Direct sow 2-4 weeks before last frost. Can succession plant through summer in most climates. Start indoors in extreme heat.,Dark green outer leaves with creamy yellow heart,"10-12 inch tall heads, 1-2 lbs","Upright, elongated heads with thick central ribs","Crisp, mildly sweet with excellent crunch and no bitterness","Caesar salads, grilled romaine, wraps, sandwiches. Classic restaurant-quality romaine.",true,false,2,11,Excellent heat tolerance and resistance to bolting and tipburn,"Aphids, thrips, cabbage loopers, leaf miners","Downy mildew, lettuce drop, bacterial leaf spot",ncstate,https://plants.windrivergreens.com/lettuce/parris-island-cos
477,lettuce,Buttercrunch Bibb,buttercrunch-bibb,Lactuca sativa 'Buttercrunch',"A premium butterhead lettuce that's been delighting gardeners for decades with its exceptional tenderness and sweet, buttery flavor. This variety forms perfect, compact heads with thick, succulent leaves that practically melt in your mouth. Heat-tolerant and bolt-resistant, Buttercrunch is ideal for gardeners who want restaurant-quality lettuce from their own backyard.",65-75,7-10,6-12 inches,8-10 inches,Full sun to partial shade (4-6+ hours),"1 inch per week, consistent moisture","Well-drained, fertile soil rich in organic matter",6.0-7.0,Easy,true,Cool season,Direct sow 2-4 weeks before last frost or start indoors 4-6 weeks early. Can succession plant every 2 weeks.,Light to medium green with yellowish-green hearts,4-6 inch diameter heads,"Compact, rounded butterhead formation","Sweet, mild, and buttery with tender texture","Salads, sandwiches, wraps, garnish. Excellent for delicate preparations where texture matters.",true,false,2,11,"Good resistance to tip burn, moderate bolt resistance in cool weather","Aphids, slugs, snails, cutworms, flea beetles","Downy mildew, lettuce drop, bottom rot, tip burn",ncstate,https://plants.windrivergreens.com/lettuce/buttercrunch-bibb
478,lettuce,Cimmaron Romaine,cimmaron-romaine,Lactuca sativa 'Cimmaron',"A striking red romaine lettuce that brings vibrant color and exceptional crunch to any garden or salad bowl. This heat-tolerant variety produces tall, upright heads with deep burgundy-red outer leaves and crisp, sweet hearts that maintain their color even in warm weather. Cimmaron offers both visual appeal and outstanding flavor, making it a favorite among gardeners who want something special.",55-65,7-14,6-12 inches,6-8 inches,Full sun to partial shade (4-6+ hours),"1-1.5 inches per week, consistent moisture","Well-drained, fertile soil with good organic content",6.0-7.0,Easy to Moderate,true,Cool season,Direct sow in early spring 2-4 weeks before last frost. Can also fall plant 10-12 weeks before first frost.,Deep burgundy-red outer leaves with lighter green-red hearts,"6-8 inch wide, 10-12 inch tall heads","Upright, elongated romaine formation","Crisp and crunchy with mild, sweet flavor and slight mineral notes","Caesar salads, mixed greens, wraps, grilling. Excellent color contrast in salad mixes.",false,true,2,11,"Good heat tolerance, resistant to bolting, moderate disease resistance","Aphids, thrips, leafminers, slugs and snails","Downy mildew, lettuce mosaic virus, bacterial leaf spot",ncstate,https://plants.windrivergreens.com/lettuce/cimmaron-romaine
479,lettuce,Skyphos,skyphos,Lactuca sativa,"Skyphos is a heirloom romaine lettuce variety prized for its exceptionally sweet, crisp, and tender leaves with the classic satisfying crunch of traditional romaines. This Greek variety matures in approximately 47 days, producing upright heads with a distinctive appearance. The name references the ancient Greek drinking cup, reflecting its heritage. Skyphos thrives in full sun to partial shade and prefers well-drained, fertile soil with consistent moisture. Its superior flavor profile and reliability make it an excellent choice for fresh salads where quality and taste are paramount. Relatively easy to grow despite susceptibility to common lettuce pests.",47,7-10,6-12 inches,4-6 inches,Full sun to partial shade (4-6+ hours),"1 inch per week, consistent light watering","Well-drained, fertile soil with good moisture retention",6.0-7.0,Easy,true,Warm season annual,Direct sow every 2-3 weeks for continuous harvest. Start 4 weeks before last frost through fall.,Bright medium green with pale yellow-green hearts,"4-5 inch tall, 3-4 inch wide mini heads","Compact, upright mini romaine","Sweet, crisp, and tender with classic romaine crunch","Individual salad servings, baby Caesar salads, garnish, grilling whole heads, lunch boxes.",true,false,2,11,"Downy Mildew (EU) races 16-26, 32 (High); Downy Mildew (US) races 5-9 (High); Lettuce Leaf Aphid Nasonovia ribisnigri (High); Lettuce Mosaic Virus (Intermediate)","Aphids, flea beetles, slugs, leaf miners","Downy mildew, lettuce drop, bacterial soft rot",ncstate+johnnys,https://plants.windrivergreens.com/lettuce/skyphos
480,lettuce,Concept,concept,Lactuca sativa 'Concept',"A premium loose-leaf lettuce that produces an abundance of deeply lobed, oak-shaped leaves with exceptional heat tolerance and slow bolting characteristics. This variety offers continuous harvest potential throughout the growing season, with leaves that maintain their tender texture and mild flavor even in challenging weather. Concept is perfect for gardeners who want a reliable, productive lettuce that keeps giving all season long.",50-60,7-10,6-12 inches,6-8 inches,Full sun to partial shade (4-6+ hours),"1-1.5 inches per week, consistent moisture","Well-drained, fertile soil rich in organic matter",6.0-7.0,Easy,true,Cool season with heat tolerance,Direct sow 2-4 weeks before last frost. Can succession plant every 2 weeks through summer in cooler climates.,Medium to dark green with deeply cut oak-leaf shape,"6-8 inch spread, individual leaves 4-6 inches","Loose rosette with deeply lobed, oak-shaped leaves","Mild, sweet flavor with tender texture and no bitterness","Cut-and-come-again harvesting, salad mixes, sandwiches, wraps. Excellent for baby leaf production.",false,true,2,11,"Excellent heat tolerance, slow to bolt, good disease resistance","Aphids, flea beetles, slugs and snails, leaf miners","Downy mildew, lettuce drop, bacterial leaf spot",ncstate,https://plants.windrivergreens.com/lettuce/concept
481,lettuce,Coastal Star,coastal-star,Lactuca sativa,"The large, heavy heads are dark green. Heat tolerant. Suitable for marketing as full heads or romaine hearts. Good, sweet flavor. MT0-30. Also available with NOP-compliant pelleting.",57,7-14,6-12 inches,8-10 inches,Full sun to partial shade (4-6+ hours),"1-2 inches per week, consistent deep watering","Well-drained, fertile soil with excellent organic content",6.0-7.0,Easy to Moderate,true,Warm season annual,Can sow from early spring through mid-summer. Direct sow or transplant. Excellent for summer plantings.,Medium green outer leaves with bright yellow-green hearts,"7-9 inch wide, 12-14 inch tall heads","Tall, upright romaine with tight heart formation","Crisp and crunchy with sweet, mild flavor that resists bitterness in heat","Caesar salads, grilling, wraps, sandwiches. Excellent for summer salads when other varieties fail.",true,false,2,11,Corky Root (Intermediate),"Aphids, thrips, leafminers, occasional caterpillars","Downy mildew, lettuce mosaic virus, bacterial leaf spot",ncstate+johnnys,https://plants.windrivergreens.com/lettuce/coastal-star
482,herb,Rosemary,rosemary,Rosmarinus officinalis,"Native to the Mediterranean region, rosemary has silvery needle-like foliage and delicate flowers. Popular for potted plant sales and with chefs. NOTE: Germination is naturally low and variable. Edible Flowers: Although the flowers are small, they have a bold rosemary flavor. They should be used fresh as a garnish for savory dishes and salads, and pairs well with roasted vegetables, fruits, or whipped cream.",90-120,14-21,5 feet,18-24 inches,Full sun (6-8 hours),Low — drought tolerant,"Well-drained, sandy or rocky soil",6.0-7.0,Easy,true,Tender Perennial,Start from cuttings or nursery plants. Seeds are slow and difficult. Plant after last frost.,"Gray-green needle-like leaves with blue, purple, or white flowers",1-2 inch needle-like leaves,Upright woody shrub with linear leaves,"Piney, resinous, slightly bitter with camphor notes","Roasted meats, potatoes, bread, Mediterranean dishes, infused oils, herb butter",true,false,6,10,"Generally disease resistant, good air circulation prevents fungal issues","Spider mites, aphids, scale insects","Root rot, powdery mildew in humid conditions",usda+johnnys,https://plants.windrivergreens.com/herb/rosemary
483,herb,Spearmint,spearmint,Mentha spicata,"The classic mint variety beloved for its bright, refreshing flavor and vigorous spreading habit that makes it perfect for beginning gardeners. Unlike peppermint, spearmint has a sweeter, less intense flavor that's perfect for teas, cocktails, and Middle Eastern cuisine. This hardy perennial spreads rapidly through underground runners, making it ideal for contained growing or naturalizing in moist areas.",60-90,10-16,12-24 inches,12-18 inches (or contained),Full sun to partial shade (4-6+ hours),"High, consistent moisture preferred","Rich, moist, well-drained soil",6.0-7.5,Very Easy,true,"Perennial, dies back in winter",Start from plants or cuttings. Seeds rarely come true to type. Plant divisions in spring.,Bright green serrated leaves,1-3 inch oval leaves,Upright stems with opposite serrated leaves,"Sweet, cooling mint flavor without menthol intensity","Teas, mojitos, mint juleps, Middle Eastern dishes, fruit salads, ice cream",true,false,4,9,"Generally hardy, good air circulation prevents fungal issues","Aphids, spider mites, flea beetles","Mint rust, powdery mildew, root rot in poorly drained soil",ncstate,https://plants.windrivergreens.com/herb/spearmint
491,herb,Cardinal Basil,cardinal-basil,Ocimum basilicum 'Cardinal',"A spectacular ornamental basil variety that produces vibrant red-purple flower spikes rising above green foliage, creating a stunning display that attracts pollinators while providing excellent basil flavor. This unique variety was bred specifically for its dramatic flowering display and long-lasting blooms, making it perfect for edible landscaping. The flowers are edible with intense basil flavor, while leaves maintain classic sweet basil taste.",65-75,5-10,0-3 feet,8-12 inches,Full sun to partial shade (4-6+ hours),"1-1.5 inches per week, consistent moisture","Rich, well-draining soil with organic matter",6.0-7.0,Easy,true,Warm season annual,Start indoors 4-6 weeks before last frost or direct sow when soil reaches 65°F. Surface sow with light covering.,Medium green leaves with bright red-purple flower spikes,"1-2 inch oval leaves, 4-6 inch flower spikes","Oval leaves with tall, dense cylindrical flower spikes","Classic sweet basil flavor in leaves, intense basil-clove flavor in flowers","Edible flowers for garnish, salads, Italian dishes, pesto, herbal vinegars, ornamental cooking",false,true,10,10,"Good resistance to downy mildew, fusarium wilt susceptible","Aphids, spider mites, Japanese beetles, slugs","Fusarium wilt, bacterial leaf spot, downy mildew in humid conditions",ncstate,https://plants.windrivergreens.com/herb/cardinal-basil
493,herb,Holy Basil,holy-basil,Ocimum tenuiflorum,"1 1/2"" long green leaves, with purple stems. Known for its use in Hindu culture and Ayurveda. Also known as Tulsi. A common ingredient in Thai cuisine and in teas. Used medicinally for digestion and immune system support. Ht. 16-22"".",90-100,10-15,,8-12 inches,Full sun (6+ hours),"Moderate, 0.5-1 inch per week, drought tolerant once established","Well-draining soil, tolerates poor soils better than culinary basils",6.0-7.5,Easy,true,Warm season annual,Start indoors 8-10 weeks before last frost or direct sow in warm soil. Allow some flowers for continuous harvest.,"Green leaves with purple tinges, purple flower spikes","1 1/2""","Small, serrated oval leaves, compact bushy growth","Spicy, clove-like with peppery and slightly bitter notes","Herbal teas, traditional Indian dishes, medicinal preparations, not for Italian cuisine",true,false,3,11,"Excellent natural disease resistance, very hardy","Few pest problems, occasionally aphids","Rare disease issues, very resilient",ncstate+johnnys,https://plants.windrivergreens.com/herb/holy-basil
497,herb,Cinnamon Basil,cinnamon-basil,Ocimum basilicum,"Tall, fast-growing plants have distinctive violet stems, veining, and flower bracts with lavender blooms and 2"" long leaves. Beautiful in casual flower bouquets. Ht. 26-30"".Edible Flowers: Use the flowers in any recipe that calls for basil, or to garnish drinks, salads, soups, pasta, and desserts. Flavor is of intense basil with a note of mint, anise, and cinnamon.",65,5-10,0-3 feet,12-18 inches,Full sun to partial shade (4-6+ hours),"1 inch per week, consistent moisture","Well-drained, fertile soil rich in organic matter",6.0-7.0,Easy,true,Warm season annual,Start indoors 6-8 weeks before last frost or direct sow after soil reaches 60°F. Keep soil consistently moist until germination.,Green leaves with purple stems and purple flower spikes,"2""","Oval, pointed leaves with serrated edges",Sweet cinnamon and spice with mild basil undertones,"Asian stir-fries, fruit salads, herbal teas, desserts, potpourri, and as garnish for cocktails",true,false,10,10,Good resistance to common basil diseases when grown in proper conditions,"Aphids, Japanese beetles, slugs, whiteflies","Fusarium wilt, bacterial leaf spot, downy mildew",ncstate+johnnys,https://plants.windrivergreens.com/herb/cinnamon-basil
498,herb,Orange Mint,orange-mint,Helianthus annuus,"Orange Mint is a vibrant heirloom herb variety that matures in 85-95 days, producing lush green foliage with aromatic leaves. This distinctive mint variety stands apart with its unique flavor profile—fresh mint paired with bright citrus notes reminiscent of orange and subtle bergamot undertones, making it exceptional for teas, cocktails, and culinary garnishes. Best grown in full sun (6+ hours daily) with rich, moist, well-drained soil, it thrives easily in most conditions. Watch for common mint pests including aphids, spider mites, and flea beetles.",85-95,10-16,1-10 feet,18-24 inches,Full sun (6+ hours),Moderate — regular watering,"Rich, moist, well-drained soil",6.0-7.0,Easy,true,Warm season annual,Best grown from cuttings or divisions. Seeds have low germination rates. Plant divisions in spring after frost danger passes.,Dark green leaves with purple-tinged stems,"35-48""","Oval, serrated leaves with smooth texture",Fresh mint with bright orange citrus notes and slight bergamot undertones,"Herbal teas, fruit salads, desserts, cocktails, Middle Eastern dishes, chocolate pairings",true,false,2,11,"Generally disease resistant, good air circulation prevents fungal issues","Aphids, spider mites, flea beetles","Rust, powdery mildew, mint anthracnose",usda+ncstate+johnnys,https://plants.windrivergreens.com/herb/orange-mint
500,herb,Lemon Thyme,lemon-thyme,Cucumis sativus,"Lemon Thyme is a fragrant heirloom herb variety that grows as a low, spreading perennial with fine, narrow green leaves and delicate pink flowers. Reaching maturity in approximately 65 days, it produces harvestable foliage suitable for continuous picking. This variety distinguishes itself through its distinctive bright citrus aroma and flavor—a harmonious blend of classic thyme earthiness with zesty lemon notes. The herb thrives in full sun with excellent drainage and performs best in sandy or rocky soil. Its unique flavor profile makes it ideal for culinary applications in fish dishes, beverages, desserts, and Mediterranean cooking, while also serving ornamental and medicinal purposes.",65,14-28,8-18 inches,8-12 inches,Full sun (6+ hours),"Low to moderate, drought tolerant once established","Well-drained, sandy or rocky soil, excellent drainage essential",6.0-8.0,Moderate,true,Cool to warm season,Start from cuttings or divisions for best results. Seeds are slow and unreliable. Plant in spring after frost danger passes.,Small variegated leaves with green centers and yellow-cream edges,"Tiny leaves, less than 1/2 inch long","Small, oval, pointed leaves densely packed on stems","Classic thyme flavor with bright, zesty lemon notes","Fish and seafood, roasted chicken, vegetables, Mediterranean dishes, herbal teas, marinades",true,false,2,11,Good disease resistance when grown in well-drained conditions,"Spider mites, aphids in humid conditions","Root rot in wet soils, fungal issues in poor drainage",ncstate+johnnys,https://plants.windrivergreens.com/herb/lemon-thyme
501,herb,Thai Basil,thai-basil,Ocimum basilicum,"Thai Basil is a distinctive Southeast Asian herb prized for its striking purple-tinged stems and narrow, dark green leaves. Reaching maturity in approximately 74 days, this heirloom variety delivers an intensely aromatic profile—a bold combination of anise-licorice sweetness with spicy, clove-like undertones that sets it apart from sweet basil. Essential in Thai and Vietnamese cuisines, it adds authentic depth to curries, stir-fries, and aromatic broths. The plant thrives in full sun to partial shade with rich, well-drained soil enriched with organic matter. Easy to moderate difficulty makes it accessible for most gardeners, though watch for common pests like aphids and Japanese beetles.",74,5-10,0-3 feet,8-12 inches,Full sun to partial shade (4-6+ hours),"1 inch per week, consistent moisture but well-drained","Rich, well-drained soil with organic matter",6.0-7.5,Easy to moderate,true,Warm season annual,Start indoors 6-8 weeks before last frost or direct sow when soil reaches 65°F. Transplant after all frost danger passes.,Green leaves with purple stems and purple flower spikes,"2-3""","Elongated, pointed leaves with smooth edges","Strong anise-licorice flavor with spicy, clove-like undertones","Thai curries, pho, stir-fries, spring rolls, Vietnamese and Thai dishes, the flowers are also edible",true,false,10,10,"Good resistance to fusarium wilt, better heat tolerance than sweet basil","Aphids, Japanese beetles, slugs","Bacterial leaf spot, downy mildew in humid conditions",ncstate+johnnys,https://plants.windrivergreens.com/herb/thai-basil
503,herb,Lime Basil,lime-basil,Ocimum x citriodorum,"Adds a unique flair to cocktails, fish, and salads. Compact plant has 2"" long bright-green leaves. Ht. 16-20"".Edible Flowers: Use the flowers in any recipe that calls for basil, or to garnish drinks, salads, soups, pasta, and desserts. Flavor is of intense basil and citrus.",60,5-10,12-18 inches,8-12 inches,Full sun (6-8 hours),"1 inch per week, allow slight drying between waterings","Well-drained, moderately fertile soil",6.0-7.5,Easy,true,Warm season annual,Direct sow after soil warms to 60°F or start indoors 6-8 weeks before last frost. Transplant after danger of frost passes.,Bright green leaves with white flower spikes,"2""","Compact, bushy plant with small oval leaves",Intense lime-citrus flavor with mild basil undertones,"Thai curries, Vietnamese pho, citrus pestos, fish dishes, cocktail garnish, herbal teas",true,false,9,11,"Good general disease resistance, better than sweet basil varieties","Aphids, spider mites, flea beetles","Fusarium wilt, downy mildew, bacterial leaf spot",johnnys,https://plants.windrivergreens.com/herb/lime-basil
506,herb,Chocolate Basil,chocolate-basil,Helianthus annuus,"Chocolate Basil is a heirloom herb variety known for its distinctive dark purple-tinged leaves and rich, complex flavor profile. Maturing in 65-75 days, this basil combines traditional sweet basil character with pronounced chocolate, cinnamon, and warm spice notes that become more pronounced as the plant matures. The foliage is dense and aromatic, ideal for culinary applications where its unique flavor complexity elevates dishes, teas, and infusions. Best grown in full sun with rich, well-drained soil, this easy-to-grow variety is prized by gardeners seeking distinctive flavor experiences beyond standard basil varieties.",65-75,5-10,1-10 feet,12-15 inches,Full sun (6+ hours),Moderate — regular watering,"Rich, well-drained soil with organic matter",6.0-7.0,Easy,true,Warm season annual,Start indoors 6-8 weeks before last frost or direct sow after soil reaches 60°F. Transplant after all danger of frost passes.,Dark green leaves with purple undersides and dark purple-bronze stems,"4-6""",Compact bushy plant with oval leaves and purple stems,"Sweet basil with distinct chocolate, cinnamon, and warm spice notes","Chocolate desserts, fruit salads, specialty pestos, cocktail garnish, ice cream infusions, mole sauces",true,false,2,11,Good resistance to common basil diseases,"Aphids, spider mites, Japanese beetles","Fusarium wilt, downy mildew, bacterial leaf spot",usda+ncstate+johnnys,https://plants.windrivergreens.com/herb/chocolate-basil
516,herb,Fennel Bronze,fennel-bronze,Foeniculum vulgare,"Bronze-colored leaves and stems. Add sweet, fennel flavor to desserts, and color to light-colored fish. NOTE: Fennel flavor develops and intensifies as plants mature. Fennel at the micro stage can be quite mild in flavor. Adding a few days to crop time (after the first true leaf appears) can intensify the flavor.",16-25,7-14,4-6 feet,12-18 inches,Full sun (6+ hours),"Low to moderate, drought tolerant once established","Well-drained, fertile soil, tolerates poor soils",6.0-8.0,Easy,true,Warm season annual,Direct sow in spring after last frost or fall. Does not transplant well due to taproot. Allow some plants to self-seed.,Bronze-purple feathery foliage with yellow umbrella-shaped flowers,"Fine, thread-like leaves, flowers in 4-6 inch umbels","Tall, upright perennial with feathery, fern-like foliage","Sweet anise or licorice flavor with aromatic intensity, similar to dill but sweeter","Fish dishes, Mediterranean cuisine, salads, herb blends, seeds for baking and tea, flowers as garnish",true,false,4,9,"Generally disease resistant, very hardy","Aphids, swallowtail butterfly caterpillars (which are beneficial for butterfly gardens)","Crown rot in poorly drained soils, otherwise very disease resistant",ncstate+johnnys,https://plants.windrivergreens.com/herb/fennel-bronze
517,herb,Moroccan Mint,moroccan-mint,Mentha spicata 'Moroccan',"The traditional mint of North African tea culture, prized for its intensely sweet flavor and exceptional fragrance. This spearmint variety produces vibrant green leaves with a refreshing, clean taste that's less aggressive than peppermint. Perfect for the classic Moroccan mint tea and a beautiful, aromatic addition to any herb garden.",60-90,10-16,12-24 inches,12-18 inches,Full sun to partial shade (4-6+ hours),"Consistently moist soil, 1-1.5 inches per week","Rich, moist, well-draining soil with organic matter",6.0-7.0,Easy,true,Cool to warm season,Start from cuttings or divisions in spring. Can direct sow seeds but germination is slow and uneven.,Bright green leaves with serrated edges,Leaves 1-2 inches long,Oval to lance-shaped leaves with prominent veining,"Sweet, refreshing spearmint flavor with floral notes and less menthol than peppermint","Traditional Moroccan mint tea, Middle Eastern dishes, fruit salads, cocktails, desserts",true,false,4,9,"Good resistance to most mint diseases, may be susceptible to rust in humid conditions","Aphids, spider mites, mint flea beetles","Mint rust, verticillium wilt, root rot in poorly drained soils",ncstate,https://plants.windrivergreens.com/herb/moroccan-mint
518,herb,German Thyme,german-thyme,Thymus vulgaris,"German Thyme is a classic heirloom herb variety prized for its robust, earthy flavor profile with subtle hints of mint, clove, and camphor. This hardy perennial produces fine, needle-like foliage on compact woody stems and reaches maturity in 90-95 days. A defining characteristic is its exceptional cold hardiness and ability to thrive in poor, sandy, or rocky soils with minimal care. Its strong, complex flavor makes it particularly valuable for culinary applications in soups, stews, roasted vegetables, and herbal tea blends. Generally pest-resistant, though spider mites may appear in intense heat.",90-95,14-21,6-12 inches,8-12 inches,Full sun (6+ hours),"Low to moderate, drought tolerant once established","Well-draining, sandy or rocky soil, tolerates poor soils",6.0-8.0,Easy,true,Perennial,Start seeds indoors 6-8 weeks before last frost. Very slow to germinate. Easier to propagate from cuttings.,Small gray-green leaves,Leaves 1/4 inch long,Tiny oval leaves on woody stems,"Strong, earthy, and slightly minty with hints of clove and camphor","European cuisine, roasted meats, vegetables, soups, stews, herb blends, drying for winter use",true,false,5,9,"Excellent disease resistance, very hardy and low maintenance","Spider mites in hot weather, generally pest resistant","Root rot if overwatered, generally disease resistant",ncstate+johnnys,https://plants.windrivergreens.com/herb/german-thyme
529,herb,Petroselinum crispum 'Forest Green',petroselinum-crispum-forest-green,Petroselinum crispum 'Forest Green',"The ultimate curly parsley variety featuring exceptionally dark green, tightly curled leaves that maintain their vibrant color and crisp texture longer than standard varieties. This uniform, compact plant produces abundant harvests of premium-quality leaves perfect for garnishing and cooking, with superior bolt resistance extending the harvest season. Forest Green's attractive appearance and reliable performance make it a favorite among both home gardeners and commercial growers.",70-85,14-21,0-3 feet,6-8 inches,Full sun (6+ hours),"Consistent moisture, 1 inch per week","Rich, well-drained soil with organic matter",6.0-7.0,Easy,true,Cool season,Direct sow in early spring or start indoors. Soak seeds 24 hours before planting to improve germination. Succession plant every 3-4 weeks.,"Deep forest green, very dark and vibrant",Compact 10-12 inch plants with densely curled leaves,"Tightly curled, ruffled leaves in rosette formation","Fresh, bright, and slightly peppery with classic parsley flavor","Garnishing, soups, stews, sauces, herb butter, tabbouleh, meat and fish dishes",false,true,2,11,Good resistance to common parsley diseases,"Aphids, carrot weevil, parsleyworm (black swallowtail caterpillars)","Leaf blight, crown rot, damping off",ncstate,https://plants.windrivergreens.com/herb/petroselinum-crispum-forest-green
533,herb,Apple Mint,apple-mint,Antirrhinum majus,"Apple Mint is a hybrid mint variety prized for its distinctive sweet, mild flavor combined with a crisp apple fragrance and taste. This herbaceous perennial reaches maturity in approximately 120 days and produces tender green leaves ideal for fresh use in beverages, desserts, and culinary applications. Unlike common spearmint or peppermint, Apple Mint's unique apple-forward profile makes it a standout choice for tea blends and fruit-infused dishes. It thrives in rich, moist, well-drained soil under full sun to partial shade, making it relatively easy to cultivate.",120,10-15,0-3 feet,18-24 inches,Full sun to partial shade (4-6+ hours),"High, consistent moisture, thrives near water","Rich, moist, well-drained soil",6.0-7.5,Easy,true,Warm season annual,Best propagated by division or cuttings. Contain roots to prevent spreading.,"Light green with fuzzy, woolly texture",Oval leaves 1-2 inches long,"Rounded, soft textured leaves with serrated edges","Sweet, mild mint with distinct apple fragrance and flavor","Herbal teas, fruit salads, jellies, desserts, potpourri, aromatherapy",false,true,7,10,"Generally disease resistant, prone to rust in humid conditions","Aphids, flea beetles, mint root borer","Mint rust, powdery mildew in poor air circulation",ncstate+johnnys,https://plants.windrivergreens.com/herb/apple-mint
537,bean,Cherokee Purple Bean,cherokee-purple-bean,Phaseolus vulgaris 'Cherokee Trail of Tears',"Cherokee Purple Bean is a stunning heirloom snap bean variety prized for its distinctive dark purple pods that mature in approximately 72 days. The beans are notably slender and tender with an excellent snap texture when picked at peak immaturity. This variety delivers a sweet, mild flavor that stands out among purple bean cultivars, making it equally suited for fresh eating, steaming, or stir-frying. The plants produce prolifically in full sun, and the vibrant purple color adds visual appeal to any garden bed. True to its heirloom heritage, Cherokee Purple Bean offers home gardeners an unusual yet reliable producer with superior taste and texture.",72,7-10,1-10 feet,4-6 inches,Full sun (6+ hours),High — consistent moisture needed,Well-drained loam with good organic matter,6.0-7.0,Easy,true,Warm season annual,Direct sow after soil temperature reaches 60°F and all danger of frost has passed. Plant 1-2 inches deep.,Deep purple pods that turn green when cooked,8-12 oz.,Indeterminate,"Sweet, tender, and mild with excellent snap bean texture","Fresh steaming, stir-frying, grilling, pickling, and freezing. Excellent in salads when young.",true,false,10,11,Good general disease resistance typical of hardy heirlooms,"Bean beetles, aphids, spider mites, cucumber beetles","Bean mosaic virus, bacterial blight, anthracnose, rust",usda+ncstate+johnnys,https://plants.windrivergreens.com/bean/cherokee-purple-bean
538,bean,Gold Rush Bush Bean,gold-rush-bush-bean,Phaseolus vulgaris 'Gold Rush',"A premium yellow wax bean that delivers exceptional flavor and beautiful golden color to the garden and dinner table. This high-yielding variety produces straight, tender pods that hold their color and quality exceptionally well. Gold Rush is beloved by gardeners for its reliability, disease resistance, and outstanding fresh eating quality.",50-55,7-10,,4-6 inches,Full sun (6+ hours),"1 inch per week, even moisture","Well-drained, fertile soil with good organic content",6.0-7.0,Easy,true,Warm season,Direct sow when soil temperature is consistently 60°F or higher. Plant 1-2 inches deep in rows.,Bright golden yellow,5-6 inch pods,"Straight, round, smooth pods","Sweet, tender, and buttery with excellent snap texture","Steaming, boiling, stir-frying, grilling, and fresh eating. Excellent for freezing and canning.",false,true,2,11,Excellent resistance to bean common mosaic virus and white mold,"Bean leaf beetles, aphids, thrips, Japanese beetles","Rust, bacterial blight, anthracnose (resistant to many)",ncstate,https://plants.windrivergreens.com/bean/gold-rush-bush-bean
539,bean,Purple Podded Pole Bean,purple-podded-pole-bean,Phaseolus vulgaris 'Purple Podded Pole',An eye-catching heirloom climbing bean that produces abundant clusters of deep purple pods on vigorous 8-foot vines. The stunning purple pods make this variety a garden showstopper while providing excellent eating quality and productivity. This dual-purpose beauty serves as both an edible crop and an attractive garden accent that climbs any support structure.,60-65,7-12,,6-8 inches,Full sun (6+ hours),"1-1.5 inches per week, consistent moisture","Rich, well-drained soil with plenty of organic matter",6.0-7.0,Easy to Moderate,false,Warm season,Direct sow after soil warms to 60°F. Plant 2 inches deep near poles or trellises 8 feet tall.,Deep purple pods turning green when cooked,6-7 inch pods,"Long, straight, flat pods with slight curve","Rich, meaty flavor with tender texture when young","Fresh snap beans, steaming, sautéing, stir-frying. Can be dried for shell beans.",true,false,2,11,Good natural resistance to common bean diseases,"Bean beetles, aphids, spider mites, bean weevils","Bean mosaic virus, rust, bacterial blight, anthracnose",ncstate,https://plants.windrivergreens.com/bean/purple-podded-pole-bean
540,bean,Black Valentine Bush Bean,black-valentine-bush-bean,Phaseolus vulgaris 'Black Valentine',"A reliable heirloom bush bean prized for its exceptional cold tolerance and ability to produce in less-than-ideal conditions. This hardy variety has been a garden staple since the early 1900s, producing abundant crops of tender green pods even in cool weather. Black Valentine is the go-to choice for northern gardeners and anyone wanting a dependable, no-fuss bean variety.",50-60,7-14,,4-6 inches,Full sun (6+ hours),"1 inch per week, drought tolerant once established","Adaptable to most soil types, tolerates poor soil",6.0-7.5,Very Easy,true,Cool to warm season,Direct sow 2-3 weeks before last frost date. Can tolerate light frost. Plant 1-2 inches deep.,Dark green pods,5-6 inch pods,"Straight, round, slightly curved pods","Classic green bean flavor, slightly more robust than modern varieties","Fresh eating, steaming, boiling, canning, and freezing. Excellent for traditional green bean dishes.",true,false,2,11,Very good cold tolerance and general disease resistance,"Bean leaf beetles, aphids, cucumber beetles, flea beetles","Rust, bacterial blight, bean common mosaic (generally resistant)",ncstate,https://plants.windrivergreens.com/bean/black-valentine-bush-bean
541,bean,Yellow Romano Pole Bean,yellow-romano-pole-bean,Phaseolus vulgaris 'Yellow Romano',"A spectacular yellow version of the classic Italian Romano flat bean, offering the same meaty texture and rich flavor in beautiful golden pods. These vigorous climbing vines produce abundant harvests of wide, flat pods that are incredibly tender when young. Yellow Romano brings both stunning color and gourmet flavor to the garden, perfect for fresh eating and elegant side dishes.",60-70,8-12,,6-8 inches,Full sun (6+ hours),"1-1.5 inches per week, consistent moisture","Rich, well-drained soil with high organic matter",6.0-7.0,Easy to Moderate,false,Warm season,Direct sow when soil temperature reaches 65°F. Plant 2 inches deep near 6-8 foot supports.,Bright golden yellow,"6-8 inch pods, 1 inch wide","Flat, wide, romano-type pods with slight curve","Rich, meaty, and buttery with exceptional tenderness when young","Sautéing with garlic and herbs, steaming, grilling, Italian cuisine. Best harvested young for optimal tenderness.",false,true,2,11,Good resistance to bean common mosaic and rust,"Bean beetles, aphids, spider mites, thrips","Bacterial blight, anthracnose, white mold, rust",ncstate,https://plants.windrivergreens.com/bean/yellow-romano-pole-bean
542,bean,Bush Kentucky Wonder,bush-kentucky-wonder,Phaseolus vulgaris 'Bush Kentucky Wonder',"A compact bush version of the famous Kentucky Wonder pole bean, delivering the same exceptional flavor and tender texture without the need for trellising. This reliable variety produces abundant harvests of long, flat, meaty pods that are perfect for fresh eating or preserving. Popular with home gardeners who want Kentucky Wonder quality in a space-saving bush form.",57-65,7-10,,4-6 inches,Full sun (6+ hours),"1 inch per week, consistent moisture",Well-drained loam with organic matter,6.0-7.0,Easy,true,Warm season,Direct sow after last frost when soil temperature is 60°F or warmer. Plant seeds 1-2 inches deep.,Medium green pods,7-9 inches long,"Flat, wide, slightly curved pods","Rich, meaty, and flavorful with tender texture","Fresh eating, steaming, sautéing, freezing, and canning. Excellent for green bean casseroles.",false,false,2,11,Good resistance to common bean mosaic and rust,"Bean beetles, aphids, spider mites, cutworms","Bacterial blight, anthracnose, white mold, rust",ncstate,https://plants.windrivergreens.com/bean/bush-kentucky-wonder
543,bean,Henderson Lima Bush,henderson-lima-bush,Phaseolus lunatus 'Henderson Bush',"A compact, early-maturing lima bean that's been a garden favorite since 1888, perfect for short growing seasons and small spaces. These productive bushes yield tender, buttery baby lima beans that are much more palatable than large limas, with a creamy texture and mild flavor. An excellent choice for gardeners new to growing lima beans or those wanting a reliable, heat-tolerant variety.",65-75,7-12,,6-8 inches,Full sun (6-8 hours),"1-1.5 inches per week, avoid overhead watering","Well-drained sandy loam, tolerates poor soils",6.0-6.8,Easy,true,Warm season,"Direct sow 2-3 weeks after last frost when soil is warm (65°F+). Plant seeds 1-2 inches deep, eye down.","Light green pods, cream-colored beans","3-4 inch pods, small beans","Flat, curved pods with 2-4 small flat beans","Mild, buttery, creamy texture when cooked","Fresh shelling, succotash, soups, stews, freezing. Can be dried for winter storage.",true,false,4,10,"Good heat tolerance, some resistance to downy mildew","Bean beetles, lima bean pod borer, stink bugs, aphids","Downy mildew, bacterial blight, anthracnose, rust",ncstate,https://plants.windrivergreens.com/bean/henderson-lima-bush
544,bean,Tendercrop Bush Bean,tendercrop-bush-bean,Phaseolus vulgaris 'Tendercrop',"An All-America Selections winner renowned for producing consistently tender, stringless pods even when mature, making it nearly impossible to pick them too late. This dependable variety offers excellent disease resistance and heavy yields of straight, round pods that maintain their quality longer than most bush beans. A top choice for beginners and experienced gardeners alike who want foolproof, high-quality green beans.",53-60,6-10,,4-6 inches,Full sun (6+ hours),"1 inch per week, consistent moisture",Well-drained loam with good organic content,6.0-7.0,Easy,true,Warm season,Direct sow after last frost when soil is 60°F or warmer. Plant seeds 1-2 inches deep.,Dark green pods,5-6 inches long,"Straight, round, smooth pods","Tender, mild, sweet flavor with no strings","Fresh eating, steaming, stir-frying, freezing, and canning. Excellent all-purpose green bean.",false,false,2,11,"Excellent resistance to common bean mosaic, good rust resistance","Bean leaf beetle, Mexican bean beetle, aphids, thrips","Bacterial blight, white mold, anthracnose, powdery mildew",ncstate,https://plants.windrivergreens.com/bean/tendercrop-bush-bean
545,bean,Yard Long Bean,yard-long-bean,Vigna unguiculata subsp. sesquipedalis,"An exotic Asian climbing bean that produces dramatically long, slender pods up to 3 feet in length, creating a stunning conversation piece in any garden. Also known as Chinese long beans or asparagus beans, these vigorous vines are heat-loving and incredibly productive in warm climates. The tender young pods have a unique flavor that's nuttier and more complex than regular green beans, making them prized in Asian cuisine.",80-90,10-14,5-10 feet,6-8 inches,Full sun (6+ hours),Moderate — regular watering,"Well-drained sandy loam, tolerates poor soils",5.5-6.8,Moderate,false,Spring and Summer,Direct sow after soil is warm (70°F+) and all danger of frost has passed. Provide strong trellis or pole support.,"Light to medium green, some purple varieties",12-36 inches long,"Very long, slender, cylindrical pods","Nutty, slightly sweet, more complex than regular green beans","Stir-frying, steaming, curries, Asian dishes. Best harvested young at 12-18 inches for tenderness.",true,false,11,11,"Good heat tolerance, resistant to many bean diseases","Bean pod borer, aphids, spider mites, cowpea curculio","Bacterial blight, rust, mosaic virus, root rot",usda+ncstate,https://plants.windrivergreens.com/bean/yard-long-bean
546,bean,French Filet Bean Maxibel,french-filet-bean-maxibel,Phaseolus vulgaris 'Maxibel',"A premium French filet bean that produces an abundance of ultra-thin, tender pods with exceptional flavor and texture that rivals the finest restaurant-quality haricots verts. This vigorous climber continues producing for weeks when harvested regularly, offering gourmet quality beans that are perfect for elegant dining. Popular with home gardeners who want to grow their own gourmet vegetables and chefs who demand the best flavor and presentation.",60-70,7-10,,4-6 inches,Full sun (6+ hours),"1-1.5 inches per week, consistent moisture","Rich, well-drained loam with high organic matter",6.0-7.0,Moderate,false,Warm season,"Direct sow after last frost when soil is 60°F or warmer. Provide tall, sturdy support structure.",Dark green pods,"6-7 inches long, very slender","Ultra-thin, straight, round pods","Delicate, sweet, tender with refined flavor","Gourmet fresh eating, light steaming, sautéing with butter, elegant side dishes. Best harvested when pencil-thin.",false,true,2,11,Good resistance to common bean mosaic and anthracnose,"Bean leaf beetle, aphids, spider mites, thrips","Bacterial blight, white mold, rust, powdery mildew",ncstate,https://plants.windrivergreens.com/bean/french-filet-bean-maxibel
547,bean,Black Turtle Bush Bean,black-turtle-bush-bean,Phaseolus vulgaris 'Black Turtle',"A classic dry bean variety prized for its rich, earthy flavor and meaty texture that makes it perfect for Latin American cuisine. These small, glossy black beans are incredibly nutritious and store exceptionally well, making them a pantry staple for home gardeners who want to grow their own protein source.",90-100,7-10,,4-6 inches,Full sun (6+ hours),"1 inch per week, reduce watering as pods mature","Well-drained, fertile soil with good organic matter",6.0-7.0,Easy,true,Warm season,Direct sow after last frost when soil temperature reaches 60°F. Plant 1-2 inches deep.,Deep glossy black,"Small, about 1/4 inch long",Small oval kidney shape,"Rich, earthy, slightly sweet with dense, meaty texture","Black bean soup, Cuban black beans, burritos, salads, refried beans",true,false,2,11,Good resistance to common bacterial blight and bean mosaic virus,"Mexican bean beetle, aphids, bean leaf beetle","Anthracnose, bacterial blight, white mold",ncstate,https://plants.windrivergreens.com/bean/black-turtle-bush-bean
548,bean,Early Contender Bush Bean,early-contender-bush-bean,Phaseolus vulgaris 'Early Contender',"A reliable, early-maturing green bean that's perfect for short seasons and beginning gardeners seeking guaranteed success. This hardy variety produces abundant, tender 6-inch pods even in challenging weather conditions, making it a dependable choice for consistent harvests throughout the growing season.",49-55,6-10,,4-6 inches,Full sun (6+ hours),"1 inch per week, consistent moisture during flowering","Well-drained garden soil, tolerates various soil types",6.0-7.5,Very Easy,true,Warm season,"Direct sow after last frost when soil is at least 60°F. Plant 1 inch deep, can succession plant every 2 weeks.",Medium green pods,5-6 inches long,"Straight, round pods","Mild, sweet, tender with good snap","Fresh eating, steaming, stir-fries, freezing, canning, casseroles",false,false,2,11,Excellent resistance to common bean mosaic virus and powdery mildew,"Mexican bean beetle, aphids, spider mites","Bacterial blight, rust, anthracnose",ncstate,https://plants.windrivergreens.com/bean/early-contender-bush-bean
549,bean,Lima King of the Garden Pole,lima-king-of-the-garden-pole,Phaseolus lunatus 'King of the Garden',"An impressive pole lima bean that produces the largest, most flavorful lima beans you can grow in a home garden. This vigorous climbing variety yields enormous pods packed with 4-5 buttery, sweet beans that are considered the gold standard for fresh or dried lima bean cuisine.",85-95,7-12,,8-12 inches,Full sun (6-8 hours),"1-1.5 inches per week, consistent moisture crucial during pod fill","Rich, well-drained soil with plenty of organic matter",6.0-6.8,Moderate,false,Warm season,Direct sow after soil reaches 65°F and all danger of frost has passed. Plant 2 inches deep with pole support.,Large pale green to cream colored beans,"Extra large, 1 inch long beans",Large flat kidney-shaped beans in 5-6 inch pods,"Rich, buttery, sweet, and creamy texture","Succotash, lima bean casseroles, soups, fresh eating, freezing, dried storage",true,false,4,10,Moderate resistance to downy mildew,"Lima bean pod borer, Mexican bean beetle, aphids","Downy mildew, bacterial blight, pod rot",ncstate,https://plants.windrivergreens.com/bean/lima-king-of-the-garden-pole
550,bean,Jacob's Cattle Bush Bean,jacob-s-cattle-bush-bean,Phaseolus vulgaris 'Jacob's Cattle',"A stunning heirloom dry bean with distinctive white and maroon spotted patterns that earned its name from resembling the biblical Jacob's spotted cattle. This New England heritage variety combines beautiful appearance with exceptional flavor, making it both a conversation starter and a delicious addition to soups and stews.",85-95,7-14,,4-6 inches,Full sun (6+ hours),"1 inch per week, reduce as pods begin to dry","Well-drained fertile soil, tolerates poor soils once established",6.0-7.0,Easy,true,Warm season,Direct sow after last frost when soil temperature is at least 60°F. Plant 1-2 inches deep.,White with distinctive maroon speckles and patches,"Medium-large, kidney bean sized",Kidney-shaped with rounded ends,"Rich, nutty, slightly sweet with creamy texture when cooked","Baked beans, soups, stews, chili, Boston baked beans, winter storage",true,false,2,11,Good tolerance to common bean diseases,"Mexican bean beetle, bean leaf beetle, aphids","Anthracnose, bacterial blight, rust",ncstate,https://plants.windrivergreens.com/bean/jacob-s-cattle-bush-bean
551,bean,Provider Green Bush Bean,provider-green-bush-bean,Phaseolus vulgaris 'Provider',"The ultimate cool-weather tolerant green bean that extends your growing season at both ends, thriving in conditions that would stop other varieties cold. This reliable producer sets abundant crops of tender, flavorful pods even during cool, wet springs and can handle light frosts that would damage more tender beans.",50-57,6-12,,4-6 inches,Full sun (6+ hours),"1 inch per week, tolerates variable moisture","Adaptable to most soil types, prefers well-drained",6.0-7.5,Very Easy,true,Cool to warm season,Direct sow 2-3 weeks before last frost date when soil is 50°F or warmer. Plant 1 inch deep.,Dark green pods,5-6 inches long,"Straight, slender round pods","Excellent flavor, tender, crisp with good snap","Fresh eating, steaming, freezing, canning, stir-fries, salads",false,false,2,11,Excellent resistance to common bean mosaic virus and bacterial brown spot,"Mexican bean beetle, aphids, thrips","Anthracnose, white mold, bacterial blight",ncstate,https://plants.windrivergreens.com/bean/provider-green-bush-bean
552,bean,Blue Lake Pole Bean,blue-lake-pole-bean,Phaseolus vulgaris 'Blue Lake Pole',"The gold standard of pole beans, Blue Lake produces heavy yields of tender, stringless pods that maintain their quality whether picked young or allowed to mature. This reliable variety climbs vigorously to 6-8 feet and delivers consistent harvests throughout the season, making it a favorite among home gardeners who want maximum production from minimal space.",60-65,7-10,,"4-6 inches apart, poles 3 feet apart",Full sun (6+ hours),"1 inch per week, avoid overhead watering","Well-drained, fertile soil with organic matter",6.0-7.0,Easy,false,Warm season,Direct sow after soil reaches 60°F and all frost danger has passed. Plant 1-2 inches deep around poles or trellises.,Medium green,5-6 inches long,"Straight, cylindrical pods","Classic green bean flavor, tender and sweet","Fresh eating, steaming, stir-frying, canning, freezing",true,false,2,11,Good resistance to common bean mosaic virus,"Bean beetles, aphids, spider mites","Bacterial blight, rust, anthracnose",ncstate,https://plants.windrivergreens.com/bean/blue-lake-pole-bean
554,bean,Roma II Bush Bean,roma-ii-bush-bean,Phaseolus vulgaris 'Roma II',"An improved version of the classic Italian Romano bean, Roma II produces exceptionally wide, flat pods with incredible flavor and meaty texture. This compact bush variety brings gourmet Italian bean quality to small gardens and containers, producing heavy yields of the broad, tender pods beloved in Mediterranean cuisine. Perfect for gardeners who want premium flavor without the space requirements of pole varieties.",53-58,7-10,,4-6 inches apart in rows,Full sun (6+ hours),"1 inch per week, even moisture","Well-drained, fertile soil",6.0-7.0,Easy,true,Warm season,Direct sow after soil reaches 60°F. Plant seeds 1 inch deep in warm soil for best germination.,Medium to dark green,"5-7 inches long, very wide","Flat, broad Romano-type pods","Rich, meaty flavor with tender texture","Italian cooking, sautéing with garlic, grilling, fresh eating",false,true,2,11,Good resistance to common bean mosaic virus and rust,"Bean leaf beetles, aphids","White mold, bacterial blight",ncstate,https://plants.windrivergreens.com/bean/roma-ii-bush-bean
555,bean,Bush Lake Bean,bush-lake-bean,Phaseolus vulgaris 'Bush Lake',"The beloved Blue Lake flavor in a space-saving bush form, Bush Lake delivers the same exceptional taste and stringless quality that made Blue Lake famous. This compact variety is perfect for smaller gardens and containers while maintaining the superior eating quality of its pole bean cousin. Produces concentrated harvests of tender, straight pods that are ideal for fresh eating or preserving.",50-55,7-10,,4-6 inches apart,Full sun (6+ hours),"1 inch per week, avoid wetting foliage","Well-drained, fertile loam",6.0-7.0,Easy,true,Warm season,Direct sow after last frost when soil is at least 60°F. Plant 1 inch deep for best emergence.,Medium green,5-6 inches long,"Straight, round pods","Classic Blue Lake flavor, tender and sweet","Fresh eating, steaming, canning, freezing, stir-fries",false,true,2,11,Resistant to common bean mosaic virus,"Mexican bean beetles, spider mites","Rust, anthracnose, bacterial blight",ncstate,https://plants.windrivergreens.com/bean/bush-lake-bean
556,bean,Pencil Pod Black Wax Bean,pencil-pod-black-wax-bean,Phaseolus vulgaris 'Pencil Pod Black Wax',"A treasured heirloom wax bean dating back to the 1890s, Pencil Pod Black Wax produces beautiful golden-yellow pods that are perfectly round and stringless. This reliable bush variety offers exceptional flavor and tender texture, making it a favorite among gardeners who appreciate both historical significance and superior eating quality. The bright yellow pods are easy to spot for harvesting and add vibrant color to garden beds.",52-57,7-10,,4-6 inches apart,Full sun (6+ hours),"1 inch per week, consistent moisture","Well-drained, fertile soil with organic matter",6.0-7.0,Easy,true,Warm season,"Direct sow after soil reaches 60°F and frost danger has passed. Plant seeds 1 inch deep in warm, well-prepared soil.",Bright golden-yellow,5-6 inches long,"Round, pencil-thin pods","Mild, sweet flavor with tender, stringless texture","Fresh eating, steaming, pickling, three-bean salads",true,false,2,11,Moderate disease resistance typical of heirlooms,"Bean leaf beetles, aphids","Rust, bacterial blight, white mold",ncstate,https://plants.windrivergreens.com/bean/pencil-pod-black-wax-bean
557,bean,Topcrop Bush Bean,topcrop-bush-bean,Phaseolus vulgaris 'Topcrop',"A classic All-America Selections winner from 1950 that remains one of the most reliable bush beans for home gardeners. This prolific variety produces straight, stringless pods with excellent flavor and texture. Known for its concentrated harvest period and exceptional disease resistance, making it perfect for both fresh eating and preserving.",50-55,7-10,,4-6 inches,Full sun (6+ hours),"1 inch per week, avoid overhead watering",Well-drained loam with good organic matter,6.0-7.0,Easy,true,Warm season,Direct sow after soil reaches 60°F and all danger of frost has passed. Plant seeds 1-2 inches deep.,Medium green pods,5-6 inch pods,"Straight, round, pencil-thick pods","Classic fresh bean flavor, tender and crisp","Fresh eating, steaming, stir-frying, freezing, and canning. Excellent for succession planting.",true,false,2,11,Good resistance to mosaic virus and bacterial diseases,"Bean beetles, aphids, spider mites, cutworms","Bean mosaic virus, bacterial blight, white mold, rust",ncstate,https://plants.windrivergreens.com/bean/topcrop-bush-bean
558,bean,Detroit Dark Red Bush Bean,detroit-dark-red-bush-bean,Phaseolus vulgaris 'Detroit Dark Red',"An eye-catching heirloom variety that produces deep burgundy-red pods on sturdy bush plants. While the pods turn green when cooked, they're absolutely stunning in the garden and at harvest. This productive variety offers the same great taste as traditional green beans with the added visual appeal of colorful pods.",57-60,8-12,,4-6 inches,Full sun (6+ hours),"1-1.5 inches per week, consistent moisture","Well-drained, fertile soil with good organic content",6.0-6.8,Easy,true,Warm season,Direct sow after last frost when soil temperature is at least 60°F. Plant 1-2 inches deep.,Deep burgundy-red pods (turn green when cooked),5-6 inch pods,"Straight, slender, round pods","Tender, sweet, and flavorful with classic green bean taste","Fresh eating, steaming, sautéing, pickling. Excellent for colorful garden displays and farmers markets.",true,false,2,11,Moderate resistance to common bean diseases,"Mexican bean beetles, aphids, thrips, leafhoppers","Anthracnose, bacterial blight, rust, powdery mildew",ncstate,https://plants.windrivergreens.com/bean/detroit-dark-red-bush-bean
559,bean,Lazy Housewife Pole Bean,lazy-housewife-pole-bean,Phaseolus vulgaris 'Lazy Housewife',"Despite its unfortunate historical name, this 1800s heirloom is beloved for its completely stringless pods and dual-purpose nature as both snap and shell bean. The creamy white seeds are delicious fresh or dried, and the plants are incredibly productive climbers. This variety truly lives up to its reputation for being low-maintenance while delivering exceptional harvests.",70-80,7-14,,4-6 inches,Full sun (6+ hours),"1-1.5 inches per week, deep watering preferred","Rich, well-drained soil with good organic matter",6.0-7.0,Easy to Moderate,false,Warm season,"Direct sow after soil warms to 65°F. Plant near poles or trellises, 1-2 inches deep.",Medium green pods with white seeds,5-7 inch pods,"Broad, flat, oval-shaped pods","Mild, sweet flavor when young; creamy, nutty seeds when mature","Snap beans when young, shell beans when mature, excellent for drying. Perfect for soups, stews, and casseroles.",true,false,2,11,"Good overall disease tolerance, some resistance to bean mosaic virus","Bean beetles, aphids, spider mites, bean weevils","Bean mosaic virus, bacterial blight, anthracnose, white mold",ncstate,https://plants.windrivergreens.com/bean/lazy-housewife-pole-bean
560,bean,Bountiful Bush Bean,bountiful-bush-bean,Phaseolus vulgaris 'Bountiful',"A tried-and-true heirloom from 1898 that lives up to its name with incredibly heavy yields of tender, stringless pods. This variety is prized for its long harvest window and ability to produce well even in less-than-ideal conditions. Gardeners love its reliability and the fact that it continues producing over several weeks rather than all at once.",48-55,6-10,,4-6 inches,Full sun (6+ hours),"1 inch per week, even moisture preferred","Well-drained garden soil, tolerates various soil types",6.0-7.5,Easy,true,Warm season,Direct sow after last frost date when soil is 60°F or warmer. Plant 1-2 inches deep.,Light to medium green pods,6-7 inch pods,"Flat, wide, slightly curved pods","Excellent flavor, tender and meaty texture, completely stringless","Fresh eating, steaming, freezing, canning. Excellent for market gardeners due to extended harvest period.",true,false,2,11,"Good tolerance to heat and drought stress, moderate disease resistance","Mexican bean beetles, aphids, bean leaf beetles, cutworms","Bacterial blight, bean mosaic virus, anthracnose, rust",ncstate,https://plants.windrivergreens.com/bean/bountiful-bush-bean
561,bean,Gold Marie Vining Bean,gold-marie-vining-bean,Phaseolus vulgaris 'Gold Marie',"A stunning French heirloom that produces bright golden-yellow pods on vigorous climbing vines. This variety offers the best of both worlds with tender, flavorful snap beans when young and excellent shell beans when mature. The brilliant yellow color makes it a showstopper in the garden and adds vibrant color to any dish.",65-75,8-12,,6-8 inches,Full sun (6+ hours),"1-1.5 inches per week, consistent moisture important","Rich, well-drained soil with plenty of organic matter",6.0-7.0,Moderate,false,Warm season,Direct sow after soil reaches 65°F near strong supports. Plant 1-2 inches deep.,Bright golden-yellow pods,5-6 inch pods,"Flat, broad, slightly curved pods","Sweet, tender, and flavorful with a buttery texture","Fresh snap beans, shell beans, drying. Excellent in salads, stir-fries, and French cuisine. Beautiful for garnishing.",true,false,2,11,Moderate resistance to common bean diseases,"Bean beetles, aphids, spider mites, thrips","Anthracnose, bacterial blight, bean mosaic virus, powdery mildew",ncstate,https://plants.windrivergreens.com/bean/gold-marie-vining-bean
563,bean,Purple Top Bush Bean,purple-top-bush-bean,Phaseolus vulgaris 'Purple Top',"A stunning heirloom variety that produces beautiful purple-streaked pods on compact bush plants, adding both color and flavor to the garden. The tender young pods are excellent fresh, while mature beans can be dried for winter storage, making this a true dual-purpose variety that's been treasured by gardeners for generations.",55-60,7-10,,4-6 inches,Full sun (6+ hours),"1 inch per week, avoid overhead watering","Well-drained, moderately fertile soil",6.0-7.0,Easy,true,Warm season,Direct sow after last frost when soil temperature is at least 60°F. Plant 1-2 inches deep.,Green pods with purple streaking,4-5 inches long,"Flat, wide pods","Mild, sweet flavor when young, nutty when dried","Fresh snap beans, steaming, boiling. Mature seeds excellent for soups and stews.",true,false,2,11,Moderate disease resistance typical of heirlooms,"Mexican bean beetle, aphids, thrips, seed corn maggot","Bean common mosaic virus, bacterial blight, powdery mildew",ncstate,https://plants.windrivergreens.com/bean/purple-top-bush-bean
564,bean,King of the Garden Lima Pole,king-of-the-garden-lima-pole,Phaseolus lunatus 'King of the Garden',"The undisputed champion of lima beans, this vigorous pole variety produces enormous pods filled with large, buttery lima beans that are considered the finest flavored available. Dating back to the 1880s, this heirloom climber delivers impressive yields and sets the standard for what a premium lima bean should taste like.",90-95,7-12,,6-8 inches,Full sun (6+ hours),"1-1.5 inches per week, consistent moisture important","Rich, well-drained soil with good organic matter",6.0-7.0,Moderate,false,Warm season,Direct sow after soil reaches 65°F and night temperatures stay above 60°F. Plant 2 inches deep with eye down.,Large white to pale green beans,5-6 inch pods with 3-5 large beans,"Broad, flat pods","Rich, buttery, creamy texture with mild nutty flavor","Succotash, butter bean dishes, soups, stews. Excellent fresh or dried.",true,false,4,10,Some resistance to downy mildew,"Lima bean pod borer, bean leaf beetle, spider mites","Downy mildew, bacterial blight, lima bean mosaic virus",ncstate,https://plants.windrivergreens.com/bean/king-of-the-garden-lima-pole
565,bean,Golden Wax Bush Bean,golden-wax-bush-bean,Phaseolus vulgaris 'Golden Wax',"A classic yellow wax bean that's been delighting gardeners since the 1870s with its bright golden pods and exceptional tenderness. These compact bush plants produce heavy yields of stringless, buttery-flavored beans that are as beautiful as they are delicious, making them perfect for both the dinner table and farmers market sales.",50-55,7-10,,4-6 inches,Full sun (6+ hours),"1 inch per week, consistent moisture","Well-drained, fertile soil",6.0-7.5,Easy,true,Warm season,Direct sow after last frost when soil reaches 60°F. Plant 1-2 inches deep in rows.,Bright golden yellow,4-5 inches long,"Round, straight pods","Mild, buttery flavor with tender, crisp texture","Fresh eating, steaming, sautéing, pickling. Beautiful in mixed vegetable dishes.",true,false,2,11,Moderate resistance to bean common mosaic,"Mexican bean beetle, aphids, bean weevil, thrips","Rust, bacterial blight, white mold, anthracnose",ncstate,https://plants.windrivergreens.com/bean/golden-wax-bush-bean
566,bean,Borlotto Bush Bean,borlotto-bush-bean,Phaseolus vulgaris 'Borlotto',"An Italian heirloom treasure that produces stunning speckled pods streaked with red and cream, making it as ornamental as it is delicious. Also known as cranberry beans, these dual-purpose beauties can be harvested young as tender snap beans or left to mature for plump, flavorful shelling beans perfect for Italian cuisine.",60-70,7-10,,4-6 inches,Full sun (6+ hours),"1 inch per week, reduce watering as pods mature","Well-drained, moderately fertile soil",6.0-7.0,Easy,true,Warm season,Direct sow after soil reaches 60°F and frost danger passes. Plant 1-2 inches deep.,Cream pods with red speckles and streaks,5-6 inches long,"Plump, curved pods","Nutty, creamy texture when mature, sweet and tender when young","Young pods as snap beans, mature beans for Italian dishes, minestrone, salads, and rustic stews.",true,false,2,11,Good general disease resistance,"Bean fly, aphids, spider mites, bean seed fly","Halo blight, common bacterial blight, bean rust",ncstate,https://plants.windrivergreens.com/bean/borlotto-bush-bean
567,bean,Bush Romano Italian,bush-romano-italian,Phaseolus vulgaris 'Romano',"A classic Italian flat-podded bush bean that produces wide, meaty pods with exceptional flavor and tender texture. These productive plants deliver the authentic taste of Italian cuisine right from your garden, perfect for fresh eating or preserving. Romano beans are prized by chefs and home cooks alike for their superior cooking qualities and rich, nutty flavor.",50-55,7-10,,4-6 inches,Full sun (6+ hours),"1 inch per week, avoid overhead watering","Well-drained, fertile soil with good organic content",6.0-7.0,Easy,true,Warm season,Direct sow after soil temperature reaches 60°F and all danger of frost has passed. Plant 1-2 inches deep.,Medium green pods,"5-7 inches long, 3/4 inch wide","Broad, flat, oval pods","Rich, nutty, and meaty with tender texture","Excellent steamed, sautéed, in pasta dishes, minestrone soup, and Italian cuisine. Great for freezing and canning.",true,false,2,11,Good resistance to common bean mosaic virus,"Mexican bean beetle, aphids, spider mites","Bacterial blight, white mold, rust",ncstate,https://plants.windrivergreens.com/bean/bush-romano-italian
568,bean,Fordhook 242 Lima Bush,fordhook-242-lima-bush,Phaseolus lunatus 'Fordhook 242',"An improved version of the classic Fordhook Lima, this heat-tolerant variety produces large, plump seeds with the creamy texture and buttery flavor lima bean lovers crave. Developed for better performance in warm climates, it's more reliable than older lima varieties while maintaining that distinctive rich taste. This bush variety eliminates the need for staking while delivering impressive yields of premium-quality beans.",75-85,7-12,,6-8 inches,Full sun (6-8 hours),"1-1.5 inches per week, consistent moisture important","Rich, well-drained soil with good organic matter",6.0-6.8,Moderate,true,Warm season,Direct sow when soil temperature is 65°F or warmer. Plant 1.5-2 inches deep. Can start indoors in short season areas.,Light green pods with white seeds,"3-4 inches long, seeds 3/4 inch","Broad, flat pods with 3-4 large flat seeds","Creamy, buttery, and rich with smooth texture","Excellent fresh or dried, succotash, casseroles, soups, and traditional Southern dishes. Great for freezing.",false,true,4,11,Improved heat tolerance and disease resistance over older varieties,"Mexican bean beetle, lima bean pod borer, aphids","Downy mildew, bacterial blight, pod rot",ncstate,https://plants.windrivergreens.com/bean/fordhook-242-lima-bush
569,bean,Red Noodle Long Bean,red-noodle-long-bean,Vigna unguiculata subsp. sesquipedalis 'Red Noodle',"An eye-catching Asian variety that produces incredibly long, burgundy-red pods that can reach up to 24 inches in length while maintaining tenderness and flavor. This vigorous climbing bean is not only productive but adds dramatic color and height to the garden with its striking appearance. Popular in Asian cuisine, these beans are tender when young and maintain their beautiful color when lightly cooked.",60-70,6-10,5-10 feet,6-8 inches,Full sun (6+ hours),Moderate — regular watering,"Well-drained soil, tolerates poor soil conditions",5.8-7.2,Easy,true,Spring and Summer,Direct sow when soil temperature reaches 65°F. Plant 1 inch deep. Requires strong trellis or pole support.,Deep burgundy-red to purple pods,"18-24 inches long, 1/4 inch diameter","Very long, slender, cylindrical pods","Mild, sweet flavor with crisp texture when young","Stir-fries, Asian dishes, steamed, pickled. Harvest young at 12-18 inches for best eating quality.",true,false,11,11,"Good heat and humidity tolerance, resistant to many bean diseases","Aphids, spider mites, bean beetles","Powdery mildew, bacterial blight, mosaic virus",usda+ncstate,https://plants.windrivergreens.com/bean/red-noodle-long-bean
570,bean,Top Notch Golden Wax,top-notch-golden-wax,Phaseolus vulgaris 'Top Notch Golden Wax',"A premium yellow wax bean variety that combines disease resistance with exceptional eating quality and attractive golden-yellow pods. This modern improvement on classic wax beans offers more consistent production and better pod quality than older varieties. The tender, stringless pods have a delicate flavor and beautiful presentation that makes them perfect for fresh eating or preserving.",50-55,7-10,,4-6 inches,Full sun (6+ hours),"1 inch per week, consistent moisture for best pod development","Well-drained, fertile garden soil",6.0-7.0,Easy,true,Warm season,Direct sow after soil reaches 60°F and frost danger has passed. Plant 1-1.5 inches deep.,Bright golden-yellow pods,"5-6 inches long, round pods","Straight, round, smooth pods","Tender, mild, and sweet with no strings","Excellent fresh, steamed, sautéed, in salads, and for freezing or canning. Beautiful in mixed bean dishes.",false,true,2,11,Resistant to bean common mosaic virus and white mold,"Mexican bean beetle, aphids, leafhoppers","Bacterial blight, rust, powdery mildew",ncstate,https://plants.windrivergreens.com/bean/top-notch-golden-wax
571,bean,Purple Podded Bush Bean,purple-podded-bush-bean,Phaseolus vulgaris 'Purple Podded',"A stunning heirloom variety that produces vibrant purple pods that turn green when cooked, making it both ornamental and delicious in the garden. These eye-catching plants are incredibly easy to harvest since the colorful pods stand out dramatically against the green foliage. Beyond their beauty, these beans offer excellent flavor and are perfect for gardeners who want something unique and conversation-worthy.",55-60,7-14,,4-6 inches,Full sun (6+ hours),"1 inch per week, moderate water needs","Well-drained garden soil, tolerates average conditions",6.0-7.5,Easy,true,Warm season,Direct sow when soil temperature reaches 60°F. Plant 1-2 inches deep after last frost date.,Deep purple pods (turn green when cooked),5-6 inches long,"Straight, round, smooth pods","Classic green bean flavor, tender and mild","Fresh eating, steaming, stir-fries. Pods turn green when cooked. Excellent for kids' gardens and ornamental edible landscapes.",true,false,2,11,Standard heirloom disease resistance,"Mexican bean beetle, aphids, cucumber beetles","Bacterial blight, white mold, bean mosaic virus",ncstate,https://plants.windrivergreens.com/bean/purple-podded-bush-bean
572,bean,Calypso Bush Bean,calypso-bush-bean,Phaseolus vulgaris 'Calypso',"A striking heirloom dry bean featuring distinctive black and white orca-like markings that make it as beautiful as it is delicious. Originally from the Caribbean, this compact bush variety produces abundant pods filled with kidney-shaped beans perfect for soups, stews, and Caribbean dishes. The dramatic two-toned pattern and rich, earthy flavor make Calypso beans a favorite among both gardeners and chefs.",95-100,7-10,,4-6 inches,Full sun (6+ hours),"1 inch per week, avoid overwatering",Well-drained sandy loam with good organic matter,6.0-7.0,Easy,true,Warm season,Direct sow after last frost when soil temperature reaches 60°F. Plant seeds 1-2 inches deep.,Black and white speckled pattern,"Medium kidney-shaped, 0.5 inches long",Kidney-shaped,"Rich, earthy, and slightly sweet with a creamy texture","Excellent for Caribbean dishes, soups, stews, salads, and casseroles. Popular in rice and beans dishes.",true,false,2,11,Good general disease tolerance,"Mexican bean beetle, bean leaf beetle, aphids","Bacterial blight, anthracnose, white mold",ncstate,https://plants.windrivergreens.com/bean/calypso-bush-bean
573,bean,Cherokee Pink Bean,cherokee-pink-bean,Phaseolus vulgaris 'Cherokee Pink',"A rare and beautiful heirloom dry bean with stunning pink and burgundy mottled coloring that's been passed down through Cherokee families for generations. This vigorous bush variety not only produces gorgeous beans but also offers exceptional flavor and nutrition, making it perfect for both ornamental and culinary purposes. The striking appearance and cultural significance make this a must-grow variety for heirloom enthusiasts.",90-95,8-12,,4-6 inches,Full sun (6+ hours),"1 inch per week, consistent but not excessive",Well-drained loam with moderate fertility,6.2-7.0,Easy to Moderate,true,Warm season,Direct sow 2 weeks after last frost when soil is warm. Plant 1-2 inches deep in rows.,Pink and burgundy mottled pattern,"Medium oval, 0.4 inches long",Oval to kidney-shaped,"Mild, nutty flavor with creamy texture when cooked","Traditional Native American dishes, soups, stews, and as a colorful addition to three-bean salads.",true,false,2,11,Natural disease tolerance typical of native varieties,"Bean weevil, Mexican bean beetle, cucumber beetle","Common bacterial blight, rust, mosaic virus",ncstate,https://plants.windrivergreens.com/bean/cherokee-pink-bean
574,bean,Pole Lima Speckled Christmas,pole-lima-speckled-christmas,Phaseolus lunatus 'Speckled Christmas',"A stunning heirloom lima bean that lives up to its festive name with cream-colored beans decorated in burgundy speckles that resemble holiday ornaments. This vigorous pole variety climbs 8-10 feet and produces abundant large, flat pods filled with buttery, flavorful lima beans. The combination of exceptional taste, beautiful appearance, and reliable production makes this a standout variety for gardeners seeking something special.",90-95,7-14,,6-8 inches,Full sun (6-8 hours),"1-1.5 inches per week, deep watering","Rich, well-drained soil with good organic content",6.0-6.8,Moderate,false,Warm season,Direct sow 2-3 weeks after last frost in warm soil. Provide 8-foot tall support structure.,Cream with burgundy speckles,"Large flat lima, 0.8-1 inch long",Classic flat lima bean shape,"Rich, buttery, and creamy with mild lima flavor","Succotash, butter bean dishes, soups, and Southern cuisine. Excellent fresh or dried.",true,false,4,10,Good natural resistance to common lima bean diseases,"Lima bean pod borer, Mexican bean beetle, aphids","Downy mildew, bacterial blight, lima bean mosaic virus",ncstate,https://plants.windrivergreens.com/bean/pole-lima-speckled-christmas
575,bean,Jacob's Cattle Pole Bean,jacob-s-cattle-pole-bean,Phaseolus vulgaris 'Jacob's Cattle',"A historic New England heirloom dating back to the 1800s, named for its resemblance to the speckled cattle mentioned in the Biblical story of Jacob. This vigorous pole variety produces beautiful white beans with distinctive maroon splotches and offers exceptional flavor and protein content. The beans have been a staple in Maine cuisine for generations and are prized for their ability to hold their shape and absorb flavors in traditional bean dishes.",90-100,8-12,,6 inches,Full sun (6+ hours),"1 inch per week, avoid waterlogged soil",Well-drained fertile soil with good organic matter,6.0-7.0,Easy to Moderate,false,Warm season,Direct sow after danger of frost has passed. Plant 1-2 inches deep and provide 6-8 foot support.,White with maroon speckles and patches,"Medium kidney-shaped, 0.6 inches long",Kidney-shaped,"Rich, meaty flavor with excellent texture that holds shape when cooked","Traditional New England baked beans, soups, stews, and chili. Excellent for slow-cooking recipes.",true,false,2,11,Good cold tolerance and general disease resistance,"Bean beetle, seed corn maggot, bean leaf beetle","Anthracnose, bacterial blight, bean common mosaic virus",ncstate,https://plants.windrivergreens.com/bean/jacob-s-cattle-pole-bean
576,bean,Vermont Cranberry Bush Bean,vermont-cranberry-bush-bean,Phaseolus vulgaris 'Vermont Cranberry',"A beloved New England heirloom that's been grown in Vermont gardens since the 1700s, featuring beautiful burgundy-red beans that resemble cranberries when dried. This compact bush variety is perfectly adapted to shorter growing seasons and produces reliable yields of flavorful beans that have sustained New England families for centuries. The rich color and exceptional flavor make it a favorite for traditional baked bean recipes and modern farm-to-table cuisine.",85-90,7-10,,4-6 inches,Full sun (6+ hours),"1 inch per week, consistent moisture","Well-drained, moderately fertile soil",6.0-7.0,Easy,true,Warm season,Direct sow 1-2 weeks after last frost when soil is warm. Plant 1-2 inches deep.,Deep burgundy-red,"Small to medium oval, 0.4 inches long","Oval, slightly rounded","Rich, earthy flavor with slight sweetness and firm texture","New England baked beans, soups, stews, and traditional Yankee dishes. Excellent for slow-cooking.",true,false,2,11,Good cold tolerance and resistance to common bean diseases,"Mexican bean beetle, bean leaf beetle, aphids","Bacterial blight, white mold, bean rust",ncstate,https://plants.windrivergreens.com/bean/vermont-cranberry-bush-bean
577,squash,Green Zucchini (Black Beauty type),green-zucchini-black-beauty-type,Cucurbita pepo 'Eight Ball',"A compact, round zucchini variety that's perfect for stuffing and produces adorable baseball-sized fruits. Eight Ball zucchini offers all the tender flavor of traditional zucchini in a space-saving bush plant that's ideal for small gardens. The uniform, dark green spheres are incredibly versatile and harvest easily without the oversized surprises of regular zucchini.",50-55,7-10,1-3 feet,3-4 feet,Full sun (6+ hours),"1-2 inches per week, consistent moisture","Rich, well-drained soil with plenty of organic matter",6.0-7.0,Easy,true,Warm season,Direct sow after soil reaches 60°F and danger of frost has passed. Can start indoors 2-3 weeks before transplanting.,Dark green,3-4 inches diameter,"Round, ball-shaped","Mild, sweet, tender flesh typical of young zucchini","Perfect for stuffing, grilling whole, slicing for rounds, baking, and fresh eating",false,true,3,11,Good resistance to powdery mildew,"Squash bugs, cucumber beetles, squash vine borers","Powdery mildew, bacterial wilt, mosaic virus",ncstate,https://plants.windrivergreens.com/squash/green-zucchini-black-beauty-type
578,squash,Blue Hubbard Squash,blue-hubbard-squash,Cucurbita maxima,"A beloved heirloom with a hard, bumpy, blue-green shell. A fall tradition at New England roadside stands. Medium-dry, medium-sweet yellow flesh. Avg. weight: 12-15 lb., with some larger.",100,7-14,,8-10 feet,Full sun (6+ hours),"1-2 inches per week, reduce watering as fruits mature","Rich, well-drained soil with high organic matter content",6.0-7.0,Moderate,false,Warm season annual,Direct sow after soil reaches 65°F and danger of frost has passed. Plant in hills or mounds.,Blue-gray exterior with bright orange flesh,12-15 lb.,"Large, teardrop-shaped with bumpy, warted skin","Sweet, fine-textured, rich and creamy when cooked","Excellent for pies, soups, roasting, baking, and long-term storage",true,false,3,11,Good general disease resistance typical of Hubbard types,"Squash bugs, cucumber beetles, squash vine borers","Powdery mildew, downy mildew, bacterial wilt",ncstate+johnnys,https://plants.windrivergreens.com/squash/blue-hubbard-squash
579,squash,Golden Acorn Squash,golden-acorn-squash,Cucurbita pepo 'Golden Acorn',"A beautiful golden-yellow variant of the classic acorn squash that's perfect for individual servings and stunning fall displays. Golden Acorn offers the same sweet, nutty flavor as traditional acorn squash but with a gorgeous bright yellow color that adds visual appeal to any meal. The compact size makes it ideal for stuffing and the productive vines yield numerous fruits perfect for autumn harvests.",85-100,7-14,1-3 feet,4-6 feet,Full sun (6+ hours),"1-2 inches per week, consistent moisture during fruit development","Well-drained, fertile soil enriched with compost",6.0-7.0,Easy to Moderate,false,Warm season,Direct sow after soil temperature reaches 60°F and all danger of frost has passed. Plant in hills.,Bright golden-yellow exterior with pale orange flesh,1-2 pounds,Classic acorn shape with deep ridges,"Sweet, nutty, and mildly earthy with smooth texture when cooked","Perfect for stuffing, roasting, baking, soups, and fall side dishes",false,true,3,11,Moderate resistance to common squash diseases,"Squash bugs, cucumber beetles, vine borers","Powdery mildew, bacterial wilt, mosaic virus",ncstate,https://plants.windrivergreens.com/squash/golden-acorn-squash
580,squash,Costata Romanesco Zucchini,costata-romanesco-zucchini,Cucurbita pepo,"This distinctive zucchini is medium gray-green, with pale green flecks and prominent ribs. Big, large-leafed, semi-vining plants with only about half the yield of hybrids, but much better flavor; clearly better textured, nutty, and delicious, raw or cooked. Also a good producer of heavy male blossoms for cooking. Edible Flowers: Blossoms bear a mild, squash-like flavor and are great stuffed and fried, or sliced for used in soups, omelets, salads, and pasta dishes.",52,7-10,1-3 feet,3-4 feet,Full sun (6+ hours),"1-2 inches per week, consistent moisture","Rich, well-drained soil with plenty of organic matter",6.0-7.5,Easy,true,Warm season annual,Direct sow after soil reaches 60°F and danger of frost has passed. Can start indoors 2-3 weeks early.,Pale green with dark green ribs and stripes,6-8 inches length (harvest size),Vining,"Superior nutty, sweet flavor with tender, creamy texture","Excellent grilled, sautéed, in pasta dishes, stuffed, and for gourmet preparations",true,false,3,11,Good general disease resistance typical of Italian varieties,"Squash bugs, cucumber beetles, aphids","Powdery mildew, bacterial wilt, mosaic virus",ncstate+johnnys,https://plants.windrivergreens.com/squash/costata-romanesco-zucchini
582,squash,Zucchini Eight Ball,zucchini-eight-ball,Cucurbita pepo 'Eight Ball',"This unique round zucchini variety produces perfectly spherical, dark green fruits that are ideal for stuffing and create stunning presentation dishes. The compact, productive plants are perfect for container growing and small spaces while still delivering abundant harvests of tennis ball-sized fruits. Their dense, flavorful flesh and hollow centers make them the ultimate stuffing squash for elegant summer meals.",50-55,7-10,1-3 feet,36-48 inches,Full sun (6+ hours),"1-2 inches per week, deep watering","Rich, well-drained soil with plenty of organic matter",6.0-7.0,Easy,true,Warm season,"Direct sow after soil reaches 65°F, or start indoors 2-4 weeks before last frost. Plant seeds 1 inch deep.",Dark green,"3-4 inches diameter, tennis ball-sized",Perfectly round globe,"Mild, sweet, tender with classic zucchini flavor","Stuffed squash, grilling, roasting, slicing for ratatouille, pickling when small",false,true,3,11,Good resistance to powdery mildew,"Squash bugs, cucumber beetles, vine borers, aphids","Powdery mildew, bacterial wilt, downy mildew",ncstate,https://plants.windrivergreens.com/squash/zucchini-eight-ball
583,squash,Turban Squash,turban-squash,Cucurbita maxima,"Turban Squash is a distinctive heirloom winter squash characterized by its unique turban-like cap on the blossom end. Maturing in approximately 115 days, it produces medium-sized, deeply ribbed fruits with a dark green to orange skin. The flesh is sweet, fine-textured, and nutty—reminiscent of buttercup squash—making it excellent for roasting, puréeing, and baking. This variety thrives in full sun with rich, well-drained soil and moderate growing difficulty. Its exceptional flavor and striking appearance make it a favorite among heirloom gardeners.",115,7-14,,48-72 inches,Full sun (6+ hours),"1-1.5 inches per week, reduce at maturity","Rich, well-drained soil with high organic content",6.0-7.0,Moderate,false,Warm season annual,"Direct sow after soil reaches 65°F, or start indoors 3-4 weeks before last frost. Plant seeds 1 inch deep.","Multicolored with orange, red, green, and cream striping",10-15 lb.,Turban-shaped with distinctive cap formation,"Sweet, fine-textured, nutty flavor similar to buttercup squash","Pies, soups, roasting, baking, purees. Excellent for fall decorating before cooking.",true,false,3,11,"Moderate disease resistance, good storage qualities","Squash bugs, cucumber beetles, vine borers","Powdery mildew, bacterial wilt, black rot",ncstate+johnnys,https://plants.windrivergreens.com/squash/turban-squash
585,squash,Red Kuri Squash,red-kuri-squash,Cucurbita maxima,Baby red hubbard with appealing color and shape. Flesh is smooth in texture and great for pies and pur&eacute;es because specks of skin (being red) will not show. Also known as Orange Hokkaido. Avg. weight: 3-5 lb.,92,7-14,,48-60 inches,Full sun (6+ hours),"1-1.5 inches per week, deep watering","Rich, well-drained soil with plenty of compost",6.0-7.0,Moderate,false,Warm season annual,"Direct sow after soil reaches 65°F, or start indoors 3-4 weeks before transplanting. Plant seeds 1 inch deep.",Brilliant orange-red to coral,3-5 lb.,Teardrop or onion-shaped,"Very sweet, nutty, chestnut-like flavor with creamy, dense texture","Roasting, soups, purees, pies, gnocchi. Skin is edible when cooked.",true,false,3,11,Good disease resistance and excellent storage life,"Squash bugs, cucumber beetles, vine borers","Powdery mildew, downy mildew, bacterial wilt",ncstate+johnnys,https://plants.windrivergreens.com/squash/red-kuri-squash
587,squash,Zucchini Dark Green,zucchini-dark-green,Cucurbita pepo 'Dark Green Zucchini',"The quintessential summer squash that every home gardener should grow, producing abundant harvests of tender, dark green fruits perfect for everything from bread to stir-fries. This reliable variety is incredibly prolific, often yielding more zucchini than one family can handle. Its compact bush habit and early production make it ideal for beginners and experienced gardeners alike.",50-55,7-10,1-3 feet,36-48 inches,Full sun (6+ hours),"1-1.5 inches per week, deep watering","Rich, well-drained soil with plenty of organic matter",6.0-7.0,Easy,true,Warm season,Direct sow 2-3 weeks after last frost when soil temperature reaches 60°F. Can also start indoors 2-3 weeks before transplanting.,Deep dark green with light green flecks,"6-8 inches long, 2 inches diameter when harvested young","Cylindrical, slightly tapered","Mild, slightly sweet with tender flesh and edible skin","Grilling, sautéing, baking into breads and muffins, spiralized as pasta substitute, stuffed, in ratatouille",false,true,3,11,Good resistance to powdery mildew and mosaic virus,"Squash bugs, cucumber beetles, squash vine borers, aphids","Powdery mildew, bacterial wilt, downy mildew, blossom end rot",ncstate,https://plants.windrivergreens.com/squash/zucchini-dark-green
588,squash,Butterscotch Winter Squash,butterscotch-winter-squash,Cucurbita maxima 'Butterscotch',"A stunning winter squash that combines the best qualities of butternut and buttercup varieties, featuring smooth, tan-colored skin and incredibly sweet, orange flesh that tastes like candy. This vigorous vine produces large, bell-shaped fruits that store exceptionally well through winter. The rich, creamy texture and complex sweetness make it a gourmet favorite for roasting and soups.",100-110,7-14,,48-72 inches,Full sun (6+ hours),"1-2 inches per week, reduce watering as fruits mature","Rich, well-drained soil with good organic content",6.0-6.8,Moderate,false,Warm season,Direct sow 2-3 weeks after last frost. Start indoors 3-4 weeks before transplanting in shorter season areas.,"Tan to light brown exterior, bright orange interior","4-8 pounds, 8-10 inches long","Bell-shaped with thick neck, ribbed","Exceptionally sweet with butterscotch notes, creamy and smooth texture","Roasting, soups, pies, purees, risottos. Excellent for desserts due to natural sweetness.",false,true,3,11,Good resistance to powdery mildew and vine borers,"Squash bugs, cucumber beetles, squash vine borers","Powdery mildew, bacterial wilt, black rot",ncstate,https://plants.windrivergreens.com/squash/butterscotch-winter-squash
589,squash,Benning's Green Tint Pattypan,benning-s-green-tint-pattypan,Cucurbita pepo 'Benning's Green Tint Pattypan',"A charming heirloom summer squash dating back to the 1800s, featuring distinctive scalloped edges and pale green skin that turns creamy white as it matures. This productive bush variety produces tender, buttery-flavored fruits that are perfect for stuffing when small or slicing when larger. The unique flying saucer shape and delicate flavor make it a conversation starter in any garden.",50-60,7-10,1-3 feet,36-48 inches,Full sun (6+ hours),"1-1.5 inches per week, consistent moisture","Well-drained, fertile soil rich in organic matter",6.0-7.0,Easy,true,Warm season,Direct sow 2-3 weeks after last frost when soil is at least 60°F. Can start indoors 2-3 weeks early.,"Pale green when young, turning creamy white-green at maturity","3-4 inches diameter when harvested young, up to 6 inches",Round and flat with distinctive scalloped edges,"Mild, sweet, and buttery with tender flesh","Stuffing, grilling, steaming, sautéing, pickling when small, excellent in summer vegetable medleys",true,false,3,11,"Typical heirloom disease susceptibility, generally hardy","Squash bugs, cucumber beetles, squash vine borers","Powdery mildew, bacterial wilt, downy mildew",ncstate,https://plants.windrivergreens.com/squash/benning-s-green-tint-pattypan
590,squash,Cushaw Green Striped,cushaw-green-striped,Cucurbita argyrosperma 'Green Striped Cushaw',"An ancient heirloom winter squash with a distinctive curved neck and beautiful green and white striped skin that has been grown by Native Americans for centuries. This vigorous vine produces massive fruits that can weigh up to 20 pounds, with sweet, fine-textured orange flesh that's perfect for pies and baking. The curved shape and striking appearance make it as ornamental as it is delicious.",110-120,7-14,,72-96 inches,Full sun (6+ hours),"1-2 inches per week, deep watering preferred","Rich, well-drained soil with excellent drainage",6.0-7.0,Moderate to challenging,false,Warm season,"Direct sow 2-3 weeks after last frost. Requires long growing season, start indoors in northern areas.","Green and white striped exterior, bright orange interior","10-20 pounds, 12-18 inches long including curved neck","Bulbous base with distinctive long, curved neck","Sweet and nutty with fine, smooth texture, less fibrous than many winter squash","Pies, custards, soups, roasting, baking. Traditional in Southern and Southwestern cuisine.",true,false,3,11,"Natural resistance to squash vine borers, good heat tolerance","Squash bugs, cucumber beetles, less affected by vine borers","Powdery mildew, bacterial wilt, downy mildew",ncstate,https://plants.windrivergreens.com/squash/cushaw-green-striped
591,squash,Sweet Dumpling Winter Squash,sweet-dumpling-winter-squash,Cucurbita pepo 'Sweet Dumpling',"An adorable miniature winter squash that looks like a tiny pumpkin with cream-colored skin decorated with dark green stripes and ribs. Each compact vine produces 6-10 individual-serving sized fruits with sweet, tender flesh that's perfect for stuffing or roasting whole. The attractive appearance and convenient single-serving size make it ideal for fall decorations that transition beautifully to the dinner table.",95-105,7-10,1-3 feet,36-48 inches,Full sun (6+ hours),"1-1.5 inches per week, reduce as fruits mature","Well-drained, fertile soil with good organic content",6.0-7.0,Easy to moderate,true,Warm season,Direct sow 2-3 weeks after last frost. Can start indoors 3-4 weeks before transplanting.,Cream to pale yellow with dark green stripes and ribs,"4-6 inches diameter, 1-2 pounds each","Round and flattened with deep ribs, pumpkin-like","Sweet and nutty with hints of honey, tender and creamy texture","Stuffing whole, roasting, steaming, soups. Excellent for individual serving presentations and fall decorating.",false,true,3,11,"Good general disease resistance, stores well","Squash bugs, cucumber beetles, squash vine borers","Powdery mildew, bacterial wilt, downy mildew",ncstate,https://plants.windrivergreens.com/squash/sweet-dumpling-winter-squash
592,squash,Zucchini Green Machine,zucchini-green-machine,Cucurbita pepo 'Green Machine',"A powerhouse hybrid zucchini that delivers exceptional yields of uniform, dark green fruits with tender skin and creamy white flesh. This vigorous plant produces consistently from summer through fall, making it perfect for gardeners who want reliable harvests for fresh eating, baking, and preserving. Known for its excellent disease resistance and ability to maintain quality even in challenging growing conditions.",50-55,7-10,1-3 feet,36-48 inches,Full sun (6+ hours),"1-2 inches per week, deep watering at soil level","Rich, well-drained loam with plenty of compost",6.0-7.0,Easy,false,Warm season,Direct sow after soil reaches 65°F and all frost danger has passed. Can start indoors 2-3 weeks before transplanting.,Dark green with light green striping,"6-8 inches long, 1.5-2 inches diameter","Cylindrical, straight, uniform","Mild, tender, slightly sweet with delicate texture","Fresh eating, grilling, sautéing, baking into breads and muffins, spiralizing into noodles, stuffing",false,true,3,11,"Excellent resistance to powdery mildew, bacterial wilt, and mosaic virus","Squash bug, cucumber beetle, squash vine borer","Downy mildew, bacterial wilt (resistant), powdery mildew (resistant)",ncstate,https://plants.windrivergreens.com/squash/zucchini-green-machine
593,squash,Lakota Winter Squash,lakota-winter-squash,Cucurbita maxima 'Lakota',"A stunning heirloom winter squash with distinctive orange and green teardrop-shaped fruits that were traditionally grown by the Lakota Sioux tribe. The beautiful pear-shaped squash features sweet, fine-textured orange flesh that rivals butternut in flavor and cooking quality. These eye-catching squash store exceptionally well and make gorgeous autumn decorations before being transformed into delicious meals.",100-110,7-12,,6-8 feet between plants,Full sun (6+ hours),"1 inch per week, reduce watering as fruits mature","Rich, well-drained soil with good organic content",6.0-6.8,Moderate,false,Warm season,Direct sow when soil temperature reaches 65°F. Can start indoors 3-4 weeks before last frost date.,Orange base with dark green striping and mottling,"3-5 pounds, 8-10 inches long",Teardrop or pear-shaped with ribbing,"Sweet, nutty, and rich with smooth, creamy texture when cooked","Roasting, soups, pies, baking, purees, and traditional Native American dishes",true,false,3,11,"Moderate resistance to common squash diseases, good field holding ability","Squash bug, cucumber beetle, squash vine borer","Powdery mildew, downy mildew, bacterial wilt",ncstate,https://plants.windrivergreens.com/squash/lakota-winter-squash
594,squash,Romanesco Zucchini,romanesco-zucchini,Cucurbita pepo,"Romanesco zucchini is a striking heirloom variety distinguished by its pale green, ribbed exterior and compact, tapered shape. Maturing in approximately 95 days, it delivers superior flavor compared to conventional zucchini—nutty and sweet with a distinctly firm texture that holds up well in cooking. The plant thrives in full sun with rich, well-draining loam enriched with organic matter. Moderately easy to grow, this variety excels both as a fresh market crop and culinary ingredient, offering gardeners an heirloom option with genuinely enhanced taste and texture.",95,7-10,1-3 feet,36-48 inches,Full sun (6+ hours),"1-2 inches per week, consistent moisture","Rich, well-drained loam with good organic matter",6.0-7.0,Easy to moderate,false,Warm season annual,Direct sow when soil reaches 65°F. Can start indoors 2-3 weeks before transplanting outdoors.,Light green with darker green striping along ribs,"24""",Vining,"Nutty, sweet, and more flavorful than standard zucchini with firm texture","Grilling, stuffing, ratatouille, pasta dishes, frittatas, and gourmet preparations where appearance matters",true,false,3,11,Moderate disease resistance typical of heirloom varieties,"Squash bug, cucumber beetle, aphids","Powdery mildew, downy mildew, mosaic virus",ncstate+johnnys,https://plants.windrivergreens.com/squash/romanesco-zucchini
595,squash,Buttercup Squash (Burgess Strain),buttercup-squash-burgess-strain,Cucurbita maxima 'Buttercup',"A beloved winter squash variety that produces dark green, turban-shaped fruits with a distinctive button on the blossom end and sweet orange flesh that's incredibly versatile in the kitchen. This reliable producer stores exceptionally well through winter and offers one of the best flavor profiles of any winter squash - sweet, nutty, and creamy when cooked. Perfect for gardeners wanting a premium winter squash that excels in both storage and culinary applications.",100-120,8-12,,6-8 feet between plants,Full sun (6+ hours),"1 inch per week, reduce as fruits mature","Rich, well-drained soil with plenty of organic matter",6.0-6.8,Moderate,false,Warm season,Direct sow when soil temperature reaches 65°F. Can start indoors 3-4 weeks before last frost.,Dark green exterior with bright orange flesh,"3-5 pounds, 6-8 inches across",Turban-shaped with distinctive button end,"Very sweet, nutty, and creamy with rich, dense texture","Roasting, pies, soups, casseroles, purees, and baking applications",false,true,3,11,"Good resistance to common squash diseases, excellent storage capability","Squash bug, cucumber beetle, squash vine borer","Powdery mildew, downy mildew, bacterial wilt",ncstate,https://plants.windrivergreens.com/squash/buttercup-squash-burgess-strain
596,squash,Yellow Pattypan Squash (Sunburst),yellow-pattypan-squash-sunburst,Cucurbita pepo 'Sunburst',"A cheerful and productive summer squash that produces bright yellow, scalloped fruits with a distinctive flying saucer shape that adds whimsy to any garden. This compact bush variety is perfect for small gardens and delivers tender, mild-flavored squash that's ideal for stuffing, grilling, or eating fresh when harvested young. The attractive plants produce continuously throughout the season, providing both ornamental value and delicious harvests.",50-55,7-10,1-3 feet,36-42 inches,Full sun (6+ hours),"1-2 inches per week, even moisture","Well-drained, fertile soil with good organic content",6.0-7.0,Easy,true,Warm season,Direct sow after soil reaches 65°F and frost danger has passed. Can start indoors 2-3 weeks early.,Bright golden yellow,"3-4 inches diameter when young, up to 6 inches",Round and flattened with scalloped edges,"Mild, tender, slightly sweet with delicate texture","Stuffing, grilling, steaming, stir-frying, and fresh eating when small",false,true,3,11,Good resistance to common summer squash diseases,"Squash bug, cucumber beetle, aphids","Powdery mildew, downy mildew, mosaic virus",ncstate,https://plants.windrivergreens.com/squash/yellow-pattypan-squash-sunburst
597,squash,Zucchini Costata Romanesco,zucchini-costata-romanesco,Cucurbita pepo 'Costata Romanesco',"This stunning Italian heirloom zucchini features distinctive ribbed fruits with alternating dark and light green stripes that make it as beautiful as it is delicious. The tender, flavorful flesh has a nutty sweetness that's prized by chefs and home cooks alike. Both the fruits and large golden blossoms are edible, making this variety a true dual-purpose garden treasure.",50-60,7-10,1-3 feet,36-48 inches,Full sun (6+ hours),"1-2 inches per week, deep but infrequent watering","Rich, well-drained soil with plenty of organic matter",6.0-7.0,Easy,false,Warm season,"Direct sow after soil reaches 65°F, or start indoors 2-3 weeks before last frost. Plant seeds 1 inch deep.",Light green with dark green ribs and stripes,6-8 inches long when harvested young,Cylindrical with prominent vertical ribs,"Sweet, nutty, and tender with excellent texture","Grilling, sautéing, stuffing, baking, raw in salads. Flowers are excellent stuffed and fried.",true,false,3,11,Moderate resistance to common squash diseases,"Squash bugs, cucumber beetles, squash vine borers","Powdery mildew, downy mildew, bacterial wilt",ncstate,https://plants.windrivergreens.com/squash/zucchini-costata-romanesco
598,squash,Buttercup Squash,buttercup-squash,Cucurbita maxima,"Buttercup Squash is a heirloom winter squash with distinctive dark green skin and a characteristic ridged button on the bottom end. It reaches maturity in approximately 115 days and produces medium-sized fruits weighing 2-4 pounds. The flesh is vibrant orange, sweet, and creamy with rich flavor notes reminiscent of sweet potato and honey. This variety excels in roasting, pies, and purees, delivering consistent, buttery results that make it a favorite for autumn cooking.",115,7-14,,48-72 inches,Full sun (6+ hours),"1 inch per week, reduce watering as fruits mature","Rich, well-drained soil with high organic content",6.0-6.8,Moderate,false,Warm season annual,"Direct sow after soil reaches 65°F, or start indoors 2-4 weeks before last frost. Plant seeds 1-2 inches deep.","Dark green skin with gray 'button', deep orange flesh",10-15 lb.,Turban-shaped with flattened top and distinctive cap,"Sweet, creamy, and rich with notes of sweet potato and honey","Baking, roasting, soups, pies, purees. Excellent for baby food and desserts.",true,false,3,11,Good resistance to powdery mildew and mosaic virus,"Squash bugs, cucumber beetles, squash vine borers","Bacterial wilt, downy mildew, black rot",ncstate+johnnys,https://plants.windrivergreens.com/squash/buttercup-squash
599,squash,Yellow Scallop Pattypan,yellow-scallop-pattypan,Cucurbita pepo 'Yellow Scallop',"These charming sunshine-yellow summer squashes look like little flying saucers with their distinctive scalloped edges and flattened shape. Incredibly productive plants begin bearing early in the season and continue producing tender, mild-flavored fruits perfect for stuffing, grilling, or eating raw. Their unique appearance and sweet, delicate taste make them a favorite at farmers markets and dinner tables alike.",50-55,7-10,1-3 feet,36-48 inches,Full sun (6+ hours),"1-2 inches per week, consistent moisture","Well-drained, fertile soil with good organic matter",6.0-7.0,Easy,true,Warm season,Direct sow after last frost when soil is 65°F or warmer. Plant seeds 1 inch deep in hills or rows.,Bright golden yellow,3-4 inches diameter when harvested young,"Flattened, round with distinctive scalloped edges","Mild, sweet, and tender with delicate squash flavor","Stuffing, grilling, steaming, stir-frying, raw in salads. Excellent for preserving whole.",true,false,3,11,Moderate resistance to common squash diseases,"Squash bugs, cucumber beetles, aphids","Powdery mildew, bacterial wilt, mosaic virus",ncstate,https://plants.windrivergreens.com/squash/yellow-scallop-pattypan
602,squash,Zucchini Grey,zucchini-grey,Cucurbita pepo 'Grey',"A distinctive heirloom zucchini with beautiful mottled grey-green skin that stands out in any garden. This productive variety produces tender, flavorful fruits with creamy white flesh that's excellent for both fresh eating and cooking. The unique coloring and reliable production make it a favorite among gardeners who want something different from the typical green zucchini.",50-55,7-10,1-3 feet,36-48 inches,Full sun (6+ hours),"1-2 inches per week, deep watering","Rich, well-drained loam with compost",6.0-7.5,Easy,false,Warm season,"Direct sow after soil reaches 65°F, or start indoors 2-3 weeks before last frost. Plant seeds 1 inch deep.",Mottled grey-green with darker stripes,"6-8 inches long, 2-3 inches diameter","Cylindrical, slightly tapered","Mild, sweet, and tender with fine texture","Excellent grilled, sautéed, in breads, soups, and casseroles. Great for stuffing when larger.",true,false,3,11,Moderate resistance to common squash diseases,"Squash bugs, cucumber beetles, vine borers","Powdery mildew, bacterial wilt, downy mildew",ncstate,https://plants.windrivergreens.com/squash/zucchini-grey
603,squash,Zucchini Partenon,zucchini-partenon,Cucurbita pepo 'Partenon',"An award-winning All-America Selections hybrid zucchini that produces without pollination, making it perfect for container growing or areas with poor pollinator activity. This compact, high-yielding variety produces dark green fruits with exceptional flavor and tender texture. The parthenocarpic trait means consistent production even in challenging growing conditions.",48-52,5-8,1-3 feet,24-36 inches,Full sun (6+ hours),"1-1.5 inches per week, consistent moisture","Well-drained, fertile soil with organic matter",6.0-7.0,Easy,true,Warm season,"Direct sow when soil temperature reaches 65°F, or start indoors 2-3 weeks before transplanting. Plant seeds ½ inch deep.",Dark glossy green,"6-7 inches long, 2 inches diameter",Uniform cylindrical,"Sweet, mild, and exceptionally tender","Perfect for fresh eating, grilling, baking, and all zucchini recipes. Excellent sliced raw in salads.",false,true,3,11,Good resistance to zucchini yellow mosaic virus and watermelon mosaic virus,"Aphids, cucumber beetles, squash bugs","Powdery mildew, bacterial wilt",ncstate,https://plants.windrivergreens.com/squash/zucchini-partenon
604,squash,Zucchini Rampicante,zucchini-rampicante,Cucurbita pepo 'Rampicante',"An Italian heirloom climbing zucchini that produces long, curved fruits with distinctive ridged skin and exceptional flavor. This vigorous vining variety can be trellised to save space and produces continuously throughout the season when harvested regularly. The unique serpentine shape and ribbed texture make it as ornamental as it is delicious.",60-65,7-10,1-3 feet,48-60 inches,Full sun (6+ hours),"1-2 inches per week, deep watering","Rich, well-drained soil with plenty of compost",6.0-7.5,Moderate,false,Warm season,"Direct sow after last frost when soil is warm, or start indoors 2-3 weeks early. Plant seeds 1 inch deep near a trellis.",Light green with darker green stripes,"12-18 inches long, curved","Long, curved, and deeply ribbed","Sweet, nutty flavor with firm, dense flesh","Excellent stuffed, grilled, roasted, or used in Italian dishes. Young fruits can be used like regular zucchini.",true,false,3,11,Good air circulation from vertical growing reduces disease pressure,"Squash vine borers, cucumber beetles, aphids","Powdery mildew, downy mildew, bacterial wilt",ncstate,https://plants.windrivergreens.com/squash/zucchini-rampicante
605,squash,Buttercup Maxima,buttercup-maxima,Cucurbita maxima 'Buttercup',"A premium winter squash with dark green skin and distinctive light green stripes, prized for its incredibly sweet, smooth orange flesh that rivals sweet potatoes in flavor. This compact storage squash has excellent keeping qualities and a creamy, dense texture that makes it perfect for soups, pies, and roasting. The turban-shaped fruits are not only delicious but also decorative.",95-105,7-14,,48-72 inches,Full sun (6+ hours),"1 inch per week, reduce near harvest","Rich, well-drained soil with organic matter",6.0-7.0,Moderate,false,Warm season,Direct sow 2-3 weeks after last frost when soil is 65°F or warmer. Plant seeds 1 inch deep in hills.,Dark green with light green stripes,"3-5 pounds, 6-8 inches diameter","Turban-shaped, flattened with pronounced ribs","Exceptionally sweet, creamy, and smooth with nutty undertones","Perfect for pies, soups, roasting, mashing, and baking. Excellent substitute for sweet potatoes.",false,true,3,11,Good resistance to common cucurbit diseases,"Squash bugs, cucumber beetles, squash vine borers","Powdery mildew, bacterial wilt, black rot",ncstate,https://plants.windrivergreens.com/squash/buttercup-maxima
606,squash,Marina di Chioggia Pumpkin,marina-di-chioggia-pumpkin,Cucurbita maxima,"Avg. 6-12 lb. bumpy squashes make a wild, yet subdued ornamental statement for fall. Amy Goldman in her new book, The Compleat Squash, describes this Italian seaside specialty as deliziosa, especially for gnocchi and ravioli, and a culinary revelation.",100,7-12,,72-96 inches,Full sun (6+ hours),"1-1.5 inches per week, consistent moisture during fruit development","Rich, well-drained soil with plenty of organic matter",6.0-7.5,Moderate to Advanced,false,Warm season annual,"Direct sow after last frost in warm soil (70°F+), or start indoors 3-4 weeks early. Plant seeds 1 inch deep in hills.",Blue-green to grey-green with heavy warting,6-12 lb.,Flattened round with deep ribs and heavy warting,"Sweet, dense, and creamy with rich, complex flavor","Exceptional for gnocchi, risotto, soups, and roasting. Prized by chefs for its superior texture and flavor.",true,false,3,11,"Moderate resistance, benefits from good air circulation","Squash vine borers, cucumber beetles, squash bugs","Powdery mildew, downy mildew, bacterial wilt",ncstate+johnnys,https://plants.windrivergreens.com/squash/marina-di-chioggia-pumpkin
607,squash,Zucchini Ambassador,zucchini-ambassador,Cucurbita pepo 'Ambassador',"A premium hybrid zucchini that sets the standard for disease resistance and productivity in home gardens. This variety produces glossy, dark green fruits with exceptional flavor and tender texture, while its compact bush habit makes it perfect for smaller spaces. Ambassador consistently outperforms open-pollinated varieties with its vigorous growth and extended harvest period.",48-55,7-10,1-3 feet,36-48 inches,Full sun (6+ hours),"1-1.5 inches per week, consistent moisture","Well-drained, fertile soil rich in organic matter",6.0-7.0,Easy,true,Warm season,"Direct sow after soil temperature reaches 65°F, or start indoors 2-3 weeks before last frost. Plant seeds 1 inch deep.",Dark glossy green with light green striping,"6-8 inches long, 2 inches diameter","Cylindrical with straight, uniform fruits","Mild, sweet, and tender with fine texture","Grilling, sautéing, baking, zucchini bread, spiralized noodles, stuffed zucchini, fresh in salads when small",false,true,3,11,"Excellent resistance to powdery mildew, zucchini yellow mosaic virus, and watermelon mosaic virus","Squash bugs, cucumber beetles, squash vine borers","Bacterial wilt, downy mildew, black rot",ncstate,https://plants.windrivergreens.com/squash/zucchini-ambassador
608,squash,Connecticut Field Pumpkin,connecticut-field-pumpkin,Cucurbita pepo 'Connecticut Field',"The classic American jack-o'-lantern pumpkin that has been grown since the 1700s, beloved for its perfect carving size and traditional orange color. This reliable heirloom produces large, ribbed pumpkins that are not only ideal for Halloween decorations but also excellent for pies and baking. Connecticut Field is the quintessential pumpkin variety that connects modern gardeners to centuries of American agricultural tradition.",100-120,7-14,1-3 feet,60-72 inches,Full sun (6+ hours),"1-2 inches per week, deep watering","Rich, well-drained soil with high organic matter content",6.0-7.0,Moderate,false,Warm season,Direct sow after soil temperature reaches 65°F. Plant seeds 1-2 inches deep in hills. Can start indoors 2-3 weeks before transplanting.,Deep orange,"15-25 pounds, 12-16 inches diameter",Round to slightly flattened with deep ribbing,"Sweet, mild pumpkin flavor with smooth texture when cooked","Jack-o'-lantern carving, pumpkin pie, roasted seeds, soups, breads, and traditional fall baking",true,false,3,11,Moderate resistance typical of heirloom varieties,"Squash bugs, cucumber beetles, squash vine borers","Powdery mildew, bacterial wilt, black rot, downy mildew",ncstate,https://plants.windrivergreens.com/squash/connecticut-field-pumpkin
609,squash,Fordhook Acorn Squash,fordhook-acorn-squash,Cucurbita pepo 'Fordhook',"A superior acorn squash variety developed by Burpee in the 1890s, prized for its consistent acorn shape and exceptional sweet, nutty flavor. Fordhook produces thick-walled fruits with bright orange flesh that becomes incredibly tender and flavorful when roasted. This heirloom variety offers better eating quality than many modern acorn squashes and stores exceptionally well through winter.",85-100,7-14,1-3 feet,48-60 inches,Full sun (6+ hours),"1-1.5 inches per week, consistent moisture","Well-drained, fertile soil with good organic content",6.0-7.0,Easy to Moderate,false,Warm season,"Direct sow after soil reaches 65°F, planting seeds 1 inch deep. Can start indoors 3-4 weeks before last frost for earlier harvest.",Dark green exterior with deep orange interior flesh,"1-2 pounds, 4-5 inches long",Classic acorn shape with deep longitudinal ridges,"Sweet, nutty, and rich with dense, smooth texture","Roasting, baking, stuffing, soups, side dishes, and winter storage cooking",true,false,3,11,"Good general disease tolerance, typical heirloom resistance levels","Squash bugs, cucumber beetles, squash vine borers","Powdery mildew, bacterial wilt, downy mildew",ncstate,https://plants.windrivergreens.com/squash/fordhook-acorn-squash
610,squash,Gem Squash,gem-squash,Cucurbita pepo var. gemmifera,"A unique South African heirloom that produces small, round squashes perfect for individual servings and container growing. These charming little squashes start cream-colored and develop beautiful golden-yellow skin at maturity, with sweet, tender flesh that's delicious when simply steamed or roasted whole. Gem squash is prized for its compact size, attractive appearance, and excellent storage capabilities.",70-85,7-12,1-3 feet,36-48 inches,Full sun (6+ hours),"1 inch per week, moderate water needs",Well-drained soil with moderate fertility,6.0-7.0,Easy,true,Warm season,"Direct sow after soil temperature reaches 65°F, planting seeds 1 inch deep. Excellent for succession planting every 2-3 weeks.","Cream to golden-yellow exterior, pale yellow flesh","2-4 inches diameter, 4-8 ounces","Small, round to slightly oval","Sweet, mild, and creamy with tender texture","Individual serving portions, steaming whole, roasting, stuffing, side dishes, and decorative fall displays",true,false,3,11,Good resistance to common squash diseases,"Squash bugs, cucumber beetles, aphids","Powdery mildew, bacterial wilt",ncstate,https://plants.windrivergreens.com/squash/gem-squash
612,root-vegetable,Cosmic Purple Carrot,cosmic-purple-carrot,Daucus carota 'Cosmic Purple',"A stunning hybrid carrot that produces 7-inch roots with deep purple skin and bright orange cores that create beautiful rings when sliced. This All-America Selections winner combines exceptional sweetness with eye-catching color, making it perfect for both fresh eating and adding visual drama to dishes. The unique bicolor appearance and crisp texture make it a favorite among gardeners looking to grow something truly special.",70-80,10-17,,2-3 inches,Full sun to partial shade (4-6+ hours),"1 inch per week, consistent moisture","Deep, loose, well-drained sandy loam free of rocks",6.0-6.8,Easy,true,Cool season,Direct sow 2-3 weeks before last frost. Sow seeds 1/4 inch deep in rows 12 inches apart. Succession plant every 2-3 weeks.,Deep purple exterior with bright orange core,"7 inches long, 1 inch diameter","Cylindrical, tapered, smooth",Sweet and crisp with mild spicy notes from the purple skin,"Fresh eating, salads, roasting, stir-fries, pickling. Excellent for adding color to dishes.",false,true,4,11,Good resistance to alternaria leaf blight and cercospora leaf spot,"Carrot fly, aphids, flea beetles, wireworms","Alternaria leaf blight, bacterial soft rot, aster yellows",ncstate,https://plants.windrivergreens.com/root-vegetable/cosmic-purple-carrot
613,root-vegetable,Easter Egg Radish,easter-egg-radish,Raphanus sativus,"Easter Egg Radish is a vibrant heirloom variety producing multicolored roots with a stunning mix of white, pink, purple, and red striping. These small, round radishes mature in approximately 30 days, making them ideal for quick succession planting. Their defining characteristic is their mild, crisp, and exceptionally sweet flavor with significantly less peppery bite than traditional radishes, making them particularly appealing to those who prefer gentler radish varieties. The colorful appearance and pleasant taste make them both visually striking in gardens and excellent for fresh eating, salads, and garnishes.",30,3-7,0-3 feet,1-2 inches,Full sun to partial shade,"0.5-1 inch per week, consistent moisture","Well-drained, fertile soil with good organic matter",6.0-7.0,Very easy,true,Warm season annual,"Direct sow 2-4 weeks before last frost. Plant seeds 1/2 inch deep, thin to proper spacing. Succession plant every 10 days.","Mixed colors: purple, pink, red, white","1 inch diameter, round","Globe-shaped, uniform round roots","Mild, crisp, and sweet with less bite than traditional radishes","Fresh eating, salads, garnishes, pickling, roasting when larger",true,false,2,11,Generally disease resistant due to quick maturity,"Flea beetles, root maggots, aphids","Clubroot, black rot, downy mildew",johnnys,https://plants.windrivergreens.com/root-vegetable/easter-egg-radish
614,root-vegetable,All Seasons White Daikon,all-seasons-white-daikon,Raphanus sativus var. longipinnatus 'All Seasons White',"A versatile Japanese daikon radish that can be grown in both spring and fall, producing impressive 14-18 inch long white roots weighing up to 2 pounds each. This reliable variety offers the classic mild, crisp texture that makes daikon so popular in Asian cuisine, while being much easier to grow than many specialty varieties. Perfect for gardeners wanting to explore Asian vegetables or those seeking a substantial, storage-friendly root crop.",60-70,5-10,0-3 feet,4-6 inches,Full sun (6+ hours),"1-1.5 inches per week, deep consistent watering","Deep, loose, well-drained soil free of obstacles",6.0-7.0,Easy to moderate,false,Cool season,"Direct sow in early spring or late summer. Plant seeds 1/2 inch deep, thin to final spacing when 2 inches tall.",Pure white skin and flesh,"14-18 inches long, 2-3 inches diameter, 1-2 pounds","Long, cylindrical, tapered","Mild, crisp, and juicy with a slight peppery bite when raw","Pickling, fermenting, stir-fries, soups, grating for condiments, roasting, braising",false,false,2,11,"Good general disease resistance, tolerant of clubroot","Flea beetles, cabbage root maggots, aphids","Clubroot, black rot, bacterial soft rot",ncstate,https://plants.windrivergreens.com/root-vegetable/all-seasons-white-daikon
615,root-vegetable,Nero Tondo Black Spanish Round Radish,nero-tondo-black-spanish-round-radish,Raphanus sativus 'Nero Tondo',"An eye-catching heirloom winter radish from Spain that produces striking black-skinned roots with pure white flesh and a surprisingly mild flavor. This unique variety stores exceptionally well and actually improves in flavor after a few frosts, making it perfect for extending the harvest season into winter. The dramatic color contrast when sliced creates stunning visual appeal in dishes while delivering the crisp, clean taste that makes winter radishes so prized.",55-65,7-14,0-3 feet,3-4 inches,Full sun to partial shade,"1 inch per week, consistent moisture","Well-drained, fertile soil with good organic content",6.0-7.0,Easy,true,Cool season,"Direct sow in mid to late summer for fall harvest. Plant seeds 1/2 inch deep, thin when seedlings are 2 inches tall.",Black skin with bright white flesh,"3-4 inches diameter, round","Globe-shaped, slightly flattened","Mild and sweet with crisp texture, less pungent than typical winter radishes","Fresh eating, salads, roasting, braising, pickling, winter storage",true,false,2,11,Good cold tolerance and general disease resistance,"Flea beetles, root maggots, cabbage worms","Clubroot, black rot, downy mildew",ncstate,https://plants.windrivergreens.com/root-vegetable/nero-tondo-black-spanish-round-radish
616,root-vegetable,Mokum Carrot,mokum-carrot,Daucus carota var. sativus,"Top-rated for flavor among our early varieties. Attractive slender roots are great for early bunches. A bit earlier than Yaya, more slender, the same length (5 1/2-6 1/2"") and color, and with similar high sugar and brittle tenderness. Holds sweet taste even in warm weather. Short tops. Widely adapted. Amsterdam type. Also available with NOP-compliant pelleting.",50-60,10-17,,2 inches,Full sun to partial shade (4-6+ hours),"1 inch per week, consistent moisture","Deep, loose, well-drained sandy loam",6.0-6.8,Easy to moderate,true,Warm season annual,"Direct sow 2-3 weeks before last frost. Sow seeds 1/4 inch deep, succession plant every 2-3 weeks through summer.",Bright orange throughout,"5 1/2-6 1/2""","Cylindrical Nantes-type, blunt tip, smooth",Exceptionally sweet and crisp with fine texture and no woody core,"Fresh eating, juicing, salads, roasting, steaming. Premium quality for all uses.",false,true,4,11,Excellent resistance to alternaria leaf blight and cavity spot,"Carrot fly, aphids, flea beetles, wireworms","Alternaria leaf blight, cercospora leaf spot, bacterial soft rot",ncstate+johnnys,https://plants.windrivergreens.com/root-vegetable/mokum-carrot
617,root-vegetable,Atomic Red Carrot,atomic-red-carrot,Daucus carota 'Atomic Red',"A stunning hybrid carrot that delivers both visual impact and exceptional flavor with its brilliant red-orange exterior and bright orange interior. These smooth, cylindrical roots grow uniformly and maintain their vibrant color when cooked, making them perfect for both fresh eating and culinary presentations. Gardeners love this variety for its reliable performance and the wow factor it brings to harvest baskets.",70-75,14-21,,"2-3 inches apart, rows 12-18 inches apart",Full sun to partial shade (4-6+ hours),"1 inch per week, consistent moisture","Deep, loose, sandy loam free of rocks and debris",6.0-6.8,Easy,true,Cool season,"Direct sow seeds 1/4 to 1/2 inch deep, 2-3 weeks before last frost. Succession plant every 2-3 weeks for continuous harvest.",Brilliant red-orange exterior with bright orange interior,"7-8 inches long, 1-1.5 inches diameter","Cylindrical, blunt-tipped with smooth shoulders",Sweet and crisp with classic carrot flavor and minimal core,"Fresh eating, salads, roasting, juicing, garnishes. Retains color when cooked.",false,true,4,11,Good resistance to Alternaria leaf blight and cavity spot,"Carrot rust fly, wireworms, flea beetles, aphids","Alternaria leaf blight, bacterial soft rot, cavity spot",ncstate,https://plants.windrivergreens.com/root-vegetable/atomic-red-carrot
618,root-vegetable,Cherry Belle Radish,cherry-belle-radish,Raphanus sativus 'Cherry Belle',"America's most popular radish variety and an All-America Selections winner, Cherry Belle delivers reliable results for gardeners of all skill levels. These perfectly round, cherry-red radishes mature in just 22-30 days, making them ideal for quick satisfaction and succession planting throughout the growing season. Their mild, crisp bite and uniform shape make them a favorite for fresh eating and beautiful garnishes.",22-30,3-7,0-3 feet,"1 inch apart, rows 6-12 inches apart",Full sun to partial shade,"1/2 to 3/4 inch per week, consistent moisture","Well-drained, loose soil with good organic matter",6.0-7.0,Very Easy,true,Cool season,Direct sow seeds 1/2 inch deep. Plant every 10 days for continuous harvest. Avoid transplanting.,Bright cherry-red skin with crisp white flesh,3/4 to 1 inch diameter,Perfectly round globe shape,"Mild, crisp, and slightly peppery with sweet undertones","Fresh eating, salads, garnishes, pickling, crudité platters",true,false,2,11,Generally disease-free when grown in proper conditions,"Flea beetles, aphids, cabbage maggots","Clubroot, black rot, downy mildew",ncstate,https://plants.windrivergreens.com/root-vegetable/cherry-belle-radish
619,root-vegetable,Yukon Gold Potato,yukon-gold-potato,Solanum tuberosum 'Yukon Gold',"Developed in Canada, Yukon Gold has become the gold standard for home gardeners seeking a versatile, all-purpose potato with exceptional flavor. The smooth, golden skin and creamy yellow flesh make these potatoes as beautiful as they are delicious, while their waxy-starchy texture works perfectly for everything from mashing to roasting. This reliable variety produces good yields and stores well, making it a cornerstone of the home garden.",70-90,14-28 (from seed potatoes),12-24 inches,"12-15 inches apart, rows 30-36 inches apart",Full sun (6+ hours),"1-2 inches per week, consistent but not waterlogged","Well-drained, loose, fertile soil rich in organic matter",5.8-6.2,Moderate,true,Cool season,"Plant seed potatoes 3-4 inches deep, 2-3 weeks before last frost. Hill soil around plants as they grow.",Golden yellow skin with creamy yellow flesh,"2-4 inches diameter, 4-6 oz average weight",Oval to round with smooth skin and shallow eyes,"Rich, buttery, and slightly sweet with creamy texture","Excellent for mashing, roasting, baking, boiling, and frying. All-purpose variety.",false,true,2,11,Moderate resistance to scab and good resistance to golden nematode,"Colorado potato beetle, aphids, wireworms, flea beetles","Late blight, early blight, scab, blackleg",ncstate,https://plants.windrivergreens.com/root-vegetable/yukon-gold-potato
620,root-vegetable,Long Black Spanish Radish,long-black-spanish-radish,Raphanus sativus 'Long Black Spanish',"This impressive heirloom winter radish dates back to the 1600s and offers a completely different experience from common spring radishes. Growing 8-10 inches long with distinctive black skin and pure white interior flesh, these storage radishes develop complex, pungent flavors that mellow beautifully when cooked. Perfect for gardeners seeking unusual varieties that provide fresh eating well into winter months.",55-60,5-10,0-3 feet,"4-6 inches apart, rows 12-18 inches apart",Full sun to partial shade,"1 inch per week, consistent moisture","Deep, well-drained soil with good organic content",6.0-7.0,Easy,false,Cool season,Direct sow seeds 1/2 inch deep in late summer for fall harvest. Plant 10-12 weeks before hard frost.,Black exterior skin with pure white flesh,"8-10 inches long, 2-3 inches diameter","Long, cylindrical taproot with rounded bottom","Pungent and spicy when raw, mild and sweet when cooked","Grating for condiments, roasting, stir-frying, pickling, winter storage crop",true,false,2,11,Generally hardy with good disease tolerance,"Flea beetles, cabbage root maggots, aphids","Clubroot, black rot, white rust",ncstate,https://plants.windrivergreens.com/root-vegetable/long-black-spanish-radish
621,root-vegetable,Tendersweet Orange Carrot,tendersweet-orange-carrot,Daucus carota 'Tendersweet Orange',"This Burpee-developed variety has earned its place as one of the most dependable and flavorful carrots for home gardens, winning recognition for both its exceptional sweetness and reliable growing characteristics. The 7-8 inch roots develop beautiful orange color throughout and maintain their tender texture even when fully mature. Garden families especially appreciate this variety's consistent performance and kid-friendly sweet flavor that makes fresh vegetables irresistible.",75-80,14-21,,"2-3 inches apart, rows 12-18 inches apart",Full sun to partial shade (4-6+ hours),"1 inch per week, even moisture","Deep, loose, sandy loam with excellent drainage",6.0-6.8,Easy,true,Cool season,"Direct sow seeds 1/4 to 1/2 inch deep, starting 2-3 weeks before last frost. Thin seedlings to proper spacing.","Rich, deep orange throughout","7-8 inches long, 1.5 inches diameter at shoulder",Tapered cylindrical with blunt tip and broad shoulders,Exceptionally sweet and tender with fine texture and minimal core,"Excellent fresh eating, juicing, cooking, freezing, and storage. Perfect for children.",false,true,4,11,Good general disease resistance and stress tolerance,"Carrot rust fly, wireworms, flea beetles, aphids","Alternaria leaf blight, bacterial soft rot, aster yellows",ncstate,https://plants.windrivergreens.com/root-vegetable/tendersweet-orange-carrot
622,root-vegetable,Imperator 58 Carrot,imperator-58-carrot,Daucus carota 'Imperator 58',"The classic grocery store carrot that defined what most people expect from this beloved vegetable. These long, tapered carrots offer exceptional sweetness and crisp texture, making them perfect for both fresh eating and cooking. A reliable performer that produces uniform, beautiful roots even in challenging conditions.",70-75,14-21,,2-3 inches,Full sun to partial shade (4-6+ hours),"1 inch per week, consistent moisture","Deep, loose, sandy loam free of rocks and debris",6.0-6.8,Easy,false,Cool season,"Direct sow seeds 1/4 inch deep, 2-3 weeks before last frost. Succession plant every 2-3 weeks for continuous harvest.",Deep orange,"8-10 inches long, 1-1.5 inches wide","Long, tapered with pointed tip","Sweet, crisp, classic carrot flavor","Fresh eating, juicing, roasting, soups, stews, baking. Excellent storage variety.",true,false,4,11,Good resistance to leaf blight and cavity spot,"Carrot rust fly, wireworms, flea beetles","Alternaria leaf blight, bacterial soft rot, cavity spot",ncstate,https://plants.windrivergreens.com/root-vegetable/imperator-58-carrot
623,root-vegetable,Thumbelina Carrot,thumbelina-carrot,Daucus carota 'Thumbelina',"An adorable golf ball-sized carrot that's perfect for container gardens and shallow soils where longer varieties struggle. Despite their tiny size, these round carrots pack full-sized flavor and sweetness. Winner of the All-America Selections award for its exceptional performance and unique appeal to gardeners with space constraints.",65-70,10-17,,1-2 inches,Full sun to partial shade (4-6+ hours),"1 inch per week, keep soil evenly moist",Well-drained potting mix or loose garden soil,6.0-7.0,Easy,true,Cool season,Direct sow seeds 1/4 inch deep. Excellent for container growing. Can be grown in as little as 6 inches of soil depth.,Bright orange,"1-2 inches diameter, round","Round, golf ball-shaped","Sweet, tender, mild carrot flavor","Fresh snacking, baby food, steaming whole, pickling, garnishes. Perfect for kids' gardens.",false,true,4,11,Good overall disease resistance,"Carrot rust fly, aphids, flea beetles","Alternaria leaf blight, damping off",ncstate,https://plants.windrivergreens.com/root-vegetable/thumbelina-carrot
624,root-vegetable,German Giant Radish,german-giant-radish,Raphanus sativus 'German Giant',"A massive white radish that can grow to impressive sizes while maintaining surprisingly mild flavor and crisp texture. Unlike typical small radishes, German Giant becomes milder and sweeter as it grows larger, making it perfect for cooking applications. This unique variety bridges the gap between European radishes and Asian daikon types.",45-60,4-7,0-3 feet,4-6 inches,Full sun to partial shade,"1 inch per week, consistent moisture to prevent splitting","Deep, loose, fertile soil with good drainage",6.0-7.0,Easy,true,Cool season,Direct sow seeds 1/2 inch deep in spring or fall. Can be succession planted every 2 weeks in cool weather.,Pure white skin and flesh,"4-6 inches long, 2-3 inches wide","Large, elongated oval","Mild, sweet, crisp with less bite than small radishes","Fresh eating, salads, roasting, stir-frying, braising, pickling. Excellent cooked like turnips.",true,false,2,11,Good resistance to clubroot and black rot,"Flea beetles, cabbage root maggot, aphids","Clubroot, black rot, downy mildew",ncstate,https://plants.windrivergreens.com/root-vegetable/german-giant-radish
625,root-vegetable,Red Norland Potato,red-norland-potato,Solanum tuberosum 'Red Norland',"The gold standard for early-season red potatoes, beloved by home gardeners for its reliability and excellent flavor. These smooth-skinned beauties are ready to harvest as delicious new potatoes in just 60 days, or left to mature for storage. Their waxy texture and thin, edible skins make them perfect for boiling, steaming, and potato salads.",60-80,14-21,12-24 inches,12-15 inches,Full sun (6+ hours),"1-2 inches per week, reduce watering as harvest approaches","Loose, well-drained, slightly acidic soil rich in organic matter",5.0-6.0,Moderate,true,Cool season,"Plant seed potatoes 4 inches deep, 2 weeks before last frost. Hill soil around plants as they grow to prevent greening.",Red skin with white flesh,2-4 inches diameter,Round to oval,"Mild, buttery, slightly sweet with waxy texture","Boiling, steaming, roasting, potato salad, new potatoes. Thin skin doesn't require peeling.",false,true,2,11,Good resistance to scab and moderate resistance to late blight,"Colorado potato beetle, wireworms, potato flea beetle","Late blight, early blight, potato scab, bacterial soft rot",ncstate,https://plants.windrivergreens.com/root-vegetable/red-norland-potato
629,root-vegetable,Pontiac Red Potato,pontiac-red-potato,Solanum tuberosum 'Pontiac',"A reliable mid-season potato variety beloved for its attractive red skin and pure white flesh that holds its shape beautifully when cooked. Pontiac produces excellent yields of medium to large tubers and shows good resistance to common potato diseases. This versatile variety is perfect for boiling, baking, and making colorful potato salads.",80-95,14-28,12-24 inches,12-15 inches,Full sun (6+ hours),"1-2 inches per week, reduce watering 2 weeks before harvest","Loose, well-drained soil with good organic matter",5.0-6.0,Easy,true,Cool to warm season,Plant seed potatoes 2-3 weeks before last frost date. Cut pieces should have 2-3 eyes. Hill soil around plants as they grow.,Red skin with white flesh,"3-5 inches long, medium to large",Oval to round tubers,"Mild, earthy flavor with creamy texture","Boiling, baking, roasting, potato salad, mashing. Holds shape well when cooked.",false,false,2,11,Good resistance to scab and some virus strains,"Colorado potato beetle, aphids, wireworms, flea beetles","Late blight, early blight, potato scab, blackleg",ncstate,https://plants.windrivergreens.com/root-vegetable/pontiac-red-potato
630,root-vegetable,German Butterball Potato,german-butterball-potato,Solanum tuberosum 'German Butterball',"An outstanding heirloom potato variety that delivers incredibly rich, buttery flavor in smooth-textured yellow flesh. This late-season variety produces excellent yields of medium-sized tubers with buff-colored skin and stores exceptionally well through winter. German Butterball is considered one of the best-tasting potatoes available to home gardeners.",100-110,14-28,12-24 inches,12-15 inches,Full sun (6+ hours),"1-2 inches per week, consistent moisture during tuber development","Deep, loose, well-drained soil with high organic matter",5.0-6.5,Moderate,false,Cool to warm season,Plant seed potatoes after soil temperature reaches 45°F. Cut pieces should cure 24-48 hours before planting. Hill regularly.,Buff/tan skin with deep yellow flesh,"3-4 inches long, medium-sized",Oval to oblong tubers,"Rich, buttery flavor with dense, creamy texture","Baking, mashing, roasting, frying. Excellent for gourmet preparations and winter storage.",true,false,2,11,"Moderate disease resistance, typical of heirloom varieties","Colorado potato beetle, aphids, potato tuberworm","Late blight, early blight, potato scab",ncstate,https://plants.windrivergreens.com/root-vegetable/german-butterball-potato
631,root-vegetable,Scarlet Queen Turnip,scarlet-queen-turnip,Brassica rapa,"Scarlet Queen is a heirloom turnip variety prized for its stunning deep red to crimson skin that stands out in the garden and kitchen. Maturing in just 37 days, this quick-growing root vegetable produces tender, globe-shaped roots with crisp white flesh. Unlike many turnips, Scarlet Queen delivers a distinctly sweet, mild flavor without bitter notes, making it excellent for both raw consumption in salads and cooked preparations. The vibrant skin color provides visual appeal while the tender texture remains consistent even when harvested at larger sizes. An easy-to-grow heirloom suitable for gardeners of all skill levels.",37,4-7,3 feet,3-4 inches,Full sun to partial shade (4-8 hours),High — consistent moisture needed,"Well-drained, fertile soil with good organic matter",6.0-7.0,Easy,true,Warm season annual,Direct seed in early spring 2-3 weeks before last frost or in late summer for fall harvest. Thin seedlings to proper spacing.,Bright red skin with white flesh,"8-10""","Round, globe-shaped roots","Sweet, mild turnip flavor without bitterness, crisp texture","Fresh eating, salads, roasting, braising, pickling. Greens are also edible and nutritious.",true,false,5,9,Good resistance to clubroot and turnip mosaic virus,"Flea beetles, aphids, root maggots, cabbage worms","Clubroot, black rot, downy mildew",usda+johnnys,https://plants.windrivergreens.com/root-vegetable/scarlet-queen-turnip
632,root-vegetable,Purple Carrot Cosmic Purple,purple-carrot-cosmic-purple,Daucus carota 'Cosmic Purple',A stunning heirloom carrot that brings vibrant color to your garden and plate with its deep purple exterior and bright orange core. This eye-catching variety delivers excellent sweet flavor while providing powerful antioxidants from its rich purple pigmentation. Perfect for gardeners who want to grow something truly unique that will amaze friends and family.,70-80,14-21,,"2-3 inches apart, rows 12-18 inches apart",Full sun to partial shade (4-6+ hours),"1 inch per week, consistent moisture","Deep, loose, sandy loam free of stones",6.0-6.8,Easy to Moderate,true,Cool season,Direct sow seeds 2-3 weeks before last frost. Sow 1/4 inch deep and thin seedlings when 2 inches tall.,Deep purple exterior with bright orange core,"7-9 inches long, 1-1.5 inches diameter","Tapered cylindrical, classic carrot shape","Sweet and crisp with classic carrot flavor, slightly spicier than orange varieties","Fresh eating, roasting, juicing, colorful salads, pickles. Loses some color when cooked.",true,false,4,11,"Good general disease resistance, moderate carrot fly resistance","Carrot rust fly, wireworms, cutworms","Alternaria leaf blight, bacterial soft rot, cavity spot",ncstate,https://plants.windrivergreens.com/root-vegetable/purple-carrot-cosmic-purple
633,root-vegetable,Kennebec Potato,kennebec-potato,Solanum tuberosum 'Kennebec',"The ultimate all-purpose potato that excels at everything from fluffy baked potatoes to crispy French fries, making it a favorite among home gardeners and commercial growers alike. This reliable variety produces excellent yields of smooth, white-skinned potatoes with outstanding storage qualities. Known for its disease resistance and adaptability, Kennebec is perfect for gardeners seeking a dependable, versatile potato variety.",80-100,14-28,12-24 inches,"12-15 inches apart, rows 30-36 inches apart",Full sun (6+ hours),"1-2 inches per week, avoid overwatering near harvest","Well-drained, loose, fertile soil with good organic matter",5.0-6.5,Easy,true,Cool to warm season,"Plant seed potatoes 4 inches deep, 2 weeks before last frost. Hill soil around plants as they grow.","Light tan to white skin, white flesh","3-5 inches long, medium to large","Oval to oblong, uniform shape","Mild, classic potato flavor with fluffy, dry texture when cooked","Excellent for baking, frying, mashing, roasting. Perfect for French fries and chips.",false,false,2,11,"Excellent resistance to late blight, good scab resistance, moderate virus resistance","Colorado potato beetle, aphids, wireworms, flea beetles","Early blight, blackleg, common scab (mild)",ncstate,https://plants.windrivergreens.com/root-vegetable/kennebec-potato
634,root-vegetable,Black Spanish Round Radish,black-spanish-round-radish,Raphanus sativus 'Black Spanish Round',"An ancient heirloom winter radish prized for its striking black skin and crisp white flesh that delivers a bold, peppery punch perfect for adding excitement to winter meals. This hardy storage radish can be kept for months in proper conditions, making it invaluable for extending the harvest season. With its unique appearance and intense flavor, it's a conversation starter that brings old-world character to modern gardens.",55-65,4-10,0-3 feet,"4-6 inches apart, rows 12 inches apart",Full sun to partial shade,"1 inch per week, consistent moisture","Well-drained, loose soil with good organic matter",6.0-7.0,Easy,true,"Cool season, fall planting preferred","Direct sow seeds 1/2 inch deep in late summer for fall harvest, 10-12 weeks before hard frost.","Black exterior skin, pure white flesh","3-4 inches diameter, round","Perfect globe shape, turnip-like","Very pungent and spicy, much hotter than spring radishes, with a sharp bite","Excellent for pickling, winter soups, stir-fries, eaten raw in thin slices. Traditional in Spanish and German cuisine.",true,false,2,11,"Good resistance to clubroot, moderate resistance to black rot","Flea beetles, cabbage root maggot, aphids","Clubroot, black rot, white rust",ncstate,https://plants.windrivergreens.com/root-vegetable/black-spanish-round-radish
636,root-vegetable,Touchon Carrot,touchon-carrot,Daucus carota 'Touchon',"A beloved French heirloom carrot renowned for its exceptional sweetness and crisp texture, often considered one of the best-tasting carrots available to home gardeners. This variety produces perfectly straight, smooth roots with little to no core, making every bite tender and flavorful. Touchon's reliable performance and gourmet quality have made it a favorite among gardeners who prioritize flavor over size.",65-75,14-21,,"2-3 inches apart, rows 12-18 inches apart",Full sun to partial shade (4-6+ hours),"1 inch per week, consistent moisture","Deep, loose, sandy loam free of stones and debris",6.0-6.8,Easy,true,Cool season,"Direct sow seeds 1/4 inch deep, 2-3 weeks before last frost. Successive plantings every 2-3 weeks.",Bright orange throughout,"6-7 inches long, 1.5 inches diameter","Cylindrical, blunt-ended Nantes type, very straight and smooth","Exceptionally sweet with crisp texture, virtually coreless, tender throughout","Perfect for fresh eating, juicing, cooking. Excellent for baby carrots when harvested young.",true,false,4,11,"Good general disease resistance, some tolerance to alternaria leaf blight","Carrot rust fly, wireworms, aphids","Alternaria leaf blight, bacterial soft rot, aster yellows",ncstate,https://plants.windrivergreens.com/root-vegetable/touchon-carrot
637,brassica,Calabrese Broccoli,calabrese-broccoli,Brassica oleracea var. italica 'Calabrese',"The classic Italian heirloom that gave us the broccoli we know today, originating from the Calabria region. This traditional variety produces medium-sized blue-green heads with excellent flavor and reliable side shoot production after the main head is harvested. A must-grow for gardeners seeking authentic Italian flavor and continuous harvests.",60-90,5-10,10-24 inches,12-18 inches,Full sun to partial shade (4-6+ hours),"1-1.5 inches per week, consistent moisture","Rich, well-drained soil with high organic matter",6.0-7.0,Easy,true,Cool season,Start indoors 6-8 weeks before last frost or direct sow in late summer for fall harvest. Transplant 2-3 weeks before last frost.,Blue-green to dark green,4-6 inches diameter,"Dense, dome-shaped central head with tight florets","Classic broccoli flavor, sweet and nutty with slight bitterness","Steaming, roasting, stir-fries, raw in salads, blanching and freezing",true,false,6,9,Moderate resistance to clubroot and black rot,"Cabbage worms, aphids, flea beetles, cabbage loopers","Clubroot, black rot, downy mildew, bacterial soft rot",ncstate,https://plants.windrivergreens.com/brassica/calabrese-broccoli
639,brassica,Dwarf Blue Curled Kale,dwarf-blue-curled-kale,Brassica oleracea var. acephala 'Dwarf Blue Curled',"A compact heirloom kale variety dating back to the 1860s, prized for its intensely curled blue-green leaves and sweet flavor that improves with frost. This space-saving variety is perfect for small gardens and containers while still providing abundant harvests of tender, flavorful leaves. The attractive, heavily ruffled foliage also makes it an excellent ornamental edible.",55-75,5-10,10-24 inches,8-12 inches,Full sun to partial shade (4-6+ hours),"1 inch per week, consistent moisture","Rich, well-drained soil with high organic matter",6.0-7.5,Easy,true,Cool season,Start indoors 6-8 weeks before last frost or direct sow in late summer for fall harvest. Transplant 2-4 weeks before last frost.,Blue-green with purple tinges in cold weather,4-6 inches per leaf,"Heavily curled and ruffled leaves, compact rosette","Sweet and mild, becoming sweeter after frost exposure","Salads (young leaves), sautéing, soups, smoothies, chips, braising",true,false,6,9,"Good cold tolerance, moderate disease resistance","Cabbage worms, aphids, flea beetles, cabbage loopers","Clubroot, black rot, downy mildew",ncstate,https://plants.windrivergreens.com/brassica/dwarf-blue-curled-kale
642,brassica,Dinosaur Kale,dinosaur-kale,Lagenaria siceraria,"Dinosaur Kale is a heirloom Brassica featuring distinctive bumpy, deeply textured dark green leaves that resemble dinosaur skin—the source of its charming name. Maturing in 125 days under full sun, this variety stands out for its remarkably sweet, nutty flavor with significantly less bitterness than curly kale varieties, making it exceptionally palatable both raw and cooked. The tender leaves are ideal for salads, smoothies, and sautéed dishes. Thriving in rich, well-drained soil amended with organic matter, Dinosaur Kale is an easy-to-grow variety perfect for both beginners and experienced gardeners.",125,7-10,9-18 inches,12-18 inches,Full sun (6+ hours),"1-1.5 inches per week, consistent moisture","Rich, well-drained soil with plenty of organic matter",6.0-7.0,Easy,true,Warm season annual,"Direct seed 2-4 weeks before last spring frost or start indoors 4-6 weeks before transplanting. For fall harvest, sow 12-14 weeks before first fall frost.",Dark blue-green with prominent white veins,10-12 lb.,"Long, narrow, strap-like leaves with heavily textured surface","Sweet, nutty flavor with less bitterness than curly kale varieties","Excellent for sautéing, braising, soups, salads (massage raw leaves), smoothies, and traditional Italian dishes",true,false,2,11,Good resistance to bolting and frost damage. Moderate resistance to common brassica diseases.,"Cabbage worms, aphids, flea beetles, cabbage loopers","Clubroot, black rot, downy mildew, white rust",ncstate+johnnys,https://plants.windrivergreens.com/brassica/dinosaur-kale
643,brassica,Copenhagen Market Cabbage,copenhagen-market-cabbage,Brassica oleracea var. capitata 'Copenhagen Market',"A classic early-maturing cabbage that's been a gardener favorite since 1909, prized for its reliability and compact growth habit. This Danish heirloom produces perfectly round, solid heads with crisp, sweet leaves that are ideal for fresh eating or quick cooking. Its ability to mature quickly while maintaining excellent quality makes it perfect for successive plantings.",65-75,7-12,10-24 inches,12-15 inches,Full sun to partial shade (4-6+ hours),"1-1.5 inches per week, consistent moisture especially during head formation","Rich, fertile, well-drained soil with high organic content",6.0-6.8,Moderate,true,Cool season,"Start indoors 6-8 weeks before last spring frost. Transplant when 4-6 inches tall. For fall crop, direct seed or transplant 12-14 weeks before hard frost.",Light to medium green outer leaves with pale green interior,"4-6 pounds, 6-8 inches diameter","Perfectly round, compact, solid heads","Crisp texture with sweet, mild cabbage flavor","Excellent for coleslaw, salads, stir-fries, stuffed cabbage, and light cooking. Good fresh storage variety.",true,false,6,9,Good resistance to splitting and bolting. Moderate disease resistance typical of heirlooms.,"Cabbage worms, cutworms, aphids, flea beetles, cabbage root maggots","Clubroot, black rot, fusarium yellows, downy mildew",ncstate,https://plants.windrivergreens.com/brassica/copenhagen-market-cabbage
645,brassica,Waltham 29 Broccoli,waltham-29-broccoli,Brassica oleracea var. italica 'Waltham 29',"Developed at the University of Massachusetts, this cold-hardy broccoli variety was specifically bred to extend the growing season well into winter in northern climates. It produces medium-sized, deep blue-green heads followed by an abundance of tender side shoots that can be harvested for weeks. This reliable performer is perfect for gardeners wanting fresh broccoli through the fall and early winter months.",65-74,7-14,10-24 inches,18-24 inches,Full sun to partial shade (4-6+ hours),"1-1.5 inches per week, consistent moisture especially during head development","Rich, well-drained soil with high organic matter content",6.0-7.0,Moderate,true,Cool season,"Start indoors 6-8 weeks before last spring frost for spring crop. For fall harvest, start seeds indoors in mid-summer, 12-14 weeks before hard frost.","Deep blue-green heads with tight, compact florets","4-6 inch diameter heads, 1-2 pounds","Compact, dome-shaped central head with numerous side shoots","Sweet, nutty flavor with excellent texture and minimal bitterness","Excellent for steaming, roasting, stir-frying, and raw in salads. Both main heads and side shoots are delicious.",true,false,6,9,Good cold tolerance and resistance to bolting. Moderate resistance to common broccoli diseases.,"Cabbage worms, aphids, flea beetles, cabbage loopers","Clubroot, black rot, downy mildew, alternaria leaf spot",ncstate,https://plants.windrivergreens.com/brassica/waltham-29-broccoli
647,brassica,Burpee Hybrid Broccoli,burpee-hybrid-broccoli,Brassica oleracea var. italica 'Burpee Hybrid',"A reliable hybrid broccoli that produces large, tight heads with excellent uniformity and heat tolerance. This variety is prized for its ability to produce substantial side shoots after the main head is harvested, extending the harvest season significantly.",70-80,5-10,10-24 inches,12-18 inches,Full sun to partial shade (4-6+ hours),"1-1.5 inches per week, consistent moisture","Rich, well-drained soil with high organic matter",6.0-7.0,Moderate,true,Cool season,"Start indoors 6-8 weeks before last frost or direct sow 2-3 weeks before last frost. For fall harvest, start 12-14 weeks before first fall frost.",Deep blue-green,6-8 inch diameter heads,"Large, tight, dome-shaped heads with fine beads","Mild, sweet broccoli flavor with tender stems","Steaming, stir-frying, roasting, raw in salads, freezing",false,true,6,9,Good resistance to downy mildew and black rot,"Cabbage worms, aphids, flea beetles, cabbage loopers","Clubroot, black rot, downy mildew",ncstate,https://plants.windrivergreens.com/brassica/burpee-hybrid-broccoli
648,brassica,Winterbor Kale,winterbor-kale,Brassica oleracea,"Plants are tall, with excellent yield and good cold hardiness. The ruffled blue-green leaves have an attractive curl. Vigorous, productive plants.",60,7-14,10-24 inches,12-15 inches,Full sun to partial shade (4-6+ hours),"1 inch per week, drought tolerant once established","Well-drained, fertile soil with good organic content",6.0-7.5,Easy,true,Warm season annual,"Direct sow 10-12 weeks before first fall frost, or start indoors and transplant. Can also be sown in early spring 4-6 weeks before last frost.",Blue-green with purple tinting in cold weather,8-12 inch leaves,Deeply curled and ruffled leaves,"Sweet, mild kale flavor, especially sweet after frost","Salads, smoothies, sautéing, soups, kale chips, braising",false,true,6,9,"Excellent cold tolerance, resistant to bolting","Cabbage worms, aphids, flea beetles","Black rot, clubroot, downy mildew",ncstate+johnnys,https://plants.windrivergreens.com/brassica/winterbor-kale
649,brassica,Early Flat Dutch Cabbage,early-flat-dutch-cabbage,Brassica oleracea var. capitata 'Early Flat Dutch',"A classic heirloom cabbage dating back to the 1840s, prized for its large, flattened heads that can weigh 10-15 pounds. This reliable variety produces solid, sweet heads with excellent storage qualities and is perfect for making sauerkraut or coleslaw.",100-110,7-12,10-24 inches,18-24 inches,Full sun to partial shade (4-6+ hours),"1-1.5 inches per week, consistent moisture important","Rich, well-drained, fertile soil with high organic matter",6.0-6.8,Moderate,false,Cool season,"Start indoors 6-8 weeks before last spring frost for summer harvest, or 12-14 weeks before first fall frost for fall harvest.","Light to medium green outer leaves, pale green interior","10-15 pounds, 8-10 inch diameter","Large, flattened, drum-shaped heads","Sweet, mild cabbage flavor with tender texture","Coleslaw, sauerkraut, stuffed cabbage, soups, braising, fresh eating",true,false,6,9,"Moderate disease resistance, good storage qualities","Cabbage worms, aphids, flea beetles, cabbage root maggots","Clubroot, black rot, fusarium yellows",ncstate,https://plants.windrivergreens.com/brassica/early-flat-dutch-cabbage
655,brassica,Cabbage 'Stonehead',cabbage-stonehead,Brassica oleracea capitata 'Stonehead',"An award-winning hybrid that produces perfectly round, compact heads with exceptional storage quality. This reliable variety forms dense, 3-4 pound heads that resist splitting and maintain their quality in the garden longer than most cabbages. Stonehead's consistent performance and excellent flavor make it a top choice for home gardeners seeking reliability.",70-80,5-10,10-24 inches,12-18 inches,Full sun to partial shade (4-6+ hours),"1-1.5 inches per week, consistent moisture","Rich, well-drained soil with plenty of organic matter",6.0-6.8,Moderate,true,Cool season,Start indoors 6-8 weeks before last frost for spring crop. Direct sow or transplant for fall crop 12-14 weeks before first hard frost.,Blue-green outer leaves with pale green interior,"6-8 inches diameter, 3-4 pounds","Perfectly round, compact, dense heads","Sweet, mild cabbage flavor with crisp, tender texture","Coleslaw, sauerkraut, stir-fries, soups, steaming, raw salads, storage",false,true,6,9,Good resistance to splitting and yellows disease,"Cabbage worms, aphids, flea beetles, cutworms, cabbage root maggot","Clubroot, black rot, fusarium yellows, downy mildew",ncstate,https://plants.windrivergreens.com/brassica/cabbage-stonehead
657,brassica,Green Goliath Broccoli,green-goliath-broccoli,Brassica oleracea var. italica 'Green Goliath',"A hybrid powerhouse that produces massive 6-8 inch heads on sturdy plants that tower over other broccoli varieties. Green Goliath lives up to its name with exceptional heat tolerance and the ability to produce substantial side shoots after the main head is harvested, extending your harvest season significantly.",55-65,5-10,10-24 inches,18-24 inches,Full sun to partial shade (4-6+ hours),"1-1.5 inches per week, consistent moisture","Rich, well-drained soil with plenty of organic matter",6.0-7.0,Easy,false,Cool season,"Start indoors 6-8 weeks before last frost or direct sow 2-3 weeks before last frost. For fall crop, start 12-14 weeks before first fall frost.",Deep blue-green,6-8 inches diameter,"Large, tight, dome-shaped heads with fine beads","Sweet, mild, and tender with no bitterness","Steaming, stir-frying, roasting, fresh eating, freezing well for later use",false,true,6,9,Good resistance to clubroot and downy mildew,"Cabbage worms, aphids, flea beetles, cabbage loopers","Black rot, clubroot, downy mildew, white rust",ncstate,https://plants.windrivergreens.com/brassica/green-goliath-broccoli
658,brassica,Red Acre Cabbage,red-acre-cabbage,Brassica oleracea var. capitata 'Red Acre',"An early-maturing red cabbage that forms compact, baseball-sized heads perfect for small families and succession planting. This reliable variety produces gorgeous deep purple-red heads that hold their color beautifully when cooked and adds stunning visual appeal to any garden or plate.",76-80,5-10,10-24 inches,12-15 inches,Full sun to partial shade (4-6+ hours),"1-1.5 inches per week, consistent moisture","Rich, well-drained soil with good organic content",6.0-6.8,Easy,true,Cool season,"Start indoors 6-8 weeks before last frost or direct sow 2-3 weeks before last frost. For fall crop, start 12-14 weeks before first fall frost.",Deep purple-red,"3-4 pounds, 6-7 inches diameter","Round, compact, tightly wrapped heads","Mild, sweet flavor with tender, crisp texture","Coleslaw, sauerkraut, braising, pickling, fresh salads, cooking retains beautiful color",true,false,6,9,Good resistance to splitting and yellows,"Cabbage worms, aphids, flea beetles, cabbage root maggots","Black rot, clubroot, fusarium yellows, downy mildew",ncstate,https://plants.windrivergreens.com/brassica/red-acre-cabbage
659,brassica,Vates Dwarf Blue Curled Kale,vates-dwarf-blue-curled-kale,Brassica oleracea var. acephala 'Vates Dwarf Blue Curled',"A compact, cold-hardy kale variety that was specifically bred for both home gardens and commercial production, winning an AAS award for its reliability. The tightly curled, blue-green leaves pack incredible nutrition into a space-saving plant that actually improves in flavor after frost touches the leaves.",55-60,7-10,10-24 inches,8-12 inches,Full sun to partial shade (4-6+ hours),"1 inch per week, consistent moisture","Well-drained soil, tolerates poor soils better than most brassicas",6.0-7.5,Easy,true,Cool season,"Direct sow 2-4 weeks before last frost for spring crop. For fall crop, sow 10-12 weeks before first fall frost.",Blue-green with purple tints,6-8 inch leaves,"Deeply curled and ruffled leaves, compact rosette form","Mild, sweet flavor that becomes sweeter after frost exposure","Smoothies, sautéing, kale chips, soups, salads when young and tender",true,false,6,9,"Excellent cold tolerance, good resistance to bolting","Aphids, cabbage worms, flea beetles","Black rot, downy mildew, white rust",ncstate,https://plants.windrivergreens.com/brassica/vates-dwarf-blue-curled-kale
662,brassica,Purple Sprouting Broccoli 'Early Purple Sprouting',purple-sprouting-broccoli-early-purple-sprouting,Brassica oleracea var. italica 'Early Purple Sprouting',"A stunning heirloom variety that produces abundant purple flower heads over an extended harvest period. Unlike regular broccoli, this cold-hardy gem overwinters and provides fresh spears when little else is growing in the garden. The purple heads turn green when cooked and offer a sweet, nutty flavor that's considered superior to regular broccoli.",220-240,7-10,10-24 inches,18-24 inches,Full sun to partial shade (4-6+ hours),"1-1.5 inches per week, consistent moisture","Rich, well-drained soil with plenty of organic matter",6.0-7.0,Moderate,true,Cool season,Start seeds indoors in late spring or direct sow in early summer for overwintering harvest. Plant out in midsummer.,Deep purple heads that turn green when cooked,"Small to medium heads, 2-4 inches across","Loose, sprouting clusters rather than tight heads","Sweet, nutty, and tender with less bitterness than regular broccoli","Steam, stir-fry, roast, or eat raw. Excellent in pasta dishes and grain bowls. Entire stem and leaves are edible.",true,false,6,9,"Good resistance to cold weather diseases, moderate clubroot tolerance","Cabbage worms, aphids, flea beetles, cabbage root fly","Clubroot, downy mildew, black rot, white rust",ncstate,https://plants.windrivergreens.com/brassica/purple-sprouting-broccoli-early-purple-sprouting
663,brassica,Cabbage 'Red Express',cabbage-red-express,Brassica oleracea var. capitata 'Red Express',"A compact, early-maturing hybrid that produces perfectly round, deep red-purple heads in just 76 days. This space-saving variety is ideal for small gardens and containers while delivering the crisp texture and peppery-sweet flavor that makes red cabbage a kitchen favorite. The uniform heads resist splitting and store exceptionally well.",76-80,5-10,10-24 inches,12-15 inches,Full sun to partial shade (4-6+ hours),"1-1.5 inches per week, consistent moisture","Rich, well-drained soil with good organic content",6.0-6.8,Easy,true,Cool season,Start indoors 6-8 weeks before last frost or direct sow 2-3 weeks before last frost date. Can succession plant for fall harvest.,Deep red-purple throughout,"2-4 pounds, compact heads","Round, tight, uniform heads","Crisp and crunchy with mild peppery-sweet flavor, less bitter than green cabbage","Perfect for coleslaw, braising, pickling, and fermentation. Adds color to stir-fries and salads. Excellent for sauerkraut.",false,true,6,9,Good resistance to fusarium yellows and black rot,"Cabbage worms, cutworms, aphids, flea beetles","Clubroot, black leg, downy mildew, white rust",ncstate,https://plants.windrivergreens.com/brassica/cabbage-red-express
664,brassica,Kale 'Winterbor F1',kale-winterbor-f1,Brassica oleracea var. acephala 'Winterbor F1',"The ultimate winter kale that actually improves in flavor after frost exposure, becoming sweeter and more tender. This vigorous hybrid produces masses of deeply curled, blue-green leaves that can withstand temperatures down to 10°F while continuing to grow. It's the go-to variety for gardeners wanting fresh greens throughout winter.",60-65,7-10,10-24 inches,12-18 inches,Full sun to partial shade (4-6+ hours),"1-1.5 inches per week, drought tolerant once established","Well-drained soil, tolerates poor soils better than most brassicas",6.0-7.5,Easy,true,Cool season,"Direct sow or transplant from early spring through late summer. For winter harvest, plant 10-12 weeks before first hard frost.",Blue-green with purple stems in cold weather,"Large leaves, 8-12 inches long",Deeply curled and ruffled leaves,"Sweet and mild, especially after frost. Less bitter than many kale varieties.","Excellent for smoothies, soups, chips, sautéing, and salads when massaged. Perfect for winter stews and braises.",false,true,6,9,"Excellent cold tolerance, good resistance to downy mildew","Cabbage worms, aphids, flea beetles, leaf miners","Downy mildew, black rot, white rust, clubroot",ncstate,https://plants.windrivergreens.com/brassica/kale-winterbor-f1
687,allium,Ailsa Craig Sweet Onion,ailsa-craig-sweet-onion,Allium cepa 'Ailsa Craig',"A legendary exhibition onion variety from Scotland that can grow to enormous sizes while maintaining sweet, mild flavor. This pale yellow globe onion is famous for winning competitions and producing bulbs that can weigh 2-3 pounds when grown with proper care. Despite its impressive size, Ailsa Craig maintains excellent eating quality and stores reasonably well.",110-120,7-14,12-18 inches,4-6 inches,Full sun (6+ hours),"1 inch per week, consistent moisture during bulb development","Rich, well-drained loam with high organic content",6.0-7.0,Moderate to challenging,false,Cool season,Start seeds indoors 10-12 weeks before last frost. Transplant when soil can be worked and plants are pencil-thick.,Pale yellow to golden skin with white flesh,"4-6 inches diameter, 1-3 pounds","Large globe, slightly flattened",Sweet and mild with low sulfur content,"Excellent for fresh eating, salads, sandwiches, light cooking. Too mild for strong flavoring applications.",true,false,5,10,Moderate resistance to pink root and fusarium basal rot,"Onion maggot, thrips, aphids, cutworms","Downy mildew, purple blotch, neck rot, pink root",ncstate,https://plants.windrivergreens.com/allium/ailsa-craig-sweet-onion
688,allium,Red Burgundy Onion,red-burgundy-onion,Allium cepa 'Red Burgundy',"A stunning deep red storage onion that combines beautiful color with excellent keeping qualities and robust flavor. The dark burgundy skin and purple-tinged white flesh make this variety as ornamental as it is functional in the kitchen. Red Burgundy stores for 6-8 months when properly cured, making it ideal for gardeners who want year-round homegrown onions.",100-110,7-14,12-18 inches,4-5 inches,Full sun (6+ hours),"1 inch per week, reduce watering 3 weeks before harvest","Well-drained sandy loam, avoid heavy clay",6.0-6.8,Easy to moderate,true,Cool season,Direct sow in early spring or start indoors 8-10 weeks before transplanting. Plant sets in early spring.,Deep burgundy red skin with purple-tinged white flesh,2.5-3.5 inches diameter,Round to slightly flattened globe,"Sharp, pungent flavor that mellows when cooked","Excellent for cooking, grilling, pickling, and fresh use. Beautiful in salads and as garnish.",true,false,5,10,Good resistance to pink root and fusarium basal rot,"Onion thrips, onion maggot, aphids","Downy mildew, purple blotch, bacterial soft rot",ncstate,https://plants.windrivergreens.com/allium/red-burgundy-onion
689,allium,Elephant Garlic,elephant-garlic,Allium ampeloprasum,"Despite its name, Elephant Garlic is actually more closely related to leeks than true garlic, producing massive bulbs that can weigh up to one pound each. The flavor is much milder and sweeter than regular garlic, making it perfect for roasting whole or for those who want garlic flavor without the bite. Each enormous clove can be as large as a regular garlic bulb.",240-270,14-30,3-4 feet,8-10 inches,Full sun (6+ hours),"1 inch per week during active growth, stop watering when leaves begin to yellow","Well-drained, fertile soil with good organic content",6.0-7.0,Easy,true,Plant in fall for summer harvest,"Plant cloves 4-6 inches deep in fall, 4-6 weeks before ground freezes. Pointed end up, blunt end down.",White to cream colored bulbs and cloves,"3-5 inch diameter bulbs, individual cloves 1-2 inches",Large round bulbs with 4-6 huge cloves,"Mild, sweet garlic flavor, much less pungent than regular garlic","Excellent roasted whole, grilled, or used fresh. Perfect for those who find regular garlic too strong.",true,false,5,10,"Generally disease resistant, more robust than regular garlic","Aphids, thrips, onion maggot","White rot, fusarium basal rot, rust",ncstate,https://plants.windrivergreens.com/allium/elephant-garlic
692,allium,Yellow Granex Onion,yellow-granex-onion,Allium cepa 'Yellow Granex',"The authentic sweet onion that made Georgia's Vidalia region famous, Yellow Granex produces large, globe-shaped bulbs with exceptionally mild, sweet flavor. These golden beauties are so gentle they can be eaten like apples when grown in the right conditions. Perfect for gardeners wanting to grow their own version of premium sweet onions.",110-120,7-12,12-18 inches,4-6 inches,Full sun (6+ hours),"1 inch per week, consistent moisture","Well-drained, fertile soil with high organic matter",6.0-7.0,Easy,true,Cool season,"Start seeds indoors 10-12 weeks before last frost, or plant sets/transplants in early spring when soil is workable.",Golden yellow skin with white flesh,3-4 inches diameter,"Globe-shaped, slightly flattened",Exceptionally sweet and mild with very little sulfur bite,"Perfect for fresh eating, grilling, caramelizing, and salads. Not suitable for long-term storage.",false,true,5,10,Good resistance to pink root and fusarium basal rot,"Onion thrips, onion maggots, cutworms","Downy mildew, purple blotch, neck rot",ncstate,https://plants.windrivergreens.com/allium/yellow-granex-onion
693,allium,Copra Onion,copra-onion,Allium cepa 'Copra',"The gold standard for long-storage onions, Copra delivers outstanding keeping quality with bulbs storing 8-12 months when properly cured. This reliable variety produces uniform, dense bulbs with excellent flavor that intensifies during storage. A must-have for gardeners seeking year-round onion self-sufficiency.",104-110,7-14,12-18 inches,4-6 inches,Full sun (6+ hours),"1 inch per week, reduce before harvest","Well-drained, fertile soil with good organic content",6.2-6.8,Easy,true,Cool season,Start seeds indoors 10-12 weeks before last frost or direct sow in early spring. Plant sets in early spring.,Golden brown skin with white flesh,3-4 inches diameter,Globe-shaped with excellent density,"Sharp, pungent flavor that mellows when cooked","Excellent for cooking, soups, stews, and general kitchen use. Outstanding storage variety.",false,true,5,10,Good resistance to pink root and fusarium basal rot,"Onion thrips, onion maggots, wireworms","Downy mildew, purple blotch, bacterial soft rot",ncstate,https://plants.windrivergreens.com/allium/copra-onion
694,allium,Purple de Lautrec Shallot,purple-de-lautrec-shallot,Allium cepa var. aggregatum 'Purple de Lautrec',"A prestigious French heirloom shallot with protected designation of origin status, prized by chefs worldwide for its complex, wine-like flavor. The elongated bulbs have beautiful purple-tinged skin and develop multiple cloves with incomparable taste. This is the shallot that elevates French cuisine to culinary art.",90-110,14-21,12-18 inches,6-8 inches,Full sun (6+ hours),"1 inch per week, well-drained","Rich, well-drained soil with excellent organic matter",6.0-7.0,Moderate,true,Cool season,Plant bulbs in fall in mild climates or early spring in cold areas. Each bulb multiplies into 4-8 new bulbs.,Purple-bronze skin with white flesh tinged pink,"2-3 inches long, elongated",Elongated torpedo shape with multiple cloves,"Complex, refined flavor with wine-like notes and gentle pungency","Premium ingredient for French cuisine, vinaigrettes, sauces, and gourmet cooking. Excellent for pickling.",true,false,5,10,Moderate resistance to common allium diseases,"Onion thrips, onion fly larvae, slugs","White rot, downy mildew, rust",ncstate,https://plants.windrivergreens.com/allium/purple-de-lautrec-shallot
695,allium,Spanish Roja Garlic,spanish-roja-garlic,Allium sativum var. ophioscorodon 'Spanish Roja',"A legendary hardneck garlic variety brought to the Pacific Northwest by Spanish immigrants, Spanish Roja offers full-bodied flavor with a satisfying heat that doesn't overpower. Known for its beautiful purple-striped bulb wrappers and reliable performance in cold climates. This is the garlic that made Spokane famous among garlic enthusiasts.",240-270,21-30,12-18 inches,6 inches,Full sun (6+ hours),"1 inch per week, stop watering 2 weeks before harvest","Well-drained, loose soil rich in organic matter",6.0-7.0,Easy,false,"Plant fall, harvest midsummer","Plant individual cloves 2 inches deep in fall, 4-6 weeks before ground freezes. Requires cold vernalization.",Purple-striped bulb wrappers with cream-colored cloves,"2-2.5 inches diameter, 8-12 cloves per bulb",Flattened globe shape with prominent central stalk,"Rich, full-bodied flavor with moderate heat and complex undertones","Excellent for roasting, general cooking, and making garlic powder. Stores 4-6 months when properly cured.",true,false,4,9,Good resistance to white rot and fusarium,"Onion thrips, bulb mites, nematodes","White rot, rust, basal rot",ncstate,https://plants.windrivergreens.com/allium/spanish-roja-garlic
696,allium,Red Burgundy Shallot,red-burgundy-shallot,Allium cepa var. aggregatum 'Red Burgundy',A striking shallot variety with deep burgundy-red skin that adds both flavor and visual appeal to the garden and kitchen. These prolific multipliers produce clusters of medium-sized bulbs with excellent storage qualities and a perfect balance of onion sweetness and garlic complexity. A favorite among home gardeners for its reliability and gourmet appeal.,90-110,14-21,12-18 inches,6-8 inches,Full sun (6+ hours),"1 inch per week, consistent moisture","Well-drained, fertile soil with good organic content",6.0-7.0,Easy,true,Cool season,Plant bulbs in early spring when soil is workable. Each bulb multiplies into 4-8 new bulbs by harvest time.,Deep burgundy-red skin with white flesh,1.5-2.5 inches diameter,"Teardrop to round shape, clustered growth","Mild onion flavor with subtle garlic notes, less sharp than regular onions","Excellent for sautéing, salad dressings, gourmet cooking, and pickling. Stores well for 6-8 months.",false,false,5,10,Good general disease resistance,"Onion thrips, onion maggots, aphids","White rot, downy mildew, purple blotch",ncstate,https://plants.windrivergreens.com/allium/red-burgundy-shallot
697,allium,Walla Walla Sweet Onion,walla-walla-sweet-onion,Allium cepa,"Juicy, sweet, regional favorite. In the Northwest, which has normal low winter temperatures above -10&deg;F (-23&deg;C), seed is sown in late August, and a crop of very large, flattened, ultra-mild onions is harvested early the next summer. SPRING PLANTING: Walla Walla may be spring planted using seeds or plants in colder regions where winter survival is hit or miss. It is not as big or sweet as the wintered-over crop, but still milder and juicier than others from spring planting. Nice as a ""green top"" onion. Not for storage. Adaptation: 35-55&deg; latitude. Also offered organic, and as plants.",125-140,10-15,12-18 inches,4-6 inches,Full sun (6+ hours),"1 inch per week, consistent moisture","Well-drained, fertile soil with high organic matter",6.0-7.0,Moderate,true,Warm season annual,Start seeds indoors 10-12 weeks before last frost. Transplant when soil can be worked in spring. Can also plant sets in early spring.,Golden yellow exterior with white flesh,"4-6 inches diameter, 8-16 oz","Large, flattened globe shape",Exceptionally sweet and mild with low sulfur content,"Fresh eating, salads, grilling, roasting, caramelizing. Not suitable for long-term storage.",true,false,5,10,Moderate resistance to pink root and fusarium basal rot,"Onion thrips, onion maggots, cutworms","Pink root, fusarium basal rot, downy mildew, purple blotch",ncstate+johnnys,https://plants.windrivergreens.com/allium/walla-walla-sweet-onion
698,allium,Red Wing Storage Onion,red-wing-storage-onion,Allium cepa 'Red Wing',"A premium red storage onion that combines excellent keeping quality with bold flavor and stunning deep red color. These perfectly round bulbs store for 8-10 months when properly cured, making them ideal for gardeners who want homegrown onions year-round. The firm texture and sharp flavor make them perfect for cooking.",110-120,8-12,12-18 inches,4-6 inches,Full sun (6+ hours),"1 inch per week, reduce watering 3 weeks before harvest",Well-drained loamy soil with good fertility,6.0-7.0,Easy to Moderate,true,Cool season,Start seeds indoors 8-10 weeks before last frost or direct sow in early spring. Plant sets 2-3 weeks before last frost date.,Deep red-purple exterior with white flesh tinged red,"3-4 inches diameter, 6-10 oz","Round, globe-shaped with tight outer scales","Sharp, pungent flavor that mellows when cooked","Excellent for cooking, roasting, and caramelizing. Good for fresh use. Superior storage onion.",false,true,5,10,Good resistance to pink root and fusarium basal rot,"Onion thrips, onion maggots, wireworms","Pink root, neck rot, downy mildew, bacterial soft rot",ncstate,https://plants.windrivergreens.com/allium/red-wing-storage-onion
700,allium,Common Chives,common-chives,Allium schoenoprasum,"Common Chives (Allium schoenoprasum) are a classic perennial herb featuring slender, tubular green leaves that grow in dense clumps and reach 12-18 inches tall. Delicate purple-pink pompom flowers appear in spring, adding ornamental appeal. Ready to harvest at 75-85 days from seed, though established plants provide year-round cutting. This hardy heirloom offers mild, delicate onion flavor with subtle sharpness, making it ideal for finishing dishes, garnishing soups, and creaming into sauces. Unlike stronger alliums, chives complement rather than overpower. Extremely cold-hardy and low-maintenance.",75-85,10-14,12-18 inches,6-8 inches,Full sun to partial shade (4-6+ hours),"Moderate, drought tolerant once established","Well-drained soil, tolerates poor soils",6.0-7.0,Easy,true,Perennial,Start seeds indoors 8-10 weeks before last frost or direct sow in spring. Divide clumps every 3-4 years.,Bright green hollow leaves with purple flowers,"1/8 inch diameter leaves, 8-12 inches tall","Thin, hollow, cylindrical leaves growing in clumps","Mild, delicate onion flavor with a slight sharpness","Fresh garnish, in salads, soups, egg dishes, herb butter. Flowers are edible and decorative.",true,false,4,8,Excellent disease resistance,"Aphids, thrips (rarely problematic)","Very disease resistant, occasional rust in humid conditions",ncstate+johnnys,https://plants.windrivergreens.com/allium/common-chives
701,allium,Inchelium Red Softneck Garlic,inchelium-red-softneck-garlic,Allium sativum var. sativum 'Inchelium Red',"An award-winning heirloom softneck garlic from Washington state that's perfect for beginners and delivers exceptional flavor. These large, plump bulbs store for up to 10 months and offer a rich, full-bodied garlic taste that's not overpowering. The most reliable garlic variety for gardeners in warmer climates where hardnecks struggle.",240-270,14-21 (sprouting),12-18 inches,4-6 inches,Full sun (6+ hours),"1 inch per week, stop watering 2 weeks before harvest","Well-drained, fertile loamy soil with good organic matter",6.0-7.0,Easy to Moderate,false,Fall planted for summer harvest,"Plant cloves pointed end up in fall, 4-6 weeks before hard frost. Plant 2 inches deep in mild climates, 4 inches in cold areas.",White bulbs with pink to red clove skins,"2-3 inches diameter, 12-20 cloves per bulb",Flattened globe shape with multiple layers of cloves,"Rich, full-bodied garlic flavor that's robust but not harsh","Excellent for roasting, cooking, and fresh use. Makes superior garlic powder when dried.",true,false,4,9,Good resistance to white rot and fusarium basal rot,"Onion thrips, bulb mites, nematodes","White rot, fusarium basal rot, rust, purple blotch",ncstate,https://plants.windrivergreens.com/allium/inchelium-red-softneck-garlic
719,berry,Anne Golden Raspberry,anne-golden-raspberry,Rubus idaeus 'Anne',"A stunning everbearing yellow raspberry that produces sweet, honey-flavored berries from summer through fall. This primocane variety offers the unique appeal of golden-yellow fruit that's less attractive to birds while delivering exceptional sweetness and a delicate, almost tropical flavor. Anne's thornless canes and compact growth habit make it ideal for small gardens and containers.",,21-28 days from seed,6 feet,2-3 feet apart,Full sun to partial shade (4-6+ hours),Low — drought tolerant,"Well-drained, fertile soil with good organic content",6.0-6.8,Easy to moderate,true,Spring,Plant bare root canes in early spring or container plants spring through fall. Set at same depth as previously grown.,Golden yellow to pale orange,"Medium to large, similar to red raspberries",Classic aggregate raspberry shape,"Very sweet with honey notes, less tart than red varieties","Exceptional fresh eating, fruit salads, dessert garnish, jams, and gentle baking applications.",false,true,4,8,Good general disease resistance,"Raspberry fruitworm, aphids, spider mites (less bird damage than red varieties)","Cane blight, powdery mildew, root rot in wet conditions",usda+ncstate,https://plants.windrivergreens.com/berry/anne-golden-raspberry
725,berry,Fall Gold Everbearing Raspberry,fall-gold-everbearing-raspberry,Rubus idaeus 'Fall Gold',"A unique yellow-fruited everbearing raspberry that produces sweet, mild berries on current-year canes. This thornless variety offers two harvests per year and exceptional cold hardiness. The golden berries are less acidic than red varieties, making them perfect for fresh eating and creating stunning dessert presentations.",75-85,Not applicable (grown from canes),6 feet,2-3 feet,Full sun to partial shade (4-6+ hours),Low — drought tolerant,"Well-drained, fertile soil with organic matter",5.6-6.8,Easy,true,Spring,Plant dormant canes in early spring. Space in rows or hills with support system.,Golden yellow when ripe,Medium to large berries,Typical raspberry aggregate shape,"Sweet and mild with low acidity, delicate raspberry flavor","Fresh eating, fruit salads, dessert garnish, jams, baking",false,true,4,8,Good resistance to common raspberry diseases,"Raspberry cane borer, aphids, spider mites","Cane blight, anthracnose, powdery mildew",usda+ncstate,https://plants.windrivergreens.com/berry/fall-gold-everbearing-raspberry
728,berry,Boyne Red Raspberry,boyne-red-raspberry,Rubus idaeus 'Boyne',"An exceptionally hardy red raspberry developed in Manitoba, Canada, capable of surviving temperatures down to -40°F without winter protection. This early-ripening variety produces medium-sized, bright red berries with excellent flavor and remarkable productivity despite its compact size. Boyne is perfect for northern gardeners who thought raspberries were impossible to grow in their climate.",,14-21 days from seed,6 feet,18-24 inches,Full sun to partial shade (4-6+ hours),Low — drought tolerant,"Well-drained, fertile loam with good organic content",6.0-6.8,Easy,true,Spring,Plant bare root canes in early spring or fall. Space in rows with good air circulation.,Bright red,"Medium, 1/2 inch long",Classic raspberry cone shape,Sweet-tart with intense raspberry flavor,"Fresh eating, jams, jellies, baking, freezing, desserts",false,true,4,8,Good resistance to common raspberry diseases,"Raspberry cane borer, aphids, spider mites, birds","Cane blight, anthracnose, root rot",usda+ncstate,https://plants.windrivergreens.com/berry/boyne-red-raspberry
734,berry,Caroline Red Raspberry,caroline-red-raspberry,Rubus idaeus 'Caroline',"A premium everbearing red raspberry that produces two crops per year - a summer harvest on second-year canes and a heavy fall crop on first-year canes. Known for exceptional fruit quality with large, firm berries that have outstanding flavor and excellent shelf life. This disease-resistant variety thrives in hot climates better than most raspberries, making it perfect for challenging growing conditions.",,14-28 days from seed (typically grown from canes),6 feet,2-3 feet apart,Full sun to partial shade (4-6+ hours),Low — drought tolerant,"Well-drained, fertile soil with organic matter",5.8-6.8,Moderate,true,Spring,Plant bare-root canes in early spring or container plants spring through fall. Plant at same depth as previously grown.,Bright red,"Large, elongated","Conical, well-formed","Sweet-tart balance with intense raspberry flavor, aromatic","Fresh eating, baking, jams, freezing, desserts",false,true,4,8,Excellent resistance to root rot and cane diseases,"Raspberry cane borer, aphids, spider mites, birds","Anthracnose, gray mold, powdery mildew",usda+ncstate,https://plants.windrivergreens.com/berry/caroline-red-raspberry
739,berry,Royalty Purple Raspberry,royalty-purple-raspberry,Rubus idaeus 'Royalty',"A stunning purple raspberry variety that combines the best traits of red and black raspberries, producing large, sweet-tart berries with a unique wine-like flavor. Developed at Cornell University, this vigorous grower produces heavy yields on strong, self-supporting canes. The deep purple fruit is perfect for fresh eating and makes spectacular jams with incredible color.",70-80,Not applicable (grown from canes),6 feet,3-4 feet,Full sun to partial shade (4-6+ hours),Low — drought tolerant,"Well-drained, fertile soil with good organic content",6.0-7.0,Moderate,true,Spring,"Plant bare-root canes in early spring. Self-pollinating, no cross-pollination required.",Deep purple-red,"Large, similar to red raspberries",Typical raspberry aggregate shape,Sweet-tart with complex wine-like notes and rich flavor,"Fresh eating, jams, jellies, baking, wine making, desserts",false,true,4,8,Good resistance to mosaic virus and root rot,"Raspberry cane borer, aphids, spider mites, Japanese beetles","Cane blight, anthracnose, powdery mildew, gray mold",usda+ncstate,https://plants.windrivergreens.com/berry/royalty-purple-raspberry
747,pea,Sugar Daddy,sugar-daddy,Pisum sativum 'Sugar Daddy',"A stringless snap pea that delivers exceptional sweetness and crunch without the hassle of removing tough strings. This compact variety produces plump, tender pods that are perfect for eating fresh or adding to stir-fries. Sugar Daddy is beloved by gardeners for its reliable production and kid-friendly appeal.",72-74,7-14,12-18 inches,4-6 inches,Full sun to partial shade (4-6+ hours),"1 inch per week, consistent moisture","Well-drained, fertile soil with good organic matter",6.0-7.0,Easy,true,Cool season,"Direct sow 2-4 weeks before last frost date. Plant seeds 1-2 inches deep in cool, moist soil.",Bright green pods,3-4 inches long,"Plump, rounded snap pea pods","Very sweet and crisp with tender, edible pods","Fresh eating, salads, stir-fries, steaming, raw snacking. Entire pod is edible.",false,true,2,11,Good resistance to powdery mildew and pea enation mosaic virus,"Aphids, pea weevils, thrips, cutworms","Root rot, downy mildew, fusarium wilt, bacterial blight",ncstate,https://plants.windrivergreens.com/pea/sugar-daddy
748,pea,Maestro,maestro,Pisum sativum 'Maestro',"A premium shelling pea that produces exceptionally large, sweet peas in abundant clusters. This vigorous variety is prized by gardeners for its outstanding flavor and impressive yields that make all the shelling effort worthwhile. Maestro consistently ranks among the best-tasting garden peas available.",61-65,7-10,12-18 inches,3-4 inches,Full sun to partial shade (4-6+ hours),"1-1.5 inches per week, especially during flowering","Rich, well-drained soil with good organic content",6.0-7.5,Easy to Moderate,true,Cool season,Direct sow 4-6 weeks before last frost. Plant 1.5 inches deep in rows or blocks for support.,Medium green pods with bright green peas inside,4-5 inch pods with 8-11 large peas each,"Long, well-filled pods with plump round peas",Exceptionally sweet with rich pea flavor and tender texture,"Fresh eating, cooking, freezing, soups, side dishes. Remove peas from pods before eating.",false,true,2,11,"Excellent resistance to fusarium wilt race 1, good powdery mildew resistance","Aphids, pea moths, leaf miners, slugs","Downy mildew, root rot, pea enation mosaic virus, ascochyta blight",ncstate,https://plants.windrivergreens.com/pea/maestro
749,pea,Blue Podded Blauwschokker,blue-podded-blauwschokker,Pisum sativum 'Blauwschokker',"A stunning Dutch heirloom that produces vibrant purple pods and bright magenta flowers, making it as ornamental as it is edible. This unique variety has been treasured since the 1800s for its striking appearance and excellent flavor as both a snow pea and dried pea. The purple pods turn green when cooked, creating a delightful culinary surprise.",70-80,10-14,12-18 inches,4-6 inches,Full sun to partial shade (4-6+ hours),"1 inch per week, consistent moisture throughout growing season","Well-drained, fertile soil with good organic matter",6.2-7.0,Moderate,false,Cool season,Direct sow 2-4 weeks before last frost. Provide tall support structures for climbing growth.,Deep purple pods with magenta flowers,3-4 inch pods,Flat snow pea style pods,"Sweet and tender when young, nutty and starchy when mature","Young pods as snow peas, mature peas for shelling, dried peas for soups. Edible flowers for garnish.",true,false,2,11,Moderate disease resistance typical of heirloom varieties,"Aphids, pea weevils, birds attracted to flowers, spider mites","Powdery mildew, root rot, pea enation mosaic virus, downy mildew",ncstate,https://plants.windrivergreens.com/pea/blue-podded-blauwschokker
750,pea,Super Sugar Snap,super-sugar-snap,Pisum sativum,"A disease-resistant version of the beloved Sugar Snap with more manageable 60"" vines. Early yields are heavier over a shorter period. Not quite as sweet as the original. Pods avg. 3"" long with 1 or 2 per node. Remove string from pods before cooking. Needs trellising.",61,7-12,12-18 inches,4-6 inches,Full sun to partial shade (4-6+ hours),"1-1.5 inches per week, especially during pod development","Rich, well-drained soil with plenty of organic matter",6.0-7.2,Easy to Moderate,false,Warm season annual,Direct sow 2-4 weeks before last frost. Requires sturdy 6-8 foot trellising for climbing support.,Bright green pods with visible pea bumps,"60""","Thick, succulent snap pea pods",Exceptionally sweet and crunchy with tender edible pods,"Fresh eating, salads, stir-frying, steaming, raw snacking. Entire pod and peas are edible.",true,false,2,11,Powdery Mildew (Intermediate),"Aphids, pea moths, leaf miners, birds","Root rot, downy mildew, fusarium wilt, bacterial blight",johnnys,https://plants.windrivergreens.com/pea/super-sugar-snap
751,pea,Provider,provider,Pisum sativum 'Provider',"Provider is a classic heirloom snap pea variety that reaches maturity in approximately 50 days. This easy-to-grow cultivar produces tender, sweet peas with the authentic garden pea flavor that home gardeners prize. Provider peas are known for their reliable production and disease resistance, making them an excellent choice for beginners. The plants yield abundant crops of crisp, flavorful pods ideal for fresh eating, cooking, or freezing. This heirloom variety thrives in full sun with well-drained, fertile soil enriched with organic matter.",50,7-10,18-24 inches,3-4 inches,Full sun (6+ hours),"1 inch per week, consistent moisture for best pod fill","Well-drained, fertile soil with good organic content",6.0-7.0,Easy,true,Warm season annual,Direct sow 4-6 weeks before last frost. Plant 1-2 inches deep in cool soil. No support needed.,Medium green pods,"5 1/2""",Bush,Sweet and tender with classic garden pea flavor,"Fresh eating, cooking, freezing, canning. Shell peas from pods before eating.",true,false,2,11,One or more races of Bean Mosaic Virus (High); Powdery Mildew (High),"Aphids, pea weevils, cutworms, slugs","Powdery mildew, root rot, pea enation mosaic virus, downy mildew",ncstate+johnnys,https://plants.windrivergreens.com/pea/provider
752,pea,Sugar Baron,sugar-baron,Pisum sativum 'Sugar Baron',"A premium snap pea variety that produces exceptionally sweet, tender pods with thick, succulent walls. This vigorous climbing variety delivers outstanding yields of perfectly crisp pods that are delicious raw or lightly cooked. Sugar Baron's consistent performance and exceptional flavor make it a top choice for gardeners who want the ultimate snap pea experience.",58-65,7-14,12-18 inches,3-4 inches,Full sun to partial shade (4-6+ hours),"1 inch per week, consistent moisture during pod development","Well-drained, fertile soil rich in organic matter",6.0-7.0,Easy,false,Cool season,Direct sow 2-4 weeks before last frost date. Plant seeds 2 inches deep. Provide tall support structure.,Bright green pods,3-4 inch pods,"Plump, rounded snap pea pods","Exceptionally sweet and crisp with tender, edible pods","Fresh eating, stir-fries, salads, light steaming, crudité platters",false,true,2,11,Good resistance to powdery mildew and pea enation mosaic virus,"Aphids, pea weevils, thrips, cutworms","Powdery mildew, fusarium wilt, root rot, downy mildew",ncstate,https://plants.windrivergreens.com/pea/sugar-baron
753,pea,Tall Telephone,tall-telephone,Pisum sativum 'Tall Telephone',"A classic heirloom shelling pea from the 1880s that remains beloved for its exceptional productivity and sweet flavor. This tall-growing variety produces an abundance of large pods filled with 8-10 tender, sweet peas that are perfect for fresh eating or freezing. Tall Telephone is the variety that made generations of gardeners fall in love with homegrown peas.",68-75,10-14,12-18 inches,2-3 inches,Full sun to partial shade (4-6+ hours),"1-1.5 inches per week, especially during flowering and pod filling","Rich, well-drained loamy soil with good organic content",6.0-7.5,Easy to moderate,false,Cool season,"Direct sow 2-4 weeks before last spring frost. Plant 2 inches deep. Requires tall, sturdy support structure.",Medium green pods with bright green peas,4-5 inch pods,"Long, straight pods well-filled with large round peas","Sweet, tender peas with classic garden pea flavor","Fresh shelling, freezing, soups, side dishes, pea salad",true,false,2,11,Moderate resistance to common pea diseases,"Aphids, pea weevils, leafminers, birds","Powdery mildew, fusarium wilt, bacterial blight, damping off",ncstate,https://plants.windrivergreens.com/pea/tall-telephone
754,pea,Knight,knight,Pisum sativum 'Knight',"Knight is a classic heirloom pea variety prized for its sweet, tender pods and excellent fresh flavor. Maturing in 90-100 days, it produces vigorous plants that thrive in full sun and well-drained soil. The variety is valued by home gardeners for its outstanding taste straight from the garden and reliability across various soil types. Knight peas are highly susceptible to common pests including aphids, thrips, and pea leaf weevils, requiring attentive monitoring during the growing season. This easy-to-grow heirloom remains a favorite for fresh eating and traditional pea production.",90-100,7-12,2-3 feet,2-3 inches,Full sun (6+ hours),"1 inch per week, moderate water needs","Well-drained garden soil, tolerates various soil types",6.0-7.0,Easy,true,Warm season annual,Direct sow 2-3 weeks before last frost. Plant 1.5 inches deep. Requires minimal support due to compact growth.,Medium green pods and peas,"1 1/2-2 1/2""","Straight, well-filled pods with 6-8 round peas",Sweet and tender with excellent fresh pea flavor,"Fresh eating, freezing, quick cooking, children's gardens",true,false,4,11,Good resistance to fusarium wilt and powdery mildew,"Aphids, thrips, pea leaf weevil","Root rot, bacterial blight, downy mildew",ncstate+johnnys,https://plants.windrivergreens.com/pea/knight
755,pea,Snowbird,snowbird,Pisum sativum var. saccharatum 'Snowbird',"A beautiful snow pea variety with pure white flowers that develop into tender, flat pods perfect for stir-fries and fresh eating. This compact climbing variety is not only productive but also ornamental, making it perfect for edible landscapes or gardeners who want both beauty and bounty. Snowbird's crisp texture and sweet flavor make it a favorite for Asian cuisine and fresh snacking.",60-65,8-14,12-18 inches,3-4 inches,Full sun to partial shade (4-6+ hours),"1 inch per week, consistent moisture for tender pods","Well-drained, fertile soil with good organic matter",6.0-7.0,Easy,true,Cool season,Direct sow 2-4 weeks before last frost date. Plant 2 inches deep. Provide support structure for climbing.,Light green flat pods with white flowers,3-4 inch flat pods,"Flat, wide snow pea pods with small developing peas","Crisp and sweet with tender, completely edible pods","Stir-fries, fresh eating, salads, steaming, Asian dishes",false,true,2,11,Good resistance to pea enation mosaic virus and powdery mildew,"Aphids, spider mites, pea weevils","Powdery mildew, fusarium wilt, root rot",ncstate,https://plants.windrivergreens.com/pea/snowbird
756,pea,Mr. Big,mr-big,Pisum sativum 'Mr. Big',"A dwarf variety that lives up to its name with exceptionally large pods packed with plump, sweet peas despite its compact 18-inch height. This bush-type pea is perfect for small gardens and containers, producing impressive yields without the need for staking or trellising. Mr. Big proves that great things really do come in small packages, delivering full-sized flavor in a space-saving plant.",60-65,7-12,12-18 inches,4-6 inches,Full sun to partial shade (4-6+ hours),1-1.5 inches per week during pod development,"Well-drained, moderately fertile garden soil",6.0-7.0,Easy,true,Cool season,"Direct sow 2-3 weeks before last frost. Plant 1.5 inches deep. No support needed due to dwarf, bushy growth habit.",Dark green pods with bright green peas,4-5 inch pods,"Large, plump pods with 8-9 large round peas","Sweet, tender peas with excellent flavor concentration","Fresh shelling, freezing, steaming, side dishes, pea soup",false,true,2,11,Good resistance to fusarium wilt and common pea mosaic virus,"Aphids, pea weevils, leafminers","Powdery mildew, root rot, bacterial blight",ncstate,https://plants.windrivergreens.com/pea/mr-big
757,pea,Laxton's Progress No. 1,laxton-s-progress-no-1,Pisum sativum 'Laxton's Progress No. 1',"A classic English heirloom shelling pea dating back to the 1920s, beloved for its exceptional productivity and sweet flavor. This dwarf variety produces plump pods filled with tender, bright green peas that are perfect for fresh eating or freezing. Despite its compact size, it delivers impressive yields and has been a home garden favorite for nearly a century.",60-65,7-14,12-18 inches,4-6 inches,Full sun to partial shade (4-6+ hours),"1 inch per week, consistent moisture during flowering and pod development","Well-drained, fertile soil with good organic matter",6.0-7.0,Easy,true,Cool season,Direct sow 2-4 weeks before last frost when soil can be worked. Sow seeds 1-2 inches deep.,Bright green pods and peas,3-4 inch pods with 7-9 peas each,"Straight, plump pods with rounded peas","Sweet, tender, and mild with classic pea flavor","Fresh eating, freezing, soups, stews, side dishes, purees",true,false,2,11,Good resistance to fusarium wilt,"Aphids, pea weevil, thrips, slugs","Powdery mildew, root rot, bacterial blight",ncstate,https://plants.windrivergreens.com/pea/laxton-s-progress-no-1
758,pea,Survivor,survivor,Pisum sativum 'Survivor',"A remarkable heat-tolerant pea variety that extends the growing season well into summer when other peas have long given up. Developed for its ability to withstand challenging conditions, Survivor produces sweet, tender snap peas even in warm weather. This vigorous climber is perfect for gardeners who want fresh peas throughout the summer months.",70-75,7-14,12-18 inches,4-6 inches,Full sun to partial shade (4-6+ hours),"1-1.5 inches per week, extra water during hot weather","Well-drained, fertile soil with good moisture retention",6.0-7.5,Moderate,false,Cool to warm season,Direct sow in early spring and again in mid-summer. Sow seeds 1-2 inches deep. Requires trellising.,Medium green pods,3-4 inch pods,Flat snap pea pods with visible peas inside,"Sweet and crisp with tender, edible pods","Fresh eating, stir-fries, salads, steaming, raw snacking",false,true,2,11,"Excellent heat tolerance, good disease resistance","Aphids, pea weevil, spider mites in hot weather","Powdery mildew, root rot",ncstate,https://plants.windrivergreens.com/pea/survivor
759,pea,Tom Thumb,tom-thumb,Pisum sativum 'Tom Thumb',"The ultimate space-saving pea variety, Tom Thumb grows just 8-10 inches tall yet produces a surprising abundance of sweet, tender peas. This Victorian-era heirloom is perfect for container gardens, small spaces, and children's gardens. Despite its tiny stature, it delivers full-sized flavor and requires no staking or trellising.",50-55,7-14,12-18 inches,3-4 inches,Full sun to partial shade (4-6+ hours),"0.5-1 inch per week, avoid overwatering","Well-drained, moderately fertile soil",6.0-7.0,Easy,true,Cool season,Direct sow 4 weeks before last frost. Sow seeds 1 inch deep. No support needed.,Bright green pods and peas,2-3 inch pods with 4-6 peas each,"Small, plump pods with round peas",Sweet and tender with concentrated pea flavor,"Fresh eating, garnishes, children's snacks, container gardening",true,false,2,11,"Moderate disease resistance, less prone to soil-borne issues due to short stature","Aphids, slugs, birds",Powdery mildew in humid conditions,ncstate,https://plants.windrivergreens.com/pea/tom-thumb
760,pea,Snap Pea 'Cascadia',snap-pea-cascadia,Pisum sativum 'Cascadia',"An award-winning snap pea variety that combines exceptional disease resistance with outstanding flavor and productivity. Developed specifically for home gardeners, Cascadia produces crisp, sweet pods that are perfect for fresh eating and maintain their quality longer than most varieties. This reliable performer thrives in Pacific Northwest conditions but adapts well to gardens everywhere.",60-70,7-14,12-18 inches,4-6 inches,Full sun to partial shade (4-6+ hours),"1 inch per week, consistent moisture preferred","Well-drained, fertile soil rich in organic matter",6.0-7.0,Easy,true,Cool season,Direct sow 2-4 weeks before last frost. Sow seeds 1-2 inches deep. Provide support for climbing.,Bright green pods,4-5 inch pods,"Plump, straight snap pea pods","Very sweet and crisp with tender, completely edible pods","Fresh eating, stir-fries, salads, steaming, raw snacking, lunch boxes",false,true,2,11,Excellent resistance to powdery mildew and pea enation mosaic virus,"Aphids, pea weevil, thrips",Root rot in waterlogged conditions,ncstate,https://plants.windrivergreens.com/pea/snap-pea-cascadia
761,pea,Purple Podded,purple-podded,Pisum sativum 'Purple Podded',"A stunning ornamental edible that produces beautiful deep purple pods filled with bright green peas, creating a striking contrast in the garden. This heritage variety from the 1800s not only looks amazing but also delivers excellent flavor and productivity. The purple pods make harvesting easy since they stand out dramatically against the green foliage, though they turn green when cooked.",65-70,7-14,12-18 inches,4-6 inches,Full sun to partial shade (4-6+ hours),"1 inch per week, regular moisture during pod development","Well-drained, fertile soil with good organic content",6.0-7.0,Easy to Moderate,false,Cool season,Direct sow 3-4 weeks before last frost. Sow seeds 1-2 inches deep. Requires tall support structure.,Deep purple pods with bright green peas inside,3-4 inch pods with 6-8 peas each,Curved purple pods with round green peas,"Sweet, tender peas with classic flavor; pods are edible when young","Fresh eating, ornamental garnish, children's gardens, unique salad ingredient",true,false,2,11,Good general disease resistance typical of heritage varieties,"Aphids, pea weevil, birds attracted to colorful pods","Powdery mildew, fusarium wilt",ncstate,https://plants.windrivergreens.com/pea/purple-podded
762,melon,Cantaloupe Burpee Hybrid,cantaloupe-burpee-hybrid,Cucumis melo var. cantalupensis 'Burpee Hybrid',"A reliable hybrid cantaloupe that delivers consistent, sweet melons with classic orange flesh and excellent disease resistance. This variety produces medium-sized fruits with exceptional flavor and aroma, making it a favorite among home gardeners who want dependable results. The vigorous vines are productive and handle various growing conditions better than many heirloom varieties.",80-90,7-10,6-9 feet,36-60 inches,Full sun (6+ hours),"1-2 inches per week, reduce at ripening","Well-drained, fertile sandy loam rich in organic matter",6.0-6.8,Easy,false,Warm season,Direct sow after soil reaches 65°F or start indoors 3-4 weeks before last frost. Transplant carefully to avoid root disturbance.,Tan-beige netted rind with bright orange flesh,3-4 pounds,Round to slightly oval with prominent netting,"Sweet, aromatic, and juicy with classic cantaloupe flavor","Fresh eating, fruit salads, smoothies, desserts, prosciutto wraps",false,true,2,11,Good resistance to fusarium wilt and powdery mildew,"Cucumber beetles, aphids, squash bugs, spider mites","Bacterial wilt, downy mildew, anthracnose, alternaria leaf blight",ncstate,https://plants.windrivergreens.com/melon/cantaloupe-burpee-hybrid
763,melon,Casaba Golden Beauty,casaba-golden-beauty,Cucumis melo var. inodorus 'Golden Beauty',"An heirloom winter melon with bright yellow, wrinkled rind and sweet, creamy white flesh that stores exceptionally well. This unique variety ripens late in the season and actually improves in flavor during storage, making it perfect for extending the melon season into fall and winter. The distinctive appearance and honey-sweet flavor make it a conversation starter in any garden.",110-120,8-12,6-9 feet,48-72 inches,Full sun (6+ hours),"1-2 inches per week, consistent moisture throughout growth","Well-drained, fertile loam with high organic content",6.2-7.0,Moderate,false,Warm season,"Direct sow when soil is 70°F or start indoors 4 weeks before last frost. Needs long, warm growing season.",Bright golden yellow rind with creamy white flesh,5-7 pounds,"Large oval with deeply wrinkled, ridged rind","Sweet and mild with honey-like flavor and crisp, juicy texture","Fresh eating, fruit salads, pickling the rind, winter storage fruit",true,false,2,11,Moderate resistance to common melon diseases,"Cucumber beetles, squash vine borers, aphids, thrips","Powdery mildew, downy mildew, bacterial wilt, fusarium wilt",ncstate,https://plants.windrivergreens.com/melon/casaba-golden-beauty
764,melon,Watermelon Picnic,watermelon-picnic,Citrullus lanatus 'Picnic',"A classic large watermelon variety that produces the traditional big, round melons perfect for family gatherings and summer picnics. These impressive fruits can reach 15-20 pounds with deep red, sweet flesh and the classic striped green rind that everyone recognizes. The vigorous vines are productive and reliable, delivering that perfect summer watermelon experience.",85-95,7-10,4-8 inches,72-96 inches,Full sun (6+ hours),"1-2 inches per week, deep watering preferred",Well-drained sandy loam with plenty of organic matter,6.0-6.8,Moderate,false,Warm season,"Direct sow when soil reaches 70°F or start indoors 3-4 weeks before transplanting. Needs long, hot growing season.","Light green rind with dark green stripes, deep red flesh",15-20 pounds,Large round to slightly oval,"Sweet, juicy, and refreshing with classic watermelon flavor","Fresh eating, juice, agua fresca, fruit salads, rind preserves",false,true,4,11,Good resistance to fusarium wilt and anthracnose,"Cucumber beetles, aphids, squash bugs, cutworms","Bacterial fruit blotch, gummy stem blight, powdery mildew, downy mildew",ncstate,https://plants.windrivergreens.com/melon/watermelon-picnic
765,melon,Sprite Melon,sprite-melon,Cucumis melo var. inodorus 'Sprite',"A compact, early-maturing melon perfect for northern gardens and small spaces, producing cream-colored fruits about the size of a softball. This Japanese variety offers incredibly sweet, crisp flesh with a unique texture that's almost like a cross between a melon and an Asian pear. The small vines and quick maturity make it ideal for gardeners with short seasons or limited space.",75-80,6-10,6-9 feet,24-36 inches,Full sun (6+ hours),"1 inch per week, consistent moisture","Well-drained, fertile soil with good organic content",6.0-7.0,Easy,true,Warm season,Direct sow when soil is 65°F or start indoors 3-4 weeks before last frost. Good for succession planting.,Cream to pale yellow smooth rind with white flesh,1-2 pounds,Small round to slightly oval,Very sweet and crisp with subtle floral notes and refreshing texture,"Fresh eating, fruit salads, garnishes, cocktail ingredient, Asian cuisine",false,true,2,11,Good overall disease resistance for early variety,"Aphids, cucumber beetles, spider mites, flea beetles","Powdery mildew, bacterial wilt, alternaria leaf spot",ncstate,https://plants.windrivergreens.com/melon/sprite-melon
766,melon,Banana Melon,banana-melon,Cucumis melo var. inodorus 'Banana',"An unusual heirloom melon that looks exactly like a giant banana with its elongated yellow shape and smooth skin. This conversation-starting variety produces sweet, salmon-pink flesh with a delicate flavor reminiscent of both cantaloupe and honeydew. The novelty appearance combined with excellent taste makes it a hit at farmers markets and a unique addition to any home garden.",90-100,8-12,6-9 feet,48-60 inches,Full sun (6+ hours),"1-2 inches per week, reduce near harvest","Well-drained, fertile sandy loam with organic amendments",6.2-6.8,Moderate,false,Warm season,Direct sow when soil reaches 70°F or start indoors 3-4 weeks before transplanting. Handle seedlings carefully.,Bright yellow smooth rind with salmon-pink flesh,3-5 pounds,"Long and curved like a large banana, 16-18 inches long",Sweet and mild with delicate flavor between cantaloupe and honeydew,"Fresh eating, fruit platters, novelty displays, farmers market sales, photography",true,false,2,11,Moderate resistance typical of heirloom varieties,"Cucumber beetles, squash bugs, aphids, vine borers","Fusarium wilt, powdery mildew, bacterial wilt, downy mildew",ncstate,https://plants.windrivergreens.com/melon/banana-melon
767,melon,Cantaloup Charentais,cantaloup-charentais,Cucumis melo var. cantalupensis 'Charentais',"The original French cantaloupe that inspired countless imitations, prized for its incredibly aromatic orange flesh and perfect balance of sweetness and musky flavor. These small, perfectly portioned melons develop deep suture lines when ripe and fill the garden with their intoxicating fragrance. A true gourmet experience that puts grocery store cantaloupes to shame.",80-90,4-10,6-9 feet,36-48 inches,Full sun (6+ hours),"1-2 inches per week, reduce before harvest","Well-drained, fertile sandy loam with good organic matter",6.0-7.0,Moderate to difficult,false,Warm season,Direct sow after soil reaches 65°F or start indoors 2-3 weeks before last frost. Handle transplants carefully.,Gray-green exterior with orange flesh,2-3 pounds,Round to slightly oval with prominent suture lines,Intensely sweet and aromatic with complex musky notes,"Fresh eating, fruit salads, desserts, pairs excellently with prosciutto",true,false,2,11,"Moderate resistance to powdery mildew, susceptible to bacterial wilt","Cucumber beetles, aphids, spider mites, squash bugs","Powdery mildew, downy mildew, bacterial wilt, fusarium wilt",ncstate,https://plants.windrivergreens.com/melon/cantaloup-charentais
768,melon,Burpee Ambrosia Hybrid Cantaloupe,burpee-ambrosia-hybrid-cantaloupe,Cucumis melo var. cantalupensis 'Ambrosia',"An All-America Selections winner renowned for its exceptional sweetness and disease resistance, making it perfect for home gardeners seeking reliable production. The thick, salmon-orange flesh maintains its quality longer than most varieties, while the heavy netting and consistent size make it as beautiful as it is delicious. This hybrid combines old-fashioned flavor with modern reliability.",86-90,5-10,6-9 feet,36-48 inches,Full sun (6+ hours),"1-1.5 inches per week, consistent moisture","Well-drained, fertile loam with good organic content",6.0-7.5,Easy to moderate,false,Warm season,Direct sow when soil reaches 70°F or start indoors 3-4 weeks before transplanting. Transplant after all frost danger.,"Tan with heavy netting, salmon-orange flesh",4-5 pounds,Round to slightly oval,"Very sweet with rich, aromatic cantaloupe flavor","Fresh eating, fruit salads, smoothies, desserts, breakfast bowls",false,true,2,11,Excellent resistance to fusarium wilt and powdery mildew,"Cucumber beetles, aphids, squash vine borers, thrips","Downy mildew, bacterial wilt, alternaria leaf spot",ncstate,https://plants.windrivergreens.com/melon/burpee-ambrosia-hybrid-cantaloupe
769,melon,Hearts of Gold Cantaloupe,hearts-of-gold-cantaloupe,Cucumis melo var. cantalupensis 'Hearts of Gold',"A treasured heirloom variety from the 1890s that earned its name from the heart-shaped cavity filled with golden-orange flesh of exceptional quality. This compact variety is perfect for smaller gardens and shorter seasons, producing consistently sweet melons with that old-fashioned cantaloupe flavor gardeners remember from childhood. Its reliability and disease resistance have kept it popular for over a century.",70-80,4-8,6-9 feet,24-36 inches,Full sun (6+ hours),"1-1.5 inches per week, deep but infrequent watering",Well-drained sandy loam with good fertility,6.0-7.0,Easy,true,Warm season,Direct sow when soil temperature reaches 65°F or start indoors 2-3 weeks before last frost date.,"Golden-yellow with light netting, orange flesh",2-3 pounds,"Round to slightly oval, compact",Sweet with classic cantaloupe flavor and aromatic finish,"Fresh eating, individual servings, fruit cups, breakfast dishes",true,false,2,11,Good resistance to rust and powdery mildew for an heirloom,"Cucumber beetles, aphids, spider mites, striped cucumber beetle","Bacterial wilt, downy mildew, alternaria leaf blight",ncstate,https://plants.windrivergreens.com/melon/hearts-of-gold-cantaloupe
771,melon,Orange Honeydew Melon,orange-honeydew-melon,Cucumis melo var. inodorus 'Orange Honeydew',"A stunning variation of the classic honeydew that combines the smooth, sweet texture you love with gorgeous salmon-orange flesh that's rich in beta-carotene. This variety offers the best of both worlds - the mild, refreshing honeydew flavor with the nutritional benefits and visual appeal of orange-fleshed melons. The smooth, cream-colored rind makes it easy to identify when ripe.",85-95,5-10,6-9 feet,48-60 inches,Full sun (6+ hours),"1-2 inches per week, consistent moisture","Well-drained, fertile loam with good organic matter",6.0-7.5,Moderate,false,Warm season,Direct sow when soil temperature reaches 70°F or start indoors 3-4 weeks before last frost for transplanting.,"Cream to pale yellow exterior, salmon-orange flesh",4-6 pounds,Round to oval,"Sweet and mild with honeydew characteristics, slightly richer than traditional honeydew","Fresh eating, fruit salads, smoothies, sorbets, melon platters",false,true,2,11,Moderate resistance to powdery mildew and fusarium wilt,"Aphids, cucumber beetles, spider mites, melon aphid","Powdery mildew, downy mildew, bacterial wilt, alternaria leaf spot",ncstate,https://plants.windrivergreens.com/melon/orange-honeydew-melon
772,melon,Cantaloupe Minnesota Midget,cantaloupe-minnesota-midget,Cucumis melo var. cantalupensis 'Minnesota Midget',"A compact cantaloupe perfect for northern gardens and small spaces, developed at the University of Minnesota. This early-maturing variety produces sweet, orange-fleshed fruits on short vines that can even be grown in containers. Despite its small size, the flavor rivals full-sized cantaloupes with excellent sweetness and aroma.",60-70,4-10,6-9 feet,18-24 inches,Full sun (6+ hours),"1-1.5 inches per week, reduce near harvest","Well-drained, fertile sandy loam with good organic content",6.0-7.0,Easy,true,Warm season,"Direct sow after soil reaches 65°F, or start indoors 2-3 weeks before last frost. Transplant carefully to avoid root disturbance.",Tan-netted skin with bright orange flesh,"4 inches diameter, 1-2 lbs","Round to slightly oval, well-netted",Sweet and aromatic with classic cantaloupe flavor,"Fresh eating, fruit salads, breakfast dishes, individual serving size",true,false,2,11,Some resistance to powdery mildew,"Cucumber beetles, aphids, squash bugs, spider mites","Powdery mildew, downy mildew, bacterial wilt, anthracnose",ncstate,https://plants.windrivergreens.com/melon/cantaloupe-minnesota-midget
773,melon,Watermelon Crimson Sweet,watermelon-crimson-sweet,Citrullus lanatus 'Crimson Sweet',"The gold standard watermelon that has dominated home gardens for decades with its perfect balance of reliability and flavor. This variety produces large, round fruits with distinctive light and dark green stripes and incredibly sweet, deep red flesh. Crimson Sweet is beloved for its consistent performance, disease resistance, and classic watermelon taste that defines summer.",80-100,4-12,4-8 inches,36-60 inches,Full sun (6+ hours),"1-2 inches per week, deep watering","Well-drained sandy loam, rich in organic matter",6.0-7.0,Moderate,false,Warm season,"Direct sow when soil temperature reaches 70°F, or start indoors 2-3 weeks before transplanting. Plant in hills with 2-3 seeds per hill.","Light green with dark green stripes, deep red flesh",15-25 lbs,Round to oval,"Very sweet with crisp, juicy texture and classic watermelon flavor","Fresh eating, fruit salads, juicing, picnics, summer gatherings",false,true,4,11,Resistant to anthracnose and fusarium wilt,"Cucumber beetles, aphids, squash vine borers, spider mites","Powdery mildew, downy mildew, bacterial fruit blotch, gummy stem blight",ncstate,https://plants.windrivergreens.com/melon/watermelon-crimson-sweet
774,melon,Cantaloupe Hales Best,cantaloupe-hales-best,Cucumis melo var. cantalupensis 'Hales Best',"A time-tested heirloom cantaloupe that has been the benchmark for home garden success since 1924. Developed in California's Imperial Valley, this variety combines excellent disease tolerance with outstanding flavor and reliable production. The thick, sweet, salmon-colored flesh and perfect netting make it the cantaloupe that many gardeners grow year after year.",85-90,4-10,6-9 feet,36-48 inches,Full sun (6+ hours),"1-2 inches per week, consistent moisture","Well-drained, fertile soil with good organic content",6.0-7.5,Easy to Moderate,false,Warm season,"Direct sow after soil reaches 65°F, or start indoors 2-4 weeks before last frost. Plant seeds 1 inch deep in hills.",Heavily netted beige skin with salmon-orange flesh,"4-5 inches diameter, 2-3 lbs",Round with pronounced netting,"Very sweet and aromatic with thick, juicy flesh","Fresh eating, fruit salads, desserts, breakfast dishes",true,false,2,11,Good tolerance to powdery mildew and downy mildew,"Cucumber beetles, aphids, thrips, squash bugs","Bacterial wilt, fusarium wilt, alternaria leaf spot",ncstate,https://plants.windrivergreens.com/melon/cantaloupe-hales-best
775,melon,Watermelon Charleston Gray,watermelon-charleston-gray,Citrullus lanatus 'Charleston Gray',"A legendary heirloom watermelon from 1954 that produces massive, elongated fruits perfect for feeding crowds at summer gatherings. This variety is prized for its exceptional disease resistance, long storage life, and sweet red flesh that stays crisp even in hot weather. Charleston Gray's distinctive gray-green color and reliable 25+ pound fruits make it a favorite for serious watermelon growers.",85-95,4-12,4-8 inches,72-96 inches,Full sun (6+ hours),"1-2 inches per week, deep watering preferred","Deep, well-drained sandy loam with high organic matter",6.0-7.0,Moderate,false,Warm season,"Direct sow when soil reaches 70°F. Plant 4-6 seeds per hill, thin to 2-3 strongest seedlings. Requires long growing season.",Gray-green skin with red flesh and dark seeds,25-40 lbs,Elongated oval,"Sweet and refreshing with firm, crisp texture","Fresh eating, large gatherings, juice, preserves",true,false,5,11,Excellent resistance to anthracnose and fusarium wilt,"Cucumber beetles, squash vine borers, aphids","Powdery mildew, bacterial fruit blotch, gummy stem blight",ncstate,https://plants.windrivergreens.com/melon/watermelon-charleston-gray
777,melon,Burpee Hybrid Cantaloupe,burpee-hybrid-cantaloupe,Cucumis melo var. cantalupensis 'Burpee Hybrid',"A reliable and productive hybrid cantaloupe that consistently delivers sweet, aromatic melons even in challenging growing conditions. This variety was specifically bred for home gardeners, offering excellent disease resistance and uniform fruit production. The thick, sweet orange flesh and classic netted rind make it a standout choice for beginners and experienced growers alike.",80-85,7-10,6-9 feet,36-60 inches,Full sun (6+ hours),"1-2 inches per week, deep watering at soil level","Well-drained, fertile sandy loam with good organic content",6.0-7.0,Moderate,false,Warm season,Start indoors 3-4 weeks before last frost or direct sow when soil reaches 65°F. Plant seeds 1 inch deep.,Orange flesh with tan netted rind,3-4 pounds,Round to slightly oval with pronounced netting,Sweet and aromatic with classic cantaloupe flavor and smooth texture,"Fresh eating, fruit salads, smoothies, desserts, and breakfast dishes",false,true,2,11,Good resistance to fusarium wilt and powdery mildew,"Cucumber beetles, aphids, squash bugs, spider mites","Bacterial wilt, downy mildew, anthracnose, powdery mildew",ncstate,https://plants.windrivergreens.com/melon/burpee-hybrid-cantaloupe
778,melon,Cantaloupe Iroquois,cantaloupe-iroquois,Cucumis melo var. cantalupensis 'Iroquois',"An outstanding hybrid cantaloupe developed for superior disease resistance and exceptional flavor in shorter growing seasons. This variety produces medium-sized melons with incredibly sweet, thick orange flesh that rivals the best market varieties. Iroquois is particularly valued by northern gardeners for its reliability and consistent production even in cooler summers.",85-90,7-10,6-9 feet,36-48 inches,Full sun (6+ hours),"1-2 inches per week, consistent moisture during fruit development","Well-drained, fertile loam with good organic matter",6.0-7.0,Moderate,false,Warm season,Start indoors 3-4 weeks before last frost date or direct sow when soil temperature reaches 65°F consistently.,Deep orange flesh with light tan netted exterior,2-3 pounds,Round with well-defined netting pattern,"Very sweet with rich cantaloupe flavor and firm, juicy texture","Fresh eating, fruit cups, cantaloupe soup, grilled melon, and preserves",false,true,2,11,"Excellent resistance to fusarium wilt races 1 and 2, powdery mildew","Striped cucumber beetle, squash vine borer, aphids, thrips","Bacterial wilt, downy mildew, anthracnose, alternaria leaf spot",ncstate,https://plants.windrivergreens.com/melon/cantaloupe-iroquois
779,melon,Orange Flesh Honeydew,orange-flesh-honeydew,Cucumis melo var. inodorus 'Orange Flesh',"A unique twist on the classic honeydew melon featuring vibrant orange flesh instead of the traditional green. This variety combines the smooth, creamy texture honeydew lovers expect with a slightly more complex, sweeter flavor profile. The striking orange interior makes it a conversation starter at farmers markets and dinner tables alike.",100-110,7-12,6-9 feet,48-72 inches,Full sun (6+ hours),"1-2 inches per week, reduce watering as fruit ripens",Well-drained sandy loam with excellent drainage,6.0-7.5,Moderate to Difficult,false,Warm season,Start indoors 4-5 weeks before last frost or direct sow when soil is consistently 70°F or warmer.,Orange flesh with smooth cream-colored rind,4-5 pounds,"Oval to round with smooth, non-netted skin",Sweet and mild with honeydew characteristics and subtle cantaloupe notes,"Fresh eating, fruit salads, smoothies, sorbet, and elegant fruit presentations",false,true,2,11,Moderate resistance to common melon diseases,"Aphids, cucumber beetles, squash bugs, spider mites","Powdery mildew, downy mildew, fusarium wilt, bacterial wilt",ncstate,https://plants.windrivergreens.com/melon/orange-flesh-honeydew
780,melon,Delicious 51 Cantaloupe,delicious-51-cantaloupe,Cucumis melo var. cantalupensis 'Delicious 51',"A proven heirloom cantaloupe variety that has been delighting gardeners since the 1950s with its exceptional flavor and reliable production. This open-pollinated variety produces medium-sized melons with intensely sweet, aromatic flesh that embodies everything a perfect cantaloupe should be. Delicious 51 is particularly prized by seed savers and those who want to experience authentic, old-fashioned cantaloupe taste.",85-95,7-14,6-9 feet,36-60 inches,Full sun (6+ hours),"1-2 inches per week, consistent moisture until fruit begins to ripen","Rich, well-drained loam with plenty of compost or aged manure",6.0-7.0,Moderate,false,Warm season,Direct sow after soil reaches 65°F or start indoors 3-4 weeks before transplanting. Plant seeds 1 inch deep.,"Deep orange flesh with tan, heavily netted rind",3-4 pounds,Round to slightly oval with pronounced ribbing and netting,"Intensely sweet and aromatic with rich, complex cantaloupe flavor","Fresh eating, fruit salads, cantaloupe agua fresca, ice cream, and preserving",true,false,2,11,Some natural resistance but susceptible to common melon diseases,"Cucumber beetles, aphids, squash vine borer, flea beetles","Fusarium wilt, powdery mildew, bacterial wilt, downy mildew",ncstate,https://plants.windrivergreens.com/melon/delicious-51-cantaloupe
781,melon,Early Dew Honeydew,early-dew-honeydew,Cucumis melo var. inodorus 'Early Dew',"A breakthrough early-season honeydew that brings the classic sweet, mild flavor of honeydew to gardens with shorter growing seasons. This hybrid variety matures significantly faster than traditional honeydews while maintaining the signature smooth texture and refreshing taste. Early Dew is perfect for northern gardeners who previously couldn't reliably grow honeydew melons.",85-95,8-12,6-9 feet,48-60 inches,Full sun (6+ hours),"1-2 inches per week, deep watering preferred over frequent shallow watering",Well-drained sandy loam with good fertility and drainage,6.0-7.0,Moderate,false,Warm season,Start indoors 4 weeks before last frost date or direct sow when soil temperature consistently reaches 70°F.,Pale green flesh with smooth cream to pale yellow rind,3-4 pounds,"Oval with smooth, non-netted skin","Sweet and mild with classic honeydew flavor and smooth, juicy texture","Fresh eating, fruit salads, smoothies, chilled soups, and elegant desserts",false,true,2,11,Good resistance to fusarium wilt and moderate resistance to powdery mildew,"Aphids, cucumber beetles, spider mites, thrips","Powdery mildew, downy mildew, bacterial wilt, alternaria leaf blight",ncstate,https://plants.windrivergreens.com/melon/early-dew-honeydew
782,eggplant,Japanese Long Purple,japanese-long-purple,Solanum melongena 'Japanese Long Purple',"A stunning Japanese heirloom variety producing glossy, deep purple fruits that can reach 10 inches in length. The slender, curved eggplants have tender skin and mild, sweet flesh with minimal seeds, making them perfect for Asian cuisine. This productive plant delivers an abundant harvest of beautiful fruits that are as ornamental as they are delicious.",70-80,7-14,2-4 feet,18-24 inches,Full sun (6+ hours),High — consistent moisture needed,"Well-drained, fertile soil with plenty of organic matter",6.0-7.0,Moderate,true,Year Round,Start seeds indoors 8-10 weeks before last frost. Transplant after soil temperature reaches 60°F and all frost danger has passed.,Deep glossy purple,"8-10 inches long, 2 inches diameter","Long, slender, slightly curved","Mild, sweet, and creamy with minimal bitterness","Stir-fries, tempura, grilling, roasting, Asian dishes, curries",true,false,9,12,Moderate resistance to common eggplant diseases,"Flea beetles, Colorado potato beetle, aphids, spider mites","Verticillium wilt, bacterial wilt, anthracnose, phomopsis blight",usda+ncstate,https://plants.windrivergreens.com/eggplant/japanese-long-purple
783,eggplant,Purple Top,purple-top,Solanum melongena 'Purple Top',"Purple Top is a classic heirloom eggplant prized for its distinctive deep purple fruits with a contrasting pale green crown at the stem end. Reaching maturity in just 37 days from transplant, this variety produces medium-sized, elongated fruits with creamy, mild flesh and subtle earthy undertones. Its heirloom pedigree and forgiving growing habits make it a favorite for home gardeners seeking reliable production and authentic eggplant flavor for traditional dishes like eggplant parmesan and moussaka.",37,10-21,3 feet,24-30 inches,Full sun (6+ hours),High — consistent moisture needed,"Rich, well-drained soil with good organic content",6.0-7.0,Easy to Moderate,false,Warm season annual,"Start indoors 8-10 weeks before last frost date. Transplant when soil is consistently warm, above 60°F.",Purple top fading to creamy white bottom,"8-10""",Large globe to oval shape,"Mild, creamy texture with subtle earthy flavor","Eggplant parmesan, moussaka, baba ganoush, grilling, roasting, stuffing",true,false,5,12,"Good general disease tolerance, typical heirloom susceptibilities","Flea beetles, hornworms, aphids, whiteflies","Fusarium wilt, verticillium wilt, early blight, bacterial spot",usda+johnnys,https://plants.windrivergreens.com/eggplant/purple-top
784,eggplant,Slim Jim,slim-jim,Solanum melongena 'Slim Jim',"This compact, productive variety produces an abundance of slender, dark purple fruits that are perfect for container growing or small gardens. The 6-8 inch long eggplants have tender skin that doesn't require peeling and mild, sweet flesh with few seeds. Its manageable size and heavy yields make it ideal for urban gardeners and those new to growing eggplant.",65-75,7-14,2-4 feet,15-18 inches,Full sun (6+ hours),High — consistent moisture needed,Well-drained potting mix or garden soil with good drainage,6.0-6.8,Easy,true,Year Round,Start seeds indoors 6-8 weeks before last frost. Transplant to containers or garden when temperatures are consistently above 55°F.,Dark glossy purple,"6-8 inches long, 1-2 inches diameter","Long, slender, cylindrical","Mild, sweet, and tender with minimal bitterness","Grilling whole, stir-fries, ratatouille, pickling, roasting, Asian cuisine",false,true,9,12,Good resistance to common eggplant diseases,"Flea beetles, aphids, spider mites, thrips","Verticillium wilt, bacterial wilt, phomopsis blight",usda+ncstate,https://plants.windrivergreens.com/eggplant/slim-jim
785,eggplant,Turkish Orange,turkish-orange,Solanum melongena 'Turkish Orange',"An exotic heirloom variety that produces stunning small, round fruits that start green and ripen to a beautiful bright orange color. These golf ball-sized eggplants are not only ornamental but also deliciously sweet and creamy when cooked, making them perfect for stuffing or unique culinary presentations. This conversation-starter variety brings both beauty and flavor to any garden.",75-85,10-21,2-4 feet,18-24 inches,Full sun (6+ hours),High — consistent moisture needed,"Rich, well-drained soil with plenty of compost",6.2-7.0,Moderate,true,Year Round,Start seeds indoors 8-10 weeks before last frost. Requires warm soil temperatures above 65°F for transplanting.,"Bright orange when ripe, green when immature","2-3 inches diameter, golf ball sized","Small, round, globe-shaped","Sweet, mild, and creamy with very little bitterness","Stuffing, grilling whole, roasting, decorative garnish, Mediterranean dishes, unique presentations",true,false,9,12,"Moderate disease resistance, benefits from good air circulation","Flea beetles, Colorado potato beetle, aphids, hornworms","Verticillium wilt, fusarium wilt, bacterial spot, anthracnose",usda+ncstate,https://plants.windrivergreens.com/eggplant/turkish-orange
786,eggplant,Calliope,calliope,Solanum melongena,"Calliope is a beautiful, oval, Indian eggplant. Suitable for baby (2"" long x 1 1/2"" diameter) or mature (3-4"" long x 2 1/4-2 3/4"" diameter) harvest. High-yielding, even in the North. The plants and calyxes are spineless, unlike many varieties of this type. Green calyx.",64,7-10,2-4 feet,24-30 inches,Full sun (6+ hours),High — consistent moisture needed,"Well-drained, fertile soil enriched with organic matter",6.0-7.0,Easy to Moderate,true,Warm season annual,Start seeds indoors 8-10 weeks before last frost. Transplant when soil temperature is consistently above 60°F and nights stay above 50°F.,Deep glossy purple,"2""","Elongated oval, classic eggplant shape","Creamy, mild, and sweet with excellent texture","Eggplant parmesan, grilling, roasting, Mediterranean dishes, moussaka, baba ganoush",false,true,9,12,Excellent disease resistance including verticillium wilt and bacterial wilt,"Flea beetles, aphids, spider mites, whiteflies","Generally disease resistant, occasional issues with late blight in humid conditions",usda+ncstate+johnnys,https://plants.windrivergreens.com/eggplant/calliope
787,eggplant,Japanese Purple Pickling,japanese-purple-pickling,Solanum melongena 'Japanese Purple Pickling',"A productive Japanese heirloom that produces slender, glossy purple fruits perfect for Asian cuisine and pickling. The tender, mild flesh has virtually no bitterness and cooks quickly, making it ideal for stir-fries, tempura, and traditional Japanese preparations. This reliable variety is beloved by home gardeners for its consistent production and exceptional eating quality.",65-75,7-14,2-4 feet,18-24 inches,Full sun (6+ hours),High — consistent moisture needed,"Rich, well-drained soil with plenty of organic matter",6.0-6.8,Easy,true,Year Round,Start indoors 8-10 weeks before last frost. Transplant after soil temperature reaches 60°F and nighttime temperatures stay above 50°F.,Deep glossy purple,"4-6 inches long, 1-2 inches wide","Slender, cylindrical, slightly curved","Mild, sweet, tender with no bitterness","Stir-frying, tempura, grilling, pickling, Asian dishes, quick sautés",true,false,9,12,"Good general disease tolerance, moderate resistance to bacterial wilt","Flea beetles, aphids, spider mites, Colorado potato beetle","Verticillium wilt, bacterial wilt, early blight, mosaic virus",usda+ncstate,https://plants.windrivergreens.com/eggplant/japanese-purple-pickling
788,eggplant,Diamond F1,diamond-f1,Solanum melongena 'Diamond F1',"A premium hybrid eggplant that produces large, glossy black fruits with exceptional flavor and texture. This vigorous variety is bred for consistent production and disease resistance, making it an excellent choice for both beginner and experienced gardeners. The fruits maintain their quality longer on the plant and have tender, creamy flesh with minimal seeds.",70-80,10-14,2-4 feet,24-30 inches,Full sun (6+ hours),High — consistent moisture needed,"Well-drained, fertile soil rich in organic matter",6.0-6.8,Easy to Moderate,true,Year Round,Start indoors 8-10 weeks before last frost date. Transplant when soil temperature is consistently above 60°F.,Deep glossy black-purple,"8-10 inches long, 4-5 inches wide",Classic oval teardrop shape,"Rich, creamy, mild with excellent texture","Grilling, roasting, moussaka, baba ganoush, ratatouille, Mediterranean dishes",false,true,9,12,Good resistance to verticillium wilt and bacterial wilt,"Flea beetles, aphids, whiteflies, spider mites","Early blight, late blight, mosaic virus, phomopsis blight",usda+ncstate,https://plants.windrivergreens.com/eggplant/diamond-f1
789,eggplant,Hansel F1,hansel-f1,Solanum melongena 'Hansel F1',"An award-winning mini eggplant that produces clusters of small, glossy purple fruits that are perfect for individual servings. This compact hybrid is incredibly productive and the fruits have tender skin that doesn't require peeling, making them ideal for quick cooking and elegant presentations. The sweet, mild flavor and lack of bitterness make it a favorite for both adults and children.",55-65,10-14,2-4 feet,18-20 inches,Full sun (6+ hours),High — consistent moisture needed,"Well-drained, fertile soil with good organic content",6.0-6.8,Easy,true,Year Round,Start indoors 8-10 weeks before last frost. Transplant after all danger of frost and soil reaches 60°F.,Glossy deep purple,"3-4 inches long, 1.5-2 inches wide","Small elongated oval, uniform size","Sweet, mild, tender with no bitterness","Individual servings, stuffing, grilling whole, roasting, appetizers, stir-fries",false,true,9,12,"Good resistance to common eggplant diseases, improved tolerance to cool weather","Flea beetles, aphids, spider mites, thrips","Verticillium wilt, bacterial wilt, early blight, phytophthora blight",usda+ncstate,https://plants.windrivergreens.com/eggplant/hansel-f1
790,eggplant,Long Purple,long-purple,Solanum melongena 'Long Purple',"A classic heirloom variety that has been grown in American gardens since the 1800s, producing beautiful elongated purple fruits with excellent flavor. This reliable variety is known for its consistent production and traditional eggplant taste that's perfect for classic recipes. The fruits have tender flesh with a rich, satisfying flavor that develops beautifully when cooked.",75-85,10-15,2-4 feet,24-30 inches,Full sun (6+ hours),High — consistent moisture needed,"Rich, well-drained soil with plenty of compost",6.0-6.8,Moderate,false,Year Round,Start seeds indoors 8-10 weeks before last frost date. Transplant when nighttime temperatures consistently stay above 50°F.,Rich purple with darker streaks,"8-12 inches long, 3-4 inches wide","Long, cylindrical with slight curve","Traditional eggplant flavor, rich and meaty when cooked","Classic eggplant parmesan, ratatouille, moussaka, grilling, roasting, traditional recipes",true,false,9,12,"Typical heirloom disease tolerance, susceptible to bacterial and fungal diseases","Flea beetles, Colorado potato beetle, aphids, hornworms","Verticillium wilt, bacterial wilt, early blight, late blight",usda+ncstate,https://plants.windrivergreens.com/eggplant/long-purple
791,eggplant,Beatrice F1,beatrice-f1,Solanum melongena 'Beatrice F1',"A stunning hybrid that produces beautiful lavender-purple fruits with white streaking, combining ornamental beauty with exceptional eating quality. This vigorous variety is both productive and disease-resistant, making it perfect for gardeners who want both beauty and bounty in their vegetable garden. The mild, creamy flesh has virtually no bitterness and cooks to a wonderful texture.",65-75,10-14,2-4 feet,20-24 inches,Full sun (6+ hours),High — consistent moisture needed,"Well-drained, fertile soil with good organic matter",6.0-6.8,Easy to Moderate,true,Year Round,Start indoors 8-10 weeks before last frost. Transplant when soil temperature reaches 60°F and night temperatures stay above 50°F.,Lavender-purple with white streaking and marbling,"6-8 inches long, 4-5 inches wide","Classic teardrop shape, slightly elongated","Mild, sweet, creamy with no bitterness","Grilling, roasting, stuffing, Mediterranean dishes, decorative presentations",false,true,9,12,Excellent resistance to bacterial wilt and verticillium wilt,"Flea beetles, aphids, spider mites, whiteflies","Early blight, late blight, mosaic virus, phomopsis blight",usda+ncstate,https://plants.windrivergreens.com/eggplant/beatrice-f1
792,cucumber,Marketmore 76,marketmore-76,Cucumis sativus,"Long dark green cucumbers. The slender, refined ""Marketmore look"" has long been the standard for slicing cucumbers in the North. 8-9"" fruits stay uniformly dark green even under weather stress. Begins bearing late, but picks for a relatively long time.",58,7-10,8-18 inches,12-18 inches,Full sun (6+ hours),"1-1.5 inches per week, consistent moisture","Well-drained, fertile soil rich in organic matter",6.0-7.0,Easy,false,Warm season annual,Direct sow after soil reaches 65°F or start indoors 3-4 weeks before last frost. Plant 1 inch deep.,Dark green,"8-9""","Straight, cylindrical slicing cucumber","Classic cucumber flavor, crisp and refreshing with mild sweetness","Fresh slicing, salads, sandwiches, pickles, gazpacho",true,false,2,11,Cucumber Mosaic Virus (Intermediate); Powdery Mildew (Intermediate); Scab (High),"Cucumber beetle, squash bug, aphids, spider mites","Bacterial wilt, fusarium wilt (generally resistant to most common diseases)",ncstate+johnnys,https://plants.windrivergreens.com/cucumber/marketmore-76
793,cucumber,Boston Pickling,boston-pickling,Cucumis sativus 'Boston Pickling',"A treasured heirloom from the 1880s that's become the go-to choice for homemade pickles and relishes. These compact, warted fruits have the perfect size and firm texture that pickle enthusiasts demand. Incredibly productive plants will keep you supplied with pickles all season long.",50-55,6-10,8-18 inches,8-12 inches,Full sun (6+ hours),"1-1.5 inches per week, consistent moisture","Well-drained, fertile loam with good organic content",6.0-7.0,Easy,true,Warm season,Direct sow when soil is 65°F or warmer. Plant 1/2 inch deep. Successive plantings every 2-3 weeks.,Light to medium green,3-4 inches long,"Short, blocky with warted skin","Crisp texture with mild, classic cucumber flavor ideal for pickling","Pickling, relishes, bread and butter pickles, cornichons, fresh eating when small",true,false,2,11,Good general disease tolerance but limited specific resistance,"Cucumber beetle, squash bug, aphids, pickle worms","Powdery mildew, downy mildew, bacterial wilt, cucumber mosaic virus",ncstate,https://plants.windrivergreens.com/cucumber/boston-pickling
794,cucumber,Suyo Long,suyo-long,Cucumis sativus,"A sweet-flavored, ribbed fruit growing up to 15"" long. Widely adapted, grows well in hot weather, and sets early. Try using this unusual-looking cucumber in salads, for bread-and-butter or mixed vegetable pickles. Excellent eating quality. Bitter-free. Trellis for straight fruits.",61,7-14,8-18 inches,18-24 inches,Full sun (6+ hours),"1-2 inches per week, deep watering","Rich, well-drained soil with high organic matter content",6.0-7.5,Moderate,false,Warm season annual,Direct sow after soil reaches 70°F. Plant 1 inch deep. Requires strong trellising support.,Dark green with light ribbing,"15""","Very long, slender with pronounced ribbing","Sweet, mild, and completely burpless with crisp texture","Fresh slicing, Asian stir-fries, salads, stuffing, unique presentation dishes",true,false,2,11,Good heat tolerance and general disease resistance,"Cucumber beetle, squash vine borer, aphids","Powdery mildew, bacterial wilt, downy mildew",ncstate+johnnys,https://plants.windrivergreens.com/cucumber/suyo-long
795,cucumber,Spacemaster 80,spacemaster-80,Cucumis sativus 'Spacemaster 80',"The ultimate cucumber for small spaces and container gardens, with compact bush-type vines that don't sprawl but still produce full-sized, delicious fruits. Winner of the All-America Selections award for its innovation in space-efficient gardening. Perfect for patios, balconies, and urban gardeners who want fresh cucumbers without the space requirements.",55-65,7-10,8-18 inches,12-18 inches,Full sun (6+ hours),"1-1.5 inches per week, consistent moisture important for containers",Well-drained potting mix or garden soil with good organic content,6.0-7.0,Easy,true,Warm season,Direct sow in containers or garden when soil reaches 65°F. Plant 1/2 inch deep.,Medium green,7-8 inches long,"Straight, uniform slicing cucumber","Traditional cucumber taste, crisp and refreshing","Fresh slicing, salads, sandwiches, light pickling",false,true,2,11,Good resistance to cucumber mosaic virus and downy mildew,"Cucumber beetle, aphids, spider mites","Powdery mildew, bacterial wilt",ncstate,https://plants.windrivergreens.com/cucumber/spacemaster-80
796,cucumber,Japanese Climbing,japanese-climbing,Cucumis sativus 'Japanese Climbing',"A vigorous heirloom climber that can reach 10 feet tall, producing unique long, slender fruits with exceptional sweet flavor and tender skin that never needs peeling. The dramatic vertical growth makes this variety a beautiful and productive addition to trellises, fences, and garden structures. Heat-tolerant and incredibly productive throughout the season.",58-65,7-10,8-18 inches,18-24 inches,Full sun (6+ hours),"1.5-2 inches per week, deep watering","Rich, well-drained soil with plenty of compost",6.0-7.5,Moderate,false,Warm season,Direct sow when soil is consistently 70°F. Plant 1 inch deep near strong trellis or support structure.,Medium to dark green,8-10 inches long,"Long, slender, slightly curved","Sweet, mild, and never bitter with tender, edible skin","Fresh eating with skin on, salads, Asian dishes, light pickling",true,false,2,11,Good heat tolerance and moderate disease resistance,"Cucumber beetle, squash bug, aphids","Powdery mildew, downy mildew, cucumber mosaic virus",ncstate,https://plants.windrivergreens.com/cucumber/japanese-climbing
797,cucumber,Straight Eight,straight-eight,Cucumis sativus 'Straight Eight',"A classic American heirloom cucumber that has been a garden staple since 1935 and won the All-America Selections award. Famous for its perfectly straight, uniform 8-inch fruits with crisp texture and excellent flavor. This reliable variety produces consistently even in variable weather conditions, making it a favorite for both beginners and experienced gardeners.",58-65,7-10,8-18 inches,12-18 inches,Full sun (6+ hours),"1-2 inches per week, consistent moisture","Well-drained, fertile soil rich in organic matter",6.0-7.0,Easy,false,Warm season,"Direct sow after soil temperature reaches 65°F, or start indoors 2-3 weeks before last frost date.",Dark green with lighter stripes,"8 inches long, 2.5 inches diameter","Cylindrical, straight and uniform","Crisp, mild, refreshing with no bitterness","Fresh eating, slicing, salads, sandwiches, pickling when smaller",true,false,2,11,Moderate resistance to cucumber mosaic virus and downy mildew,"Cucumber beetles, aphids, spider mites, squash bugs","Powdery mildew, bacterial wilt, angular leaf spot, anthracnose",ncstate,https://plants.windrivergreens.com/cucumber/straight-eight
798,cucumber,Burpless Beauty,burpless-beauty,Cucumis sativus 'Burpless Beauty',"A premium hybrid cucumber developed for exceptional digestibility and sweet, never-bitter flavor that lives up to its name. These long, slender fruits have thin, tender skins that don't require peeling and crisp flesh that's easier on sensitive stomachs. Perfect for gardeners who love fresh cucumbers but want to avoid the digestive issues that can come with traditional varieties.",62-68,6-10,8-18 inches,12-18 inches,Full sun (6+ hours),"1-2 inches per week, consistent moisture essential","Rich, well-drained loamy soil with high organic content",6.0-6.8,Easy to Moderate,false,Warm season,Direct sow when soil reaches 65°F or start indoors 3-4 weeks before transplanting outdoors.,Medium to dark green,"10-12 inches long, 2 inches diameter","Long, slender, slightly tapered","Sweet, mild, very crisp with no bitter compounds","Fresh eating, slicing, salads, cucumber water, gazpacho",false,true,2,11,"Good resistance to cucumber mosaic virus, powdery mildew, and scab","Cucumber beetles, aphids, thrips, squash vine borers","Bacterial wilt, downy mildew, angular leaf spot",ncstate,https://plants.windrivergreens.com/cucumber/burpless-beauty
799,cucumber,Lemon Cucumber,lemon-cucumber,Cucumis sativus,"Lemon Cucumber is a unique heirloom variety that produces small, round, lemon-yellow fruits, each weighing 2-3 ounces. These diminutive cucumbers reach maturity in 65 days and are immediately recognizable by their distinctive pale yellow color and slightly bumpy skin. Unlike standard slicing cucumbers, Lemon Cucumbers are prized for their exceptionally sweet, mild, and crisp flavor with complete absence of bitterness. The refreshing taste makes them ideal for fresh eating straight from the garden, salads, and light snacking. Their compact size and prolific production on vigorous vines make them a favorite among home gardeners.",65,7-12,8-18 inches,18-24 inches,Full sun (6+ hours),"1-1.5 inches per week, consistent moisture","Well-drained, fertile soil with good organic matter",6.0-7.0,Easy,true,Warm season,"Direct sow after last frost when soil is warm, or start indoors 2-3 weeks before transplanting.",Bright yellow when ripe,3-4 inches round,"Round to oval, lemon-shaped","Sweet, mild, crisp with no bitterness, very refreshing","Fresh eating, salads, garnishes, pickling, stuffing",true,false,2,11,Good natural resistance to most cucumber diseases,"Cucumber beetles, aphids, spider mites","Powdery mildew, bacterial wilt, cucumber mosaic virus",ncstate+johnnys,https://plants.windrivergreens.com/cucumber/lemon-cucumber
800,cucumber,Diva,diva,Cucumis sativus,"Diva's seedless, thin-skinned cucumbers are distinctly crisp, sweet, and bitter-free. Adapted to open-field production and protected cropping. A fantastic variety for the home garden. Harvest at 5-7"". Parthenocarpic. AAS Winner. Also available treated.",58,5-8,8-18 inches,12-18 inches,Full sun (6+ hours),"1-2 inches per week, consistent moisture important","Rich, well-drained soil with high organic matter content",6.0-6.8,Easy,true,Warm season annual,Direct sow when soil reaches 65°F or start indoors 2-4 weeks before last frost date.,Glossy dark green,"5-7"".","Straight, cylindrical, uniform","Exceptionally crisp, sweet, mild flavor with no bitterness","Fresh slicing, salads, sandwiches, cucumber rolls, garnishes",true,false,2,11,Cucumber Vein Yellowing Virus (Intermediate); Powdery Mildew (Intermediate); Scab (High),"Cucumber beetles, aphids, thrips","Bacterial wilt, angular leaf spot",ncstate+johnnys,https://plants.windrivergreens.com/cucumber/diva
801,cucumber,National Pickling,national-pickling,Cucumis sativus 'National Pickling',"The gold standard for homemade pickles, this prolific heirloom has been the choice of serious picklers since 1924. It produces an enormous harvest of blocky, thick-walled cucumbers that maintain perfect crispness when pickled and have the ideal flesh-to-seed ratio for processing. The vigorous vines continue producing all season long, giving you plenty of cucumbers for fresh eating and preserving.",52-58,6-10,8-18 inches,12-18 inches,Full sun (6+ hours),"1-2 inches per week, consistent watering crucial","Well-drained, fertile loamy soil rich in compost",6.0-7.0,Easy,false,Warm season,"Direct sow after soil warms to 65°F, successive plantings every 2-3 weeks for continuous harvest.",Medium green with lighter stripes,"4-6 inches long, 2.5 inches diameter","Blocky, thick, slightly tapered","Firm, crisp texture with mild flavor, excellent for pickling","Pickling (all sizes), fresh eating when young, relishes, bread and butter pickles",true,false,2,11,Moderate resistance to cucumber mosaic virus and bacterial wilt,"Cucumber beetles, squash bugs, aphids, spider mites","Powdery mildew, downy mildew, angular leaf spot, anthracnose",ncstate,https://plants.windrivergreens.com/cucumber/national-pickling
802,cucumber,Beit Alpha,beit-alpha,Cucumis sativus 'Beit Alpha',"A Mediterranean heirloom cucumber that produces sweet, crisp fruits with tender, thin skin that never needs peeling. Originally from Israel, this parthenocarpic variety sets fruit without pollination and delivers consistently uniform, blocky cucumbers perfect for fresh eating. The compact vines are incredibly productive and produce smooth, dark green fruits that maintain their quality even in hot weather.",55-60,7-10,8-18 inches,12-18 inches,Full sun (6+ hours),"1-2 inches per week, consistent moisture","Rich, well-drained loam with high organic matter",6.0-7.0,Easy,true,Warm season,Direct sow after soil reaches 65°F or start indoors 3-4 weeks before last frost. Plant seeds 1/2 inch deep.,Dark green,"5-6 inches long, 1.5 inches diameter","Uniform, blocky, cylindrical","Sweet, crisp, mild with no bitterness","Fresh eating, salads, sandwiches, Mediterranean dishes, pickling",true,false,2,11,Good resistance to powdery mildew and cucumber mosaic virus,"Cucumber beetles, aphids, spider mites, squash bugs","Bacterial wilt, downy mildew, anthracnose",ncstate,https://plants.windrivergreens.com/cucumber/beit-alpha
803,cucumber,Homemade Pickles,homemade-pickles,Cucumis sativus 'Homemade Pickles',"A prolific hybrid specifically bred for pickling that produces an abundance of perfectly sized, crisp cucumbers ideal for homemade pickles. The compact, disease-resistant plants are perfect for small gardens and containers while delivering consistently uniform fruits with excellent crunch retention. This variety maintains its firm texture even after processing, making it the gold standard for pickle enthusiasts.",52-55,6-10,8-18 inches,12-18 inches,Full sun (6+ hours),"1-1.5 inches per week, consistent moisture","Well-drained, fertile soil with good organic content",6.0-7.0,Easy,true,Warm season,"Direct sow when soil temperature reaches 65°F, plant seeds 1/2 inch deep. Can succession plant every 2-3 weeks.",Medium green with light stripes,3-5 inches long,"Blocky, uniform cylinders","Crisp, mild, excellent for absorbing pickling flavors","Pickling (dill pickles, bread and butter pickles), fresh eating, relishes",false,true,2,11,"Resistant to cucumber mosaic virus, downy mildew, and powdery mildew","Cucumber beetles, aphids, squash vine borer","Bacterial wilt, angular leaf spot",ncstate,https://plants.windrivergreens.com/cucumber/homemade-pickles
804,cucumber,Marketmore 80,marketmore-80,Cucumis sativus 'Marketmore 80',"An improved version of the classic Marketmore series, this open-pollinated slicing cucumber offers exceptional disease resistance and reliable production for home gardeners. The vigorous vines produce dark green, straight fruits with crisp texture and mild flavor that never turns bitter. This variety has become a standard in home gardens due to its consistent performance and excellent keeping quality.",68-70,7-10,8-18 inches,18-24 inches,Full sun (6+ hours),"1-2 inches per week, deep consistent watering","Rich, well-drained soil with high organic matter",6.0-7.0,Easy to Moderate,false,Warm season,Direct sow after soil warms to 65°F or start indoors 3-4 weeks before transplanting. Plant 1/2 inch deep.,Dark green,8-9 inches long,"Straight, cylindrical slicing type","Crisp, refreshing, mild and never bitter","Fresh slicing, salads, sandwiches, gazpacho, cucumber water",false,false,2,11,"Excellent resistance to cucumber mosaic virus, downy mildew, powdery mildew, and angular leaf spot","Cucumber beetles, aphids, spider mites","Bacterial wilt, anthracnose",ncstate,https://plants.windrivergreens.com/cucumber/marketmore-80
805,cucumber,Poona Kheera,poona-kheera,Cucumis sativus 'Poona Kheera',"A stunning Indian heirloom cucumber that starts creamy white and transforms to golden-brown with dark netting as it matures, offering gardeners both beauty and exceptional flavor. The round to oval fruits have crisp, white flesh with a refreshing taste that remains sweet even when fully mature. This unique variety is as ornamental as it is delicious, making it a conversation starter in any garden.",60-65,7-10,8-18 inches,18-24 inches,Full sun (6+ hours),"1-2 inches per week, consistent moisture","Well-drained, fertile soil with good organic content",6.0-7.0,Moderate,false,Warm season,"Direct sow when soil temperature reaches 65°F, plant seeds 1/2 inch deep. Can also start indoors 3-4 weeks before transplanting.",Creamy white ripening to golden-brown with dark netting,"4-6 inches long, round to oval","Round to oval, unique russet appearance when mature","Crisp, sweet, refreshing with no bitterness even when mature","Fresh eating, salads, Indian cuisine, decorative garnish",true,false,2,11,"Moderate disease resistance, some tolerance to powdery mildew","Cucumber beetles, aphids, squash bugs, spider mites","Downy mildew, bacterial wilt, angular leaf spot",ncstate,https://plants.windrivergreens.com/cucumber/poona-kheera
806,cucumber,Tasty Jade,tasty-jade,Cucumis sativus,"Vigorous, high-yielding plants produce glossy, 11-12"" long, bitter-free fruit with small seed cavities. Cukes are sweet, crisp, and thin-skinned; no peeling required. Suitable for outdoor or greenhouse culture. Trellis for straight fruit. Parthenocarpic.",54,6-10,8-18 inches,12-18 inches,Full sun (6+ hours),"1-2 inches per week, consistent moisture preferred","Rich, well-drained soil with high organic matter",6.0-7.0,Moderate,true,Warm season annual,Start indoors 3-4 weeks before last frost or direct sow when soil reaches 65°F. Plant seeds 1/2 inch deep.,Deep jade green,"11-12""","Long, slender, straight with smooth skin","Exceptionally sweet, crisp, refreshing with no bitterness","Fresh eating, salads, Asian cuisine, sushi, gazpacho",false,true,2,11,Powdery Mildew (Intermediate),"Aphids, spider mites, cucumber beetles","Bacterial wilt, angular leaf spot, anthracnose",ncstate+johnnys,https://plants.windrivergreens.com/cucumber/tasty-jade
807,cucumber,Armenian Cucumber,armenian-cucumber,Cucumis melo,"Armenian Cucumber is a unique hybrid variety that produces slender, ribbed fruits resembling traditional cucumbers but with a distinctly smoother, elongated appearance. Maturing in 75 days, it develops 10-12 inch fruits with tender, edible skin that requires no peeling. The defining characteristic is its exceptional mild, sweet flavor with complete absence of bitterness, making it ideal for fresh eating and salads. Unlike standard cucumbers, Armenian Cucumber tolerates heat stress well and produces abundantly in warm climates, while remaining crisp and tender when harvested at peak ripeness.",75,7-10,6-9 feet,36-48 inches,Full sun (6+ hours),"1-1.5 inches per week, consistent moisture","Well-drained, fertile soil with good organic matter",6.0-7.0,Easy,true,Warm season annual,Direct sow after soil reaches 65°F or start indoors 3-4 weeks before last frost. Plant seeds 1 inch deep.,Light green with darker green stripes,"5-5 1/2""","Very long, slender, and curved","Mild, sweet, crisp with no bitterness","Fresh eating, salads, pickling when young, Mediterranean dishes",false,true,2,11,Good heat tolerance and resistance to downy mildew,"Cucumber beetles, aphids, spider mites","Powdery mildew, bacterial wilt, mosaic virus",ncstate+johnnys,https://plants.windrivergreens.com/cucumber/armenian-cucumber
808,cucumber,Parisian Pickling Gherkin,parisian-pickling-gherkin,Cucumis sativus 'Parisian Pickling',"A classic French heirloom prized for producing abundant tiny cucumbers perfect for traditional cornichon pickles. These compact plants yield hundreds of small, bumpy fruits that should be harvested daily when just 1-2 inches long. The ultimate variety for gourmet pickle enthusiasts who want to create authentic European-style preserved cucumbers.",50-55,7-10,8-18 inches,12-18 inches,Full sun (6+ hours),"1 inch per week, consistent moisture","Well-drained, fertile soil rich in organic matter",6.0-7.0,Easy,true,Warm season,Direct sow after last frost when soil is 60°F or warmer. Plant seeds 1/2 inch deep in hills or rows.,Dark green with light green stripes,1-2 inches long when harvested,"Small, oval, very bumpy texture","Crisp, mild, perfect cucumber flavor ideal for pickling","Cornichon pickles, gherkin pickles, fresh snacking when small",true,false,2,11,Moderate resistance to common cucumber diseases,"Cucumber beetles, aphids, squash bugs","Downy mildew, powdery mildew, cucumber mosaic virus",ncstate,https://plants.windrivergreens.com/cucumber/parisian-pickling-gherkin
809,cucumber,Muncher Cucumber,muncher-cucumber,Cucumis sativus 'Muncher',"An award-winning All-America Selections winner that lives up to its name as the perfect snacking cucumber. This reliable variety produces crisp, never-bitter fruits with tender skin that doesn't need peeling, making it ideal for fresh eating straight from the garden. Muncher offers excellent disease resistance and consistent production throughout the season.",60-65,7-10,8-18 inches,24-36 inches,Full sun (6+ hours),"1-1.5 inches per week, consistent moisture","Well-drained, fertile soil with good organic content",6.0-7.0,Easy,true,Warm season,"Direct sow after last frost when soil reaches 60°F, or start indoors 3-4 weeks earlier. Plant 1/2 inch deep.",Medium green,8-10 inches long,"Straight, cylindrical slicing type","Crisp, sweet, never bitter with tender skin","Fresh eating, salads, snacking, light pickling",false,false,2,11,"Excellent resistance to scab, cucumber mosaic virus, and downy mildew","Cucumber beetles, aphids, spider mites","Powdery mildew, bacterial wilt, angular leaf spot",ncstate,https://plants.windrivergreens.com/cucumber/muncher-cucumber
810,cucumber,Painted Serpent Cucumber,painted-serpent-cucumber,Cucumis melo var. flexuosus 'Painted Serpent',"A stunning Armenian-type cucumber that's as beautiful as it is delicious, featuring distinctive light and dark green striped skin that looks hand-painted. These long, curved fruits can reach up to 20 inches and have incredibly sweet, crisp flesh with no hint of bitterness. This eye-catching variety is perfect for gardeners who want something truly unique that tastes as good as it looks.",65-75,7-10,6-9 feet,36-48 inches,Full sun (6+ hours),"1-1.5 inches per week, deep watering","Well-drained, fertile soil with plenty of organic matter",6.0-7.5,Easy to Moderate,true,Warm season,Direct sow after soil reaches 65°F or start indoors 3-4 weeks before transplanting. Plant 1 inch deep.,Alternating light and dark green stripes,"15-20 inches long, 2-3 inches diameter","Long, curved, serpentine","Very sweet, crisp, mild with no bitterness","Fresh eating, salads, Mediterranean dishes, decorative garnish",true,false,2,11,Good heat tolerance and moderate disease resistance,"Cucumber beetles, aphids, spider mites","Powdery mildew, downy mildew, bacterial wilt",ncstate,https://plants.windrivergreens.com/cucumber/painted-serpent-cucumber
811,cucumber,Telegraph Improved,telegraph-improved,Cucumis sativus 'Telegraph Improved',"A classic English greenhouse cucumber variety that produces exceptionally long, smooth fruits with crisp, mild flesh and virtually no seeds. Originally developed for Victorian greenhouses, this productive climber can reach impressive lengths of 20+ inches and offers the authentic taste of premium European cucumbers. Perfect for gardeners wanting to grow restaurant-quality cucumbers at home.",65-75,7-10,8-18 inches,36-48 inches,Full sun (6+ hours),"1.5-2 inches per week, consistent moisture","Rich, well-drained soil with high organic content",6.5-7.5,Moderate,true,Warm season,Start indoors 4-6 weeks before last frost or direct sow after soil reaches 65°F. Plant 1/2 inch deep.,"Dark green, smooth skin","18-24 inches long, 2-3 inches diameter","Very long, straight, cylindrical","Mild, crisp, refreshing with minimal seeds","Fresh slicing, salads, tea sandwiches, European cuisine",true,false,2,11,"Moderate resistance, benefits from greenhouse or protected growing","Aphids, whiteflies, spider mites, cucumber beetles","Powdery mildew, downy mildew, cucumber mosaic virus",ncstate,https://plants.windrivergreens.com/cucumber/telegraph-improved
812,cucumber,Ashley Cucumber,ashley-cucumber,Cucumis sativus 'Ashley',"A heat-tolerant southern favorite developed specifically for hot, humid climates where other cucumbers fail. This reliable heirloom produces abundant 7-8 inch dark green fruits with crisp, mild flesh and excellent disease resistance. Ashley's ability to keep producing through summer heat makes it invaluable for gardeners in challenging growing conditions.",65-70,7-10,8-18 inches,12-18 inches,Full sun (6+ hours),"1-1.5 inches per week, consistent moisture","Well-drained, fertile soil rich in organic matter",6.0-7.0,Easy,false,Warm season,"Direct sow after soil reaches 60°F and all danger of frost has passed, or start indoors 2-3 weeks before transplanting.",Dark green,"7-8 inches long, 2 inches diameter","Cylindrical, slightly tapered","Mild, crisp, refreshing with tender skin","Fresh slicing, salads, pickling when small, sandwich slices",true,false,2,11,Good resistance to downy mildew and scab,"Cucumber beetles, squash bugs, aphids","Bacterial wilt, powdery mildew, angular leaf spot",ncstate,https://plants.windrivergreens.com/cucumber/ashley-cucumber
813,cucumber,Palace King Cucumber,palace-king-cucumber,Cucumis sativus 'Palace King',"An impressive English-style greenhouse cucumber that produces exceptionally long, straight fruits up to 14 inches with virtually no seeds. This premium variety offers the crisp texture and mild flavor of expensive European cucumbers right from your own garden. Palace King's thin, tender skin requires no peeling and its consistent production makes it a gourmet gardener's dream.",60-65,5-8,8-18 inches,18-24 inches,Full sun (6+ hours),"1.5-2 inches per week, consistent moisture essential","Rich, well-drained soil with high organic matter content",6.0-6.8,Moderate,true,Warm season,Best started indoors 3-4 weeks before last frost. Requires warm soil (65°F+) for transplanting.,Medium to dark green with glossy skin,"12-14 inches long, 2.5 inches diameter","Long, straight, cylindrical","Mild, sweet, exceptionally crisp with tender skin","Gourmet slicing, European-style salads, tea sandwiches, garnishes",false,true,2,11,Moderate resistance to common cucumber diseases,"Cucumber beetles, aphids, spider mites","Powdery mildew, downy mildew, bacterial wilt",ncstate,https://plants.windrivergreens.com/cucumber/palace-king-cucumber
814,cucumber,Picklebush Cucumber,picklebush-cucumber,Cucumis sativus 'Picklebush',"A compact bush variety perfect for small gardens and containers, producing an abundance of 4-5 inch pickling cucumbers on space-saving plants. This determinate variety concentrates its harvest, making it ideal for batch pickling projects. Despite its small stature, Picklebush delivers full-sized flavor and the crisp texture that makes perfect pickles.",50-55,7-10,8-18 inches,8-12 inches,Full sun (6+ hours),"1 inch per week, even moisture","Well-drained, moderately fertile soil",6.0-7.0,Easy,true,Warm season,"Direct sow after soil reaches 60°F, or start indoors 2-3 weeks before transplanting.",Medium green with lighter stripes,"4-5 inches long, 1.5 inches diameter","Blocky, cylindrical with blunt ends","Crisp, firm texture ideal for pickling, mildly sweet","Pickling, small fresh cucumbers, relishes, bread and butter pickles",false,true,2,11,Good resistance to scab and cucumber mosaic virus,"Cucumber beetles, squash bugs, aphids","Bacterial wilt, powdery mildew, downy mildew",ncstate,https://plants.windrivergreens.com/cucumber/picklebush-cucumber
815,cucumber,Tendergreen Burpless Cucumber,tendergreen-burpless-cucumber,Cucumis sativus 'Tendergreen Burpless',"A gardener favorite known for its exceptionally mild, easy-to-digest fruits that won't cause the bitterness or digestive issues of traditional cucumbers. This vigorous variety produces smooth, 8-10 inch dark green fruits with tender, never-bitter skin. Tendergreen's reliable production and superior eating quality make it perfect for families who want fresh cucumbers all season long.",62-70,7-10,8-18 inches,12-18 inches,Full sun (6+ hours),"1-1.5 inches per week, consistent moisture","Rich, well-drained soil with good organic matter",6.0-7.0,Easy,false,Warm season,"Direct sow when soil reaches 65°F, or start indoors 3-4 weeks before transplanting.",Dark green with smooth skin,"8-10 inches long, 2.5 inches diameter","Straight, cylindrical, well-filled","Exceptionally mild, sweet, never bitter, easy to digest","Fresh eating, salads, sandwiches, ideal for sensitive stomachs",false,true,2,11,Good general disease resistance,"Cucumber beetles, aphids, squash bugs","Powdery mildew, bacterial wilt, downy mildew",ncstate,https://plants.windrivergreens.com/cucumber/tendergreen-burpless-cucumber
816,cucumber,Crystal Apple Cucumber,crystal-apple-cucumber,Cucumis sativus 'Crystal Apple',"A unique heirloom variety that produces round, apple-shaped white fruits with crisp, refreshing flesh and a distinctive appearance. This Australian heritage variety offers exceptional heat tolerance and continues producing when other cucumbers fail. Crystal Apple's unusual appearance and excellent flavor make it a conversation starter that's surprisingly versatile in the kitchen.",65-75,7-14,8-18 inches,12-18 inches,Full sun (6+ hours),"1-1.5 inches per week, drought tolerant once established","Well-drained soil, tolerates poor soils better than most cucumbers",6.0-7.5,Easy,true,Warm season,Direct sow after soil reaches 60°F and all danger of frost has passed.,Creamy white to pale yellow,"3-4 inches diameter, round","Round, apple-shaped","Mild, sweet, crisp and refreshing, similar to traditional cucumbers","Fresh eating, unique salad ingredient, pickling, stuffing, novelty dishes",true,false,2,11,"Good heat tolerance, moderate disease resistance","Cucumber beetles, aphids, squash bugs","Powdery mildew, bacterial wilt, downy mildew",ncstate,https://plants.windrivergreens.com/cucumber/crystal-apple-cucumber
817,cucumber,Kirby Cucumber,kirby-cucumber,Cucumis sativus 'Kirby',"The classic pickling cucumber that's synonymous with crisp deli pickles and New York-style gherkins. These compact, bumpy cucumbers have incredibly firm flesh that maintains its crunch even after processing, making them the gold standard for home pickle makers. Their small size and prolific production make them perfect for continuous harvesting throughout the season.",55-60,7-10,8-18 inches,12-18 inches,Full sun (6+ hours),"1-2 inches per week, consistent moisture","Rich, well-drained loam with good organic content",6.0-7.0,Easy,true,Warm season,"Direct seed after soil reaches 65°F, or start indoors 2-3 weeks before transplanting. Plant 1/2 inch deep.",Light to medium green with white spines,"3-5 inches long, 1.5-2 inches wide","Short, thick, blocky with bumpy skin","Mild, crisp, and refreshing with very firm flesh","Pickling, fresh eating, salads, appetizer platters, kosher dill pickles",false,true,2,11,Good resistance to scab and moderate resistance to cucumber mosaic virus,"Cucumber beetles, aphids, squash bugs, spider mites","Powdery mildew, downy mildew, bacterial wilt, anthracnose",ncstate,https://plants.windrivergreens.com/cucumber/kirby-cucumber
818,cucumber,English Telegraph,english-telegraph,Cucumis sativus 'English Telegraph',"A classic European greenhouse variety that produces exceptionally long, smooth-skinned cucumbers with virtually no seeds and thin, edible skin. These elegant cucumbers can reach impressive lengths of 12-20 inches while maintaining crisp texture and mild, sweet flavor throughout. Perfect for gardeners who want restaurant-quality cucumbers with that distinctive English cucumber taste and appearance.",65-75,7-14,8-18 inches,18-24 inches,Full sun (6+ hours),"1.5-2 inches per week, very consistent moisture","Rich, well-drained soil with high organic matter content",6.0-7.0,Moderate to Difficult,false,Warm season,Start indoors 3-4 weeks before last frost or direct seed when soil is 70°F+. Requires trellising and often greenhouse growing.,"Deep green with smooth, glossy skin","12-20 inches long, 2-3 inches wide","Very long, straight, cylindrical with smooth skin","Mild, sweet, and crisp with no bitterness","Fresh eating, gourmet salads, tea sandwiches, elegant appetizers, European cuisine",true,false,2,11,"Susceptible to most cucumber diseases, requires careful management","Aphids, whiteflies, spider mites, thrips (especially in greenhouse)","Powdery mildew, downy mildew, cucumber mosaic virus, bacterial wilt",ncstate,https://plants.windrivergreens.com/cucumber/english-telegraph
819,cucumber,Mexican Sour Gherkin,mexican-sour-gherkin,Melothria scabra,"Cute 1"" long fruits look like miniature watermelons and taste like cucumbers with tangy citrus overtones. Vines start growing slowly but can get up to 10' long. Can be eaten fresh or pickled. Fruits can be sold in half-pint or clamshell containers at markets that appreciate novelty. Also known as the Cucamelon and mouse melon. Not particularly high yielding. Trellising recommended. NOTE: We recommend harvesting these cucumbers promptly as they tend to get seedy if allowed to grow longer than 1"".",67,10-14,8-12 feet,12-18 inches,Full sun (6-8 hours),"1-1.5 inches per week, drought tolerant once established","Well-drained soil, tolerates various soil types",6.0-7.5,Easy,true,Warm season,"Direct seed after last frost when soil is 65°F+, or start indoors 4-6 weeks early. Plant 1/4 inch deep.",Green with darker green stripes like tiny watermelons,"1""","Small oval, resembling miniature watermelons","Crisp cucumber flavor with tangy, lime-like finish","Fresh snacking, pickling, cocktail garnish, gourmet salads, appetizers",true,false,4,11,Excellent natural resistance to most cucumber diseases,"Very few pest problems, occasionally aphids","Highly disease resistant, very few issues",johnnys,https://plants.windrivergreens.com/cucumber/mexican-sour-gherkin
820,cucumber,Salad Bush,salad-bush,Cucumis sativus 'Salad Bush',"Specifically bred for small spaces and container growing, this compact cucumber produces full-sized, 8-inch fruits on remarkably short vines that stay under 3 feet. Winner of the All-America Selections award, it's perfect for patio gardeners and those with limited space who don't want to compromise on cucumber quality. The plants are incredibly productive and don't require trellising, making them ideal for beginner gardeners.",57-60,7-10,8-18 inches,18-24 inches,Full sun (6+ hours),"1-1.5 inches per week, consistent moisture","Well-drained, fertile soil with good organic content",6.0-7.0,Easy,true,Warm season,Direct seed after soil reaches 65°F or start indoors 2-3 weeks before transplanting. Plant 1/2 inch deep.,Dark green with white spines,"8 inches long, 2.5 inches wide","Straight, cylindrical slicing cucumber","Crisp, mild, and refreshing with no bitterness","Fresh slicing, salads, sandwiches, snacking, light pickling",false,true,2,11,"Good resistance to scab, cucumber mosaic virus, and powdery mildew","Cucumber beetles, aphids, squash bugs","Downy mildew, bacterial wilt, anthracnose",ncstate,https://plants.windrivergreens.com/cucumber/salad-bush
821,cucumber,Chicago Pickling,chicago-pickling,Cucumis sativus 'Chicago Pickling',"A time-tested heirloom variety that's been the backbone of American pickle production since the 1880s, originally developed for the commercial pickle industry in Chicago. These medium-sized cucumbers have the perfect balance of firm flesh and tender skin that makes exceptional pickles, whether harvested small for gherkins or larger for dill pickles. Their reliable production and disease tolerance have made them a favorite among home gardeners for over a century.",58-65,7-10,8-18 inches,12-18 inches,Full sun (6+ hours),"1-2 inches per week, consistent moisture","Well-drained, fertile loam with good organic matter",6.0-7.0,Easy,true,Warm season,"Direct seed after soil reaches 65°F, or start indoors 2-3 weeks before transplanting. Plant 1/2 inch deep.",Medium green with light striping and black spines,3-6 inches long depending on harvest time,"Blocky, slightly tapered with moderately bumpy skin",Crisp and mild with excellent texture for pickling,"Pickling (all types), fresh eating when young, relishes, fermented pickles",true,false,2,11,Good tolerance to scab and moderate resistance to bacterial wilt,"Cucumber beetles, aphids, squash vine borers","Powdery mildew, downy mildew, cucumber mosaic virus, anthracnose",ncstate,https://plants.windrivergreens.com/cucumber/chicago-pickling
883,flower,Nasturtium Alaska Mix,nasturtium-alaska-mix,Tropaeolum majus 'Alaska Mix',"This stunning variety combines the classic peppery-flavored edible flowers of nasturtiums with uniquely variegated cream and green foliage that's as ornamental as the blooms. The compact, bushy plants produce abundant flowers in jewel tones while serving as a living mulch and natural pest deterrent.",50-65,7-12,1-10 feet,8-12 inches,Full sun to partial shade (4-6+ hours),"Low to moderate, drought tolerant","Poor to average, well-drained soil",6.1-7.8,Easy,true,Cool season annual,Direct sow 2-4 weeks before last frost. Soak seeds overnight for better germination.,"Mix of red, orange, yellow, and cream",2 inches across,Five-petaled trumpet-shaped flowers,"Peppery, watercress-like flavor","Edible flowers and leaves for salads, garnishes, and sandwiches. Young seed pods can be pickled.",true,false,2,11,"Generally disease resistant, may get bacterial leaf spot in humid conditions","Aphids, flea beetles, cabbage worms","Bacterial leaf spot, mosaic virus",ncstate,https://plants.windrivergreens.com/flower/nasturtium-alaska-mix
1298,cucumber,Little Leaf Cucumber,little-leaf-cucumber,Cucumis sativus,"Katrina produces an early to midseason crop in protected culture. Known for its ability to set fruit under heat stress, Katrina is very high yielding with excellent uniformity. This seedless, thin-skinned cuke is best when harvested at 5 1/2-6 1/2"" long - a great size between Unistars and the larger Socrates. Gynoecious and parthenocarpic. Also available in organic seed.",49,7-10,8-18 inches,6-12 inches,Full sun (6+ hours),"1-2 inches per week, consistent moisture","Well-drained, fertile soil with organic matter",6.0-7.0,Easy,true,Warm season annual,Direct sow when soil reaches 65°F or start indoors 2-3 weeks before last frost. Plant 1 inch deep.,Dark green,"5 1/2-6 1/2""","Straight, cylindrical slicing cucumber","Crisp, mild, never bitter with tender skin","Fresh slicing, salads, sandwiches, pickling when small. Excellent for daily harvest.",false,true,2,11,Cucumber Mosaic Virus (Intermediate); Cucumber Vein Yellowing Virus (Intermediate); Powdery Mildew (Intermediate); Scab (High),"Cucumber beetles, squash bugs, spider mites","Bacterial wilt, angular leaf spot",ncstate+johnnys,https://plants.windrivergreens.com/cucumber/little-leaf-cucumber
1300,squash,Jack Be Little Pumpkin,jack-be-little-pumpkin,Cucurbita pepo 'Jack Be Little',"These adorable miniature pumpkins are perfect for fall decorating and Halloween displays. The compact vines produce dozens of palm-sized, bright orange pumpkins that are both ornamental and edible. Their prolific nature and charming appearance make them a favorite for gardeners wanting impressive autumn harvests from small spaces.",95-100,7-10,1-3 feet,36-48 inches,Full sun (6+ hours),"1 inch per week, deep watering at base","Rich, well-drained soil with plenty of compost",6.0-7.0,Easy,true,Warm season,Direct sow after last frost when soil is 65°F or warmer. Can start indoors 2-3 weeks early in biodegradable pots.,Bright orange,2-3 inches diameter,"Round, classic pumpkin shape with defined ribs","Sweet, mild pumpkin flavor, similar to acorn squash","Excellent for pumpkin pie, roasted seeds, stuffed pumpkins, soups. Perfect portion size for individual servings.",false,false,3,11,Good resistance to powdery mildew and bacterial wilt,"Squash bugs, cucumber beetles, vine borers","Powdery mildew, downy mildew, bacterial wilt",ncstate,https://plants.windrivergreens.com/squash/jack-be-little-pumpkin
1305,tomato,Piccolo Grape Tomato,piccolo-grape-tomato,Solanum lycopersicum 'Piccolo',"An award-winning cherry tomato that produces clusters of incredibly sweet, bite-sized fruits with exceptional disease resistance. This vigorous indeterminate variety keeps producing throughout the season, making it perfect for continuous harvesting. The perfectly balanced sweet flavor and crack-resistant skin make these ideal for snacking straight from the vine.",65-75,7-14,1-10 feet,18-24 inches,Full sun (6+ hours),High — consistent moisture needed,Well-drained loam with organic matter,6.0-6.8,Easy,true,Year Round,Start indoors 6-8 weeks before last frost. Transplant after soil reaches 60°F and frost danger passes.,Bright red,0.5-0.75 oz,Small oval grape shape,"Intensely sweet with balanced acidity, concentrated tomato flavor","Fresh snacking, salads, garnishes, roasting, pasta dishes",false,true,10,11,"High resistance to tobacco mosaic virus, fusarium wilt, and verticillium wilt","Tomato hornworm, aphids, spider mites","Late blight, early blight (good resistance)",usda+ncstate,https://plants.windrivergreens.com/tomato/piccolo-grape-tomato
1450,bean,Provider,provider,Phaseolus vulgaris,"Provider can be planted earlier than other beans because it tolerates cool soils. Compact plants are easy to grow and adaptable to diverse soil and climate conditions. Produces 5 1/2"" fleshy, round pod green beans. Purple seeds. Bush bean.",50,7-14 days,18-24 inches,3-4 inches in rows 18-24 inches apart,Full sun (6+ hours),Moderate — 1 inch per week,"Well-drained loam, pH 6.0-7.0",,Easy,,Warm season annual,"Direct sow when soil reaches 50°F, 1-2 weeks before last frost",Medium green pods with purple seeds,"5 1/2""",Bush,"Mild, classic green bean flavor — tender and slightly sweet with a crisp snap when fresh","Fresh eating, steaming, sautéing, canning, freezing, pickling (dilly beans), dry shell beans",true,false,2,11,One or more races of Bean Mosaic Virus (High); Powdery Mildew (High),"Mexican bean beetle, bean leaf beetle, aphids, spider mites, cutworms","Bean rust, anthracnose, bacterial blight, white mold (resistant to bean mosaic virus and powdery mildew)",ncstate+johnnys,https://plants.windrivergreens.com/bean/provider
1451,bean,Maxibel,maxibel,Phaseolus vulgaris,"High yields of slender, 7"" green pods. Extended pod set. Brown mottled seeds. Bush bean.",50,7-10 days,12-18 inches,4-6 inches,Full sun (6+ hours),"Regular, consistent moisture",Well-drained loam,,Easy,,Warm season annual,Direct sow after last frost when soil reaches 60°F,Green,"7""",Bush,"Tender, sweet, delicate flavor with refined taste.","Fresh eating, steaming, sautéing, light cooking",true,false,2,11,,"Bean beetles, spider mites, aphids","Bean anthracnose, powdery mildew, rust",ncstate+johnnys,https://plants.windrivergreens.com/bean/maxibel
1452,bean,Fortex,fortex,Phaseolus vulgaris,"Growing to over 11"", Fortex produces extra-long round pods. Early and very productive, the beans may be picked at 7"" in length for extra-slender ""filet"" beans. Green firm-textured pods are completely stringless and delicious at all lengths, even after the seeds enlarge. Walnut brown seeds. Pole bean; requires trellising.",60,7-14 days,6-8 feet,4-6 inches,Full sun (6+ hours),Regular,Well-drained loam,,Easy,,Warm season annual,Direct sow after last frost when soil is warm,Green,"11""",Round pods,"Mild, delicious flavor with firm, crisp, stringless texture.","Fresh eating, steaming, sautéing, freezing",true,false,2,11,,"Bean beetles, aphids, spider mites","Bean mosaic virus, anthracnose, rust",ncstate+johnnys,https://plants.windrivergreens.com/bean/fortex
1453,bean,Fordhook 242,fordhook-242,Phaseolus lunatus,"Early bearing and delicious, this is the best large-seeded variety. White seeds. Bush bean. AAS Winner.",85,7-10 days,18-24 inches,4-6 inches,Full sun,"Regular, consistent moisture","Well-drained, fertile soil",,Easy,,Warm season annual,Direct sow after last frost when soil temperature is 60°F or higher,Green,,Bush,"Delicious, mild bean flavor with tender pods and large seeds","Fresh eating, steaming, boiling, sautéing, freezing",false,false,1,11,,"Bean beetles, spider mites, aphids","Anthracnose, bean rust, powdery mildew",ncstate+johnnys,https://plants.windrivergreens.com/bean/fordhook-242
1458,bean,Jade,jade,Phaseolus vulgaris,"Arguably the best-tasting bush bean we offer, Jade's 6-7"", slender, deep green pods are exceptionally tender and delicious. High-yielding even under heat or cold stress, Jade has been a customer favorite since its debut in our 1992 catalog. Pale green seeds. Bush bean.",53,7-10 days,18-24 inches,4-6 inches,Full sun (6+ hours),"Regular, consistent moisture; approximately 1-1.5 inches per week",Well-draining loam enriched with compost; moderately fertile,,Easy,,Warm season annual,"Direct sow after last frost when soil temperature reaches 60-70°F, 1 inch deep, 2-3 inches apart",Deep green,"6-7""",Bush,"Exceptionally tender and sweet with delicate, clean bean flavor and minimal stringiness","Fresh steaming, sautéing, light cooking, raw in salads, freezing for long-term storage",true,false,2,11,Bacterial Brown Spot (Intermediate); Common Rust (Intermediate); Curly Top Beet Mosaic Virus (Intermediate); One or more races of Bean Mosaic Virus (High),"Spider mites, Mexican bean beetles, bean leaf beetles, aphids","Bacterial brown spot, common rust, bean mosaic virus, powdery mildew in humid conditions",ncstate+johnnys,https://plants.windrivergreens.com/bean/jade
1460,bean,Tavera,tavera,Phaseolus vulgaris,"Sets the standard for uniformity and eating quality in a filet bean. ""Extra-fine"" grade beans are short, 4-5"" long with medium-dark green, round pods. Medium-size plants. White seeds. Bush bean.",54,7-10 days,12-18 inches,4-6 inches,Full sun (6+ hours),"Regular, consistent moisture","Well-drained loam, fertile soil",,Easy,,Warm season annual,Direct sow after last frost when soil reaches 60-70°F,Medium-dark green,"4-5""",Bush,"Tender, delicate, mild flavor with fine texture typical of extra-fine filet beans.","Fresh eating, steaming, sautéing, canning, freezing",true,false,2,11,Anthracnose (High); One or more races of Bean Mosaic Virus (High),"Bean beetles, spider mites, aphids","Bean rust, anthracnose, bacterial blights",ncstate+johnnys,https://plants.windrivergreens.com/bean/tavera
1465,bean,Rocdor,rocdor,Phaseolus vulgaris,"Rocdor has straight, 6 1/2"" long, slender pods that have a deep-yellow color. Early and productive on upright plants. The black seeds germinate well in cool soil. Bush bean.",52,7-10 days,12-18 inches,4-6 inches,Full sun (6+ hours),"Regular, consistent moisture","Well-drained loam, fertile",,Easy,,Warm season annual,Direct sow after last frost when soil temperature reaches 60°F or warmer,Deep yellow,"6 1/2""",Bush,"Mild, tender-crisp classic green bean flavor with delicate texture.","Fresh eating, steaming, sautéing, freezing",true,false,2,11,Anthracnose (High); One or more races of Bean Mosaic Virus (High),"Bean beetles, spider mites, aphids","Powdery mildew, rust, bean anthracnose",ncstate+johnnys,https://plants.windrivergreens.com/bean/rocdor
1469,lettuce,Sorrel,sorrel,Rumex acetosa,"Sorrel is a leafy heirloom green with slender, arrow-shaped leaves that mature in about 40 days. This cool-season crop develops an intensely tangy, lemony flavor that becomes more pronounced as leaves mature. The bright, citrusy taste makes it ideal for finishing delicate fish dishes, enriching soups, or adding complexity to fresh salads. Sorrel thrives in well-drained, fertile soil under full sun and is remarkably easy to grow, though it requires vigilance against slugs, snails, and aphids. Harvest outer leaves regularly to encourage continuous production.",40,7-14 days,8 inches,12-18 inches,Full sun (6+ hours),"Regular, keep soil consistently moist","Well-drained, fertile soil",,Easy,,Perennial,Direct sow in spring after last frost or in late summer for fall harvest,Green,"8""","Elongated, lance-shaped leaves","Intense lemony and tart flavor with fresh, tangy notes that complement fish and rich dishes.","Fresh salads, soups, sauces, cocktails, fish dishes, compound butters, vinaigrettes, herbs",true,false,3,11,,"Slugs, snails, aphids","Leaf spot, rust",ncstate+johnnys,https://plants.windrivergreens.com/lettuce/sorrel
1473,bean,Northeaster,northeaster,Phaseolus vulgaris,"This early maturing Roma-type pole bean has a deliciously rich, sweet flavor. The 8"" long, 1"" wide, flat green pods are stringless and stay tender for long periods. Extra vigorous in the seedling stage with strong vine growth. white seeds. Pole bean; requires trellising.",56,7-10 days,6-8 feet,4-6 inches along trellis,Full sun (6+ hours),Regular; 1-1.5 inches per week with consistent moisture during flowering and pod development,Well-draining loam enriched with compost; slightly acidic to neutral preferred,,Easy,,Warm season annual,Direct sow outdoors after last frost when soil reaches 60°F (ideally 65-70°F); soak seeds overnight before planting,Bright green,"8""","Flat, 8 inches long, 1 inch wide","Rich, complex sweet flavor with subtle buttery and nutty undertones; tender and crisp when properly harvested","Steamed as a side dish, sautéed with garlic and oil, stir-fried, roasted, added to soups or salads, blanched and frozen",true,false,2,11,,"Bean beetles, spider mites, aphids, thrips","Powdery mildew, rust, bean mosaic virus, anthracnose",ncstate+johnnys,https://plants.windrivergreens.com/bean/northeaster
1478,root-vegetable,Summer Cross No. 3,summer-cross-no-3,Raphanus sativus var. longipinnatus,"Endorsed by critical growers and markets as the choice Japanese-style variety for mid- and late-summer harvest. Uniform, long, tapered white roots average 16"" x 2 1/2"". Late spring and summer sowing.",55,7-14 days,0 ft. 6 in. - 3 ft. 0 in.,4-6 inches,Full sun,"Regular, consistent moisture during growing season","Well-drained loam, deeply cultivated without compaction",,Easy,,Warm season annual,Direct sow in late spring to early summer for mid- and late-summer harvest,White,"16""","Long, tapered","Mild, slightly sweet flavor with tender texture typical of Japanese-style varieties.","Fresh eating, stir-fries, braising, pickling, soups",false,true,2,11,,,,johnnys,https://plants.windrivergreens.com/root-vegetable/summer-cross-no-3
1479,root-vegetable,Miyashige,miyashige,Raphanus sativus var. longipinnatus,"Crisp Japanese-type fall radish of highest quality. ""Stump-rooted"" cylindrical white roots are pale green near the crown and avg. 16-18"" long x 2 1/2-3"" wide. A crisp, tender variety for pickling and storage. For July and early August sowing.",50,7–10 days,0 ft. 6 in. - 3 ft. 0 in.,3–4 inches (row-to-plant spacing); 12–15 inches between rows,Full sun,Regular; consistent 1 inch per week through rainfall or irrigation. Inconsistent watering causes cracking and hollowing,"Well-drained, loose loam or sandy loam, pH 6.0–7.0; avoid compacted or clay-heavy soil",,Easy,,Warm season annual,Direct sow 1/2 inch deep in mid-July through early August for fall harvest. Time sowing so roots mature as temperatures drop to 60–70°F,White with pale green shoulders,"16-18""","Stump-rooted cylindrical, 16–18 inches long × 2.5–3 inches wide","Mild, subtly sweet, exceptionally crisp with minimal peppery bite when grown in cool fall conditions; pithy and hot-flavored if grown in heat or outside recommended season","Raw slicing, pickling, fermentation, stir-fries, soups, Japanese daikon preparations",true,false,2,11,,"Flea beetles, cabbage root maggots (preventable with row covers or cool-season timing)",Fungal leaf diseases (rare in cool-season fall growth; prevent with dry foliage),johnnys,https://plants.windrivergreens.com/root-vegetable/miyashige
1481,herb,Arat,arat,Petroselinum crispum,"Enjoy the flavor of fresh parsley for soups, salads, and stews throughout the winter. Keeps several months when stored in cool conditions. Once roots are established, tops can be used for cooking, with stronger flavor and tougher texture than traditional leaf parsley. Roots are 5-8"" long.",75,14-21 days,0-3 feet,6-8 inches,Full sun (6+ hours),"Regular; consistent moisture during establishment (first 6-8 weeks), then moderate once roots are established",Well-draining loam enriched with compost; loose texture to at least 10-12 inches depth for root development,,Easy,,Warm season annual,"Start indoors 6-8 weeks before last spring frost, or direct sow outdoors after last frost danger passes",Dark green foliage; cream to pale tan roots,"5-8""",Deeply lobed compound leaves; long tapered roots 5-8 inches,"Strong, robust herbal flavor more pungent than modern parsley varieties; roots with subtle sweet undertones","Soups, stews, braises, herbal infusions, root vegetable dishes, dried herb blends, fermented condiments",true,false,1,11,,"Parsley worm (swallowtail butterfly larvae), spider mites, aphids","Root rot (in waterlogged soil), powdery mildew (in humid conditions), leaf spot fungi",ncstate+johnnys,https://plants.windrivergreens.com/herb/arat
1482,lettuce,Premium Greens Mix,premium-greens-mix,Brassica spp.,"An amazing palette of greens and reds in an array of leaf shapes and textures. The flavors are equally diverse - spicy to mild to slightly sweet. Includes red mustard, red mizuna, green mustard, Chinese cabbage, and tatsoi. Varieties are subject to change depending upon availability.",21,7-10 days,0 ft. 10 in. - 2 ft. 0 in.,12-18 inches,Full sun to part shade,"Regular, consistent moisture; keep soil evenly moist","Well-draining, fertile soil rich in organic matter",,Easy,,Warm season annual,"Direct sow seeds after last frost, or succession plant every 2-3 weeks for continuous harvest","Green and red, mixed",,"Mixed leaf shapes including frilly, crinkled, and broad leaves",Diverse flavors ranging from spicy and peppery to mild and slightly sweet with excellent textural variety.,"Salads, fresh eating, garnishes, stir-fries, light cooking",true,false,6,9,,"Aphids, flea beetles, slugs, snails","Downy mildew, lettuce mosaic virus, root rot",johnnys,https://plants.windrivergreens.com/lettuce/premium-greens-mix
1483,lettuce,Elegance Greens Mix,elegance-greens-mix,Brassica spp.,"Colors range from dark- and bronze-red to shades of green. The combination of flavors and textures makes this a beautiful salad. This mix includes pac choi, red mustard, and mizuna. Varieties are subject to change depending upon availability.",21,7-10 days,0 ft. 10 in. - 2 ft. 0 in.,6-12 inches,Full sun to part shade,"Regular, consistent moisture","Well-drained soil rich in organic matter, neutral to slightly acidic",,Easy,,Warm season annual,"Direct sow after last frost, or start indoors 4-6 weeks before transplanting","Dark red, bronze-red, and green",,Mixed leaf shapes including elongated mizuna fronds and ruffled mustard leaves,Complex blend of mild tender greens with peppery mustard notes and delicate mizuna flavor,"Fresh salads, mixed greens, garnish, stir-fries, light cooking",true,false,6,9,,"Aphids, slugs, flea beetles, cabbage worms","Downy mildew, bottom rot, leaf spot",johnnys,https://plants.windrivergreens.com/lettuce/elegance-greens-mix
1484,berry,Alexandria,alexandria,Fragaria vesca,"Day-neutral. A gourmet treat and easy landscape plant. These decorative little plants produce delicious, aromatic red strawberries, about twice the size of wild berries but much smaller than the standard type. Perennials, Alpine strawberries stay compact and produce few runners, making them suitable for rock gardens, path edgings, pots, and window boxes. Initial harvest begins the first year, with full harvest beginning the second year. Grows best in Zones 5-8.Edible Flowers: Flowers add a mild, strawberry-like flavor if sprinkled on salads or when used as a garnish for drinks and desserts.",100-120,10-14 days,0 ft. 4 in. - 0 ft. 9 in.,12-18 inches,Full sun,"Regular, consistent moisture—approximately 1-1.5 inches per week","Well-drained, slightly acidic (pH 6.0-6.5), rich in organic matter",,Moderate,,Perennial,"Start indoors 8-10 weeks before last frost on surface of moist seed-starting mix without covering (requires light to germinate), or direct sow after last frost danger passes",Bright red,,"Small, conical berries, marble-sized","Intensely aromatic and sweet with complex floral, delicate strawberry flavor and concentrated taste—significantly more aromatic than standard strawberry varieties","Fresh eating, jam-making, smoothies, garnishes, cocktail decoration, edible flowers for salads and dessert garnish",true,false,5,9,,"Minimal pest pressure; occasional spider mites, slugs, and birds in areas with high populations","Generally disease-resistant; fungal issues (powdery mildew, leaf spot) possible in humid conditions with poor air circulation",johnnys,https://plants.windrivergreens.com/berry/alexandria
1485,brassica,Ruby Red or Rhubarb Chard,ruby-red-or-rhubarb-chard,Beta vulgaris,"Candy-apple red stems and bronze to dark green, red-veined leaves. Moderate bolt tolerance. NOTE: Young Ruby Red plants may go to seed if exposed to sustained night temperatures in the low 50s; time sowings to avoid these conditions. Decorticated (rubbed), sized seeds.",32,7-14 days,12-18 inches,6-8 inches,Full sun,"Regular, consistent moisture","Well-drained loam, moderately fertile",,Easy,,Warm season annual,"Direct sow after last frost risk, or start indoors 4-6 weeks before last frost","Red stems with dark green, red-veined leaves",,"Large, broad leaves with prominent red midribs","Mild, slightly sweet earthy flavor with tender red stems and smooth dark green leaves.","Salads, sautéed, soups, steamed, stir-fries, fresh smoothies",true,false,1,11,,"Flea beetles, spider mites, aphids, leaf miners","Leaf spot, powdery mildew, downy mildew",johnnys,https://plants.windrivergreens.com/brassica/ruby-red-or-rhubarb-chard
1487,herb,Mrs. Burns' Lemon,mrs-burns-lemon,Ocimum basilicum var. citriodora,"Very bright green, 2 1/2"" long leaves with white blooms make this basil both attractive and intensely flavorful. Ht. 20-24"".Edible Flowers: Use the flowers in any recipe that calls for basil, or to garnish drinks, salads, soups, pasta, and desserts. Flavor is of intense basil and citrus.",60,7-14 days,0-3 feet,12-18 inches,Full sun to partial shade (4-6+ hours),"Regular, keep consistently moist but not waterlogged","Well-drained, fertile soil, slightly acidic to neutral pH",,Easy,,Warm season annual,"Start indoors 6-8 weeks before last frost, or direct sow after last frost when soil is warm",Bright green with white flowers,"2 1/2""","Lanceolate leaves, small white flower spikes",Intensely aromatic basil with bright lemon citrus notes,"Fresh leaves in recipes, pasta dishes, salads, vinaigrettes, beverages, edible flowers for garnishing drinks, salads, soups, and desserts",true,false,10,10,,"Japanese beetles, spider mites, whiteflies, aphids","Fusarium wilt, powdery mildew, root rot",ncstate+johnnys,https://plants.windrivergreens.com/herb/mrs-burns-lemon
1488,herb,Bronze,bronze,Foeniculum vulgare,"Bronze is an heirloom fennel variety prized for its distinctive copper-bronze foliage that sets it apart from traditional green fennel. This productive herb reaches maturity in 50-60 days and develops a sweet anise flavor that evolves from mild in young plants to rich and intensely fragrant when fully mature. The bronze coloring becomes more pronounced as the plant matures, making it visually striking in gardens. Bronze fennel is valued both as a culinary herb for its superior flavor depth and as an ornamental addition to herb and perennial gardens, thriving in full sun with well-drained soil.",50-60,7-14 days,4-6 feet,12-18 inches,Full sun (6+ hours),"Regular, consistent moisture during growing season","Well-drained soil, slightly acidic to neutral",,Easy,,Tender Perennial,Direct sow after last frost date or start indoors 6-8 weeks before last frost,Bronze-green foliage,"8-12""","Feathery, finely textured foliage",Sweet anise flavor that develops from mild in young plants to fuller and more intense in mature plants.,"Salads, coleslaws, dressings, garnish, fish dishes, potato dishes, tomato dishes, beef dishes",true,false,4,9,,"Swallowtail butterfly caterpillars, spider mites, aphids","Root rot in poorly drained soil, powdery mildew in humid conditions",ncstate+johnnys,https://plants.windrivergreens.com/herb/bronze
1489,tomato,Toma Verde,toma-verde,Physalis philadelphica,"Early maturing, large, flat-round green fruits. Use in salsa or Mexican cooking.",60,7-14 days,3-4 feet,24-30 inches,Full sun (6+ hours),Regular—1-2 inches per week; consistent moisture prevents blossom end rot and cracking,"Well-drained loam enriched with compost or aged manure, pH 6.0-6.8",,Moderate,,Warm season annual,Start indoors 6-8 weeks before last spring frost; transplant outdoors after soil reaches 60°F and frost danger passes. Or direct sow outdoors 1-2 weeks after last frost in warm climates.,Green,,Flat-round,"Distinctly tart, herbaceous, and grassy with bright acidity; not sweet. Designed for cooking and salsa, not fresh eating.","Salsa verde, roasted sauces, Mexican cooking, pickling, canning, freezing for cooked applications",true,false,1,11,,"Hornworms, spider mites, whiteflies, aphids","Early blight, septoria leaf spot, late blight, fusarium wilt",ncstate+johnnys,https://plants.windrivergreens.com/tomato/toma-verde
1491,herb,Common Mint,common-mint,Mentha spp.,"Use to flavor salad mix, main dishes, ice cream, and drinks. Variety not stated since mint does not grow true-to-type from seed. Edible Flowers: The flowers add a minty flavor to salads, soups, desserts, and drinks.",70-80,7-14 days,1 ft. 0 in. - 2 ft. 0 in.,12-18 inches,Full sun to part shade,"Regular, keep soil consistently moist but not waterlogged","Well-draining, moderately fertile soil; prefers slightly acidic to neutral pH",,Easy,,Perennial,"Start indoors 6-8 weeks before last frost, or direct sow after last frost",Green,,Oval to lance-shaped leaves,"Fresh, cool, and distinctly minty with subtle sweetness; bright and invigorating.","Salads, main dishes, ice cream, beverages, desserts, soups, tea, cocktails, edible garnish",true,false,4,9,,"Spider mites, aphids, mint flea beetles","Powdery mildew, rust, leaf spot",johnnys,https://plants.windrivergreens.com/herb/common-mint
1494,herb,Spicy Bush,spicy-bush,Ocimum basilicum var. minimum,"Spicy/sweet basil flavor packed into 1"" long leaves. Decorative plants are great for growing in small spaces, pots, or garden beds. Plants are about twice the size of Pluto. Ht. 8-14"".",50-55,7-14 days,0-3 feet,12-18 inches,Full sun to partial shade (4-6+ hours),"Regular, consistent moisture; keep soil evenly moist but not waterlogged","Well-drained, fertile soil with moderate organic matter",,Easy,,Warm season annual,"Start indoors 6-8 weeks before last frost, or direct sow after last frost once soil is warm",Green,"1""",Bush,"Spicy and sweet basil flavor with aromatic notes, concentrated in small 1-inch leaves.","Fresh garnish, pesto, pasta dishes, salads, herbal teas, Italian cuisine",true,false,10,10,,"Japanese beetles, spider mites, aphids, whiteflies","Fusarium wilt, root rot, bacterial spot, powdery mildew",ncstate+johnnys,https://plants.windrivergreens.com/herb/spicy-bush
1498,herb,Cutting Celery,cutting-celery,Apium graveolens var. secalinum,"Easier to grow than standard celery. A versatile ingredient for salads, soups, stews, and vegetable medleys. Can be marketed in bunches or salad mixes. Also known as leaf celery. Also available in organic seed.",80-85,7-14 days,1-3 feet,12-18 inches,Full sun (6+ hours),"Regular, consistent moisture; keep soil evenly moist","Well-drained, fertile soil with consistent moisture",,Easy,,Warm season annual,"Start indoors 6-8 weeks before last frost, or direct sow after last frost",Green,,"Feathery, leafy foliage","Delicate celery flavor, milder and more tender than standard celery, with aromatic herbal notes.","Salads, soups, stews, vegetable medleys, garnishes, fresh herb blends, salad mixes",true,false,3,6,,"Celery leaf miners, aphids, slugs","Leaf spot, septoria, early blight",ncstate+johnnys,https://plants.windrivergreens.com/herb/cutting-celery
1501,herb,Creeping,creeping,Thymus serpyllum,"Creeping is an heirloom herb variety characterized by its low-growing, spreading growth habit that makes it ideal for ground cover or container cultivation. Reaching maturity in 90-95 days, this easy-to-grow herb thrives in full sun and well-drained soil while tolerating poor soil conditions remarkably well. The creeping form sets it apart from upright varieties, offering both ornamental appeal and practical utility in herb gardens.",90-95,10-14 days,2-3 inches,12-18 inches,Full sun (6+ hours),Drought tolerant once established; moderate water during initial growth phase,"Well-drained soil, tolerates poor soil conditions",,Easy,,Perennial,Direct sow after last frost or start indoors 6-8 weeks before last frost,Lavender,,"Round leaves with slender, creeping stems",,,true,false,4,9,,,,ncstate+johnnys,https://plants.windrivergreens.com/herb/creeping
1523,flower,Trailing Nasturtium Mix,trailing-nasturtium-mix,Tropaeolum majus,"Flowers in red, rose, orange, and yellow. Perfect for hanging baskets and containers, or even as a ground cover. Will ""climb"" if tied to upright supports. Also known as garden nasturtium and Indian cress.Edible Flower: Use the flowers as garnishes, or stuff with soft cheese. The flowers can be minced and added to butters and the immature seed heads can be pickled. Nasturtiums are a popular choice for adding color to salad mix. Peppery-flavored foliage is also edible.",55-65,7-14 days,1-10 feet,12-18 inches,Full sun to partial shade (4-6+ hours),Moderate; water regularly but allow soil to dry between waterings,"Well-drained, poor to moderately fertile soil; tolerates sandy or clay soils",,Easy,,Warm season annual,"Direct sow after last frost when soil is warm, or start indoors 6-8 weeks before last frost","Red, rose, orange, and yellow",,Funnel-shaped flowers with ruffled petals,"Peppery, slightly spicy flavor with subtle peppermint undertones, similar to watercress.","Salad garnish, cheese stuffing, butter infusion, pickled seed heads, edible foliage accent",true,false,2,11,,"Aphids, whiteflies, cabbage moths","Powdery mildew, leaf spot, stem rot in humid conditions",ncstate+johnnys,https://plants.windrivergreens.com/flower/trailing-nasturtium-mix
1524,flower,Alaska Mix,alaska-mix,Tropaeolum minus,"Improved strain of brilliant 2"" single flowers in yellow, crimson, orange, salmon and cherry. Compact, mound-shaped plants. Also known as garden nasturtium and Indian cress. Edible Flower: Use the flowers as garnishes, or stuff with soft cheese. The flowers can be minced and added to butters and the immature seed heads can be pickled. Nasturtiums are a popular choice for adding color to salad mix. Peppery-flavored foliage is also edible.",55-65,7-10 days,1-10 feet,12-18 inches,Full sun (6+ hours),Moderate; drought tolerant once established,"Average to poor, well-drained soil; tolerates sandy or loamy soils, slightly acidic to neutral",,Easy,,Warm season annual,Direct sow seeds after last frost when soil has warmed; do not start indoors,"Yellow, crimson, orange, salmon, and cherry","2""","2-inch single flowers, mound-shaped plants","Peppery, slightly spicy flowers with subtle sweetness; peppery foliage","Flower garnishes, salad additions, cheese filling, minced into butters, pickled seed pods, edible foliage",true,false,2,11,,"Aphids, whiteflies, cucumber beetles","Powdery mildew, leaf spot",ncstate+johnnys,https://plants.windrivergreens.com/flower/alaska-mix
1558,flower,Jewel Mix,jewel-mix,Tropaeolum minus,"These bright, 2"" blooms of red, pink, orange, and yellow are held above light green foliage. Mounded plant habit. Also known as garden nasturtium and Indian cress. Edible Flower: Use the flowers as garnishes, or stuff with soft cheese. The flowers can be minced and added to butters and the immature seed heads can be pickled. Nasturtiums are a popular choice for adding color to salad mix. Peppery-flavored foliage is also edible.",55-65,7-12 days,1-10 feet,12-18 inches,Full sun (6+ hours),"Moderate, drought tolerant once established","Well-drained soil, tolerates poor soil conditions",,Easy,,Warm season annual,Direct sow after last frost date,"Red, pink, orange, and yellow","2""","2-inch rounded blooms, mounded plant habit","Peppery, slightly spicy flavor reminiscent of watercress and radishes, with edible flowers and foliage","Flower garnishes, salad mix, stuffed appetizers (with soft cheese), pickled seed pods, flavored butters, edible foliage",true,false,2,11,,"Aphids, whiteflies, spider mites","Powdery mildew, leaf spot",ncstate+johnnys,https://plants.windrivergreens.com/flower/jewel-mix
1658,allium,Bandit,bandit,Allium porrum,"Bandit has beautiful very dark blue-green, upright leaves and good uniformity. The shank grows very thick with minimal bulbing. NOTE: For ease of sowing, Bandit's seed is coated with an inert, NOP-compliant film.",120,10-14 days,1-3 feet,4-6 inches,Full sun to partial shade (4-6+ hours),"Regular, consistent moisture","Well-drained, fertile loam",,Easy,,Warm season annual,"Start indoors 6-8 weeks before last frost, or direct sow in early spring",Dark blue-green,,"Upright, linear leaves with thick shank",Mild to moderately strong onion-garlic flavor with a clean profile.,"Cooking, seasoning, fresh use, soups, stews",true,false,4,9,,"Onion maggots, thrips, cutworms","Pink root, fusarium basal rot, downy mildew",ncstate+johnnys,https://plants.windrivergreens.com/allium/bandit
1672,tomato,De Milpa,de-milpa,Physalis philadelphica,"In Mexico, these tomatillos grow unattended in family corn fields and are harvested for home use and for selling in town on market day. High dry matter, small to medium-round fruits store fresh for several weeks, handy for fresh salsa. Portions of the fruits blush with purple, especially after harvest.",70,7-14 days,3-4 feet,24-30 inches,Full sun (6+ hours),"Regular; 1-1.5 inches per week, more frequent during fruiting and in containers","Well-drained soil, slightly acidic to neutral pH (6.0-7.0), enriched with compost or aged manure",,Moderate,,Warm season annual,"Start indoors 6-8 weeks before last frost, transplant outdoors after nighttime lows consistently exceed 55°F",Green with purple blush after harvest,,Small to medium round,"Balanced tart-citrus with subtle sweetness, concentrated flavor from high dry matter content, ideal for fresh salsa","Fresh salsa, salsa verde, roasted tomatillo dishes, fermenting, freezing for cooked applications",true,false,1,11,,"Hornworms, flea beetles, whiteflies (in warm climates)","Early blight, septoria leaf spot (in humid conditions), fusarium wilt (rare in well-drained soil)",ncstate+johnnys,https://plants.windrivergreens.com/tomato/de-milpa
1679,bean,Marvel of Venice,marvel-of-venice,Phaseolus vulgaris,"Full of flavor, the 8-9"" pods are 3/4"" wide and borne on vigorous vines. This white-seeded variety is remarkably early (earlier than the black-seeded variety with the same name). Pole bean; requires trellising.",54,7-14 days,6-8 feet,4-6 inches,Full sun (6+ hours),Regular,Well-drained soil,,Easy,,Warm season annual,Direct sow after last frost when soil is warm,Green pods,"8-9""","Long, slender pods","Full flavored with tender, mild taste and excellent culinary qualities.","Fresh eating, steaming, sautéing, cooking, bean salads",true,false,2,11,,"Bean beetles, aphids, spider mites, bean weevils","Bean rust, anthracnose, bean mosaic virus",ncstate+johnnys,https://plants.windrivergreens.com/bean/marvel-of-venice
1680,herb,Giant of Italy,giant-of-italy,Petroselinum crispum,"Huge dark green leaves with great flavor. Strong, upright stems make Giant of Italy one of the best parsley varieties for fresh-market sales. Very high-yielding flat-leaf type. Ht. 18-20"".",75,7-14 days,0-3 feet,9-12 inches,Full sun (6+ hours),"Regular, consistent moisture","Well-draining, fertile soil with moderate organic matter",,Easy,,Biennial,Direct sow after last frost or start indoors 6-8 weeks before last frost,Dark green,"18-20"".","Flat, broad leaves on upright stems","Strong, fresh, robust parsley flavor with excellent depth and intensity from large dark green leaves.","Garnishing, sauces, soups, stews, chimichurri, fresh salads, herb blends, culinary presentations",true,false,3,11,,"Parsley worms, spider mites, aphids","Leaf spot, powdery mildew, septoria blight",ncstate+johnnys,https://plants.windrivergreens.com/herb/giant-of-italy
1681,herb,Grosfruchtiger,grosfruchtiger,Foeniculum vulgare,"Nonbulbing type. We found Grosfruchtiger to be the most flavorful fennel in our trials. Leaves are a nice addition to salads, coleslaw, and dressings.Flavor in fennel develops and intensifies as plants mature. Very young plants (baby-leaf stage) will have a mild fennel flavor, while mature plants (8-12"" tall) will have a fuller fennel flavor. Edible Flowers: The florets are used to garnish savory dishes, and pair well with fish, potato, tomato, and beef dishes. Flavor is of sweet anise.",50-60,7-14 days,4-6 feet,12-18 inches,Full sun (6+ hours),"Moderate, consistent moisture; 1-1.5 inches per week",Well-drained soil rich in organic matter,,Easy,,Tender Perennial,"Direct sow after last spring frost, ¼ inch deep",Bright green foliage with yellow-gold flowers,"8-12""","Feathery, finely divided foliage; delicate flower clusters","Sweet anise with intensifying complexity as plants mature; very young plants have mild fennel flavor, while 8-12 inch mature plants deliver full, warmer anise notes with licorice undertones","Fresh salad leaves, coleslaw, herb dressing, garnish, edible flowers for fish and tomato dishes, infused oils and vinegars",true,false,4,9,,"Fennel is generally pest-resistant but may occasionally encounter swallowtail butterfly caterpillars, spider mites in dry conditions, and aphids",Fennel is generally disease-resistant; root rot possible in waterlogged soil,ncstate+johnnys,https://plants.windrivergreens.com/herb/grosfruchtiger
1685,root-vegetable,Alpine,alpine,Raphanus sativus var. longipinnatus,"Alpine, with its 5-8"" x 2-2 1/2"" roots, is the most common type grown for kimchi in Korea. The smooth, attractive roots are white with green shoulders, and are sweeter than the long white Japanese types. A better choice than the long types for rocky soils and better flavor, especially in warm weather. Bolt tolerance makes it suitable for spring and summer sowings. For fresh use, pickling/fermenting, and storage.",55,7-10 days,0 ft. 6 in. - 3 ft. 0 in.,4-6 inches,Full sun,"Regular, consistent moisture; 1-1.5 inches per week","Well-drained loam, slightly acidic to neutral pH (6.0-7.0)",,Easy,,Warm season annual,Direct sow seeds 1/4 inch deep after last frost; can sow succession plantings every 2-3 weeks through summer,White with green shoulders,"5-8""","Compact cylindrical roots, 5-8 inches long by 2-2.5 inches diameter","Sweet, crisp, and slightly peppery with excellent flavor consistency in warm weather, sweeter than long white Japanese types.","Kimchi, pickling, fermenting, fresh eating, storage",false,true,2,11,,"Flea beetles, cabbage root maggots, aphids","Clubroot, leaf spot, white rust",johnnys,https://plants.windrivergreens.com/root-vegetable/alpine
1688,bean,Tohya,tohya,Glycine max,"Plump pale green pods avg. 3 seeds per pod. Excellent eating quality. Compact plants avg. 2' and have a concentrated set, which allows for hand or machine harvest. For retail sales, harvest whole plants and strip the leaves, leaving the pods on the stalks. Determinate. White pubescence. Bush bean.",78,7-14 days,12-24 inches,4-6 inches,Full sun (6+ hours),Moderate — regular watering,"Well-drained loam, neutral pH",,Easy,,Warm season annual,Direct sow after last frost when soil temperature is at least 60°F,Pale green,,Determinate,"Mild, sweet, and tender with excellent eating quality and plump pods averaging 3 seeds per pod.","Fresh consumption, steaming, boiling, stir-frying, canning",true,false,11,11,,"Bean beetles, spider mites, aphids, slugs","Bean rust, anthracnose, common bean mosaic virus",usda+ncstate+johnnys,https://plants.windrivergreens.com/bean/tohya
1690,bean,Velour,velour,Phaseolus vulgaris,"""Extra-fine"" grade beans are 4-5"" long with straight, slender, bright purple pods. Turns green upon cooking. Medium-size upright plants yield well. Small, light brown seeds. Bush bean.",51,7-10 days,18-24 inches,4-6 inches,Full sun (6+ hours),Regular,Well-drained loam,,Easy,,Warm season annual,Direct sow after last frost when soil temperature reaches 60°F,Purple (turns green when cooked),"4-5""",Bush,"Tender, fine-textured with mild, slightly sweet delicate flavor; turns green upon cooking.","Steaming, sautéing, blanching, fresh eating, side dishes",true,false,2,11,Halo Blight (High); One or more races of Bean Mosaic Virus (High),"Bean beetles, spider mites, aphids","Bean rust, powdery mildew, anthracnose",ncstate+johnnys,https://plants.windrivergreens.com/bean/velour
1693,allium,Megaton,megaton,Allium porrum,"Early maturing and good field holding of long, thick shanks creates a very high yield potential. Less bulbing and splitting, and easier to peel than open-pollinated varieties. Vigorous and uniform.",90,7-10 days,1-3 feet,4-6 inches in rows 12-18 inches apart,Full sun to partial shade (4-6+ hours),"Regular, consistent moisture throughout growing season","Well-drained loam, slightly acidic to neutral pH (6.0-7.0)",,Easy,,,"Start seeds indoors 6-8 weeks before last frost, or transplant sets directly in spring",Yellow-gold,,"Long, thick bulbs with prominent shanks",Mild to moderately pungent onion flavor with good storage quality and excellent keeping ability.,"Fresh slicing, caramelizing, grilling, long-term storage, processing, dehydration",false,true,4,9,,"Onion maggots, thrips, cutworms, wireworms","Fusarium basal rot, pink root, downy mildew, white rot",ncstate+johnnys,https://plants.windrivergreens.com/allium/megaton
1694,bean,Red Noodle,red-noodle,Vigna unguiculata,"16-20"" long beans are borne in clusters of up to four beans each. Healthy, vigorous plants. Sweet flavor. Burgundy color will fade when cooked. Red seeds. Pole bean; requires trellising.",85,7-14 days,5-10 feet,6-8 inches,Full sun (6+ hours),Moderate — regular watering,"Well-drained loam, fertile, moderate to high nitrogen",,Easy,,Warm season annual,Direct sow after last frost when soil temperature reaches 60°F,"Burgundy, fades to green when cooked","16-20""","Long, slender pods (16-20 inches), borne in clusters","Sweet, tender flavor with a mild, delicate taste ideal for stir-fries and Asian dishes.","Stir-fries, Asian cuisine, fresh vegetable dishes, steaming, sautéing",true,false,11,11,,"Bean beetles, spider mites, aphids, whiteflies","Bean rust, anthracnose, mosaic virus",usda+ncstate+johnnys,https://plants.windrivergreens.com/bean/red-noodle
1698,allium,Conservor,conservor,Allium cepa var. aggregatum,These reddish-copper shallots have an elongated shape with fewer splits and are suitable for long storage. Conservor does not typically divide into multiple bulbs like traditional shallots. Adaptation: 37-60&deg; latitude. Also available in organic seed and in organic seed with NOP-compliant pelleting.,110,,12-18 inches,6-8 inches,Full sun (6+ hours),Moderate,Well-drained loam,,Easy,,Warm season annual,"Plant sets or seed in early spring or fall, 2-3 weeks before soil freezes",Reddish-copper,,Elongated,"Mild and sweet with subtle copper undertones, characteristic of premium shallot varieties.","Cooking, caramelizing, vinaigrettes, roasting, seasoning",false,true,5,10,,,,ncstate+johnnys,https://plants.windrivergreens.com/allium/conservor
1703,lettuce,Red Veined Sorrel,red-veined-sorrel,Rumex sanguineus,"Bright green leaves with contrasting, dark maroon stems and veins. Same sharp, tangy flavor as regular sorrel. Best variety for indoor production. Best when harvested young for salad mix as large leaves are tough. Also available in organic seed.",50,7-14 days,12-18 inches,12-18 inches,Full sun (6+ hours),"Regular, consistent moisture","Well-drained, slightly acidic to neutral loam",,Easy,,Warm season annual,"Direct sow after last frost in spring, or sow in late summer for fall harvest",Bright green with dark maroon veins and stems,,"Broad, lance-shaped leaves","Sharp, tangy, lemony flavor characteristic of sorrel","Salads, salad mixes, soups, sauces, garnishes, cooked greens",true,false,4,8,,"Aphids, slugs, snails","Powdery mildew, leaf spot",ncstate+johnnys,https://plants.windrivergreens.com/lettuce/red-veined-sorrel
1708,herb,Orange Thyme,orange-thyme,Thymus fragrantissimus,"Upright, branching plants produce gray-green leaves. The aroma is sharp and citrus-like. Orange Thyme is distinctly sweeter and less pungent than German Winter and Summer thyme. Growth habit and winter hardiness are similar to Summer thyme. Tender perennial in Zones 6-8. Also known as Orangelo thyme.",90-95,7-14 days,0 ft. 6 in. - 1 ft. 0 in.,12-18 inches,Full sun (6+ hours),Moderate; drought tolerant once established,"Well-draining loam or sandy soil, slightly acidic to neutral",,Easy,,Tender Perennial,"Start indoors 6-8 weeks before last frost, or direct sow after last frost date",Gray-green,,"Narrow, upright branching foliage","Sweet citrus flavor with subtle herbal notes, distinctly less pungent than common thyme varieties.","Seasoning meats and poultry, infusing oils and vinegars, herbal teas, Mediterranean cuisine, desserts and citrus pairings",true,false,5,9,,,,ncstate+johnnys,https://plants.windrivergreens.com/herb/orange-thyme
1714,bean,Amethyst,amethyst,Phaseolus vulgaris,"Thinner, straighter, and more attractive than Royal Burgundy. Pods avg. 5-5 1/2"" long and are set high on upright plants. Very good flavor raw or cooked. Pods turn green when cooked. Tan seeds. Bush bean.",56,7-14 days,12-18 inches,4-6 inches,Full sun (6+ hours),Regular,"Well-drained, fertile soil",,Easy,,Warm season annual,Direct sow after last frost when soil temperature reaches 60°F,Deep purple,"5-5 1/2""",Bush,"Very good flavor both raw and cooked, with tender mild taste and slight sweetness; turns green when cooked.","Fresh eating, cooking, steaming, stir-fries",true,false,2,11,One or more races of Bean Mosaic Virus (High),"Bean beetles, spider mites, aphids","Bean anthracnose, rust, powdery mildew",ncstate+johnnys,https://plants.windrivergreens.com/bean/amethyst
1719,squash,Autumn Colors Cushaw,autumn-colors-cushaw,Cucurbita mixta,"Unusual, tri-colored fruits have green bottoms, light orange tops, and white stripes from top to bottom. Avg. 4-10 lb. Great for decorating.",105,7-10 days,1-5 feet,18-24 inches,Full sun (6+ hours),"Regular, 1-2 inches per week","Well-drained loam with organic matter, neutral to slightly acidic",,Moderate,,Warm season annual,"Direct sow after last frost when soil is 70°F+, or start indoors 4-6 weeks before last frost","Green, orange, and white tri-colored",4-10 lb.,Bulbous with curved neck,,"Baking, cooking, soup, puree",false,true,5,10,,"Squash vine borers, cucumber beetles, squash bugs","Powdery mildew, downy mildew, bacterial wilt",ncstate+johnnys,https://plants.windrivergreens.com/squash/autumn-colors-cushaw
1725,bean,Monte Gusto,monte-gusto,Phaseolus vulgaris,"This elegant, flavorful wax bean is a clear improvement over older varieties. Pods mature at 8-8 1/2"" but may also be harvested as very attractive filet beans at 7"". Better-tasting than bush wax beans. Brown seeds. Pole bean; requires trellising.",58,7-14 days,6-8 feet,6 inches,Full sun (6+ hours),"Regular, consistent moisture during growing season","Well-drained, fertile soil with moderate organic matter",,Easy,,Warm season annual,"Direct sow after last frost when soil is warm, or start indoors 4-6 weeks before last frost",Golden yellow,"8-8 1/2""",Bush,Elegant and refined flavor with superior taste compared to standard wax bean varieties.,"Steamed, sautéed, fresh, side dish, salads",true,false,2,11,,"Bean beetles, aphids, spider mites","Bacterial blight, powdery mildew, anthracnose",ncstate+johnnys,https://plants.windrivergreens.com/bean/monte-gusto
1726,bean,Carminat,carminat,Phaseolus vulgaris,"Much nicer than older purple pole bean varieties. Harvest pods at 8-9"". Excellent, rich, and slightly sweet flavor. Suitable for fresh use in salads or cooked. Beans turn green when cooked. Tan seeds. Pole bean; requires trellising.",62,7-14 days,4-5 feet,6-8 inches,Full sun (6+ hours),"Regular, consistent moisture","Well-drained loam, slightly acidic to neutral",,Easy,,Warm season annual,Direct sow after last frost when soil is warm,Purple,"8-9"".","Long, slender pods","Rich, excellent flavor with a slight sweetness; pods turn green when cooked.","Fresh salads, cooked vegetables, steaming, sautéing",true,false,2,11,,"Bean beetles, spider mites, aphids","Bean rust, powdery mildew, anthracnose",ncstate+johnnys,https://plants.windrivergreens.com/bean/carminat
1727,bean,Vroma,vroma,Vicia faba,"Vroma produces large, 6 1/2-7"" pods with 4-5 large seeds. Cook like a shell bean when the seeds are pale green. Strong, heat tolerant plants resist lodging. Light brown seeds. Bush bean.",75,7-10 days,18-24 inches,6 inches,Full sun (6+ hours),Regular—1 to 1.5 inches per week; consistent moisture preferred,Well-drained loam with organic matter; pH 6.0-7.0,,Easy,,Warm season annual,"Direct sow 1 inch deep after last frost date, once soil reaches 60°F minimum",Light brown seeds; green pods,"6 1/2-7""",Bush,"Mild, slightly sweet, creamy texture when cooked as fresh shell bean; tender without starchiness of dried beans","Fresh shell beans for stews, risotto, soups; dried beans for long-term storage and cooking",true,false,1,11,,"Bean beetles, spider mites, aphids","Powdery mildew, anthracnose, rust",ncstate+johnnys,https://plants.windrivergreens.com/bean/vroma
1728,bean,Dragon's Tongue,dragon-s-tongue,Phaseolus vulgaris,"Avg. 6-6 1/2"" flat pods are pale yellow with purple streaks. They are tender, sweet, and good in salads or cooked. Purple disappears upon cooking. Tan seeds with dark speckles. Bush bean.",57,7-10 days,18-24 inches,"4-6 inches between plants, 18-24 inches between rows",Full sun (6+ hours),"Regular, consistent moisture; soil should remain evenly moist but not waterlogged",Well-drained loam enriched with compost; avoid nitrogen-heavy fertilizers,,Easy,,Warm season annual,Direct sow 1 inch deep after last frost date when soil reaches 60°F (ideally 70°F); do not start indoors,Pale yellow with deep purple streaks,"6-6 1/2""",Bush,"Tender, sweet, buttery with subtle richness; excellent fresh or lightly cooked","Fresh snap beans in salads, light steaming, sautéing, blanching and freezing, dried seed production",true,false,2,11,,"Bean beetles, spider mites, aphids","Bean rust, root rot in waterlogged conditions, powdery mildew in humid climates",ncstate+johnnys,https://plants.windrivergreens.com/bean/dragon-s-tongue
1733,herb,Orazio,orazio,Foeniculum vulgare,"Crisp and flavorful with a nice anise flavor. Highly uniform. Due to its heavier bulbs, Orazio has a higher yield potential than flatter, open-pollinated fennels. Suitable for late summer and early fall harvest in most areas. It also can be transplanted in January for an April harvest in areas with mild winters, such as coastal California. Also available with NOP-compliant pelleting.",50,7-14 days,4-6 feet,12-18 inches,Full sun (6+ hours),"Regular, consistent moisture; approximately 1-1.5 inches per week","Well-drained soil, slightly acidic to neutral pH (6.0-7.0)",,Easy,,Warm season annual,"Direct sow in late spring or early summer, or transplant seedlings started indoors 4-6 weeks before planting",Pale green to white,,"Compact, rounded bulbs with upright foliage",Crisp texture with a distinctive anise flavor that is well-balanced and highly flavorful.,"Raw in salads, roasted, braised, grilled, used in Italian and Mediterranean dishes, seed and foliage for garnishing",false,true,4,9,,"Aphids, spider mites, cutworms","Powdery mildew, root rot in poorly drained soils",ncstate+johnnys,https://plants.windrivergreens.com/herb/orazio
1734,herb,Wega,wega,Petroselinum crispum,"Wega's upright habit makes it easy to harvest the dark green leaves. Suitable for field or container production. Curled-leaf type. Plant Variety Protected. Ht. 12-18"".",75,14-21 days,0-3 feet,6-8 inches,Full sun (6+ hours),Regular; consistently moist soil but not waterlogged,"Well-draining soil rich in organic matter, neutral to slightly alkaline pH",,Easy,,Biennial,"Start indoors 6-8 weeks before last spring frost, transplant after frost. Direct sow outdoors after soil temperature reaches 50°F in spring.",Dark green,"12-18"".","Densely curled, ruffled leaves","Bright, fresh, slightly peppery herbal flavor characteristic of curled-leaf parsley varieties","Garnish, salads, herb butters, soups, sauces, grain dishes, chimichurri-style preparations",true,false,3,11,,"Spider mites (especially indoors), aphids, slugs","Powdery mildew, leaf spot",ncstate+johnnys,https://plants.windrivergreens.com/herb/wega
1735,bean,Dulcina,dulcina,Phaseolus vulgaris,"The sweet medium-green pods avg. 5 1/2-6 x 3/4"", and are borne on large semi-upright plants. White seeds. Plant Variety Protected. Bush bean.",53,7-14 days,18-24 inches,4-6 inches,Full sun (6+ hours),Regular,Well-drained soil,,Easy,,Warm season annual,Direct sow after last frost when soil temperature reaches 60°F,Medium green,"3/4""",Bush,"Sweet, tender snap beans with a mild, delicate flavor ideal for fresh eating or light cooking.","Fresh eating, steaming, sautéing, stir-frying, light cooking, snap bean salads",true,false,2,11,One or more races of Bean Mosaic Virus (High),"Mexican bean beetles, bean aphids, spider mites","Bean rust, anthracnose, powdery mildew",ncstate+johnnys,https://plants.windrivergreens.com/bean/dulcina
1759,root-vegetable,Mini Mak,mini-mak,Raphanus sativus var. longipinnatus,"At 4-5"" long x 1 1/2"" wide, it is well-suited for bunching. Authentic sweet and mildly spicy flavor. Highly uniform with good bolt tolerance for spring and summer sowings. 3"" in-row spacing is optimal.",50,7-10 days,0 ft. 6 in. - 3 ft. 0 in.,3 inches,Full sun,"Regular, consistent moisture","Well-drained, fertile soil",,Easy,,Warm season annual,Direct sow after last spring frost; succession plant every 2-3 weeks,Orange,"4-5""","Slender, tapered root","Sweet with a subtle, mildly spicy flavor; authentic and balanced.","Fresh eating, cooking, roasting, bunching, salads",false,true,2,11,,"Carrot rust fly, flea beetles","Carrot root rot, alternaria leaf blight",johnnys,https://plants.windrivergreens.com/root-vegetable/mini-mak
1795,herb,Darki Green,darki-green,Petroselinum crispum,"A very dark green selection of the Moss Curled type. Use it for garnishes, salads, and cooking. It performs well in containers and the field, allowing for multiple cuttings per season from one planting. Upright leaves make harvesting easy. Tolerates light frost. Curled-leaf type. Ht. 12-16"".",75,7-14 days,0-3 feet,12-18 inches,Full sun (6+ hours),"Regular, consistent moisture","Well-drained, fertile soil",,Easy,,Biennial,Direct sow after last frost or start indoors 6-8 weeks before last frost,Dark green,"12-16"".","Curled, frilly leaves","Fresh, herbaceous, slightly peppery flavor characteristic of parsley","Garnish, salads, sauces, stocks, soups, Mediterranean cooking",true,false,3,11,,"Parsley worms, spider mites, aphids","Root rot, powdery mildew, septoria leaf spot",ncstate+johnnys,https://plants.windrivergreens.com/herb/darki-green
1802,bean,Affirmed,affirmed,Phaseolus vulgaris,"Plants are upright and compact, producing high yields of straight and glossy 5-6"" dark green pods. Good disease resistance. More uniform beans, more upright plant habit, and more concentrated set than other green snap varieties. White seeds. Bush bean. Plant Variety Protected.",56,7-10 days,18-24 inches,4-6 inches,Full sun (6+ hours),"Regular, consistent moisture",Well-drained loam,,Easy,,Warm season annual,Direct sow after last frost when soil temperature is 60°F or warmer,Dark green,"5-6""",Bush,"Tender, crisp snap beans with a clean, fresh flavor, best harvested at 5-6 inches for optimal eating quality.","Fresh eating, steaming, stir-frying, roasting, blanching and freezing",false,false,2,11,Anthracnose (High); Bacterial Brown Spot (Intermediate); Halo Blight (High); One or more races of Bean Mosaic Virus (High),"Bean beetles, spider mites, aphids","Bean rust, anthracnose, bacterial brown spot",ncstate+johnnys,https://plants.windrivergreens.com/bean/affirmed
1803,bean,Karikachi,karikachi,Glycine max,"Very tall, upright plants are sturdy and vigorous, producing large plump pods averaging three seeds each. Tastes great when steamed. Larger yields than Tohya and strong resistance to lodging. Indeterminate. Light tan pubescence. Bush bean.",85,7-14 days,12-24 inches,"4-6 inches in rows, 18-24 inches between rows",Full sun (6+ hours),Moderate — regular watering,"Well-drained loam, moderately fertile",,Easy,,Warm season annual,Direct sow after last frost date when soil temperature is 60°F or warmer,Light tan,,Indeterminate,"Sweet, mild bean flavor with tender pods, particularly delicious when steamed.","Steaming, fresh pod consumption, dried beans for storage",true,false,11,11,,"Bean beetles, aphids, spider mites","Bean rust, anthracnose, powdery mildew",usda+ncstate+johnnys,https://plants.windrivergreens.com/bean/karikachi
1804,squash,Tetsukabuto,tetsukabuto,Cucurbita maxima x C. moschata,"An innovative kabocha/butternut cross that produces high yields even under stress. Unique parentage bestows resistance to vine borers and powdery mildew. Cooks will appreciate its sweet, nutty flavor and versatility in the kitchen. Exceptionally long storage potential. NOTES: 1) Cure 6 weeks before eating. 2) Must be grown near butternut, kabocha, hubbard, or buttercup squash to produce fruit. Avg. weight: 3-5 lb.",100,7-10 days,4-6 feet,36-48 inches,Full sun (6+ hours),"Regular, consistent moisture; approximately 1-1.5 inches per week","Well-drained, fertile loam with moderate organic matter",,Moderate,,,"Direct sow after last frost when soil temperature reaches 70°F, or start indoors 4-6 weeks before last frost","Dark green exterior, golden-orange flesh",3-5 lb.,"Squat, round to slightly flattened with prominent ribbing","Sweet, nutty, with smooth dense flesh combining the best characteristics of kabocha and butternut varieties.","Roasting, soups, purees, baking, side dishes, desserts, fall risotto, curry applications",false,true,3,11,Powdery Mildew (Intermediate),"Squash vine borers, cucumber beetles, squash bugs","Powdery mildew (resistant variety), downy mildew, anthracnose",ncstate+johnnys,https://plants.windrivergreens.com/squash/tetsukabuto
1844,bean,Capitano,capitano,Phaseolus vulgaris,"Flat pods avg. 5 1/2-6"" and have a rich flavor. Plants are large and semi-upright. Pairs nicely with Dulcina. White seeds. Bush bean.",52,7-10 days,18-24 inches,4-6 inches,Full sun (6+ hours),"Regular, consistent moisture","Well-drained loam, neutral to slightly acidic",,Easy,,Warm season annual,"Direct sow after last frost date, when soil temperature reaches 60°F or warmer",Green,"5 1/2-6""",Bush,"Rich, complex flavor with tender, flat pods offering robust taste superior to many modern varieties.","Fresh eating, steaming, sautéing, roasting, freezing",true,false,2,11,Halo Blight (High); One or more races of Bean Mosaic Virus (High),"Bean beetles, aphids, spider mites","Bean rust, anthracnose, bean mosaic virus",ncstate+johnnys,https://plants.windrivergreens.com/bean/capitano
1850,bean,Flambo,flambo,Phaseolus vulgaris,"Pods avg. 5 1/2"" and contain attractive, specked beans. For shell beans, harvest when pods turn dark red with a yellow background. Flambo is excellent fresh, frozen, or canned. Also makes a fine dry bean. Bush bean.",75,7-14 days,12-18 inches,4-6 inches,Full sun (6+ hours),Regular,Well-drained loam,,Easy,,Warm season annual,Direct sow after last frost when soil is warm,Dark red with yellow background at harvest,"5 1/2""",Bush,"Mild, pleasant flavor with attractive speckling; excellent fresh, frozen, canned, or dried.","Fresh shell beans, frozen, canned, dry beans for soups and stews",true,false,2,11,,"Bean beetles, spider mites, aphids","Bean rust, anthracnose, powdery mildew",ncstate+johnnys,https://plants.windrivergreens.com/bean/flambo
1867,root-vegetable,KN-Bravo,kn-bravo,Raphanus sativus var. longipinnatus,"KN-Bravo's internal color ranges from pale purple to white with purple streaks. Lends beautiful color to kimchi or fresh salads. Roots average 4-6"" x 2 1/2-3"" with good, sweet eating quality. Suitable for spring and summer sowings. NOTE: This variety contains 5-10% white-rooted off types.",49,7-10 days,0 ft. 6 in. - 3 ft. 0 in.,2-3 inches,Full sun,"Regular; 1-1.5 inches per week, consistent moisture essential","Well-draining, loose loam; friable texture essential for straight root development",,Easy,,Warm season annual,"Direct sow ¼ inch deep, 2-3 weeks before last spring frost, or mid-to-late summer for fall crops; thin seedlings to 2-3 inches apart",Pale purple to white with purple streaks (interior); dark green foliage (greens),"4-6""","Cylindrical to slightly oblong root, 4-6 inches long and 2.5-3 inches diameter","Sweet, crisp, mild radish flavor with tender texture and minimal pungency; pleasant crunch in fresh preparations","Fresh salads, vegetable platters, salsas, kimchi fermentation, quick pickling, Asian cuisine garnish",false,true,2,11,,"Flea beetles, root maggots (less common in hybrid radishes), cabbage moths","Fusarium wilt (rare in well-drained soil), bacterial leaf spot (minor in cool seasons)",johnnys,https://plants.windrivergreens.com/root-vegetable/kn-bravo
1869,berry,Elan,elan,Fragaria x ananassa,"Elan has a vigorous habit (many runners) and white flowers that produce medium-size, conical berries with intensely sweet flavor. Suitable for field, greenhouse, and container production. Produces fruit the first year and bears from June through frost. Grows best in Zones 5-8.Edible Flowers: Flowers add a mild, strawberry-like flavor if sprinkled on salads or when used as a garnish for drinks and desserts.",100-120,,0 ft. 4 in. - 0 ft. 9 in.,18-24 inches,Full sun,Regular,"Well-drained loam, slightly acidic",,Moderate,,Perennial,Transplant in spring after last frost,Red,,Conical,"Intensely sweet with classic strawberry flavor, producing edible white flowers with mild strawberry-like taste.","Fresh eating, desserts, jams, preserves, edible flower garnishes",false,true,5,9,,"Spider mites, slugs, aphids","Powdery mildew, leaf spot, gray mold",johnnys,https://plants.windrivergreens.com/berry/elan
1873,allium,Comanche,comanche,Allium porrum,Beautiful shanks can achieve impressive length. Comanche is a midseason leek with medium blue-green foliage. Its upright plant habit makes for easier cultivation. Also available in organic seed.,105,7-14 days,1-3 feet,"4-6 inches between plants, 18-24 inches between rows",Full sun to partial shade (4-6+ hours),"Regular, consistent moisture","Well-drained loam, rich in organic matter, slightly acidic to neutral",,Easy,,Warm season annual,"Start indoors 6-8 weeks before last spring frost, or direct sow after last frost",White and light blue-green,,Long cylindrical shanks with upright foliage,"Mild, sweet flavor with delicate, slightly grassy undertones and tender texture","Soups, stews, braised dishes, grilled preparations, sautéing, creamy sauces",false,true,4,9,,"Leek moths, onion flies, thrips, root maggots","Pink root, white rot, fusarium basal rot, downy mildew",ncstate+johnnys,https://plants.windrivergreens.com/allium/comanche
1875,flower,Bloody Mary,bloody-mary,Tropaeolum minus,"Dramatic 2"" flowers in shades of dark red, coral red, cream, and unique bicolors. This mix is generally compact, but contains both mounding and trailing types. Foliage ranges from dark blue-green to medium-green. 2019 Fleuroselect Novelty winner.",55-65,7-14 days,1-10 feet,12-18 inches,Full sun (6+ hours),"Regular, keep soil consistently moist but not waterlogged",Well-drained potting soil or garden soil,,Easy,,Warm season annual,Start indoors 6-8 weeks before last frost or direct sow after last frost,"Dark red, coral red, and cream with bicolors","2""",2-inch rounded flowers with ruffled petals,,,true,false,2,11,,,,ncstate+johnnys,https://plants.windrivergreens.com/flower/bloody-mary
1884,allium,Jumper,jumper,Allium porrum,"Very upright foliage keeps leaves off the ground, which results in easier cultivation, better plant health, and cleaner leaves at the wash station. Refined shanks with minimal bulbing for easy stripping.",95,,1-3 feet,4-6 inches,Full sun to partial shade (4-6+ hours),Regular,,,Easy,,Warm season annual,Transplant seedlings 4-6 inches apart in spring or late summer,Green and white,,"Upright, refined cylindrical shanks","Mild, clean allium flavor with tender, refined texture.","Fresh eating, salads, garnishes, stir-fries, soups",false,true,4,9,Common Rust (Intermediate); Purple Blotch (Intermediate); White Tip (Intermediate),,,ncstate+johnnys,https://plants.windrivergreens.com/allium/jumper
1888,allium,King Richard,king-richard,Allium porrum,"Beautiful full-sized leeks. In favorable soil and culture, the white shanks are over a foot long to the first leaf. Medium-green leaves with full habit. For baby leeks, plant closely (40 seeds/ft.) and harvest at finger size. While not hardy enough for overwintering, they will withstand medium-heavy frost (32&deg; to 20&deg;F/0&deg; to -7&deg;C) without losing their healthy appearance.",75,7-14 days,1-3 feet,"4-6 inches (standard), or 2-3 inches for baby leeks",Full sun to partial shade (4-6+ hours),"Regular, consistent moisture; keep soil evenly moist but not waterlogged","Well-drained loam with rich organic matter, slightly acidic to neutral pH (6.0-7.0)",,Easy,,,Start indoors 6-8 weeks before last frost date and transplant seedlings; or direct sow in mid-summer for fall/winter harvest,White shanks with medium-green leaves,,"Long, cylindrical white shanks with upright green foliage","Mild, slightly sweet onion-like flavor with tender, delicate white shanks","Soups, braising, sautéing, stir-fries, gratins, side dishes",true,false,4,9,,"Leek moth, onion thrips, leek rust mite","Leek rust, fusarium wilt, pink root",ncstate+johnnys,https://plants.windrivergreens.com/allium/king-richard
1889,root-vegetable,Red King 2,red-king-2,Raphanus sativus var. longipinnatus,"Mild, crisp, and juicy into late maturity (like KN-Bravo, but sweeter). Remarkably uniform. Tall, upright tops with red and green petioles. A beauty on display, especially when paired with purple and white daikons. Root size adaptable to plant spacing. Can produce radishes over 1 lb., 5-8"" long x 2-2 1/2"" wide. Slow bolting and good field-holding ability. For both spring and summer sowings.",53,7-10 days,0 ft. 6 in. - 3 ft. 0 in.,2-3 inches,Full sun,"Regular, consistent moisture; approximately 1 inch per week","Loose, well-draining soil rich in organic matter, pH 6.0-7.0",,Easy,,Warm season annual,Direct sow ¼ inch deep after soil warms to 50°F; suitable for spring and summer sowings,Bright red with white tips,1 lb.,"Long cylindrical, 5-8 inches long, 2-2½ inches wide","Mild, crisp, and juicy with subtle sweetness; less peppery than globe radishes, maintaining tender texture even at large sizes","Fresh sliced in salads, vegetable platters, eaten with butter and salt, quick pickling, fermentation",false,true,2,11,,"Flea beetles, cabbage root maggots, aphids","Bacterial leaf spot, fusarium wilt, powdery mildew",johnnys,https://plants.windrivergreens.com/root-vegetable/red-king-2
1891,herb,Kelvin,kelvin,Apium graveolens,"Thick, juicy, and succulent. Petioles and leaves are a healthy dark green and stalks hold well in the field. Kelvin performs well under heat and moisture stress and in soils of average fertility. Upright and uniform. Also available with NOP-compliant pelleting.",80,7-14 days,1-3 feet,6-8 inches,Full sun (6+ hours),"Regular, consistent moisture; drought tolerant once established","Well-drained, fertile loam; tolerates average fertility",,Easy,,Warm season annual,"Start indoors 8-10 weeks before last frost, transplant after last frost date",Dark green,,"Upright, uniform stalks","Crisp, juicy, and tender with a classic mild celery flavor and clean taste.","Fresh eating, salads, soups, stews, braising, snacking, cooking",false,true,3,6,,,,ncstate+johnnys,https://plants.windrivergreens.com/herb/kelvin
1926,root-vegetable,Summit,summit,Raphanus sativus var. longipinnatus,"Crisp and juicy with mildly spicy flavor. Bolt resistant for spring plantings. Very similar to Alpine in size, maturity, and appearance. A great choice for kimchi.",55,7-10 days,0 ft. 6 in. - 3 ft. 0 in.,2-3 inches,Full sun,"Regular, consistent moisture","Well-drained loam, slightly acidic to neutral",,Easy,,Warm season annual,"Direct sow after last frost in spring, or 8-10 weeks before first fall frost",Red and white,,Round,"Crisp and juicy with a mildly spicy, peppery flavor","Fresh eating, salads, slaws, kimchi, pickling",false,true,2,11,,"Flea beetles, root maggots, cabbage moths","Damping off, white rust, root rot in waterlogged soil",johnnys,https://plants.windrivergreens.com/root-vegetable/summit
1927,bean,Bamako,bamako,Phaseolus vulgaris,"Straight, dainty, 4-5"" pods on upright, tidy plants. Well-suited to hand harvest because stems stay on, keeping the pod intact. Bush bean.",54,7-10 days,12-18 inches,4-6 inches,Full sun (6+ hours),"Regular, moderate moisture",Well-drained loam,,Easy,,Warm season annual,Direct sow after last frost when soil is warm,Green,"4-5""",Bush,"Tender, delicate flavor with a clean, slightly sweet taste typical of fresh snap beans.","Fresh snap beans, steaming, sautéing, light cooking to preserve tenderness",true,false,2,11,Anthracnose (High); Halo Blight (High); One or more races of Bean Mosaic Virus (High),"Bean beetles, spider mites, aphids","Bean rust, powdery mildew, anthracnose",ncstate+johnnys,https://plants.windrivergreens.com/bean/bamako
1932,bean,Goldilocks,goldilocks,Phaseolus vulgaris,"The 5-6"" pods are straight, attractive, flavorful and borne on large upright plants. Good heat tolerance. Concentrated set with good field-holding ability. Plant Variety Protected. White seeds. Bush bean.",52,7-10 days,18-24 inches,4-6 inches,Full sun (6+ hours),"Regular, consistent moisture; 1-1.5 inches per week",Well-drained loam with organic matter,,Easy,,,"Direct sow after last frost when soil temperature reaches 60°F or warmer (ideally 70°F+), 1 inch deep, 2-3 inches apart, thin to 4-6 inches",Bright green,"5-6""",Bush,"Tender, sweet, and flavorful with clean taste and no grassy notes when harvested at 5-6 inches","Fresh steamed, sautéed, roasted, blanched for salads, freezing, canning, raw in pods",true,false,2,11,Anthracnose (High); Bacterial Brown Spot (High); One or more races of Bean Mosaic Virus (High),"Bean beetles, spider mites, aphids","Anthracnose (high resistance), Bacterial brown spot (high resistance), Bean mosaic virus (high resistance), rust, powdery mildew",ncstate+johnnys,https://plants.windrivergreens.com/bean/goldilocks
1962,bean,Python,python,Vigna unguiculata,"Smooth, dark green, glossy pods with a refined look. Productive without sacrificing appearance or flavor. Stringless, sweet, and richly flavored for steaming and stir-fries. Vines bear attractive, waxy foliage. 16-20"" long, slender pods. Brown seeds. Pole bean; requires trellising.",80,7-10 days,5-10 feet,6-8 inches,Full sun (6+ hours),Moderate — regular watering,"Well-drained, fertile soil enriched with compost",,Easy,,Warm season annual,Direct sow after last frost date when soil is warm (60°F+),Dark green,"16-20""","Long, slender pods (16-20 inches)","Stringless, sweet, and richly flavored with a tender, delicate texture.","Steaming, stir-frying, fresh preparations, gourmet cooking",false,false,11,11,,"Bean beetles, spider mites, aphids","Bean rust, anthracnose, powdery mildew",usda+ncstate+johnnys,https://plants.windrivergreens.com/bean/python
1968,herb,Menuette,menuette,Petroselinum crispum,"The deeply incised, feathery, narrow leaflets are easy to chop during kitchen prep and make an elegant garnish or bunch. Delicate in appearance but firm enough to stand up to handling, packing, and plating. Standard parsley flavor. Suitable for field or pot production. Has shown some resistance to tipburn in our trials. Ht. 12-18"".",75,7-14 days,0-3 feet,12-18 inches,Full sun (6+ hours),"Regular, consistent moisture","Well-drained loam, neutral to slightly acidic",,Easy,,Biennial,"Direct sow after last frost, or start indoors 6-8 weeks before last frost",Dark green,"12-18"".","Deeply incised, feathery, narrow leaflets","Mild, fresh, herbaceous parsley flavor with a clean, slightly grassy finish.","Garnish, fresh chopping, salads, soups, sauces, herb blends",true,false,3,11,,"Parsley worm, spider mites, aphids","Leaf spot, septoria, fusarium wilt",ncstate+johnnys,https://plants.windrivergreens.com/herb/menuette
1979,allium,Innovator,innovator,Allium cepa var. aggregatum,A Conservor type with elongated singular bulbs with reddish-bronze skins. Suitable for long storage. Adaptation: 40-60&deg; latitude.,110,7-14 days,12-18 inches,4-6 inches,Full sun (6+ hours),"Regular, consistent moisture; approximately 1 inch per week","Well-drained loam, slightly acidic to neutral (pH 6.0-7.0)",,Easy,,Warm season annual,"Start indoors 8-10 weeks before last frost, or direct sow in early spring",Reddish-bronze,,Elongated singular bulb,"Mild to moderately pungent onion flavor with balanced sweetness, typical of storage onion varieties.","Slicing, caramelizing, roasting, long-term storage, soups, stews, general cooking",false,true,5,10,,"Onion flies, thrips, cutworms, nematodes","Fusarium basal rot, downy mildew, pink root rot, white rot",ncstate+johnnys,https://plants.windrivergreens.com/allium/innovator
2031,bean,Cobra,cobra,Phaseolus vulgaris,"Straight, medium-green pods with sweet flavor. The pods are shorter than Fortex's at 6-7"", but are faster to mature. Purple flowers. Black seeds. Pole bean; requires trellising.",55,7-14 days,6-8 feet,4-6 inches,Full sun (6+ hours),"Regular, consistent moisture during growing season",Well-drained loam with moderate fertility,,Easy,,Warm season annual,Direct sow after last frost when soil temperature reaches 60-70°F,Medium green,"6-7""",Straight pods,"Sweet, tender pods with mild bean flavor; best harvested young at 6-7 inches.","Fresh eating, steaming, sautéing, stir-frying, light cooking",true,false,2,11,,"Bean beetles, spider mites, aphids","Bean rust, anthracnose, powdery mildew",ncstate+johnnys,https://plants.windrivergreens.com/bean/cobra
2037,allium,Biker,biker,Allium porrum,"Shanks bulk up quickly by mid-early season and resist bulbing for easy stripping. Performs well across the US and maintains high quality, even at a large size. An easy replacement for Jumper, which was discontinued by our supplier. Primed seed.",90,7-10 days,1-3 feet,4-6 inches,Full sun to partial shade (4-6+ hours),"Regular, consistent moisture during growing season","Well-drained loam, fertile soil preferred",,Easy,,,"Direct sow or transplant seedlings, primed seed for faster germination",Green shanks with white base,,"Long, slender cylindrical shanks","Mild to peppery allium flavor with tender, crisp shanks characteristic of green onions.","Fresh garnish, salads, stir-fries, soups, grilling, raw consumption",false,true,4,9,Common Rust (Intermediate); Purple Blotch (Intermediate); White Tip (Intermediate),"Onion flies, thrips, armyworms","Fusarium basal rot, white rot, botrytis",ncstate+johnnys,https://plants.windrivergreens.com/allium/biker
2062,herb,Katinka,katinka,Petroselinum crispum,"Upright, tall plants make Katinka easy to harvest. Dark green curled leaves with a uniform canopy. Suitable for field or container production. Mild and pleasant parsley flavor. Katinka is very similar to Wega with the primary difference being that Katinka is taller for optimal bunch harvest and productivity in the field. Curled-leaf type. Ht. 14-20"".",75,7-14 days,0-3 feet,18-24 inches,Full sun (6+ hours),"Regular, consistent moisture","Well-drained loam, fertile soil",,Easy,,Biennial,Direct sow after last frost or start indoors 6-8 weeks before last frost,Dark green,"14-20"".",Curled leaves,"Mild and pleasant parsley flavor with fresh, subtle taste.","Garnishing, salads, sauces, fresh herbs, seasoning, cooked dishes",true,false,3,11,,"Parsley worm, spider mites, aphids","Leaf spot, root rot, damping off",ncstate+johnnys,https://plants.windrivergreens.com/herb/katinka
2063,herb,Topit,topit,Petroselinum crispum,"High leaf mass on thick, upright stems for easier harvest. Compared to the standard parsley Giant of Italy, Topit has larger and darker green leaves, a more uniform plant habit, and sweeter flavor. Very similar to, and from the same breeder as, Pieone. Flat-leaf type. Ht. 18-20"".",75,10-21 days,0-3 feet,9-12 inches,Full sun (6+ hours),"Regular, consistent moisture","Well-drained, fertile soil",,Easy,,Biennial,Start indoors 6-8 weeks before last frost or direct sow after last frost,Dark green,"18-20"".","Flat, deeply cut leaves","Sweet, mild, less bitter than standard parsley varieties with tender, delicate flavor.","Garnish, fresh salads, cooking, soups, stews, herb blends, edible decoration",true,false,3,11,,"Parsley worms, spider mites, aphids","Leaf spot, powdery mildew, septoria",ncstate+johnnys,https://plants.windrivergreens.com/herb/topit
2107,berry,Summer Breeze Cherry Blossom,summer-breeze-cherry-blossom,Fragaria x ananass,"These gorgeous, everbearing, deep pink flowers are semidouble and put on a good show from midsummer to frost. No need for deadheading - this variety will continue to bloom even while it sets fruit. Let the flowers go by and enjoy bright red berries a few weeks later. Few runners. May overwinter with some pampering. Suitable for both container and in-ground growing. 10-12"" plant with 1 1/2"" flowers. Grows best in Zones 3-10.Edible Flowers: Mildly strawberry flavored blooms make for a tasty garnish.",70-100,,0 ft. 4 in. - 0 ft. 9 in.,12-18 inches,Full sun,"Regular, consistent moisture","Well-drained soil, slightly acidic",,Moderate,,Warm season annual,Transplant crowns after last spring frost,"Deep pink flowers, bright red berries","10-12""","Semidouble flowers, round berries",Sweet berries with mild strawberry flavor in edible flowers.,"Fresh berries, edible flower garnish for desserts and salads",false,true,5,9,,"Slugs, spider mites, strawberry crown moth","Powdery mildew, leaf scorch, red stele root rot",johnnys,https://plants.windrivergreens.com/berry/summer-breeze-cherry-blossom
2189,herb,Kapoor Tulsi (Holy Basil),kapoor-tulsi-holy-basil,Ocimum africanum,"Compact but very full, attractive plants. Mild spicy aroma with hints of sweetness. Faster growing than green holy basil, and its purple flowers also make it a nice beneficial and/or ornamental. For teas, culinary, and medicinal use. Appears to have some resistance to downy mildew in our trials. Also known as ""Spice Basil"" and often referred to as Ocimum sanctum, although sanctum is not botanically correct. Ht. 12-18"".",60,7-14 days,0 ft. 4 in. - 3 ft. 0 in.,12-18 inches,Full sun,"Regular, consistent moisture; prefers not to dry out completely","Well-draining, fertile soil with organic matter",,Easy,,Warm season annual,"Start indoors 6-8 weeks before last frost, or direct sow after last frost when soil is warm",Green foliage with purple flowers,"12-18"".","Compact, bushy plant with oval leaves","Mild spicy aroma with hints of sweetness, more delicate than other holy basil varieties.","Teas, culinary cooking, curries, medicinal preparations, ornamental use",true,false,10,10,Downy Mildew (Intermediate),"Spider mites, aphids, whiteflies","Downy mildew (some resistance noted), powdery mildew, root rot in poorly drained soil",johnnys,https://plants.windrivergreens.com/herb/kapoor-tulsi-holy-basil
